{
"type": "FeatureCollection",
"name": "ok_hsa",
"crs": { "type": "name", "properties": { "name": "urn:ogc:def:crs:OGC:1.3:CRS84" } },
"features": [
{ "type": "Feature", "properties": { "HSA93": 4002, "HSANAME": "AR- ASHDOWN", "STATE": 4, "HRR93": 22, "HRR93_NAME": "AR- TEXARKANA", "Persons90": 10447, "hosp_cnt": 1, "HSA_label": "Ashdown" }, "geometry": { "type": "Polygon", "coordinates": [ [ [ -94.16669, 33.79314 ], [ -94.1618, 33.78401 ], [ -94.15839, 33.78308 ], [ -94.1515, 33.78475 ], [ -94.15424, 33.79029 ], [ -94.15099, 33.79188 ], [ -94.14656, 33.78963 ], [ -94.147, 33.78561 ], [ -94.14533, 33.78377 ], [ -94.13903, 33.78018 ], [ -94.13348, 33.7875 ], [ -94.12165, 33.78507 ], [ -94.12035, 33.79165 ], [ -94.08886, 33.78649 ], [ -94.08703, 33.78574 ], [ -94.08637, 33.78313 ], [ -94.04066, 33.78193 ], [ -94.04141, 33.75891 ], [ -94.05896, 33.75584 ], [ -94.05589, 33.75122 ], [ -94.05768, 33.74694 ], [ -94.05726, 33.75158 ], [ -94.05806, 33.74964 ], [ -94.06031, 33.74866 ], [ -94.06056, 33.74872 ], [ -94.05819, 33.75044 ], [ -94.05904, 33.75045 ], [ -94.05795, 33.75216 ], [ -94.05822, 33.75333 ], [ -94.05855, 33.75365 ], [ -94.06157, 33.75076 ], [ -94.06481, 33.75192 ], [ -94.07299, 33.74304 ], [ -94.06341, 33.7424 ], [ -94.0619, 33.74032 ], [ -94.06308, 33.737 ], [ -94.06582, 33.7353 ], [ -94.06469, 33.734 ], [ -94.06678, 33.73436 ], [ -94.07182, 33.73968 ], [ -94.07742, 33.73942 ], [ -94.08049, 33.73681 ], [ -94.08411, 33.73899 ], [ -94.08419, 33.73775 ], [ -94.08698, 33.73779 ], [ -94.08751, 33.7369 ], [ -94.08347, 33.73553 ], [ -94.07668, 33.73489 ], [ -94.07618, 33.7331 ], [ -94.07761, 33.73189 ], [ -94.07511, 33.73166 ], [ -94.07253, 33.72708 ], [ -94.07645, 33.72721 ], [ -94.07761, 33.72584 ], [ -94.07495, 33.72467 ], [ -94.07588, 33.72309 ], [ -94.07385, 33.7233 ], [ -94.07667, 33.71881 ], [ -94.0689, 33.72516 ], [ -94.06497, 33.72417 ], [ -94.06768, 33.72591 ], [ -94.0653, 33.72825 ], [ -94.06357, 33.72433 ], [ -94.05463, 33.72025 ], [ -94.04954, 33.71269 ], [ -94.04677, 33.71077 ], [ -94.04348, 33.71221 ], [ -94.04186, 33.71022 ], [ -94.0394, 33.71196 ], [ -94.03449, 33.71095 ], [ -94.0332, 33.7134 ], [ -94.02884, 33.71422 ], [ -94.02703, 33.7169 ], [ -94.02552, 33.71596 ], [ -94.02308, 33.71928 ], [ -94.01105, 33.72615 ], [ -94.00628, 33.72523 ], [ -94.00902, 33.72317 ], [ -94.00239, 33.72237 ], [ -94.00571, 33.71909 ], [ -94.0, 33.72083 ], [ -93.99698, 33.71666 ], [ -94.0, 33.7165 ], [ -93.99506, 33.71288 ], [ -93.99591, 33.71036 ], [ -93.99851, 33.7108 ], [ -93.99624, 33.70901 ], [ -93.99632, 33.70354 ], [ -93.99959, 33.70411 ], [ -93.99321, 33.69864 ], [ -93.99658, 33.6968 ], [ -93.99127, 33.69779 ], [ -93.98211, 33.69415 ], [ -93.98288, 33.69546 ], [ -93.98146, 33.69566 ], [ -93.97951, 33.69317 ], [ -93.98006, 33.69156 ], [ -93.97743, 33.68966 ], [ -93.97981, 33.6882 ], [ -93.99006, 33.69057 ], [ -93.98756, 33.68913 ], [ -93.98863, 33.68767 ], [ -93.98633, 33.6887 ], [ -93.98436, 33.68641 ], [ -93.98121, 33.687 ], [ -93.98641, 33.68421 ], [ -93.98635, 33.68217 ], [ -93.96918, 33.69294 ], [ -93.96068, 33.69519 ], [ -93.96061, 33.69165 ], [ -93.96343, 33.68709 ], [ -93.96319, 33.68284 ], [ -93.96772, 33.67725 ], [ -93.96749, 33.67365 ], [ -93.96377, 33.66786 ], [ -93.94643, 33.65992 ], [ -93.94337, 33.64909 ], [ -93.93878, 33.64751 ], [ -93.93087, 33.65399 ], [ -93.93002, 33.65734 ], [ -93.93229, 33.65974 ], [ -93.93205, 33.66245 ], [ -93.9242, 33.66321 ], [ -93.92025, 33.66526 ], [ -93.91356, 33.66324 ], [ -93.91522, 33.65851 ], [ -93.90295, 33.65091 ], [ -93.90197, 33.64877 ], [ -93.90356, 33.64384 ], [ -93.91171, 33.64007 ], [ -93.91578, 33.63224 ], [ -94.04564, 33.63738 ], [ -94.04673, 33.6228 ], [ -94.06363, 33.6228 ], [ -94.06474, 33.5687 ], [ -94.06828, 33.57095 ], [ -94.07019, 33.57651 ], [ -94.07133, 33.58359 ], [ -94.07377, 33.5847 ], [ -94.07499, 33.58328 ], [ -94.07161, 33.57611 ], [ -94.07248, 33.57211 ], [ -94.08245, 33.57537 ], [ -94.08875, 33.5752 ], [ -94.09725, 33.5736 ], [ -94.11265, 33.56687 ], [ -94.12067, 33.56693 ], [ -94.12053, 33.56043 ], [ -94.12269, 33.55299 ], [ -94.12847, 33.55083 ], [ -94.13119, 33.55281 ], [ -94.13286, 33.55783 ], [ -94.13495, 33.57091 ], [ -94.14505, 33.56487 ], [ -94.15126, 33.56827 ], [ -94.15106, 33.57167 ], [ -94.14283, 33.5776 ], [ -94.14197, 33.58127 ], [ -94.14586, 33.58185 ], [ -94.15243, 33.5758 ], [ -94.15659, 33.57563 ], [ -94.16182, 33.58076 ], [ -94.16089, 33.58785 ], [ -94.16207, 33.58879 ], [ -94.17384, 33.59122 ], [ -94.18372, 33.59456 ], [ -94.19624, 33.58117 ], [ -94.20365, 33.57965 ], [ -94.2128, 33.58337 ], [ -94.217, 33.58062 ], [ -94.21595, 33.57627 ], [ -94.21113, 33.57365 ], [ -94.20139, 33.57723 ], [ -94.19864, 33.57647 ], [ -94.19596, 33.57017 ], [ -94.1925, 33.56493 ], [ -94.18969, 33.56135 ], [ -94.1916, 33.55697 ], [ -94.19516, 33.5553 ], [ -94.20025, 33.55677 ], [ -94.2034, 33.56643 ], [ -94.20544, 33.56711 ], [ -94.21341, 33.56301 ], [ -94.21903, 33.55598 ], [ -94.2262, 33.55279 ], [ -94.23771, 33.55255 ], [ -94.25071, 33.55715 ], [ -94.25213, 33.56174 ], [ -94.25091, 33.56516 ], [ -94.24417, 33.57343 ], [ -94.23867, 33.5766 ], [ -94.23664, 33.58079 ], [ -94.23678, 33.58729 ], [ -94.24258, 33.58959 ], [ -94.25722, 33.5828 ], [ -94.26547, 33.57347 ], [ -94.2718, 33.5614 ], [ -94.2754, 33.55784 ], [ -94.28737, 33.55706 ], [ -94.2907, 33.55875 ], [ -94.29149, 33.56336 ], [ -94.29017, 33.56779 ], [ -94.28041, 33.57479 ], [ -94.28245, 33.58086 ], [ -94.28683, 33.58229 ], [ -94.29306, 33.5803 ], [ -94.30082, 33.5729 ], [ -94.30698, 33.55968 ], [ -94.30621, 33.5555 ], [ -94.30938, 33.55155 ], [ -94.32107, 33.54891 ], [ -94.32729, 33.55155 ], [ -94.3224, 33.70276 ], [ -94.34192, 33.70317 ], [ -94.34164, 33.7105 ], [ -94.35743, 33.71049 ], [ -94.35605, 33.76558 ], [ -94.34631, 33.76644 ], [ -94.34629, 33.77608 ], [ -94.3377, 33.77575 ], [ -94.33766, 33.7813 ], [ -94.3282, 33.78125 ], [ -94.32806, 33.78983 ], [ -94.31987, 33.78947 ], [ -94.31953, 33.8018 ], [ -94.31899, 33.81879 ], [ -94.41566, 33.8217 ], [ -94.4156, 33.82281 ], [ -94.4232, 33.82333 ], [ -94.42403, 33.82209 ], [ -94.48061, 33.82291 ], [ -94.47709, 33.94082 ], [ -94.47299, 33.93946 ], [ -94.46573, 33.94441 ], [ -94.45966, 33.93611 ], [ -94.44712, 33.92909 ], [ -94.44223, 33.93038 ], [ -94.43113, 33.93178 ], [ -94.42639, 33.92819 ], [ -94.41195, 33.92609 ], [ -94.41103, 33.92759 ], [ -94.41451, 33.93667 ], [ -94.41661, 33.93851 ], [ -94.42122, 33.93884 ], [ -94.42143, 33.94286 ], [ -94.4083, 33.9452 ], [ -94.39828, 33.94033 ], [ -94.38521, 33.94077 ], [ -94.37962, 33.93585 ], [ -94.38004, 33.93209 ], [ -94.38803, 33.92376 ], [ -94.39109, 33.92373 ], [ -94.39637, 33.92774 ], [ -94.39974, 33.92629 ], [ -94.39526, 33.91852 ], [ -94.39251, 33.91799 ], [ -94.38902, 33.91994 ], [ -94.38509, 33.91672 ], [ -94.38434, 33.91213 ], [ -94.38708, 33.90751 ], [ -94.38727, 33.90214 ], [ -94.39039, 33.89807 ], [ -94.39004, 33.89623 ], [ -94.36879, 33.89052 ], [ -94.3614, 33.88705 ], [ -94.36557, 33.88146 ], [ -94.37294, 33.88197 ], [ -94.37369, 33.87937 ], [ -94.37206, 33.87736 ], [ -94.35611, 33.87775 ], [ -94.33827, 33.8821 ], [ -94.33408, 33.87808 ], [ -94.33933, 33.87054 ], [ -94.33493, 33.86168 ], [ -94.33086, 33.86021 ], [ -94.32302, 33.86332 ], [ -94.31903, 33.86052 ], [ -94.32599, 33.85674 ], [ -94.32677, 33.85401 ], [ -94.32124, 33.85407 ], [ -94.31673, 33.85605 ], [ -94.31243, 33.85299 ], [ -94.30514, 33.85395 ], [ -94.30221, 33.85271 ], [ -94.30224, 33.8468 ], [ -94.30591, 33.84301 ], [ -94.30534, 33.83503 ], [ -94.30366, 33.83177 ], [ -94.29698, 33.83029 ], [ -94.29578, 33.82837 ], [ -94.29705, 33.82552 ], [ -94.30346, 33.82506 ], [ -94.30375, 33.82237 ], [ -94.30135, 33.82115 ], [ -94.29241, 33.82382 ], [ -94.2863, 33.82952 ], [ -94.28057, 33.82927 ], [ -94.2781, 33.82776 ], [ -94.2761, 33.82259 ], [ -94.27091, 33.82168 ], [ -94.26748, 33.81691 ], [ -94.26244, 33.81963 ], [ -94.25846, 33.81737 ], [ -94.25184, 33.81831 ], [ -94.25, 33.81136 ], [ -94.23931, 33.80844 ], [ -94.23864, 33.80227 ], [ -94.23284, 33.80278 ], [ -94.23023, 33.80104 ], [ -94.22823, 33.80226 ], [ -94.22843, 33.80924 ], [ -94.22289, 33.81203 ], [ -94.22063, 33.81627 ], [ -94.21808, 33.81438 ], [ -94.21761, 33.80343 ], [ -94.21636, 33.80253 ], [ -94.2137, 33.80274 ], [ -94.21089, 33.80728 ], [ -94.19159, 33.81197 ], [ -94.1862, 33.81176 ], [ -94.1833, 33.80987 ], [ -94.18277, 33.80726 ], [ -94.18654, 33.80366 ], [ -94.18454, 33.79469 ], [ -94.1896, 33.78962 ], [ -94.18901, 33.7864 ], [ -94.18592, 33.7857 ], [ -94.18161, 33.78874 ], [ -94.17595, 33.78995 ], [ -94.16987, 33.78954 ], [ -94.17389, 33.79367 ], [ -94.17229, 33.79554 ], [ -94.16669, 33.79314 ] ] ] } },
{ "type": "Feature", "properties": { "HSA93": 4020, "HSANAME": "AR- DE QUEEN", "STATE": 4, "HRR93": 22, "HRR93_NAME": "AR- TEXARKANA", "Persons90": 16898, "hosp_cnt": 1, "HSA_label": "De Queen" }, "geometry": { "type": "Polygon", "coordinates": [ [ [ -94.24354, 34.19239 ], [ -94.10317, 34.19121 ], [ -94.09847, 34.19111 ], [ -94.08937, 34.18642 ], [ -94.09074, 34.17988 ], [ -94.09576, 34.17929 ], [ -94.09735, 34.1772 ], [ -94.09467, 34.1745 ], [ -94.09531, 34.16962 ], [ -94.09901, 34.16757 ], [ -94.09935, 34.1659 ], [ -94.09615, 34.16299 ], [ -94.10272, 34.16041 ], [ -94.10077, 34.15826 ], [ -94.09052, 34.15614 ], [ -94.09154, 34.14955 ], [ -94.0979, 34.14381 ], [ -94.09217, 34.14211 ], [ -94.09131, 34.14049 ], [ -94.0942, 34.13767 ], [ -94.09996, 34.13948 ], [ -94.10255, 34.13815 ], [ -94.10296, 34.13577 ], [ -94.09128, 34.13247 ], [ -94.08024, 34.1259 ], [ -94.09307, 34.11233 ], [ -94.08993, 34.10658 ], [ -94.08136, 34.1015 ], [ -94.08585, 34.08986 ], [ -94.08934, 34.08528 ], [ -94.08961, 34.08081 ], [ -94.09399, 34.08097 ], [ -94.09512, 34.07836 ], [ -94.0908, 34.07468 ], [ -94.08656, 34.07374 ], [ -94.08312, 34.06932 ], [ -94.07635, 34.0725 ], [ -94.07304, 34.06861 ], [ -94.07367, 34.06371 ], [ -94.07651, 34.06183 ], [ -94.07841, 34.06334 ], [ -94.08196, 34.06222 ], [ -94.08347, 34.0572 ], [ -94.08595, 34.0577 ], [ -94.08644, 34.05335 ], [ -94.08471, 34.0514 ], [ -94.0819, 34.04753 ], [ -94.08492, 34.04485 ], [ -94.08366, 34.0435 ], [ -94.08619, 34.03963 ], [ -94.08704, 34.0337 ], [ -94.08242, 34.03086 ], [ -94.08536, 34.02873 ], [ -94.08214, 34.02454 ], [ -94.07906, 34.02401 ], [ -94.08302, 34.02231 ], [ -94.07922, 34.01677 ], [ -94.07705, 34.01753 ], [ -94.07755, 34.01377 ], [ -94.07037, 34.01045 ], [ -94.06995, 34.00814 ], [ -94.07537, 34.00731 ], [ -94.07182, 34.00461 ], [ -94.07339, 34.0039 ], [ -94.07237, 34.0017 ], [ -94.07056, 34.00204 ], [ -94.06976, 33.99968 ], [ -94.06635, 33.99916 ], [ -94.06635, 33.99744 ], [ -94.06935, 33.99538 ], [ -94.06544, 33.99444 ], [ -94.06748, 33.99162 ], [ -94.06432, 33.98223 ], [ -94.06789, 33.97937 ], [ -94.06239, 33.97442 ], [ -94.06465, 33.97311 ], [ -94.06154, 33.97062 ], [ -94.05953, 33.97156 ], [ -94.05964, 33.9691 ], [ -94.05733, 33.96805 ], [ -94.06041, 33.9659 ], [ -94.05766, 33.96459 ], [ -94.06107, 33.96228 ], [ -94.06, 33.9609 ], [ -94.06286, 33.96067 ], [ -94.06275, 33.95905 ], [ -94.06486, 33.95951 ], [ -94.06528, 33.95829 ], [ -94.06651, 33.95999 ], [ -94.06726, 33.95722 ], [ -94.06943, 33.95561 ], [ -94.06668, 33.95506 ], [ -94.06618, 33.95055 ], [ -94.06478, 33.95034 ], [ -94.06533, 33.94837 ], [ -94.06739, 33.9484 ], [ -94.06459, 33.94514 ], [ -94.06962, 33.94166 ], [ -94.06885, 33.93928 ], [ -94.06998, 33.93864 ], [ -94.06794, 33.9385 ], [ -94.06714, 33.93635 ], [ -94.06852, 33.93539 ], [ -94.06451, 33.9331 ], [ -94.06789, 33.93289 ], [ -94.06808, 33.93097 ], [ -94.07069, 33.93076 ], [ -94.06898, 33.92925 ], [ -94.06984, 33.92709 ], [ -94.06604, 33.9175 ], [ -94.06151, 33.91388 ], [ -94.06258, 33.91273 ], [ -94.06005, 33.91255 ], [ -94.0614, 33.91051 ], [ -94.06019, 33.90794 ], [ -94.05838, 33.90808 ], [ -94.05857, 33.91014 ], [ -94.05613, 33.90946 ], [ -94.05712, 33.90854 ], [ -94.0553, 33.90458 ], [ -94.05319, 33.90423 ], [ -94.05462, 33.90132 ], [ -94.05349, 33.90048 ], [ -94.0555, 33.90027 ], [ -94.05514, 33.89711 ], [ -94.05352, 33.89661 ], [ -94.05434, 33.89486 ], [ -94.05118, 33.89388 ], [ -94.05058, 33.89269 ], [ -94.05344, 33.89237 ], [ -94.0502, 33.88978 ], [ -94.05063, 33.88804 ], [ -94.05302, 33.88838 ], [ -94.05102, 33.88685 ], [ -94.0528, 33.88611 ], [ -94.04902, 33.88414 ], [ -94.04877, 33.88211 ], [ -94.04166, 33.88039 ], [ -94.04048, 33.87839 ], [ -94.03833, 33.87821 ], [ -94.03668, 33.88018 ], [ -94.03399, 33.87741 ], [ -94.03449, 33.87603 ], [ -94.03279, 33.87761 ], [ -94.03103, 33.87547 ], [ -94.0288, 33.87649 ], [ -94.0262, 33.87458 ], [ -94.02653, 33.87269 ], [ -94.02249, 33.87415 ], [ -94.0217, 33.87063 ], [ -94.01931, 33.87236 ], [ -94.01969, 33.86982 ], [ -94.01725, 33.86971 ], [ -94.01665, 33.86785 ], [ -94.02129, 33.86263 ], [ -94.02157, 33.85736 ], [ -94.01605, 33.85502 ], [ -94.01539, 33.85321 ], [ -94.01904, 33.85042 ], [ -94.00968, 33.8473 ], [ -94.0085, 33.8481 ], [ -94.0087, 33.84577 ], [ -94.00642, 33.84496 ], [ -94.00664, 33.84063 ], [ -94.00502, 33.8402 ], [ -94.00477, 33.84244 ], [ -94.00417, 33.84047 ], [ -94.00219, 33.8402 ], [ -94.00475, 33.83795 ], [ -94.0011, 33.83797 ], [ -94.00427, 33.83485 ], [ -94.0011, 33.83504 ], [ -94.00272, 33.8333 ], [ -93.99923, 33.83252 ], [ -93.99887, 33.83039 ], [ -93.99423, 33.83069 ], [ -93.99448, 33.8265 ], [ -93.99149, 33.8271 ], [ -93.99187, 33.82517 ], [ -93.98835, 33.81947 ], [ -93.98501, 33.82078 ], [ -93.98526, 33.81878 ], [ -93.97951, 33.8142 ], [ -93.97965, 33.81672 ], [ -93.97858, 33.8166 ], [ -93.97525, 33.81025 ], [ -93.97273, 33.80931 ], [ -93.97492, 33.80711 ], [ -93.97131, 33.80652 ], [ -93.97284, 33.80346 ], [ -93.96477, 33.79595 ], [ -93.96468, 33.79398 ], [ -93.96735, 33.79201 ], [ -93.96936, 33.79342 ], [ -93.98659, 33.79429 ], [ -93.99354, 33.79034 ], [ -93.99602, 33.79393 ], [ -94.0, 33.79321 ], [ -94.00695, 33.79285 ], [ -94.01241, 33.79177 ], [ -94.0149, 33.79465 ], [ -94.02682, 33.79536 ], [ -94.03725, 33.79644 ], [ -94.04668, 33.79321 ], [ -94.04619, 33.7907 ], [ -94.05463, 33.78926 ], [ -94.06258, 33.78926 ], [ -94.0735, 33.78711 ], [ -94.08095, 33.78782 ], [ -94.08703, 33.78574 ], [ -94.08886, 33.78649 ], [ -94.12035, 33.79165 ], [ -94.12165, 33.78507 ], [ -94.13348, 33.7875 ], [ -94.13903, 33.78018 ], [ -94.14533, 33.78377 ], [ -94.147, 33.78561 ], [ -94.14656, 33.78963 ], [ -94.15099, 33.79188 ], [ -94.15424, 33.79029 ], [ -94.1515, 33.78475 ], [ -94.15839, 33.78308 ], [ -94.1618, 33.78401 ], [ -94.16669, 33.79314 ], [ -94.17229, 33.79554 ], [ -94.17389, 33.79367 ], [ -94.16987, 33.78954 ], [ -94.17595, 33.78995 ], [ -94.18161, 33.78874 ], [ -94.18592, 33.7857 ], [ -94.18901, 33.7864 ], [ -94.1896, 33.78962 ], [ -94.18454, 33.79469 ], [ -94.18654, 33.80366 ], [ -94.18277, 33.80726 ], [ -94.1833, 33.80987 ], [ -94.1862, 33.81176 ], [ -94.19159, 33.81197 ], [ -94.21089, 33.80728 ], [ -94.2137, 33.80274 ], [ -94.21636, 33.80253 ], [ -94.21761, 33.80343 ], [ -94.21808, 33.81438 ], [ -94.22063, 33.81627 ], [ -94.22289, 33.81203 ], [ -94.22843, 33.80924 ], [ -94.22823, 33.80226 ], [ -94.23023, 33.80104 ], [ -94.23284, 33.80278 ], [ -94.23864, 33.80227 ], [ -94.23931, 33.80844 ], [ -94.25, 33.81136 ], [ -94.25184, 33.81831 ], [ -94.25846, 33.81737 ], [ -94.26244, 33.81963 ], [ -94.26748, 33.81691 ], [ -94.27091, 33.82168 ], [ -94.2761, 33.82259 ], [ -94.2781, 33.82776 ], [ -94.28057, 33.82927 ], [ -94.2863, 33.82952 ], [ -94.29241, 33.82382 ], [ -94.30135, 33.82115 ], [ -94.30375, 33.82237 ], [ -94.30346, 33.82506 ], [ -94.29705, 33.82552 ], [ -94.29578, 33.82837 ], [ -94.29698, 33.83029 ], [ -94.30366, 33.83177 ], [ -94.30534, 33.83503 ], [ -94.30591, 33.84301 ], [ -94.30224, 33.8468 ], [ -94.30221, 33.85271 ], [ -94.30514, 33.85395 ], [ -94.31243, 33.85299 ], [ -94.31673, 33.85605 ], [ -94.32124, 33.85407 ], [ -94.32677, 33.85401 ], [ -94.32599, 33.85674 ], [ -94.31903, 33.86052 ], [ -94.32302, 33.86332 ], [ -94.33086, 33.86021 ], [ -94.33493, 33.86168 ], [ -94.33933, 33.87054 ], [ -94.33408, 33.87808 ], [ -94.33827, 33.8821 ], [ -94.35611, 33.87775 ], [ -94.37206, 33.87736 ], [ -94.37369, 33.87937 ], [ -94.37294, 33.88197 ], [ -94.36557, 33.88146 ], [ -94.3614, 33.88705 ], [ -94.36879, 33.89052 ], [ -94.39004, 33.89623 ], [ -94.39039, 33.89807 ], [ -94.38727, 33.90214 ], [ -94.38708, 33.90751 ], [ -94.38434, 33.91213 ], [ -94.38509, 33.91672 ], [ -94.38902, 33.91994 ], [ -94.39251, 33.91799 ], [ -94.39526, 33.91852 ], [ -94.39974, 33.92629 ], [ -94.39637, 33.92774 ], [ -94.39109, 33.92373 ], [ -94.38803, 33.92376 ], [ -94.38004, 33.93209 ], [ -94.37962, 33.93585 ], [ -94.38521, 33.94077 ], [ -94.39828, 33.94033 ], [ -94.4083, 33.9452 ], [ -94.42143, 33.94286 ], [ -94.42122, 33.93884 ], [ -94.41661, 33.93851 ], [ -94.41451, 33.93667 ], [ -94.41103, 33.92759 ], [ -94.41195, 33.92609 ], [ -94.42639, 33.92819 ], [ -94.43113, 33.93178 ], [ -94.44223, 33.93038 ], [ -94.44712, 33.92909 ], [ -94.45966, 33.93611 ], [ -94.46573, 33.94441 ], [ -94.47299, 33.93946 ], [ -94.47709, 33.94082 ], [ -94.48186, 33.94144 ], [ -94.48458, 33.93596 ], [ -94.49304, 33.93021 ], [ -94.5, 33.9297 ], [ -94.51963, 33.94696 ], [ -94.51855, 33.94976 ], [ -94.51364, 33.95366 ], [ -94.51898, 33.95737 ], [ -94.53167, 33.95624 ], [ -94.5337, 33.95444 ], [ -94.53677, 33.94539 ], [ -94.53963, 33.94378 ], [ -94.54541, 33.94478 ], [ -94.55443, 33.94232 ], [ -94.55702, 33.94417 ], [ -94.55459, 33.94797 ], [ -94.55678, 33.95004 ], [ -94.56684, 33.94806 ], [ -94.57407, 33.9486 ], [ -94.5761, 33.9516 ], [ -94.58553, 33.9543 ], [ -94.58133, 33.95875 ], [ -94.58336, 33.96122 ], [ -94.58246, 33.9641 ], [ -94.5882, 33.96903 ], [ -94.58878, 33.97487 ], [ -94.58691, 33.97769 ], [ -94.58147, 33.97824 ], [ -94.57927, 33.98163 ], [ -94.58208, 33.98366 ], [ -94.58903, 33.9844 ], [ -94.59566, 33.98939 ], [ -94.60171, 33.99664 ], [ -94.6021, 34.00617 ], [ -94.60474, 34.00935 ], [ -94.60422, 34.01249 ], [ -94.60713, 34.0156 ], [ -94.60422, 34.01952 ], [ -94.60387, 34.02493 ], [ -94.61999, 34.03681 ], [ -94.62038, 34.04361 ], [ -94.61659, 34.04599 ], [ -94.61576, 34.04885 ], [ -94.61984, 34.06074 ], [ -94.63215, 34.08273 ], [ -94.6313, 34.08426 ], [ -94.63818, 34.0896 ], [ -94.64473, 34.09221 ], [ -94.65015, 34.0981 ], [ -94.64934, 34.11498 ], [ -94.65892, 34.12281 ], [ -94.66949, 34.12685 ], [ -94.67684, 34.13425 ], [ -94.684, 34.13777 ], [ -94.69502, 34.1394 ], [ -94.69986, 34.13395 ], [ -94.70331, 34.13241 ], [ -94.70763, 34.13475 ], [ -94.70766, 34.13812 ], [ -94.70463, 34.14238 ], [ -94.69835, 34.14302 ], [ -94.69042, 34.14146 ], [ -94.68351, 34.14547 ], [ -94.68441, 34.1468 ], [ -94.68083, 34.15211 ], [ -94.68069, 34.19328 ], [ -94.67675, 34.19572 ], [ -94.66656, 34.19471 ], [ -94.66449, 34.19448 ], [ -94.66319, 34.19635 ], [ -94.66253, 34.19521 ], [ -94.6552, 34.19601 ], [ -94.63434, 34.18725 ], [ -94.61483, 34.18182 ], [ -94.60154, 34.17331 ], [ -94.58729, 34.15941 ], [ -94.58754, 34.1566 ], [ -94.56922, 34.15493 ], [ -94.56501, 34.15252 ], [ -94.55644, 34.15129 ], [ -94.54724, 34.15252 ], [ -94.54652, 34.15664 ], [ -94.54286, 34.15964 ], [ -94.52481, 34.15916 ], [ -94.51396, 34.15686 ], [ -94.47093, 34.15925 ], [ -94.47013, 34.18976 ], [ -94.46773, 34.27719 ], [ -94.46428, 34.35882 ], [ -94.37691, 34.35858 ], [ -94.33007, 34.35755 ], [ -94.25446, 34.35537 ], [ -94.25592, 34.2692 ], [ -94.24368, 34.26935 ], [ -94.24374, 34.26493 ], [ -94.24354, 34.19239 ] ] ] } },
{ "type": "Feature", "properties": { "HSA93": 4026, "HSANAME": "AR- FAYETTEVILLE", "STATE": 4, "HRR93": 21, "HRR93_NAME": "AR- SPRINGDALE", "Persons90": 79812, "hosp_cnt": 2, "HSA_label": "Fayetteville" }, "geometry": { "type": "Polygon", "coordinates": [ [ [ -94.45821, 36.10038 ], [ -94.39091, 36.09932 ], [ -94.38973, 36.14251 ], [ -94.33622, 36.14217 ], [ -94.33576, 36.15191 ], [ -94.3317, 36.15003 ], [ -94.3224, 36.15204 ], [ -94.29583, 36.16288 ], [ -94.25979, 36.16227 ], [ -94.25953, 36.16946 ], [ -94.25483, 36.16949 ], [ -94.25507, 36.16221 ], [ -94.2509, 36.16216 ], [ -94.25097, 36.15857 ], [ -94.2464, 36.15854 ], [ -94.24624, 36.16208 ], [ -94.24186, 36.16208 ], [ -94.23795, 36.14326 ], [ -94.23687, 36.14101 ], [ -94.23209, 36.13899 ], [ -94.21164, 36.14023 ], [ -94.20748, 36.14314 ], [ -94.20363, 36.143 ], [ -94.20403, 36.13675 ], [ -94.2024, 36.136 ], [ -94.1978, 36.13934 ], [ -94.18384, 36.13904 ], [ -94.1692, 36.1338 ], [ -94.14701, 36.13386 ], [ -94.1452, 36.1337 ], [ -94.1453, 36.1324 ], [ -94.1396, 36.1337 ], [ -94.1397, 36.1291 ], [ -94.1346, 36.1285 ], [ -94.1223, 36.1292 ], [ -94.1222, 36.1305 ], [ -94.1176, 36.1305 ], [ -94.1111, 36.1338 ], [ -94.09082, 36.13351 ], [ -94.08606, 36.13704 ], [ -94.06749, 36.14122 ], [ -94.06311, 36.14043 ], [ -94.05961, 36.14277 ], [ -94.04757, 36.14087 ], [ -94.04404, 36.14584 ], [ -94.04038, 36.14778 ], [ -94.03185, 36.14779 ], [ -94.02623, 36.14592 ], [ -94.01812, 36.14766 ], [ -94.01682, 36.14872 ], [ -94.01894, 36.14879 ], [ -94.01537, 36.14971 ], [ -94.0037, 36.14486 ], [ -94.00228, 36.1466 ], [ -94.00274, 36.15361 ], [ -94.00937, 36.15957 ], [ -94.01152, 36.15974 ], [ -94.00953, 36.16182 ], [ -94.01563, 36.16704 ], [ -94.01542, 36.16903 ], [ -94.01304, 36.16779 ], [ -94.01168, 36.16969 ], [ -94.01217, 36.16705 ], [ -94.00423, 36.15978 ], [ -93.99838, 36.16121 ], [ -93.98962, 36.15483 ], [ -93.98606, 36.15561 ], [ -93.98423, 36.15417 ], [ -93.98304, 36.14945 ], [ -93.97431, 36.14831 ], [ -93.97437, 36.15094 ], [ -93.96988, 36.15429 ], [ -93.95698, 36.15779 ], [ -93.94854, 36.15699 ], [ -93.93987, 36.15892 ], [ -93.92618, 36.15921 ], [ -93.91898, 36.15486 ], [ -93.94398, 36.09103 ], [ -93.94428, 36.08011 ], [ -93.9085, 36.07925 ], [ -93.90834, 36.08523 ], [ -93.89035, 36.08488 ], [ -93.89037, 36.07883 ], [ -93.875, 36.07859 ], [ -93.87381, 36.07344 ], [ -93.87589, 35.98386 ], [ -93.85815, 35.98374 ], [ -93.85921, 35.94747 ], [ -93.84139, 35.94682 ], [ -93.84218, 35.91788 ], [ -93.75305, 35.91561 ], [ -93.75209, 35.94454 ], [ -93.66318, 35.94233 ], [ -93.65447, 35.94213 ], [ -93.65488, 35.91317 ], [ -93.64548, 35.91298 ], [ -93.64623, 35.89916 ], [ -93.62853, 35.89875 ], [ -93.62927, 35.88433 ], [ -93.57656, 35.88266 ], [ -93.57594, 35.89851 ], [ -93.57396, 35.90284 ], [ -93.57013, 35.90504 ], [ -93.57111, 35.90784 ], [ -93.56793, 35.91304 ], [ -93.56791, 35.91656 ], [ -93.55814, 35.92169 ], [ -93.56357, 35.93223 ], [ -93.56208, 35.93601 ], [ -93.56495, 35.93891 ], [ -93.56492, 35.94386 ], [ -93.56346, 35.94475 ], [ -93.56397, 35.95068 ], [ -93.5555, 35.95464 ], [ -93.53941, 35.95429 ], [ -93.48595, 35.95322 ], [ -93.48668, 35.92432 ], [ -93.50474, 35.92511 ], [ -93.50583, 35.881 ], [ -93.52345, 35.88151 ], [ -93.5259, 35.82353 ], [ -93.51691, 35.82325 ], [ -93.51902, 35.76344 ], [ -93.69579, 35.76857 ], [ -93.71389, 35.76904 ], [ -93.80347, 35.77192 ], [ -93.91039, 35.77417 ], [ -93.91064, 35.75967 ], [ -93.9627, 35.76085 ], [ -94.10621, 35.76417 ], [ -94.12406, 35.76456 ], [ -94.12467, 35.75035 ], [ -94.28079, 35.75463 ], [ -94.35636, 35.7568 ], [ -94.44157, 35.75814 ], [ -94.49291, 35.75908 ], [ -94.50741, 35.84582 ], [ -94.51801, 35.90598 ], [ -94.52244, 35.93417 ], [ -94.54642, 36.06108 ], [ -94.55196, 36.10216 ], [ -94.45821, 36.10038 ] ] ] } },
{ "type": "Feature", "properties": { "HSA93": 4029, "HSANAME": "AR- FORT SMITH", "STATE": 4, "HRR93": 16, "HRR93_NAME": "AR- FORT SMITH", "Persons90": 200638, "hosp_cnt": 4, "HSA_label": "Fort Smith" }, "geometry": { "type": "Polygon", "coordinates": [ [ [ -94.47243, 35.63847 ], [ -94.49291, 35.75908 ], [ -94.44157, 35.75814 ], [ -94.35636, 35.7568 ], [ -94.28079, 35.75463 ], [ -94.12467, 35.75035 ], [ -94.12406, 35.76456 ], [ -94.10621, 35.76417 ], [ -93.9627, 35.76085 ], [ -93.91064, 35.75967 ], [ -93.89205, 35.75933 ], [ -93.89248, 35.74497 ], [ -93.91096, 35.74532 ], [ -93.91131, 35.73067 ], [ -93.96395, 35.73201 ], [ -93.96461, 35.70332 ], [ -93.98253, 35.70394 ], [ -93.984, 35.6607 ], [ -94.07325, 35.66212 ], [ -94.07601, 35.57541 ], [ -94.02281, 35.57412 ], [ -93.93426, 35.57211 ], [ -93.93556, 35.52863 ], [ -93.93061, 35.52852 ], [ -93.92865, 35.52464 ], [ -93.9294, 35.52118 ], [ -93.934, 35.52184 ], [ -93.94265, 35.51683 ], [ -93.93405, 35.52134 ], [ -93.92932, 35.51955 ], [ -93.92837, 35.51546 ], [ -93.93607, 35.51388 ], [ -93.93607, 35.50992 ], [ -93.9394, 35.51053 ], [ -93.94972, 35.50369 ], [ -93.95613, 35.50644 ], [ -93.95552, 35.50479 ], [ -93.96118, 35.49943 ], [ -93.95899, 35.49393 ], [ -93.95553, 35.49198 ], [ -93.96214, 35.48221 ], [ -93.96854, 35.48317 ], [ -93.96841, 35.4807 ], [ -93.96454, 35.47843 ], [ -93.96931, 35.47293 ], [ -93.96782, 35.46921 ], [ -93.9282, 35.46836 ], [ -93.917, 35.46486 ], [ -93.89478, 35.44667 ], [ -93.89542, 35.42445 ], [ -93.88413, 35.42359 ], [ -93.88278, 35.42089 ], [ -93.9135, 35.4223 ], [ -93.91444, 35.3956 ], [ -93.91747, 35.39561 ], [ -93.91764, 35.39184 ], [ -93.91779, 35.38903 ], [ -93.91464, 35.38897 ], [ -93.91597, 35.34823 ], [ -93.91693, 35.31896 ], [ -93.80989, 35.31301 ], [ -93.80665, 35.42993 ], [ -93.79625, 35.40585 ], [ -93.78955, 35.39714 ], [ -93.76005, 35.37728 ], [ -93.75367, 35.36626 ], [ -93.74608, 35.36476 ], [ -93.73372, 35.36907 ], [ -93.71848, 35.36889 ], [ -93.71377, 35.37386 ], [ -93.70988, 35.37516 ], [ -93.69605, 35.37596 ], [ -93.68446, 35.38096 ], [ -93.67621, 35.39272 ], [ -93.67412, 35.40272 ], [ -93.66629, 35.40597 ], [ -93.66044, 35.4038 ], [ -93.64929, 35.39094 ], [ -93.64046, 35.38613 ], [ -93.62648, 35.38432 ], [ -93.59518, 35.38357 ], [ -93.58555, 35.38595 ], [ -93.57903, 35.39265 ], [ -93.57127, 35.39654 ], [ -93.54378, 35.40229 ], [ -93.53171, 35.40918 ], [ -93.5243, 35.407 ], [ -93.51589, 35.40025 ], [ -93.5, 35.39586 ], [ -93.49212, 35.3977 ], [ -93.48027, 35.40509 ], [ -93.47746, 35.40806 ], [ -93.475, 35.41467 ], [ -93.46279, 35.42409 ], [ -93.44462, 35.42865 ], [ -93.43841, 35.42855 ], [ -93.43266, 35.42642 ], [ -93.42889, 35.42095 ], [ -93.42449, 35.40683 ], [ -93.42444, 35.38912 ], [ -93.41543, 35.36707 ], [ -93.40863, 35.3593 ], [ -93.39633, 35.35118 ], [ -93.39533, 35.34852 ], [ -93.40092, 35.34335 ], [ -93.41012, 35.3404 ], [ -93.41445, 35.34128 ], [ -93.42018, 35.33877 ], [ -93.42226, 35.3358 ], [ -93.42171, 35.32958 ], [ -93.41771, 35.32669 ], [ -93.38368, 35.33088 ], [ -93.38526, 35.23127 ], [ -93.3939, 35.2354 ], [ -93.39225, 35.24582 ], [ -93.39636, 35.24826 ], [ -93.39855, 35.25266 ], [ -93.40338, 35.25383 ], [ -93.41625, 35.26107 ], [ -93.41885, 35.25908 ], [ -93.42954, 35.26165 ], [ -93.43359, 35.26414 ], [ -93.43839, 35.26401 ], [ -93.43828, 35.26529 ], [ -93.44269, 35.26444 ], [ -93.45426, 35.26698 ], [ -93.46216, 35.26652 ], [ -93.46487, 35.26357 ], [ -93.46978, 35.26318 ], [ -93.47333, 35.25896 ], [ -93.49218, 35.25956 ], [ -93.49216, 35.26077 ], [ -93.59817, 35.26381 ], [ -93.59842, 35.23511 ], [ -93.61573, 35.23017 ], [ -93.61972, 35.22408 ], [ -93.61533, 35.22138 ], [ -93.61265, 35.22246 ], [ -93.61076, 35.22138 ], [ -93.61095, 35.21675 ], [ -93.6076, 35.21041 ], [ -93.60709, 35.20372 ], [ -93.60357, 35.19933 ], [ -93.6082, 35.19759 ], [ -93.61202, 35.19328 ], [ -93.62142, 35.19311 ], [ -93.6236, 35.19004 ], [ -93.62167, 35.18725 ], [ -93.6232, 35.18526 ], [ -93.62097, 35.17928 ], [ -93.62211, 35.17509 ], [ -93.62152, 35.17372 ], [ -93.61926, 35.17381 ], [ -93.62143, 35.16748 ], [ -93.61546, 35.16721 ], [ -93.60651, 35.16186 ], [ -93.59178, 35.16273 ], [ -93.60575, 35.15831 ], [ -93.59178, 35.15852 ], [ -93.58735, 35.16003 ], [ -93.58196, 35.1557 ], [ -93.5777, 35.15612 ], [ -93.57318, 35.15385 ], [ -93.57165, 35.15115 ], [ -93.56283, 35.15135 ], [ -93.56218, 35.14621 ], [ -93.66279, 35.14814 ], [ -93.66307, 35.13375 ], [ -93.7065, 35.13485 ], [ -93.70741, 35.10137 ], [ -93.72459, 35.10209 ], [ -93.72852, 35.09439 ], [ -93.7438, 35.09044 ], [ -93.74318, 35.12358 ], [ -93.76157, 35.1238 ], [ -93.76168, 35.12855 ], [ -93.77871, 35.12857 ], [ -93.77883, 35.13278 ], [ -93.79678, 35.13283 ], [ -93.79709, 35.13621 ], [ -93.85028, 35.13688 ], [ -93.84914, 35.1941 ], [ -93.84828, 35.25191 ], [ -93.86605, 35.25239 ], [ -93.86601, 35.25599 ], [ -93.91883, 35.25824 ], [ -93.92001, 35.22934 ], [ -93.97338, 35.23006 ], [ -94.02809, 35.23106 ], [ -94.02834, 35.21373 ], [ -94.02957, 35.18476 ], [ -94.02987, 35.18004 ], [ -94.03103, 35.14076 ], [ -94.1391, 35.14327 ], [ -94.14036, 35.09958 ], [ -94.14156, 35.05559 ], [ -94.07354, 35.05391 ], [ -94.07414, 35.02649 ], [ -94.02064, 35.02499 ], [ -94.02176, 34.98199 ], [ -94.22991, 34.98575 ], [ -94.23031, 34.96843 ], [ -94.23262, 34.96753 ], [ -94.24948, 34.96398 ], [ -94.2552, 34.95995 ], [ -94.26151, 34.95965 ], [ -94.26516, 34.95736 ], [ -94.27843, 34.95675 ], [ -94.29331, 34.95293 ], [ -94.31028, 34.95304 ], [ -94.32382, 34.95588 ], [ -94.33003, 34.9543 ], [ -94.33359, 34.94973 ], [ -94.33686, 34.94827 ], [ -94.34615, 34.94748 ], [ -94.35038, 34.94889 ], [ -94.35993, 34.96196 ], [ -94.36736, 34.96219 ], [ -94.37629, 34.94847 ], [ -94.39181, 34.94351 ], [ -94.40026, 34.94779 ], [ -94.40919, 34.94961 ], [ -94.41659, 34.94361 ], [ -94.42212, 34.93587 ], [ -94.42933, 34.93129 ], [ -94.44694, 34.93262 ], [ -94.44614, 34.97092 ], [ -94.44293, 35.06241 ], [ -94.44128, 35.11108 ], [ -94.44363, 35.11239 ], [ -94.46924, 35.11248 ], [ -94.46947, 35.11626 ], [ -94.54026, 35.11605 ], [ -94.54077, 35.11992 ], [ -94.54954, 35.1142 ], [ -94.55222, 35.11397 ], [ -94.55202, 35.1166 ], [ -94.55464, 35.11894 ], [ -94.5489, 35.12896 ], [ -94.54959, 35.1305 ], [ -94.56894, 35.13073 ], [ -94.56955, 35.1321 ], [ -94.55918, 35.14142 ], [ -94.55508, 35.14289 ], [ -94.55553, 35.15015 ], [ -94.56222, 35.14951 ], [ -94.569, 35.15571 ], [ -94.56704, 35.15789 ], [ -94.57131, 35.15653 ], [ -94.57036, 35.15891 ], [ -94.54896, 35.16437 ], [ -94.54903, 35.17433 ], [ -94.55776, 35.17444 ], [ -94.55807, 35.18514 ], [ -94.5565, 35.18843 ], [ -94.5478, 35.19395 ], [ -94.55092, 35.20364 ], [ -94.54911, 35.20786 ], [ -94.55265, 35.20593 ], [ -94.55879, 35.20858 ], [ -94.56175, 35.20803 ], [ -94.5712, 35.20002 ], [ -94.58359, 35.19468 ], [ -94.58546, 35.19109 ], [ -94.58953, 35.18868 ], [ -94.59212, 35.18882 ], [ -94.59408, 35.19383 ], [ -94.59795, 35.19372 ], [ -94.59968, 35.19175 ], [ -94.59753, 35.18914 ], [ -94.59803, 35.18696 ], [ -94.60353, 35.18314 ], [ -94.61529, 35.18155 ], [ -94.61767, 35.18721 ], [ -94.62119, 35.19023 ], [ -94.62938, 35.18851 ], [ -94.63755, 35.19048 ], [ -94.64329, 35.18932 ], [ -94.63836, 35.18584 ], [ -94.63911, 35.1821 ], [ -94.64657, 35.18104 ], [ -94.65102, 35.18092 ], [ -94.65078, 35.17278 ], [ -94.65211, 35.17062 ], [ -94.65546, 35.17047 ], [ -94.6554, 35.16243 ], [ -94.65708, 35.16068 ], [ -94.65537, 35.15798 ], [ -94.65533, 35.15261 ], [ -94.66428, 35.15233 ], [ -94.66447, 35.14532 ], [ -94.65525, 35.14514 ], [ -94.65536, 35.13782 ], [ -94.65174, 35.13785 ], [ -94.65099, 35.13446 ], [ -94.65067, 35.12354 ], [ -94.64626, 35.1235 ], [ -94.6462, 35.11935 ], [ -94.6413, 35.11893 ], [ -94.64219, 35.1141 ], [ -94.63902, 35.11199 ], [ -94.63855, 35.10873 ], [ -94.64666, 35.10875 ], [ -94.64645, 35.07694 ], [ -94.65118, 35.08223 ], [ -94.65093, 35.08649 ], [ -94.65675, 35.08633 ], [ -94.65808, 35.09246 ], [ -94.66129, 35.09386 ], [ -94.66081, 35.09219 ], [ -94.6624, 35.09253 ], [ -94.66845, 35.08551 ], [ -94.66973, 35.08109 ], [ -94.67246, 35.08109 ], [ -94.67179, 35.07706 ], [ -94.67458, 35.07939 ], [ -94.67449, 35.07626 ], [ -94.67862, 35.07298 ], [ -94.68109, 35.06744 ], [ -94.68443, 35.06528 ], [ -94.70077, 35.07123 ], [ -94.70693, 35.07039 ], [ -94.71655, 35.07214 ], [ -94.72949, 35.06639 ], [ -94.74504, 35.06299 ], [ -94.75164, 35.05885 ], [ -94.75669, 35.05127 ], [ -94.76101, 35.05064 ], [ -94.76673, 35.04714 ], [ -94.77647, 35.03607 ], [ -94.78193, 35.03231 ], [ -94.78861, 35.02924 ], [ -94.79677, 35.02817 ], [ -94.80483, 35.02384 ], [ -94.81479, 35.02624 ], [ -94.8259, 35.03425 ], [ -94.8346, 35.05646 ], [ -94.84063, 35.06243 ], [ -94.84881, 35.0654 ], [ -94.85079, 35.06131 ], [ -94.85769, 35.05864 ], [ -94.85806, 35.05581 ], [ -94.85509, 35.0517 ], [ -94.86027, 35.04629 ], [ -94.86498, 35.04425 ], [ -94.87482, 35.0302 ], [ -94.91002, 35.00561 ], [ -94.92745, 34.99844 ], [ -94.9276, 34.94212 ], [ -94.99784, 34.94206 ], [ -94.99742, 34.85496 ], [ -95.05927, 34.85492 ], [ -95.05921, 34.83756 ], [ -95.06086, 34.83278 ], [ -95.08549, 34.83266 ], [ -95.0856, 34.83971 ], [ -95.08958, 34.84003 ], [ -95.09022, 34.84326 ], [ -95.10157, 34.84463 ], [ -95.11074, 34.84877 ], [ -95.11269, 34.85204 ], [ -95.12191, 34.85229 ], [ -95.125, 34.8582 ], [ -95.13765, 34.86024 ], [ -95.14456, 34.85954 ], [ -95.15537, 34.86414 ], [ -95.15936, 34.87135 ], [ -95.16536, 34.87464 ], [ -95.16789, 34.88131 ], [ -95.16697, 34.88328 ], [ -95.17002, 34.88955 ], [ -95.16669, 34.8947 ], [ -95.16666, 34.8983 ], [ -95.21706, 34.89832 ], [ -95.21715, 34.90194 ], [ -95.21515, 34.9021 ], [ -95.2149, 34.91112 ], [ -95.21732, 34.91288 ], [ -95.21718, 34.91821 ], [ -95.2156, 34.91998 ], [ -95.21782, 34.92291 ], [ -95.21277, 34.92472 ], [ -95.2138, 34.9317 ], [ -95.23809, 34.92679 ], [ -95.24882, 34.92869 ], [ -95.26855, 34.92915 ], [ -95.27295, 34.93174 ], [ -95.29021, 34.93351 ], [ -95.29615, 34.93564 ], [ -95.29654, 34.94427 ], [ -95.29332, 34.94992 ], [ -95.30025, 34.95249 ], [ -95.2984, 34.95711 ], [ -95.29356, 34.95974 ], [ -95.28828, 34.96013 ], [ -95.2865, 34.9624 ], [ -95.27844, 34.95997 ], [ -95.27713, 34.96633 ], [ -95.27889, 34.96713 ], [ -95.27985, 34.97069 ], [ -95.2746, 34.97206 ], [ -95.27285, 34.96906 ], [ -95.26948, 34.96986 ], [ -95.26672, 34.9759 ], [ -95.2633, 34.9786 ], [ -95.26764, 34.98332 ], [ -95.28046, 34.98976 ], [ -95.28171, 34.99497 ], [ -95.29234, 34.99727 ], [ -95.30396, 34.99111 ], [ -95.31192, 34.99257 ], [ -95.32861, 34.99955 ], [ -95.33305, 34.99904 ], [ -95.33324, 35.00289 ], [ -95.33022, 35.00606 ], [ -95.30418, 35.02417 ], [ -95.30465, 35.02834 ], [ -95.31456, 35.03853 ], [ -95.31826, 35.04981 ], [ -95.32318, 35.05815 ], [ -95.17913, 35.0578 ], [ -95.17731, 35.06016 ], [ -95.16005, 35.067 ], [ -95.15091, 35.06668 ], [ -95.14634, 35.07249 ], [ -95.14208, 35.07439 ], [ -95.11625, 35.08162 ], [ -95.11645, 35.08489 ], [ -95.12091, 35.09052 ], [ -95.12103, 35.10348 ], [ -95.12688, 35.10225 ], [ -95.13065, 35.10587 ], [ -95.12778, 35.10754 ], [ -95.12816, 35.11134 ], [ -95.13262, 35.11374 ], [ -95.13981, 35.11079 ], [ -95.14104, 35.1088 ], [ -95.1465, 35.1099 ], [ -95.15246, 35.10759 ], [ -95.1587, 35.11245 ], [ -95.1522, 35.12268 ], [ -95.14758, 35.12151 ], [ -95.14331, 35.12751 ], [ -95.143, 35.13041 ], [ -95.14562, 35.13222 ], [ -95.14366, 35.13605 ], [ -95.14556, 35.13719 ], [ -95.14422, 35.13893 ], [ -95.14623, 35.14026 ], [ -95.14664, 35.14406 ], [ -95.14887, 35.14493 ], [ -95.14795, 35.14859 ], [ -95.14519, 35.15079 ], [ -95.13373, 35.15275 ], [ -95.13267, 35.15136 ], [ -95.12874, 35.15117 ], [ -95.12776, 35.15557 ], [ -95.12173, 35.15435 ], [ -95.12037, 35.15593 ], [ -95.11931, 35.15394 ], [ -95.1139, 35.15422 ], [ -95.11351, 35.16154 ], [ -95.10983, 35.1604 ], [ -95.10184, 35.16416 ], [ -95.09885, 35.16208 ], [ -95.0974, 35.16544 ], [ -95.08338, 35.16728 ], [ -95.08171, 35.16986 ], [ -95.08469, 35.1706 ], [ -95.08469, 35.1724 ], [ -95.08171, 35.17451 ], [ -95.08277, 35.17593 ], [ -95.0797, 35.17797 ], [ -95.07878, 35.18227 ], [ -95.076, 35.18328 ], [ -95.0731, 35.18186 ], [ -95.06688, 35.18557 ], [ -95.06585, 35.18818 ], [ -95.06852, 35.18868 ], [ -95.0685, 35.19205 ], [ -95.06423, 35.19095 ], [ -95.06468, 35.19393 ], [ -95.06119, 35.19239 ], [ -95.0615, 35.19491 ], [ -95.06348, 35.19631 ], [ -95.05784, 35.2005 ], [ -95.0553, 35.19977 ], [ -95.05581, 35.2021 ], [ -95.05165, 35.20036 ], [ -95.04909, 35.20112 ], [ -95.05087, 35.20286 ], [ -95.04939, 35.2037 ], [ -95.04713, 35.20276 ], [ -95.04842, 35.20077 ], [ -95.04671, 35.20022 ], [ -95.04055, 35.2035 ], [ -95.0403, 35.20633 ], [ -95.03678, 35.20608 ], [ -95.03617, 35.20235 ], [ -95.03313, 35.20432 ], [ -95.03308, 35.201 ], [ -95.03163, 35.20059 ], [ -95.02978, 35.20269 ], [ -95.02594, 35.19907 ], [ -95.02423, 35.20235 ], [ -95.02075, 35.20349 ], [ -95.02172, 35.20599 ], [ -95.01472, 35.20829 ], [ -95.01376, 35.2103 ], [ -95.01064, 35.20739 ], [ -95.00802, 35.20784 ], [ -95.0078, 35.20616 ], [ -95.00463, 35.2076 ], [ -95.00394, 35.20612 ], [ -95.00079, 35.20588 ], [ -94.99725, 35.20838 ], [ -94.9972, 35.21205 ], [ -94.99429, 35.21202 ], [ -94.99421, 35.21349 ], [ -94.99264, 35.21268 ], [ -94.98871, 35.216 ], [ -94.98924, 35.21943 ], [ -94.99502, 35.22141 ], [ -94.99507, 35.2237 ], [ -94.99836, 35.22333 ], [ -94.99826, 35.22688 ], [ -94.99415, 35.22937 ], [ -94.99334, 35.22726 ], [ -94.99213, 35.22918 ], [ -94.99352, 35.23101 ], [ -94.98957, 35.22951 ], [ -94.9896, 35.2323 ], [ -94.98591, 35.23208 ], [ -94.98455, 35.23478 ], [ -94.98654, 35.23871 ], [ -94.98444, 35.24002 ], [ -94.98525, 35.24132 ], [ -94.97811, 35.24192 ], [ -94.97313, 35.24413 ], [ -94.96776, 35.24155 ], [ -94.96332, 35.2482 ], [ -94.96385, 35.25128 ], [ -94.96122, 35.25137 ], [ -94.9627, 35.25347 ], [ -94.96734, 35.25045 ], [ -94.96774, 35.25217 ], [ -94.97109, 35.25154 ], [ -94.96855, 35.25463 ], [ -94.96596, 35.25426 ], [ -94.96456, 35.25615 ], [ -94.96981, 35.259 ], [ -94.96773, 35.26321 ], [ -94.9644, 35.26364 ], [ -94.96433, 35.26842 ], [ -94.95837, 35.27793 ], [ -94.95583, 35.27816 ], [ -94.95409, 35.2759 ], [ -94.94651, 35.27798 ], [ -94.94709, 35.27946 ], [ -94.95051, 35.27952 ], [ -94.95015, 35.28192 ], [ -94.96709, 35.28567 ], [ -94.97831, 35.28133 ], [ -94.98871, 35.27963 ], [ -94.99913, 35.28165 ], [ -95.00671, 35.28553 ], [ -95.01682, 35.28376 ], [ -95.01738, 35.29026 ], [ -95.02179, 35.29504 ], [ -95.00877, 35.30708 ], [ -95.00854, 35.33786 ], [ -95.00718, 35.33817 ], [ -95.00679, 35.33636 ], [ -95.00486, 35.33792 ], [ -95.00308, 35.33691 ], [ -94.99911, 35.33842 ], [ -94.99548, 35.34284 ], [ -94.98964, 35.34185 ], [ -94.98721, 35.34421 ], [ -94.9886, 35.34609 ], [ -94.98418, 35.34445 ], [ -94.9805, 35.34621 ], [ -94.97628, 35.34525 ], [ -94.95174, 35.35431 ], [ -94.9544, 35.37251 ], [ -94.95889, 35.38227 ], [ -94.93401, 35.39541 ], [ -94.92552, 35.39275 ], [ -94.92027, 35.39301 ], [ -94.90446, 35.39874 ], [ -94.89925, 35.39551 ], [ -94.89207, 35.38425 ], [ -94.89439, 35.37291 ], [ -94.91301, 35.36025 ], [ -94.91904, 35.35405 ], [ -94.91848, 35.35032 ], [ -94.91423, 35.34743 ], [ -94.90175, 35.34661 ], [ -94.87219, 35.35443 ], [ -94.86214, 35.35818 ], [ -94.85383, 35.36402 ], [ -94.86237, 35.37424 ], [ -94.86533, 35.38651 ], [ -94.86493, 35.39502 ], [ -94.85779, 35.40312 ], [ -94.85185, 35.40535 ], [ -94.84029, 35.40655 ], [ -94.83624, 35.41158 ], [ -94.83387, 35.4102 ], [ -94.83271, 35.41216 ], [ -94.82958, 35.41181 ], [ -94.82868, 35.4128 ], [ -94.8307, 35.41411 ], [ -94.81936, 35.41266 ], [ -94.81367, 35.4158 ], [ -94.81208, 35.41482 ], [ -94.81192, 35.41699 ], [ -94.81027, 35.41598 ], [ -94.8052, 35.41762 ], [ -94.80408, 35.42073 ], [ -94.80017, 35.42032 ], [ -94.77124, 35.43467 ], [ -94.76276, 35.43222 ], [ -94.75157, 35.43721 ], [ -94.74339, 35.43666 ], [ -94.74317, 35.44069 ], [ -94.72882, 35.4314 ], [ -94.72567, 35.43653 ], [ -94.72564, 35.46336 ], [ -94.68003, 35.46332 ], [ -94.67801, 35.46291 ], [ -94.67762, 35.46087 ], [ -94.67331, 35.45975 ], [ -94.66153, 35.45952 ], [ -94.6587, 35.4614 ], [ -94.65633, 35.45999 ], [ -94.65963, 35.46643 ], [ -94.65769, 35.47078 ], [ -94.65095, 35.47671 ], [ -94.65361, 35.47653 ], [ -94.65397, 35.47815 ], [ -94.64666, 35.48179 ], [ -94.6501, 35.48514 ], [ -94.64778, 35.48537 ], [ -94.64803, 35.48736 ], [ -94.64433, 35.49054 ], [ -94.64517, 35.49196 ], [ -94.64251, 35.49464 ], [ -94.63591, 35.49328 ], [ -94.63543, 35.49553 ], [ -94.63372, 35.49585 ], [ -94.6342, 35.4983 ], [ -94.62946, 35.5008 ], [ -94.62937, 35.50664 ], [ -94.61967, 35.51082 ], [ -94.61995, 35.53583 ], [ -94.62418, 35.53599 ], [ -94.62429, 35.53825 ], [ -94.6243, 35.54263 ], [ -94.61987, 35.54343 ], [ -94.62086, 35.55726 ], [ -94.62633, 35.56413 ], [ -94.63563, 35.56853 ], [ -94.63935, 35.57547 ], [ -94.63231, 35.58549 ], [ -94.63248, 35.59115 ], [ -94.6301, 35.59122 ], [ -94.63049, 35.59513 ], [ -94.62611, 35.59463 ], [ -94.62053, 35.59701 ], [ -94.62121, 35.60161 ], [ -94.61944, 35.60555 ], [ -94.61403, 35.6055 ], [ -94.61339, 35.60992 ], [ -94.60932, 35.61057 ], [ -94.61325, 35.6165 ], [ -94.61359, 35.61975 ], [ -94.62299, 35.6232 ], [ -94.62349, 35.62607 ], [ -94.62861, 35.63136 ], [ -94.62957, 35.63821 ], [ -94.47243, 35.63847 ] ] ] } },
{ "type": "Feature", "properties": { "HSA93": 4030, "HSANAME": "AR- GRAVETTE", "STATE": 4, "HRR93": 21, "HRR93_NAME": "AR- SPRINGDALE", "Persons90": 10532, "hosp_cnt": 1, "HSA_label": "Gravette" }, "geometry": { "type": "Polygon", "coordinates": [ [ [ -94.38225, 36.44651 ], [ -94.384, 36.38859 ], [ -94.37596, 36.3886 ], [ -94.37566, 36.35969 ], [ -94.38407, 36.35965 ], [ -94.38531, 36.30212 ], [ -94.49277, 36.30383 ], [ -94.49218, 36.3183 ], [ -94.50538, 36.31854 ], [ -94.54481, 36.31956 ], [ -94.54351, 36.34813 ], [ -94.59378, 36.3492 ], [ -94.59808, 36.3781 ], [ -94.60374, 36.41347 ], [ -94.61254, 36.46859 ], [ -94.6177, 36.49934 ], [ -94.61749, 36.62473 ], [ -94.60982, 36.62682 ], [ -94.60394, 36.62457 ], [ -94.589, 36.63083 ], [ -94.58085, 36.62923 ], [ -94.57974, 36.62719 ], [ -94.58102, 36.62357 ], [ -94.5859, 36.61631 ], [ -94.58053, 36.60945 ], [ -94.56988, 36.6007 ], [ -94.55972, 36.59661 ], [ -94.55696, 36.59016 ], [ -94.49778, 36.58822 ], [ -94.49654, 36.58819 ], [ -94.49476, 36.61698 ], [ -94.42371, 36.61476 ], [ -94.42594, 36.56749 ], [ -94.43253, 36.57037 ], [ -94.43262, 36.57376 ], [ -94.44286, 36.57581 ], [ -94.44717, 36.49918 ], [ -94.34528, 36.49943 ], [ -94.34574, 36.47533 ], [ -94.36373, 36.47563 ], [ -94.36413, 36.46108 ], [ -94.38201, 36.46122 ], [ -94.38225, 36.44651 ] ] ] } },
{ "type": "Feature", "properties": { "HSA93": 4046, "HSANAME": "AR- MENA", "STATE": 4, "HRR93": 16, "HRR93_NAME": "AR- FORT SMITH", "Persons90": 16796, "hosp_cnt": 1, "HSA_label": "Mena" }, "geometry": { "type": "Polygon", "coordinates": [ [ [ -94.46093, 34.50735 ], [ -94.46013, 34.53458 ], [ -94.45434, 34.72886 ], [ -94.45074, 34.83059 ], [ -94.12999, 34.8244 ], [ -94.13197, 34.73786 ], [ -94.16708, 34.73812 ], [ -94.16739, 34.71654 ], [ -94.20249, 34.71715 ], [ -94.20287, 34.69528 ], [ -94.01797, 34.69238 ], [ -94.018, 34.68322 ], [ -93.9299, 34.68 ], [ -93.93031, 34.66551 ], [ -93.93229, 34.5509 ], [ -93.93449, 34.43562 ], [ -93.93518, 34.35 ], [ -94.14952, 34.35279 ], [ -94.24268, 34.35552 ], [ -94.25446, 34.35537 ], [ -94.33007, 34.35755 ], [ -94.37691, 34.35858 ], [ -94.46428, 34.35882 ], [ -94.46773, 34.27719 ], [ -94.47013, 34.18976 ], [ -94.47093, 34.15925 ], [ -94.51396, 34.15686 ], [ -94.52481, 34.15916 ], [ -94.54286, 34.15964 ], [ -94.54652, 34.15664 ], [ -94.54724, 34.15252 ], [ -94.55644, 34.15129 ], [ -94.56501, 34.15252 ], [ -94.56922, 34.15493 ], [ -94.58754, 34.1566 ], [ -94.58729, 34.15941 ], [ -94.60154, 34.17331 ], [ -94.61483, 34.18182 ], [ -94.63434, 34.18725 ], [ -94.6552, 34.19601 ], [ -94.66253, 34.19521 ], [ -94.66319, 34.19635 ], [ -94.66449, 34.19448 ], [ -94.66656, 34.19471 ], [ -94.66576, 34.19968 ], [ -94.6676, 34.1994 ], [ -94.66595, 34.20279 ], [ -94.65688, 34.20439 ], [ -94.65487, 34.20183 ], [ -94.655, 34.20403 ], [ -94.65338, 34.20478 ], [ -94.65134, 34.2043 ], [ -94.65027, 34.20141 ], [ -94.64751, 34.20439 ], [ -94.64872, 34.20663 ], [ -94.64596, 34.20707 ], [ -94.648, 34.21025 ], [ -94.64637, 34.21428 ], [ -94.64097, 34.21538 ], [ -94.64739, 34.21715 ], [ -94.65373, 34.21138 ], [ -94.65575, 34.21312 ], [ -94.65451, 34.20957 ], [ -94.65732, 34.20833 ], [ -94.65936, 34.21195 ], [ -94.662, 34.21261 ], [ -94.65983, 34.21419 ], [ -94.66338, 34.21561 ], [ -94.66333, 34.21337 ], [ -94.66484, 34.21495 ], [ -94.66597, 34.21367 ], [ -94.66633, 34.2163 ], [ -94.6684, 34.21566 ], [ -94.66851, 34.21259 ], [ -94.67477, 34.20957 ], [ -94.67317, 34.21202 ], [ -94.67518, 34.21131 ], [ -94.67523, 34.21328 ], [ -94.67179, 34.2169 ], [ -94.67512, 34.2158 ], [ -94.67449, 34.22006 ], [ -94.66942, 34.21923 ], [ -94.67171, 34.22068 ], [ -94.67129, 34.22235 ], [ -94.67347, 34.22251 ], [ -94.6722, 34.22503 ], [ -94.66856, 34.22457 ], [ -94.66473, 34.22184 ], [ -94.65759, 34.221 ], [ -94.66057, 34.22173 ], [ -94.6577, 34.22338 ], [ -94.66178, 34.22223 ], [ -94.66465, 34.22356 ], [ -94.66233, 34.22565 ], [ -94.66379, 34.22649 ], [ -94.66539, 34.22489 ], [ -94.67311, 34.22714 ], [ -94.67063, 34.23107 ], [ -94.66727, 34.22975 ], [ -94.66977, 34.2321 ], [ -94.66859, 34.23348 ], [ -94.66076, 34.23199 ], [ -94.66062, 34.23048 ], [ -94.66255, 34.2297 ], [ -94.66079, 34.22773 ], [ -94.66007, 34.23023 ], [ -94.65762, 34.23057 ], [ -94.65943, 34.23185 ], [ -94.65866, 34.23384 ], [ -94.65629, 34.23219 ], [ -94.65698, 34.23467 ], [ -94.65447, 34.23332 ], [ -94.65329, 34.23425 ], [ -94.6526, 34.23265 ], [ -94.65141, 34.23506 ], [ -94.64995, 34.23396 ], [ -94.64636, 34.23533 ], [ -94.6532, 34.23636 ], [ -94.64884, 34.23899 ], [ -94.64248, 34.23695 ], [ -94.64402, 34.23531 ], [ -94.64286, 34.23478 ], [ -94.64215, 34.23574 ], [ -94.63798, 34.23404 ], [ -94.64005, 34.23668 ], [ -94.63831, 34.23718 ], [ -94.63746, 34.23574 ], [ -94.63514, 34.23606 ], [ -94.63539, 34.23381 ], [ -94.63379, 34.23397 ], [ -94.63365, 34.23555 ], [ -94.62891, 34.23553 ], [ -94.61651, 34.23079 ], [ -94.61412, 34.23173 ], [ -94.62292, 34.23624 ], [ -94.63012, 34.23745 ], [ -94.62176, 34.24464 ], [ -94.62538, 34.24453 ], [ -94.63211, 34.23816 ], [ -94.63158, 34.23977 ], [ -94.6336, 34.23858 ], [ -94.63569, 34.23954 ], [ -94.63346, 34.24307 ], [ -94.63845, 34.23988 ], [ -94.63949, 34.2427 ], [ -94.64134, 34.24146 ], [ -94.64032, 34.24394 ], [ -94.64385, 34.24222 ], [ -94.64404, 34.24657 ], [ -94.64622, 34.24621 ], [ -94.64537, 34.24506 ], [ -94.64683, 34.24424 ], [ -94.64939, 34.24644 ], [ -94.65039, 34.24545 ], [ -94.64768, 34.24289 ], [ -94.65088, 34.24332 ], [ -94.64997, 34.24238 ], [ -94.6535, 34.23996 ], [ -94.65345, 34.2433 ], [ -94.65546, 34.23989 ], [ -94.65571, 34.24193 ], [ -94.65745, 34.24076 ], [ -94.65822, 34.24211 ], [ -94.65896, 34.23941 ], [ -94.66062, 34.24019 ], [ -94.66026, 34.23838 ], [ -94.6636, 34.23645 ], [ -94.66349, 34.23973 ], [ -94.66442, 34.23762 ], [ -94.66657, 34.23872 ], [ -94.66122, 34.24568 ], [ -94.65541, 34.24481 ], [ -94.6554, 34.24591 ], [ -94.65146, 34.24582 ], [ -94.654, 34.24662 ], [ -94.65212, 34.2474 ], [ -94.65623, 34.24708 ], [ -94.65684, 34.24903 ], [ -94.65811, 34.24731 ], [ -94.66164, 34.24926 ], [ -94.6586, 34.25086 ], [ -94.66191, 34.25082 ], [ -94.66213, 34.25359 ], [ -94.66919, 34.25506 ], [ -94.67332, 34.2543 ], [ -94.67878, 34.25062 ], [ -94.67765, 34.25444 ], [ -94.66993, 34.25609 ], [ -94.66629, 34.25872 ], [ -94.65826, 34.25789 ], [ -94.65622, 34.25977 ], [ -94.64905, 34.26043 ], [ -94.65945, 34.2595 ], [ -94.65956, 34.26328 ], [ -94.66116, 34.25973 ], [ -94.66554, 34.26277 ], [ -94.66615, 34.26131 ], [ -94.66797, 34.26161 ], [ -94.67247, 34.26548 ], [ -94.67205, 34.26894 ], [ -94.67396, 34.26566 ], [ -94.68212, 34.26463 ], [ -94.683, 34.26765 ], [ -94.68427, 34.26438 ], [ -94.68863, 34.26612 ], [ -94.69238, 34.26518 ], [ -94.69051, 34.26314 ], [ -94.69097, 34.26122 ], [ -94.69296, 34.26337 ], [ -94.69445, 34.26213 ], [ -94.69561, 34.26454 ], [ -94.69263, 34.27146 ], [ -94.68753, 34.2718 ], [ -94.69034, 34.27242 ], [ -94.68047, 34.27539 ], [ -94.66753, 34.27423 ], [ -94.68074, 34.27709 ], [ -94.67815, 34.28121 ], [ -94.66811, 34.27942 ], [ -94.66284, 34.2808 ], [ -94.65812, 34.27846 ], [ -94.656, 34.27935 ], [ -94.65622, 34.28205 ], [ -94.6579, 34.28006 ], [ -94.66074, 34.28274 ], [ -94.65621, 34.28501 ], [ -94.65467, 34.28986 ], [ -94.65707, 34.28549 ], [ -94.66275, 34.28286 ], [ -94.66388, 34.28437 ], [ -94.66397, 34.2829 ], [ -94.6654, 34.28355 ], [ -94.66496, 34.28167 ], [ -94.6683, 34.28171 ], [ -94.67017, 34.28384 ], [ -94.68013, 34.28387 ], [ -94.68013, 34.28673 ], [ -94.67793, 34.28817 ], [ -94.68055, 34.28831 ], [ -94.68438, 34.29582 ], [ -94.67991, 34.29621 ], [ -94.68546, 34.29596 ], [ -94.68929, 34.3001 ], [ -94.68786, 34.30166 ], [ -94.69062, 34.30118 ], [ -94.68847, 34.30425 ], [ -94.69136, 34.30251 ], [ -94.69249, 34.30336 ], [ -94.69186, 34.30917 ], [ -94.6867, 34.31217 ], [ -94.68515, 34.31483 ], [ -94.68223, 34.31522 ], [ -94.68463, 34.31595 ], [ -94.68507, 34.3212 ], [ -94.68021, 34.31989 ], [ -94.68607, 34.32378 ], [ -94.68659, 34.32548 ], [ -94.6848, 34.32722 ], [ -94.68711, 34.3266 ], [ -94.68637, 34.3321 ], [ -94.68286, 34.33562 ], [ -94.68355, 34.33668 ], [ -94.67682, 34.33819 ], [ -94.68264, 34.33828 ], [ -94.67325, 34.35117 ], [ -94.67069, 34.35241 ], [ -94.67381, 34.35191 ], [ -94.67516, 34.35346 ], [ -94.68386, 34.35497 ], [ -94.68607, 34.36203 ], [ -94.6943, 34.3691 ], [ -94.69637, 34.375 ], [ -94.69587, 34.38693 ], [ -94.68689, 34.39492 ], [ -94.68405, 34.40452 ], [ -94.68134, 34.40507 ], [ -94.67783, 34.40186 ], [ -94.67374, 34.40193 ], [ -94.667, 34.40873 ], [ -94.66487, 34.41521 ], [ -94.66794, 34.42261 ], [ -94.66412, 34.42565 ], [ -94.66011, 34.43729 ], [ -94.65607, 34.44184 ], [ -94.66091, 34.44983 ], [ -94.66436, 34.4513 ], [ -94.67741, 34.44984 ], [ -94.68241, 34.45158 ], [ -94.67769, 34.45849 ], [ -94.67838, 34.46674 ], [ -94.68076, 34.46827 ], [ -94.68731, 34.47883 ], [ -94.68283, 34.48581 ], [ -94.68405, 34.48918 ], [ -94.68275, 34.49193 ], [ -94.69046, 34.50038 ], [ -94.69854, 34.5043 ], [ -94.69686, 34.50714 ], [ -94.46093, 34.50735 ] ] ] } },
{ "type": "Feature", "properties": { "HSA93": 4067, "HSANAME": "AR- SILOAM SPRINGS", "STATE": 4, "HRR93": 21, "HRR93_NAME": "AR- SPRINGDALE", "Persons90": 29551, "hosp_cnt": 1, "HSA_label": "Siloam Springs" }, "geometry": { "type": "Polygon", "coordinates": [ [ [ -94.33336, 36.21447 ], [ -94.33576, 36.15191 ], [ -94.33622, 36.14217 ], [ -94.38973, 36.14251 ], [ -94.39091, 36.09932 ], [ -94.45821, 36.10038 ], [ -94.55196, 36.10216 ], [ -94.54642, 36.06108 ], [ -94.52244, 35.93417 ], [ -94.51801, 35.90598 ], [ -94.52763, 35.90665 ], [ -94.52946, 35.90908 ], [ -94.52982, 35.91354 ], [ -94.53351, 35.9159 ], [ -94.54148, 35.91304 ], [ -94.54373, 35.91398 ], [ -94.54863, 35.91045 ], [ -94.55496, 35.91158 ], [ -94.56765, 35.90718 ], [ -94.57052, 35.90757 ], [ -94.57176, 35.90324 ], [ -94.57961, 35.905 ], [ -94.58301, 35.9039 ], [ -94.59205, 35.90969 ], [ -94.59655, 35.91452 ], [ -94.59962, 35.91345 ], [ -94.60885, 35.91697 ], [ -94.61569, 35.91717 ], [ -94.62037, 35.91985 ], [ -94.62361, 35.92404 ], [ -94.62969, 35.92452 ], [ -94.63557, 35.92899 ], [ -94.63714, 35.93288 ], [ -94.64156, 35.93433 ], [ -94.6491, 35.94159 ], [ -94.65214, 35.94697 ], [ -94.65045, 35.9493 ], [ -94.65177, 35.95081 ], [ -94.66019, 35.95137 ], [ -94.6645, 35.94958 ], [ -94.66554, 35.95304 ], [ -94.66821, 35.95324 ], [ -94.67396, 35.95105 ], [ -94.68395, 35.9513 ], [ -94.68861, 35.94788 ], [ -94.6846, 35.94322 ], [ -94.68758, 35.93289 ], [ -94.69057, 35.92987 ], [ -94.6978, 35.92827 ], [ -94.69887, 35.92586 ], [ -94.70692, 35.92046 ], [ -94.71437, 35.90068 ], [ -94.79698, 35.90079 ], [ -94.79705, 36.04532 ], [ -94.79705, 36.10314 ], [ -94.79706, 36.10447 ], [ -94.79705, 36.16131 ], [ -94.8261, 36.16142 ], [ -94.82266, 36.169 ], [ -94.82382, 36.16966 ], [ -94.82385, 36.176 ], [ -94.82691, 36.17603 ], [ -94.86318, 36.17599 ], [ -94.86397, 36.17462 ], [ -94.86818, 36.17619 ], [ -94.86911, 36.17855 ], [ -94.88063, 36.18107 ], [ -94.88656, 36.18014 ], [ -94.88524, 36.177 ], [ -94.88688, 36.17251 ], [ -94.89769, 36.17231 ], [ -94.90032, 36.17414 ], [ -94.90415, 36.18223 ], [ -94.9042, 36.21152 ], [ -94.90422, 36.23394 ], [ -94.9021, 36.23687 ], [ -94.90348, 36.24106 ], [ -94.89777, 36.24918 ], [ -94.89956, 36.26767 ], [ -94.89328, 36.27918 ], [ -94.89425, 36.28394 ], [ -94.8823, 36.30291 ], [ -94.87622, 36.30412 ], [ -94.87155, 36.30142 ], [ -94.86912, 36.30367 ], [ -94.86774, 36.30831 ], [ -94.85835, 36.3096 ], [ -94.84681, 36.3148 ], [ -94.84254, 36.3127 ], [ -94.83551, 36.31731 ], [ -94.83502, 36.3143 ], [ -94.83697, 36.31336 ], [ -94.83516, 36.31066 ], [ -94.83626, 36.308 ], [ -94.83068, 36.30299 ], [ -94.82203, 36.2994 ], [ -94.81575, 36.2902 ], [ -94.81029, 36.29171 ], [ -94.80399, 36.29047 ], [ -94.80218, 36.28859 ], [ -94.79723, 36.28855 ], [ -94.78869, 36.28479 ], [ -94.78561, 36.28566 ], [ -94.77984, 36.29301 ], [ -94.77443, 36.30455 ], [ -94.77873, 36.31553 ], [ -94.78409, 36.33854 ], [ -94.78904, 36.34276 ], [ -94.79467, 36.34441 ], [ -94.80084, 36.34232 ], [ -94.80523, 36.33829 ], [ -94.81233, 36.34079 ], [ -94.81765, 36.34019 ], [ -94.82306, 36.34601 ], [ -94.82212, 36.35059 ], [ -94.8083, 36.35002 ], [ -94.7997, 36.35505 ], [ -94.79476, 36.35127 ], [ -94.7835, 36.34951 ], [ -94.7814, 36.34775 ], [ -94.77849, 36.34823 ], [ -94.76972, 36.34307 ], [ -94.75959, 36.34506 ], [ -94.75229, 36.34098 ], [ -94.75212, 36.33789 ], [ -94.74137, 36.33581 ], [ -94.74208, 36.33375 ], [ -94.73732, 36.32881 ], [ -94.72612, 36.32828 ], [ -94.72561, 36.32577 ], [ -94.718, 36.32565 ], [ -94.71418, 36.32142 ], [ -94.69299, 36.32655 ], [ -94.6848, 36.32315 ], [ -94.6832, 36.32039 ], [ -94.67867, 36.32032 ], [ -94.67689, 36.32275 ], [ -94.67381, 36.3209 ], [ -94.65706, 36.32222 ], [ -94.65683, 36.33078 ], [ -94.65313, 36.33131 ], [ -94.64902, 36.33474 ], [ -94.63266, 36.3384 ], [ -94.63219, 36.3346 ], [ -94.62576, 36.33322 ], [ -94.62554, 36.33166 ], [ -94.62118, 36.33002 ], [ -94.62047, 36.32722 ], [ -94.60879, 36.32769 ], [ -94.60593, 36.3316 ], [ -94.59609, 36.33644 ], [ -94.59105, 36.33245 ], [ -94.59378, 36.3492 ], [ -94.54351, 36.34813 ], [ -94.54481, 36.31956 ], [ -94.50538, 36.31854 ], [ -94.49218, 36.3183 ], [ -94.49277, 36.30383 ], [ -94.38531, 36.30212 ], [ -94.38556, 36.29095 ], [ -94.36768, 36.29081 ], [ -94.3682, 36.27266 ], [ -94.3047, 36.2717 ], [ -94.30635, 36.21405 ], [ -94.33336, 36.21447 ] ] ] } },
{ "type": "Feature", "properties": { "HSA93": 4072, "HSANAME": "AR- WALDRON", "STATE": 4, "HRR93": 16, "HRR93_NAME": "AR- FORT SMITH", "Persons90": 8285, "hosp_cnt": 1, "HSA_label": "Waldron" }, "geometry": { "type": "Polygon", "coordinates": [ [ [ -93.7813, 34.7327 ], [ -93.7814, 34.7183 ], [ -93.8169, 34.7184 ], [ -93.8168, 34.7112 ], [ -93.87, 34.7126 ], [ -93.8703, 34.6907 ], [ -93.87777, 34.69069 ], [ -93.87795, 34.66517 ], [ -93.93031, 34.66551 ], [ -93.9299, 34.68 ], [ -94.018, 34.68322 ], [ -94.01797, 34.69238 ], [ -94.20287, 34.69528 ], [ -94.20249, 34.71715 ], [ -94.16739, 34.71654 ], [ -94.16708, 34.73812 ], [ -94.13197, 34.73786 ], [ -94.12999, 34.8244 ], [ -94.45074, 34.83059 ], [ -94.44889, 34.88911 ], [ -94.42716, 34.88869 ], [ -94.42682, 34.89598 ], [ -94.40892, 34.89544 ], [ -94.40869, 34.90257 ], [ -94.34692, 34.90069 ], [ -94.34615, 34.94748 ], [ -94.33686, 34.94827 ], [ -94.33359, 34.94973 ], [ -94.33003, 34.9543 ], [ -94.32382, 34.95588 ], [ -94.31028, 34.95304 ], [ -94.29331, 34.95293 ], [ -94.27843, 34.95675 ], [ -94.26516, 34.95736 ], [ -94.26151, 34.95965 ], [ -94.2552, 34.95995 ], [ -94.24948, 34.96398 ], [ -94.23262, 34.96753 ], [ -94.23031, 34.96843 ], [ -94.22991, 34.98575 ], [ -94.02176, 34.98199 ], [ -94.02064, 35.02499 ], [ -93.70469, 35.01962 ], [ -93.70621, 34.94755 ], [ -93.70708, 34.90483 ], [ -93.70842, 34.83295 ], [ -93.70845, 34.83137 ], [ -93.7101, 34.7452 ], [ -93.74502, 34.74637 ], [ -93.7455, 34.7318 ], [ -93.7813, 34.7327 ] ] ] } },
{ "type": "Feature", "properties": { "HSA93": 6035, "HSANAME": "CO- LA JUNTA", "STATE": 6, "HRR93": 102, "HRR93_NAME": "CO- COLORADO SPRINGS", "Persons90": 26375, "hosp_cnt": 1, "HSA_label": "La Junta" }, "geometry": { "type": "Polygon", "coordinates": [ [ [ -103.07546, 37.64341 ], [ -103.07418, 37.38174 ], [ -103.08205, 37.3816 ], [ -103.08621, 37.17637 ], [ -103.08562, 37.00025 ], [ -103.42518, 36.99936 ], [ -103.42613, 37.00692 ], [ -103.42269, 37.02746 ], [ -103.42395, 37.03255 ], [ -103.42668, 37.03467 ], [ -103.42936, 37.03312 ], [ -103.4331, 37.02372 ], [ -103.44008, 37.01395 ], [ -103.44846, 37.01089 ], [ -103.44815, 37.00786 ], [ -103.45175, 37.00468 ], [ -103.45576, 37.00396 ], [ -103.45804, 37.00486 ], [ -103.45879, 37.00904 ], [ -103.47539, 37.01569 ], [ -103.48178, 37.02115 ], [ -103.49331, 37.03713 ], [ -103.50012, 37.03704 ], [ -103.50273, 37.03867 ], [ -103.50354, 37.04289 ], [ -103.49912, 37.04793 ], [ -103.49693, 37.05587 ], [ -103.49986, 37.05975 ], [ -103.50123, 37.05843 ], [ -103.50018, 37.05483 ], [ -103.50408, 37.04937 ], [ -103.50929, 37.05162 ], [ -103.5074, 37.05598 ], [ -103.50127, 37.06106 ], [ -103.50139, 37.06428 ], [ -103.50614, 37.06743 ], [ -103.50684, 37.07208 ], [ -103.50287, 37.07905 ], [ -103.50408, 37.08186 ], [ -103.5061, 37.07635 ], [ -103.50748, 37.07797 ], [ -103.51019, 37.07554 ], [ -103.51197, 37.07728 ], [ -103.51949, 37.06801 ], [ -103.52293, 37.06614 ], [ -103.52253, 37.0695 ], [ -103.52479, 37.0684 ], [ -103.5249, 37.06535 ], [ -103.51538, 37.05256 ], [ -103.51638, 37.04911 ], [ -103.51804, 37.04976 ], [ -103.53033, 37.07185 ], [ -103.5281, 37.07904 ], [ -103.52274, 37.08088 ], [ -103.52064, 37.07978 ], [ -103.51902, 37.08244 ], [ -103.50672, 37.08679 ], [ -103.50628, 37.09006 ], [ -103.51241, 37.08714 ], [ -103.50587, 37.09495 ], [ -103.51193, 37.09159 ], [ -103.50563, 37.09813 ], [ -103.51124, 37.09605 ], [ -103.50922, 37.10071 ], [ -103.51338, 37.09741 ], [ -103.51442, 37.0918 ], [ -103.52136, 37.0821 ], [ -103.52672, 37.08144 ], [ -103.52788, 37.08243 ], [ -103.52489, 37.08537 ], [ -103.52389, 37.08927 ], [ -103.51861, 37.09064 ], [ -103.51654, 37.09387 ], [ -103.52077, 37.09092 ], [ -103.52328, 37.09142 ], [ -103.52649, 37.0866 ], [ -103.52747, 37.08873 ], [ -103.52089, 37.09608 ], [ -103.52516, 37.09476 ], [ -103.5255, 37.09638 ], [ -103.51622, 37.10032 ], [ -103.52628, 37.09905 ], [ -103.52752, 37.09116 ], [ -103.52968, 37.08907 ], [ -103.52892, 37.08515 ], [ -103.53066, 37.08307 ], [ -103.5313, 37.0902 ], [ -103.53383, 37.08981 ], [ -103.53627, 37.09254 ], [ -103.53286, 37.10219 ], [ -103.53557, 37.10295 ], [ -103.53735, 37.09602 ], [ -103.53894, 37.0959 ], [ -103.53984, 37.09268 ], [ -103.53308, 37.08654 ], [ -103.53459, 37.0845 ], [ -103.5321, 37.08075 ], [ -103.53578, 37.0778 ], [ -103.54134, 37.08411 ], [ -103.54192, 37.08857 ], [ -103.54476, 37.08536 ], [ -103.55094, 37.09089 ], [ -103.5502, 37.08775 ], [ -103.54418, 37.08152 ], [ -103.54603, 37.08083 ], [ -103.55322, 37.08313 ], [ -103.55502, 37.09136 ], [ -103.55734, 37.09264 ], [ -103.55518, 37.08607 ], [ -103.55666, 37.08593 ], [ -103.55621, 37.08348 ], [ -103.55196, 37.07965 ], [ -103.54373, 37.07608 ], [ -103.53946, 37.06551 ], [ -103.55072, 37.07619 ], [ -103.55356, 37.07692 ], [ -103.54941, 37.07194 ], [ -103.55333, 37.07228 ], [ -103.55734, 37.07957 ], [ -103.56342, 37.08395 ], [ -103.55953, 37.07937 ], [ -103.56015, 37.07845 ], [ -103.56824, 37.08058 ], [ -103.5691, 37.07917 ], [ -103.57116, 37.08444 ], [ -103.57251, 37.08462 ], [ -103.5716, 37.07872 ], [ -103.56537, 37.07677 ], [ -103.56471, 37.07503 ], [ -103.56985, 37.07331 ], [ -103.57111, 37.07097 ], [ -103.57353, 37.07236 ], [ -103.57884, 37.08197 ], [ -103.57588, 37.08563 ], [ -103.58113, 37.08478 ], [ -103.58199, 37.08991 ], [ -103.58087, 37.09365 ], [ -103.58202, 37.09482 ], [ -103.58434, 37.0905 ], [ -103.58301, 37.0875 ], [ -103.58477, 37.08663 ], [ -103.58802, 37.0954 ], [ -103.59311, 37.09381 ], [ -103.58887, 37.09168 ], [ -103.58998, 37.08634 ], [ -103.58711, 37.08212 ], [ -103.5881, 37.0805 ], [ -103.59597, 37.08676 ], [ -103.60043, 37.09276 ], [ -103.60284, 37.09067 ], [ -103.61012, 37.09431 ], [ -103.61102, 37.0991 ], [ -103.61299, 37.10072 ], [ -103.61012, 37.10693 ], [ -103.61059, 37.11256 ], [ -103.6117, 37.10889 ], [ -103.61476, 37.1124 ], [ -103.61467, 37.10861 ], [ -103.62129, 37.11595 ], [ -103.62196, 37.11424 ], [ -103.62387, 37.11501 ], [ -103.62417, 37.11298 ], [ -103.61657, 37.10716 ], [ -103.61547, 37.09842 ], [ -103.61705, 37.09864 ], [ -103.62122, 37.1067 ], [ -103.62424, 37.10833 ], [ -103.62034, 37.10112 ], [ -103.62011, 37.09634 ], [ -103.62471, 37.09579 ], [ -103.62481, 37.09394 ], [ -103.61844, 37.09242 ], [ -103.6201, 37.08928 ], [ -103.61194, 37.08597 ], [ -103.61124, 37.07708 ], [ -103.60634, 37.07502 ], [ -103.60414, 37.07144 ], [ -103.61564, 37.07004 ], [ -103.61866, 37.07559 ], [ -103.62631, 37.08367 ], [ -103.63755, 37.08604 ], [ -103.65027, 37.0911 ], [ -103.65223, 37.09709 ], [ -103.65043, 37.10112 ], [ -103.65128, 37.10308 ], [ -103.6549, 37.0931 ], [ -103.65732, 37.09085 ], [ -103.65871, 37.09211 ], [ -103.65983, 37.10551 ], [ -103.66446, 37.10764 ], [ -103.6665, 37.10508 ], [ -103.6689, 37.10782 ], [ -103.6694, 37.09901 ], [ -103.67536, 37.10386 ], [ -103.67865, 37.11068 ], [ -103.68249, 37.11382 ], [ -103.67916, 37.11625 ], [ -103.68144, 37.11946 ], [ -103.67908, 37.12136 ], [ -103.68319, 37.125 ], [ -103.67552, 37.12583 ], [ -103.67479, 37.12864 ], [ -103.68014, 37.12653 ], [ -103.68237, 37.13165 ], [ -103.68245, 37.12842 ], [ -103.68586, 37.12633 ], [ -103.68907, 37.12963 ], [ -103.6894, 37.12288 ], [ -103.69917, 37.12612 ], [ -103.69917, 37.12062 ], [ -103.70481, 37.12042 ], [ -103.70976, 37.12235 ], [ -103.71641, 37.11656 ], [ -103.72069, 37.11819 ], [ -103.72495, 37.1174 ], [ -103.72069, 37.11533 ], [ -103.72609, 37.11217 ], [ -103.73253, 37.11242 ], [ -103.72771, 37.11376 ], [ -103.73271, 37.11663 ], [ -103.72708, 37.12322 ], [ -103.71363, 37.12199 ], [ -103.70661, 37.12461 ], [ -103.69342, 37.14706 ], [ -103.69139, 37.14688 ], [ -103.69366, 37.15045 ], [ -103.6877, 37.15922 ], [ -103.68439, 37.15852 ], [ -103.67858, 37.15409 ], [ -103.67926, 37.15609 ], [ -103.67273, 37.15948 ], [ -103.66808, 37.16587 ], [ -103.65498, 37.17329 ], [ -103.64294, 37.17379 ], [ -103.65138, 37.16489 ], [ -103.64655, 37.16677 ], [ -103.6452, 37.16563 ], [ -103.63749, 37.1665 ], [ -103.63483, 37.16471 ], [ -103.63627, 37.16261 ], [ -103.63384, 37.1653 ], [ -103.6365, 37.1726 ], [ -103.63398, 37.17608 ], [ -103.63443, 37.17981 ], [ -103.63777, 37.18558 ], [ -103.6441, 37.18934 ], [ -103.6463, 37.19511 ], [ -103.64535, 37.2023 ], [ -103.65058, 37.20523 ], [ -103.65296, 37.20917 ], [ -103.65716, 37.21018 ], [ -103.65645, 37.21269 ], [ -103.65996, 37.21636 ], [ -103.65673, 37.2213 ], [ -103.66525, 37.23312 ], [ -103.66299, 37.24115 ], [ -103.66585, 37.2474 ], [ -103.6631, 37.25169 ], [ -103.66577, 37.25318 ], [ -103.66997, 37.2614 ], [ -103.67152, 37.26707 ], [ -103.6706, 37.27053 ], [ -103.67367, 37.27545 ], [ -103.67155, 37.27726 ], [ -103.6751, 37.28294 ], [ -103.67312, 37.28711 ], [ -103.67461, 37.2893 ], [ -103.67742, 37.28807 ], [ -103.68077, 37.29068 ], [ -103.68171, 37.29652 ], [ -103.69071, 37.30434 ], [ -103.68888, 37.30702 ], [ -103.69229, 37.30844 ], [ -103.69392, 37.31636 ], [ -103.70215, 37.32156 ], [ -103.69687, 37.32879 ], [ -103.69748, 37.33241 ], [ -103.69533, 37.33287 ], [ -103.69369, 37.33809 ], [ -103.69154, 37.33861 ], [ -103.69137, 37.34058 ], [ -103.69381, 37.34271 ], [ -103.69022, 37.35244 ], [ -103.69126, 37.3556 ], [ -103.68024, 37.36196 ], [ -103.68234, 37.36425 ], [ -103.68073, 37.36542 ], [ -103.68018, 37.3721 ], [ -103.68386, 37.373 ], [ -103.68412, 37.3754 ], [ -103.67697, 37.38072 ], [ -103.6791, 37.38317 ], [ -103.67583, 37.38544 ], [ -103.67686, 37.38947 ], [ -103.66309, 37.39638 ], [ -103.6556, 37.39198 ], [ -103.65233, 37.39429 ], [ -103.65382, 37.39789 ], [ -103.65769, 37.39883 ], [ -103.66294, 37.40283 ], [ -103.65476, 37.40434 ], [ -103.65447, 37.40704 ], [ -103.66311, 37.40771 ], [ -103.66322, 37.41156 ], [ -103.65746, 37.41304 ], [ -103.66463, 37.41433 ], [ -103.66081, 37.41991 ], [ -103.66359, 37.42181 ], [ -103.66141, 37.42666 ], [ -103.66494, 37.42861 ], [ -103.66276, 37.43225 ], [ -103.66804, 37.43269 ], [ -103.6652, 37.43832 ], [ -103.66652, 37.43939 ], [ -103.67099, 37.43825 ], [ -103.67062, 37.44127 ], [ -103.67366, 37.44287 ], [ -103.66838, 37.44328 ], [ -103.67025, 37.44702 ], [ -103.66821, 37.45029 ], [ -103.66436, 37.45125 ], [ -103.66602, 37.45326 ], [ -103.6614, 37.454 ], [ -103.66103, 37.45713 ], [ -103.64827, 37.46175 ], [ -103.64615, 37.46823 ], [ -103.63845, 37.46978 ], [ -103.64376, 37.4751 ], [ -103.63511, 37.47908 ], [ -103.63427, 37.48095 ], [ -103.63689, 37.48567 ], [ -103.629, 37.4986 ], [ -103.62636, 37.49922 ], [ -103.6284, 37.50159 ], [ -103.62776, 37.50754 ], [ -103.63072, 37.51402 ], [ -103.6302, 37.51738 ], [ -103.64014, 37.52128 ], [ -103.6412, 37.52616 ], [ -103.6429, 37.52666 ], [ -103.63539, 37.53078 ], [ -103.63662, 37.53597 ], [ -103.63248, 37.5435 ], [ -103.63667, 37.54737 ], [ -103.63256, 37.54925 ], [ -103.63552, 37.55092 ], [ -103.63866, 37.54978 ], [ -103.63854, 37.55388 ], [ -103.64095, 37.5545 ], [ -103.64055, 37.55722 ], [ -103.63787, 37.55823 ], [ -103.63756, 37.56022 ], [ -103.6408, 37.56553 ], [ -103.64209, 37.57295 ], [ -103.65273, 37.57258 ], [ -103.65233, 37.57657 ], [ -103.6445, 37.58215 ], [ -103.64202, 37.58876 ], [ -103.63636, 37.58807 ], [ -103.62775, 37.59817 ], [ -103.61566, 37.6005 ], [ -103.60301, 37.60664 ], [ -103.602, 37.60896 ], [ -103.60598, 37.6123 ], [ -103.60627, 37.61859 ], [ -103.60112, 37.61882 ], [ -103.59789, 37.61683 ], [ -103.58123, 37.62258 ], [ -103.58098, 37.63333 ], [ -103.57508, 37.63766 ], [ -103.57589, 37.6424 ], [ -103.56083, 37.63945 ], [ -103.55792, 37.64347 ], [ -103.66478, 37.64387 ], [ -103.66338, 37.64936 ], [ -103.65664, 37.65867 ], [ -103.61991, 37.65919 ], [ -103.61994, 37.68763 ], [ -103.642, 37.67989 ], [ -103.64715, 37.67973 ], [ -103.6479, 37.68174 ], [ -103.65182, 37.68385 ], [ -103.65729, 37.68342 ], [ -103.66276, 37.685 ], [ -103.66748, 37.69372 ], [ -103.67143, 37.69532 ], [ -103.66947, 37.69665 ], [ -103.67186, 37.69633 ], [ -103.67382, 37.69914 ], [ -103.67901, 37.70102 ], [ -103.68113, 37.70704 ], [ -103.69246, 37.71613 ], [ -103.68981, 37.71732 ], [ -103.68787, 37.72359 ], [ -103.68136, 37.73154 ], [ -103.67574, 37.74886 ], [ -103.67497, 37.76322 ], [ -103.67063, 37.76545 ], [ -103.6702, 37.76731 ], [ -103.66769, 37.76706 ], [ -103.66215, 37.77578 ], [ -103.66463, 37.77864 ], [ -103.66371, 37.78594 ], [ -103.66653, 37.78969 ], [ -103.66495, 37.79212 ], [ -103.66892, 37.79656 ], [ -103.66416, 37.79821 ], [ -103.66613, 37.7994 ], [ -103.66595, 37.80414 ], [ -103.66826, 37.80455 ], [ -103.66863, 37.80856 ], [ -103.67184, 37.80904 ], [ -103.67019, 37.81025 ], [ -103.671, 37.81215 ], [ -103.67833, 37.82282 ], [ -103.76855, 37.82324 ], [ -103.77247, 37.82132 ], [ -103.81989, 37.78679 ], [ -103.82519, 37.77859 ], [ -103.83579, 37.76995 ], [ -103.85134, 37.75156 ], [ -103.87074, 37.73568 ], [ -103.88266, 37.72273 ], [ -103.89702, 37.71457 ], [ -103.9351, 37.69911 ], [ -103.95626, 37.6879 ], [ -103.95476, 37.69505 ], [ -103.95608, 37.69438 ], [ -103.95323, 37.69734 ], [ -103.95453, 37.70084 ], [ -103.98055, 37.70585 ], [ -103.98807, 37.71431 ], [ -103.98502, 37.71754 ], [ -103.98526, 37.72839 ], [ -103.97837, 37.72856 ], [ -103.97955, 37.73474 ], [ -103.98616, 37.74646 ], [ -103.98706, 37.75919 ], [ -103.9835, 37.77146 ], [ -103.97891, 37.82242 ], [ -103.97761, 37.8257 ], [ -103.97438, 37.82682 ], [ -103.96916, 37.8281 ], [ -103.96306, 37.82727 ], [ -103.96636, 37.83211 ], [ -103.96795, 37.83202 ], [ -103.96737, 37.97746 ], [ -103.97255, 37.98188 ], [ -103.97246, 37.98503 ], [ -103.97013, 37.99632 ], [ -103.95257, 37.99621 ], [ -103.95031, 37.99767 ], [ -103.95434, 38.00364 ], [ -103.96572, 38.0331 ], [ -103.97573, 38.03999 ], [ -103.99951, 38.06145 ], [ -103.99399, 38.07244 ], [ -103.99986, 38.07698 ], [ -103.99339, 38.07663 ], [ -103.99411, 38.07887 ], [ -103.99015, 38.08164 ], [ -103.98893, 38.08489 ], [ -103.98552, 38.0848 ], [ -103.98653, 38.08647 ], [ -103.97831, 38.09396 ], [ -103.97087, 38.09335 ], [ -103.9726, 38.0958 ], [ -103.9718, 38.09902 ], [ -103.97316, 38.10198 ], [ -103.96933, 38.09918 ], [ -103.96699, 38.09985 ], [ -103.96922, 38.10179 ], [ -103.966, 38.1031 ], [ -103.96989, 38.10591 ], [ -103.96508, 38.1091 ], [ -103.96546, 38.11519 ], [ -103.95668, 38.11894 ], [ -103.94718, 38.12025 ], [ -103.95022, 38.125 ], [ -103.94772, 38.12815 ], [ -103.95195, 38.13054 ], [ -103.97387, 38.13211 ], [ -103.97644, 38.13434 ], [ -103.97291, 38.13773 ], [ -103.97274, 38.13871 ], [ -103.97295, 38.1396 ], [ -103.97434, 38.141 ], [ -103.97703, 38.14166 ], [ -103.9735, 38.1475 ], [ -103.97614, 38.15155 ], [ -103.97489, 38.15219 ], [ -103.96861, 38.15369 ], [ -103.96721, 38.1524 ], [ -103.96727, 38.14652 ], [ -103.95614, 38.14911 ], [ -103.92127, 38.14654 ], [ -103.91924, 38.14849 ], [ -103.91223, 38.14917 ], [ -103.91222, 38.16318 ], [ -103.85639, 38.16299 ], [ -103.85663, 38.17002 ], [ -103.85663, 38.18459 ], [ -103.86104, 38.18483 ], [ -103.86127, 38.19185 ], [ -103.86103, 38.19918 ], [ -103.85676, 38.19914 ], [ -103.85702, 38.23681 ], [ -103.86276, 38.23704 ], [ -103.8625, 38.24334 ], [ -103.84974, 38.2538 ], [ -103.84806, 38.25797 ], [ -103.85395, 38.26032 ], [ -103.86034, 38.25865 ], [ -103.8644, 38.25453 ], [ -103.8725, 38.25233 ], [ -103.88136, 38.25315 ], [ -103.88479, 38.24935 ], [ -103.891, 38.24718 ], [ -103.89144, 38.23534 ], [ -103.89432, 38.2353 ], [ -103.89416, 38.25693 ], [ -103.88856, 38.26371 ], [ -103.88942, 38.40755 ], [ -103.87851, 38.40871 ], [ -103.87013, 38.41686 ], [ -103.86251, 38.4144 ], [ -103.86005, 38.42122 ], [ -103.85433, 38.42627 ], [ -103.85307, 38.43029 ], [ -103.83398, 38.43594 ], [ -103.83023, 38.4504 ], [ -103.83224, 38.46478 ], [ -103.82525, 38.46503 ], [ -103.82802, 38.46974 ], [ -103.83541, 38.47576 ], [ -103.83699, 38.48116 ], [ -103.84238, 38.48814 ], [ -103.84215, 38.4978 ], [ -103.84585, 38.50632 ], [ -103.85162, 38.50849 ], [ -103.85119, 38.52202 ], [ -103.7598, 38.52192 ], [ -103.70492, 38.52194 ], [ -103.61249, 38.52256 ], [ -103.61249, 38.51788 ], [ -103.50417, 38.51641 ], [ -103.50418, 38.52366 ], [ -103.2834, 38.52363 ], [ -103.28259, 38.49477 ], [ -103.27114, 38.49485 ], [ -103.27057, 38.48673 ], [ -103.27259, 38.48058 ], [ -103.27748, 38.4744 ], [ -103.27841, 38.46838 ], [ -103.28179, 38.46655 ], [ -103.29155, 38.45402 ], [ -103.29788, 38.45031 ], [ -103.23726, 38.45149 ], [ -103.2365, 38.437 ], [ -103.22736, 38.44021 ], [ -103.22595, 38.36476 ], [ -103.2075, 38.36506 ], [ -103.2066, 38.26585 ], [ -103.16263, 38.26597 ], [ -103.16109, 38.2648 ], [ -103.16074, 38.25 ], [ -103.16056, 38.13388 ], [ -103.15282, 38.13561 ], [ -103.15195, 38.14041 ], [ -103.14972, 38.14124 ], [ -103.14546, 38.14144 ], [ -103.1394, 38.13684 ], [ -103.13491, 38.13617 ], [ -103.11164, 38.13938 ], [ -103.10206, 38.14515 ], [ -103.09959, 38.14971 ], [ -103.09644, 38.15083 ], [ -103.08557, 38.16578 ], [ -103.08421, 38.16166 ], [ -103.08693, 38.15014 ], [ -103.07542, 38.14067 ], [ -103.05613, 38.13392 ], [ -103.04883, 38.14067 ], [ -103.04454, 38.14037 ], [ -103.03715, 38.1339 ], [ -103.03153, 38.13324 ], [ -103.03154, 38.11343 ], [ -103.04448, 38.11342 ], [ -103.04588, 38.10593 ], [ -103.0411, 38.09977 ], [ -103.04179, 38.09641 ], [ -103.04015, 38.09403 ], [ -103.04023, 38.09087 ], [ -103.04259, 38.08887 ], [ -103.04103, 38.07528 ], [ -103.03817, 38.07293 ], [ -103.02514, 38.07157 ], [ -103.02519, 38.0659 ], [ -103.02751, 38.06036 ], [ -102.99396, 38.048 ], [ -102.94775, 38.04836 ], [ -102.90225, 38.0603 ], [ -102.86353, 38.06161 ], [ -102.84195, 38.06695 ], [ -102.83945, 38.07359 ], [ -102.841, 38.07583 ], [ -102.83552, 38.07872 ], [ -102.83386, 38.08269 ], [ -102.82419, 38.08688 ], [ -102.81498, 38.08845 ], [ -102.80376, 38.08725 ], [ -102.7893, 38.09367 ], [ -102.77504, 38.09171 ], [ -102.76341, 38.09404 ], [ -102.75243, 38.0871 ], [ -102.74399, 38.0909 ], [ -102.7412, 38.09654 ], [ -102.7402, 37.82379 ], [ -102.7475, 37.82317 ], [ -102.74714, 37.64363 ], [ -103.07546, 37.64341 ] ] ] } },
{ "type": "Feature", "properties": { "HSA93": 6046, "HSANAME": "CO- SPRINGFIELD", "STATE": 6, "HRR93": 102, "HRR93_NAME": "CO- COLORADO SPRINGS", "Persons90": 4556, "hosp_cnt": 1, "HSA_label": "Springfield" }, "geometry": { "type": "Polygon", "coordinates": [ [ [ -102.84151, 36.99958 ], [ -102.86497, 36.99957 ], [ -102.98649, 36.99851 ], [ -103.00189, 37.00019 ], [ -103.08562, 37.00025 ], [ -103.08621, 37.17637 ], [ -103.08205, 37.3816 ], [ -103.07418, 37.38174 ], [ -103.07546, 37.64341 ], [ -102.74714, 37.64363 ], [ -102.71219, 37.64358 ], [ -102.53945, 37.64372 ], [ -102.38255, 37.64412 ], [ -102.04113, 37.64427 ], [ -102.04128, 37.49964 ], [ -102.04119, 37.38917 ], [ -102.04179, 36.99306 ], [ -102.25512, 36.99424 ], [ -102.26989, 36.9943 ], [ -102.69767, 36.99513 ], [ -102.75938, 37.0 ], [ -102.77809, 36.99922 ], [ -102.81414, 37.00076 ], [ -102.84151, 36.99958 ] ] ] } },
{ "type": "Feature", "properties": { "HSA93": 17002, "HSANAME": "KS- ANTHONY", "STATE": 17, "HRR93": 201, "HRR93_NAME": "KS- WICHITA", "Persons90": 3541, "hosp_cnt": 1, "HSA_label": "Anthony" }, "geometry": { "type": "Polygon", "coordinates": [ [ [ -97.91153, 37.15324 ], [ -97.80241, 37.1546 ], [ -97.80197, 36.99869 ], [ -97.8761, 36.99861 ], [ -97.87644, 36.9427 ], [ -97.98756, 36.9418 ], [ -97.98484, 36.9308 ], [ -97.98909, 36.92697 ], [ -97.98971, 36.924 ], [ -97.98897, 36.91965 ], [ -97.9858, 36.91525 ], [ -97.98802, 36.91289 ], [ -97.98825, 36.90925 ], [ -97.98508, 36.90736 ], [ -97.9848, 36.90422 ], [ -97.98795, 36.89816 ], [ -98.10941, 36.89812 ], [ -98.10913, 36.94206 ], [ -98.11114, 36.94206 ], [ -98.11164, 36.99811 ], [ -98.12784, 36.99808 ], [ -98.34684, 36.99794 ], [ -98.34717, 37.03611 ], [ -98.3479, 37.16711 ], [ -98.13009, 37.1663 ], [ -98.1296, 37.20989 ], [ -97.9302, 37.21107 ], [ -97.91197, 37.21125 ], [ -97.91153, 37.15324 ] ] ] } },
{ "type": "Feature", "properties": { "HSA93": 17003, "HSANAME": "KS- ARKANSAS CITY", "STATE": 17, "HRR93": 201, "HRR93_NAME": "KS- WICHITA", "Persons90": 18321, "hosp_cnt": 1, "HSA_label": "Arkansas City" }, "geometry": { "type": "Polygon", "coordinates": [ [ [ -97.1474, 36.99908 ], [ -97.15596, 36.99897 ], [ -97.25551, 36.9988 ], [ -97.25613, 37.13007 ], [ -97.14903, 37.12857 ], [ -97.14943, 37.21649 ], [ -97.04064, 37.2158 ], [ -97.04018, 37.12876 ], [ -97.00436, 37.12874 ], [ -97.00502, 37.09956 ], [ -96.93261, 37.09937 ], [ -96.93293, 37.12113 ], [ -96.91425, 37.12142 ], [ -96.91446, 37.12849 ], [ -96.82452, 37.12796 ], [ -96.77008, 37.12825 ], [ -96.73332, 37.12847 ], [ -96.73168, 36.99925 ], [ -96.74953, 36.99896 ], [ -96.82248, 36.99915 ], [ -96.92521, 36.9991 ], [ -97.1474, 36.99908 ] ] ] } },
{ "type": "Feature", "properties": { "HSA93": 17004, "HSANAME": "KS- ASHLAND", "STATE": 17, "HRR93": 201, "HRR93_NAME": "KS- WICHITA", "Persons90": 1271, "hosp_cnt": 1, "HSA_label": "Ashland" }, "geometry": { "type": "Polygon", "coordinates": [ [ [ -99.90449, 37.00162 ], [ -99.90763, 37.21712 ], [ -99.90696, 37.29628 ], [ -99.72489, 37.29297 ], [ -99.7249, 37.25 ], [ -99.54423, 37.25 ], [ -99.54072, 36.99958 ], [ -99.77385, 37.00081 ], [ -99.90449, 37.00162 ] ] ] } },
{ "type": "Feature", "properties": { "HSA93": 17013, "HSANAME": "KS- CALDWELL", "STATE": 17, "HRR93": 201, "HRR93_NAME": "KS- WICHITA", "Persons90": 1970, "hosp_cnt": 1, "HSA_label": "Caldwell" }, "geometry": { "type": "Polygon", "coordinates": [ [ [ -97.58345, 37.12646 ], [ -97.47407, 37.12811 ], [ -97.47254, 36.9987 ], [ -97.58213, 36.99866 ], [ -97.80197, 36.99869 ], [ -97.80241, 37.1546 ], [ -97.80182, 37.2127 ], [ -97.69237, 37.21277 ], [ -97.58325, 37.21377 ], [ -97.58345, 37.12646 ] ] ] } },
{ "type": "Feature", "properties": { "HSA93": 17014, "HSANAME": "KS- CEDAR VALE", "STATE": 17, "HRR93": 201, "HRR93_NAME": "KS- WICHITA", "Persons90": 1267, "hosp_cnt": 1, "HSA_label": "Cedar Vale" }, "geometry": { "type": "Polygon", "coordinates": [ [ [ -96.41513, 36.99907 ], [ -96.52521, 36.99867 ], [ -96.52503, 37.25352 ], [ -96.52458, 37.3027 ], [ -96.36285, 37.30178 ], [ -96.27212, 37.30068 ], [ -96.23595, 37.30085 ], [ -96.23559, 37.14467 ], [ -96.24477, 37.14415 ], [ -96.25574, 37.14623 ], [ -96.2668, 37.14543 ], [ -96.27428, 37.14869 ], [ -96.28759, 37.14335 ], [ -96.3026, 37.14356 ], [ -96.31428, 37.13585 ], [ -96.32743, 37.13744 ], [ -96.33475, 37.13483 ], [ -96.34096, 37.12741 ], [ -96.34178, 37.11472 ], [ -96.34443, 37.11175 ], [ -96.3443, 37.09528 ], [ -96.33486, 37.08306 ], [ -96.33969, 37.0813 ], [ -96.34525, 37.0751 ], [ -96.34916, 37.06782 ], [ -96.35404, 37.06494 ], [ -96.35675, 37.06089 ], [ -96.35601, 37.05546 ], [ -96.36237, 37.05148 ], [ -96.36091, 37.04912 ], [ -96.36122, 37.03681 ], [ -96.3562, 37.03443 ], [ -96.35537, 37.02876 ], [ -96.34534, 37.01744 ], [ -96.33513, 37.01396 ], [ -96.33333, 37.0073 ], [ -96.3272, 37.00721 ], [ -96.3161, 37.01097 ], [ -96.31578, 37.00431 ], [ -96.31866, 36.99925 ], [ -96.41513, 36.99907 ] ] ] } },
{ "type": "Feature", "properties": { "HSA93": 17017, "HSANAME": "KS- COFFEYVILLE", "STATE": 17, "HRR93": 340, "HRR93_NAME": "OK- TULSA", "Persons90": 20827, "hosp_cnt": 1, "HSA_label": "Coffeyville" }, "geometry": { "type": "Polygon", "coordinates": [ [ [ -95.37707, 37.11981 ], [ -95.26741, 37.12048 ], [ -95.26765, 36.99953 ], [ -95.38079, 36.99934 ], [ -95.40743, 36.99916 ], [ -95.40759, 36.94257 ], [ -95.42481, 36.94257 ], [ -95.43148, 36.9427 ], [ -95.43169, 36.88756 ], [ -95.46772, 36.8876 ], [ -95.46753, 36.88001 ], [ -95.47917, 36.87918 ], [ -95.48971, 36.87335 ], [ -95.4992, 36.87175 ], [ -95.50127, 36.86996 ], [ -95.5101, 36.87141 ], [ -95.51708, 36.86455 ], [ -95.51785, 36.86203 ], [ -95.52329, 36.85947 ], [ -95.52318, 36.85665 ], [ -95.52509, 36.85741 ], [ -95.52859, 36.85563 ], [ -95.52996, 36.85695 ], [ -95.53466, 36.85373 ], [ -95.53736, 36.85572 ], [ -95.5391, 36.85384 ], [ -95.54052, 36.85528 ], [ -95.54394, 36.85496 ], [ -95.55134, 36.84879 ], [ -95.55137, 36.84643 ], [ -95.54286, 36.84284 ], [ -95.54047, 36.83988 ], [ -95.54397, 36.83119 ], [ -95.55157, 36.82236 ], [ -95.55743, 36.82236 ], [ -95.5582, 36.82957 ], [ -95.68477, 36.82943 ], [ -95.68426, 36.83126 ], [ -95.68645, 36.83284 ], [ -95.68275, 36.83361 ], [ -95.68363, 36.83602 ], [ -95.68713, 36.83707 ], [ -95.68494, 36.83892 ], [ -95.6879, 36.83785 ], [ -95.69245, 36.83961 ], [ -95.68964, 36.84453 ], [ -95.69046, 36.84611 ], [ -95.69348, 36.84656 ], [ -95.69254, 36.84782 ], [ -95.69416, 36.84968 ], [ -95.691, 36.85032 ], [ -95.6967, 36.85402 ], [ -95.69713, 36.85576 ], [ -95.70487, 36.85633 ], [ -95.70317, 36.8578 ], [ -95.70165, 36.8594 ], [ -95.70396, 36.86102 ], [ -95.70069, 36.86251 ], [ -95.70228, 36.86384 ], [ -95.70083, 36.8637 ], [ -95.70043, 36.86576 ], [ -95.70573, 36.86729 ], [ -95.70681, 36.86999 ], [ -95.70943, 36.86969 ], [ -95.71017, 36.87212 ], [ -95.71237, 36.87155 ], [ -95.71521, 36.87569 ], [ -95.72011, 36.87681 ], [ -95.72017, 36.87862 ], [ -95.71829, 36.87942 ], [ -95.71931, 36.88303 ], [ -95.72057, 36.8836 ], [ -95.7223, 36.8817 ], [ -95.72641, 36.88422 ], [ -95.72672, 36.88587 ], [ -95.7245, 36.88651 ], [ -95.73174, 36.89525 ], [ -95.7341, 36.89504 ], [ -95.73402, 36.89653 ], [ -95.73627, 36.89708 ], [ -95.73804, 36.90527 ], [ -95.73748, 36.92407 ], [ -95.73315, 36.92671 ], [ -95.7331, 36.93099 ], [ -95.70141, 36.93099 ], [ -95.70147, 36.94211 ], [ -95.69631, 36.94212 ], [ -95.69631, 36.95394 ], [ -95.69178, 36.95495 ], [ -95.69155, 36.95637 ], [ -95.68841, 36.95552 ], [ -95.68787, 36.95687 ], [ -95.68214, 36.95708 ], [ -95.6802, 36.96152 ], [ -95.67849, 36.96198 ], [ -95.67932, 36.96271 ], [ -95.67193, 36.97049 ], [ -95.66031, 36.97101 ], [ -95.66023, 36.99923 ], [ -95.78651, 36.99923 ], [ -95.81021, 36.99904 ], [ -95.80987, 37.00122 ], [ -95.80796, 37.00106 ], [ -95.80346, 37.00484 ], [ -95.80069, 37.00477 ], [ -95.80086, 37.01927 ], [ -95.78719, 37.01923 ], [ -95.78776, 37.03671 ], [ -95.79329, 37.03692 ], [ -95.79324, 37.03826 ], [ -95.78775, 37.04254 ], [ -95.78881, 37.04856 ], [ -95.78675, 37.04957 ], [ -95.78735, 37.05256 ], [ -95.7853, 37.05419 ], [ -95.79417, 37.05739 ], [ -95.80079, 37.05705 ], [ -95.80096, 37.08059 ], [ -95.81927, 37.08068 ], [ -95.81905, 37.12424 ], [ -95.67422, 37.12365 ], [ -95.67437, 37.21591 ], [ -95.67111, 37.21042 ], [ -95.6625, 37.20857 ], [ -95.63063, 37.19566 ], [ -95.52129, 37.19362 ], [ -95.52177, 37.15028 ], [ -95.37647, 37.14876 ], [ -95.37707, 37.11981 ] ] ] } },
{ "type": "Feature", "properties": { "HSA93": 17019, "HSANAME": "KS- COLDWATER", "STATE": 17, "HRR93": 201, "HRR93_NAME": "KS- WICHITA", "Persons90": 2313, "hosp_cnt": 1, "HSA_label": "Coldwater" }, "geometry": { "type": "Polygon", "coordinates": [ [ [ -99.39628, 36.99981 ], [ -99.45581, 36.99944 ], [ -99.54072, 36.99958 ], [ -99.54423, 37.25 ], [ -99.54279, 37.3811 ], [ -99.43512, 37.38162 ], [ -99.39208, 37.3819 ], [ -99.25463, 37.38287 ], [ -99.01112, 37.38424 ], [ -99.00091, 37.38427 ], [ -99.00156, 37.29712 ], [ -99.00176, 37.28037 ], [ -99.00047, 36.99956 ], [ -99.01329, 36.99952 ], [ -99.39628, 36.99981 ] ] ] } },
{ "type": "Feature", "properties": { "HSA93": 17026, "HSANAME": "KS- ELKHART", "STATE": 17, "HRR93": 383, "HRR93_NAME": "TX- AMARILLO", "Persons90": 4261, "hosp_cnt": 1, "HSA_label": "Elkhart" }, "geometry": { "type": "Polygon", "coordinates": [ [ [ -101.88199, 37.38907 ], [ -101.8529, 37.38912 ], [ -101.55616, 37.38846 ], [ -101.55565, 37.25834 ], [ -101.55553, 37.24291 ], [ -101.5548, 36.99539 ], [ -101.63037, 36.99485 ], [ -101.82617, 36.99396 ], [ -102.02776, 36.9931 ], [ -102.0278, 36.85303 ], [ -102.02788, 36.84912 ], [ -102.03173, 36.84916 ], [ -102.03125, 36.76234 ], [ -102.2117, 36.76268 ], [ -102.21116, 36.60276 ], [ -102.24715, 36.60287 ], [ -102.24719, 36.57062 ], [ -102.25044, 36.57067 ], [ -102.25094, 36.5727 ], [ -102.24722, 36.57939 ], [ -102.24838, 36.58248 ], [ -102.25522, 36.58364 ], [ -102.26253, 36.58795 ], [ -102.2719, 36.5858 ], [ -102.2774, 36.5907 ], [ -102.28699, 36.58604 ], [ -102.29091, 36.58986 ], [ -102.30634, 36.58692 ], [ -102.3056, 36.59281 ], [ -102.31519, 36.59702 ], [ -102.32216, 36.60315 ], [ -102.33169, 36.60479 ], [ -102.32798, 36.61748 ], [ -102.31904, 36.61754 ], [ -102.31898, 36.625 ], [ -102.31926, 36.63191 ], [ -102.33726, 36.63196 ], [ -102.33727, 36.76261 ], [ -102.39172, 36.76244 ], [ -102.39135, 36.84916 ], [ -102.38876, 36.84921 ], [ -102.38865, 36.92254 ], [ -102.39222, 36.92327 ], [ -102.3987, 36.92826 ], [ -102.38685, 36.93357 ], [ -102.38167, 36.93036 ], [ -102.37759, 36.93134 ], [ -102.36546, 36.93874 ], [ -102.36355, 36.94451 ], [ -102.36539, 36.94254 ], [ -102.36723, 36.94389 ], [ -102.373, 36.95379 ], [ -102.34631, 36.95477 ], [ -102.33904, 36.95223 ], [ -102.32539, 36.95843 ], [ -102.30167, 36.95834 ], [ -102.29354, 36.96529 ], [ -102.26235, 36.96524 ], [ -102.26236, 36.98306 ], [ -102.2556, 36.98253 ], [ -102.25512, 36.99424 ], [ -102.04179, 36.99306 ], [ -102.04119, 37.38917 ], [ -101.88199, 37.38907 ] ] ] } },
{ "type": "Feature", "properties": { "HSA93": 17051, "HSANAME": "KS- HUGOTON", "STATE": 17, "HRR93": 201, "HRR93_NAME": "KS- WICHITA", "Persons90": 4244, "hosp_cnt": 1, "HSA_label": "Hugoton" }, "geometry": { "type": "Polygon", "coordinates": [ [ [ -101.36075, 36.99616 ], [ -101.5548, 36.99539 ], [ -101.55553, 37.24291 ], [ -101.55565, 37.25834 ], [ -101.49938, 37.25699 ], [ -101.28413, 37.25713 ], [ -101.28415, 37.21353 ], [ -101.06728, 37.21359 ], [ -101.0663, 36.9979 ], [ -101.10722, 36.99772 ], [ -101.36075, 36.99616 ] ] ] } },
{ "type": "Feature", "properties": { "HSA93": 17061, "HSANAME": "KS- KIOWA", "STATE": 17, "HRR93": 201, "HRR93_NAME": "KS- WICHITA", "Persons90": 2545, "hosp_cnt": 1, "HSA_label": "Kiowa" }, "geometry": { "type": "Polygon", "coordinates": [ [ [ -98.45738, 37.05008 ], [ -98.45903, 37.21016 ], [ -98.34839, 37.21006 ], [ -98.3479, 37.16711 ], [ -98.34717, 37.03611 ], [ -98.34684, 36.99794 ], [ -98.12784, 36.99808 ], [ -98.11164, 36.99811 ], [ -98.11114, 36.94206 ], [ -98.10913, 36.94206 ], [ -98.10941, 36.89812 ], [ -98.19939, 36.89857 ], [ -98.19933, 36.91306 ], [ -98.21655, 36.91329 ], [ -98.32334, 36.91332 ], [ -98.32339, 36.89878 ], [ -98.33381, 36.89882 ], [ -98.35945, 36.89897 ], [ -98.35966, 36.86991 ], [ -98.41362, 36.87008 ], [ -98.41363, 36.82348 ], [ -98.42226, 36.82332 ], [ -98.42656, 36.82115 ], [ -98.44203, 36.82271 ], [ -98.45006, 36.81904 ], [ -98.45012, 36.81648 ], [ -98.45405, 36.81249 ], [ -98.45752, 36.81506 ], [ -98.45641, 36.81943 ], [ -98.45855, 36.82135 ], [ -98.46512, 36.81973 ], [ -98.46763, 36.82279 ], [ -98.47344, 36.82176 ], [ -98.47794, 36.82398 ], [ -98.4848, 36.81917 ], [ -98.48677, 36.82045 ], [ -98.48498, 36.82334 ], [ -98.48743, 36.82508 ], [ -98.49295, 36.82425 ], [ -98.49284, 36.82146 ], [ -98.49463, 36.82079 ], [ -98.51112, 36.82565 ], [ -98.51821, 36.82519 ], [ -98.52471, 36.82032 ], [ -98.53149, 36.82165 ], [ -98.53493, 36.81934 ], [ -98.5399, 36.82172 ], [ -98.53997, 36.84084 ], [ -98.66568, 36.84111 ], [ -98.66568, 36.84411 ], [ -98.67155, 36.84331 ], [ -98.67209, 36.84849 ], [ -98.68066, 36.85215 ], [ -98.68978, 36.85073 ], [ -98.69679, 36.8478 ], [ -98.69938, 36.85373 ], [ -98.69387, 36.875 ], [ -98.70078, 36.87833 ], [ -98.71526, 36.87963 ], [ -98.72105, 36.88393 ], [ -98.72692, 36.88457 ], [ -98.73108, 36.88691 ], [ -98.7314, 36.88858 ], [ -98.72627, 36.89208 ], [ -98.7263, 36.89426 ], [ -98.73012, 36.89698 ], [ -98.73747, 36.89702 ], [ -98.73497, 36.89931 ], [ -98.73959, 36.90444 ], [ -98.73609, 36.91276 ], [ -98.73951, 36.91427 ], [ -98.74439, 36.91236 ], [ -98.74741, 36.91399 ], [ -98.74439, 36.92576 ], [ -98.75081, 36.93432 ], [ -98.75443, 36.93437 ], [ -98.75843, 36.93031 ], [ -98.76687, 36.92844 ], [ -98.77195, 36.92856 ], [ -98.7748, 36.9305 ], [ -98.77884, 36.93621 ], [ -98.77665, 36.93712 ], [ -98.77468, 36.93378 ], [ -98.77263, 36.93488 ], [ -98.77285, 36.93909 ], [ -98.76877, 36.94399 ], [ -98.77051, 36.94626 ], [ -98.77573, 36.94328 ], [ -98.77904, 36.94637 ], [ -98.77835, 36.95164 ], [ -98.77513, 36.95244 ], [ -98.77424, 36.95459 ], [ -98.78297, 36.96362 ], [ -98.79803, 36.9682 ], [ -98.80217, 36.97553 ], [ -98.80788, 36.981 ], [ -98.81493, 36.98036 ], [ -98.81461, 36.98333 ], [ -98.81107, 36.98764 ], [ -98.80913, 36.98791 ], [ -98.81356, 36.99075 ], [ -98.81324, 36.99893 ], [ -98.81644, 36.99929 ], [ -98.81146, 36.99927 ], [ -98.81205, 37.13814 ], [ -98.62276, 37.13863 ], [ -98.62276, 37.13163 ], [ -98.62011, 37.12372 ], [ -98.62285, 37.12368 ], [ -98.62177, 37.05009 ], [ -98.45738, 37.05008 ] ] ] } },
{ "type": "Feature", "properties": { "HSA93": 17067, "HSANAME": "KS- LIBERAL", "STATE": 17, "HRR93": 201, "HRR93_NAME": "KS- WICHITA", "Persons90": 24536, "hosp_cnt": 1, "HSA_label": "Liberal" }, "geometry": { "type": "Polygon", "coordinates": [ [ [ -101.0663, 36.9979 ], [ -101.06728, 37.21359 ], [ -101.28415, 37.21353 ], [ -101.28413, 37.25713 ], [ -101.49938, 37.25699 ], [ -101.55565, 37.25834 ], [ -101.55616, 37.38846 ], [ -101.52539, 37.38861 ], [ -101.08921, 37.3877 ], [ -101.06746, 37.38779 ], [ -101.06717, 37.25693 ], [ -100.86776, 37.25734 ], [ -100.63487, 37.25707 ], [ -100.6351, 37.125 ], [ -100.63289, 36.99991 ], [ -100.69312, 36.99957 ], [ -100.69269, 36.86322 ], [ -100.71069, 36.86324 ], [ -100.71066, 36.84887 ], [ -100.70294, 36.83953 ], [ -100.70288, 36.83021 ], [ -100.70027, 36.8261 ], [ -100.70421, 36.82495 ], [ -100.70789, 36.81945 ], [ -100.71885, 36.81702 ], [ -100.72667, 36.81088 ], [ -100.7355, 36.81015 ], [ -100.73536, 36.81766 ], [ -100.74037, 36.81944 ], [ -100.74398, 36.81717 ], [ -100.74583, 36.81207 ], [ -100.74873, 36.80959 ], [ -100.75756, 36.80665 ], [ -100.76886, 36.80761 ], [ -100.77177, 36.80381 ], [ -100.78005, 36.80091 ], [ -100.78984, 36.80258 ], [ -100.79235, 36.79828 ], [ -100.8016, 36.79984 ], [ -100.81219, 36.79414 ], [ -100.81503, 36.79139 ], [ -100.81572, 36.78594 ], [ -100.81737, 36.78411 ], [ -100.82192, 36.78223 ], [ -100.82696, 36.7837 ], [ -100.83011, 36.78047 ], [ -100.83136, 36.77433 ], [ -100.82948, 36.76719 ], [ -100.842, 36.75975 ], [ -100.85355, 36.75542 ], [ -100.85852, 36.75035 ], [ -100.85466, 36.74684 ], [ -100.85488, 36.7427 ], [ -100.85198, 36.73977 ], [ -100.85365, 36.73414 ], [ -100.85703, 36.73164 ], [ -100.85626, 36.72727 ], [ -100.86266, 36.72672 ], [ -100.86812, 36.72408 ], [ -100.87005, 36.72111 ], [ -100.87597, 36.72037 ], [ -100.87697, 36.71882 ], [ -100.87531, 36.71575 ], [ -100.87587, 36.71181 ], [ -100.8811, 36.70831 ], [ -100.88352, 36.70992 ], [ -100.88169, 36.71353 ], [ -100.88385, 36.71461 ], [ -100.89094, 36.70928 ], [ -100.89403, 36.70971 ], [ -100.89915, 36.71409 ], [ -100.91018, 36.71203 ], [ -100.913, 36.7015 ], [ -100.91175, 36.6942 ], [ -100.91473, 36.69395 ], [ -100.91991, 36.69857 ], [ -100.92471, 36.69789 ], [ -100.92821, 36.69516 ], [ -100.92534, 36.69106 ], [ -100.92878, 36.68527 ], [ -100.94179, 36.68317 ], [ -100.94296, 36.67742 ], [ -100.9377, 36.67429 ], [ -100.93901, 36.67133 ], [ -100.94202, 36.67088 ], [ -100.9475, 36.67371 ], [ -100.9535, 36.67129 ], [ -100.95912, 36.66389 ], [ -100.95747, 36.66032 ], [ -100.9625, 36.65854 ], [ -100.96349, 36.65613 ], [ -100.96949, 36.65659 ], [ -100.97332, 36.6548 ], [ -100.97699, 36.65675 ], [ -100.98338, 36.65658 ], [ -100.98852, 36.66173 ], [ -100.9971, 36.66006 ], [ -101.00369, 36.66754 ], [ -101.00559, 36.66743 ], [ -101.0079, 36.66327 ], [ -101.01312, 36.66345 ], [ -101.01804, 36.66027 ], [ -101.03534, 36.66799 ], [ -101.04537, 36.66733 ], [ -101.05133, 36.66955 ], [ -101.06062, 36.66728 ], [ -101.06088, 36.67072 ], [ -101.06361, 36.6717 ], [ -101.07276, 36.66868 ], [ -101.0925, 36.66943 ], [ -101.09645, 36.6652 ], [ -101.10429, 36.66762 ], [ -101.10972, 36.66631 ], [ -101.11943, 36.65976 ], [ -101.1367, 36.66341 ], [ -101.14325, 36.66922 ], [ -101.14314, 36.67557 ], [ -101.14459, 36.67824 ], [ -101.1628, 36.69126 ], [ -101.17206, 36.69283 ], [ -101.20563, 36.68889 ], [ -101.2079, 36.69257 ], [ -101.21669, 36.69285 ], [ -101.22553, 36.69671 ], [ -101.23042, 36.70119 ], [ -101.23576, 36.70131 ], [ -101.23585, 36.70529 ], [ -101.23949, 36.70918 ], [ -101.24438, 36.70805 ], [ -101.2458, 36.71128 ], [ -101.25, 36.71446 ], [ -101.2567, 36.71632 ], [ -101.266, 36.71612 ], [ -101.27015, 36.71848 ], [ -101.27265, 36.72086 ], [ -101.2702, 36.72839 ], [ -101.27861, 36.73402 ], [ -101.27571, 36.73873 ], [ -101.27992, 36.74068 ], [ -101.28008, 36.74716 ], [ -101.28582, 36.7523 ], [ -101.28548, 36.75571 ], [ -101.29458, 36.75919 ], [ -101.28997, 36.76173 ], [ -101.28915, 36.76526 ], [ -101.29674, 36.7651 ], [ -101.29856, 36.76368 ], [ -101.30172, 36.77066 ], [ -101.30186, 36.76816 ], [ -101.30436, 36.76732 ], [ -101.31301, 36.7691 ], [ -101.31563, 36.76734 ], [ -101.31887, 36.76892 ], [ -101.32186, 36.7721 ], [ -101.32601, 36.77313 ], [ -101.32669, 36.77647 ], [ -101.32999, 36.77741 ], [ -101.33793, 36.78418 ], [ -101.33498, 36.78725 ], [ -101.33555, 36.79244 ], [ -101.33854, 36.7934 ], [ -101.33745, 36.79647 ], [ -101.34375, 36.80004 ], [ -101.34784, 36.79951 ], [ -101.35422, 36.80178 ], [ -101.35846, 36.80869 ], [ -101.36421, 36.80635 ], [ -101.36398, 36.80937 ], [ -101.36776, 36.81067 ], [ -101.36771, 36.84768 ], [ -101.36043, 36.84942 ], [ -101.36075, 36.99616 ], [ -101.10722, 36.99772 ], [ -101.0663, 36.9979 ] ] ] } },
{ "type": "Feature", "properties": { "HSA93": 17076, "HSANAME": "KS- MEADE", "STATE": 17, "HRR93": 201, "HRR93_NAME": "KS- WICHITA", "Persons90": 3366, "hosp_cnt": 1, "HSA_label": "Meade" }, "geometry": { "type": "Polygon", "coordinates": [ [ [ -100.43392, 37.00108 ], [ -100.63289, 36.99991 ], [ -100.6351, 37.125 ], [ -100.63487, 37.25707 ], [ -100.6334, 37.38754 ], [ -100.65222, 37.38752 ], [ -100.65247, 37.47489 ], [ -100.5426, 37.4748 ], [ -100.37914, 37.47489 ], [ -100.32442, 37.47492 ], [ -100.2648, 37.47514 ], [ -100.2701, 37.47469 ], [ -100.27021, 37.38726 ], [ -100.27222, 37.38724 ], [ -100.2718, 37.15585 ], [ -100.27057, 37.15464 ], [ -100.27175, 37.15463 ], [ -100.27217, 37.125 ], [ -100.26957, 37.00186 ], [ -100.31278, 37.00174 ], [ -100.43392, 37.00108 ] ] ] } },
{ "type": "Feature", "properties": { "HSA93": 17077, "HSANAME": "KS- MEDICINE LODGE", "STATE": 17, "HRR93": 201, "HRR93_NAME": "KS- WICHITA", "Persons90": 4354, "hosp_cnt": 1, "HSA_label": "Medicine Lodge" }, "geometry": { "type": "Polygon", "coordinates": [ [ [ -98.57416, 37.47083 ], [ -98.46433, 37.47122 ], [ -98.46432, 37.4692 ], [ -98.46332, 37.47122 ], [ -98.35472, 37.47131 ], [ -98.35436, 37.38405 ], [ -98.34945, 37.38408 ], [ -98.34898, 37.29706 ], [ -98.34839, 37.21006 ], [ -98.45903, 37.21016 ], [ -98.45738, 37.05008 ], [ -98.62177, 37.05009 ], [ -98.62285, 37.12368 ], [ -98.62011, 37.12372 ], [ -98.62276, 37.13163 ], [ -98.62276, 37.13863 ], [ -98.81205, 37.13814 ], [ -98.81146, 36.99927 ], [ -98.81644, 36.99929 ], [ -99.00047, 36.99956 ], [ -99.00176, 37.28037 ], [ -99.00156, 37.29712 ], [ -99.00091, 37.38427 ], [ -99.01112, 37.38424 ], [ -99.01222, 37.4704 ], [ -98.79259, 37.47049 ], [ -98.75632, 37.47052 ], [ -98.57416, 37.47083 ] ] ] } },
{ "type": "Feature", "properties": { "HSA93": 17079, "HSANAME": "KS- MINNEOLA", "STATE": 17, "HRR93": 201, "HRR93_NAME": "KS- WICHITA", "Persons90": 3134, "hosp_cnt": 1, "HSA_label": "Minneola" }, "geometry": { "type": "Polygon", "coordinates": [ [ [ -99.90696, 37.29628 ], [ -99.90763, 37.21712 ], [ -99.90449, 37.00162 ], [ -100.00215, 37.00168 ], [ -100.08907, 37.00228 ], [ -100.26957, 37.00186 ], [ -100.27217, 37.125 ], [ -100.27175, 37.15463 ], [ -100.27057, 37.15464 ], [ -100.2718, 37.15585 ], [ -100.27222, 37.38724 ], [ -100.27021, 37.38726 ], [ -100.2701, 37.47469 ], [ -100.2648, 37.47514 ], [ -100.21565, 37.47533 ], [ -100.10673, 37.47482 ], [ -99.99742, 37.47271 ], [ -99.99687, 37.56026 ], [ -99.88798, 37.55836 ], [ -99.83194, 37.55748 ], [ -99.66634, 37.55649 ], [ -99.66775, 37.64946 ], [ -99.66836, 37.73408 ], [ -99.55925, 37.73191 ], [ -99.55741, 37.62994 ], [ -99.55566, 37.4677 ], [ -99.55538, 37.38109 ], [ -99.54279, 37.3811 ], [ -99.54423, 37.25 ], [ -99.7249, 37.25 ], [ -99.72489, 37.29297 ], [ -99.90696, 37.29628 ] ] ] } },
{ "type": "Feature", "properties": { "HSA93": 17094, "HSANAME": "KS- PARSONS", "STATE": 17, "HRR93": 201, "HRR93_NAME": "KS- WICHITA", "Persons90": 26626, "hosp_cnt": 1, "HSA_label": "Parsons" }, "geometry": { "type": "Polygon", "coordinates": [ [ [ -95.37904, 37.55809 ], [ -95.37856, 37.73304 ], [ -95.23354, 37.73261 ], [ -95.16926, 37.73296 ], [ -95.16045, 37.73418 ], [ -95.1606, 37.69118 ], [ -95.16455, 37.68877 ], [ -95.17883, 37.68878 ], [ -95.17881, 37.64546 ], [ -95.08762, 37.64552 ], [ -95.08762, 37.63085 ], [ -94.94193, 37.63099 ], [ -94.94184, 37.55826 ], [ -95.08811, 37.55823 ], [ -95.08754, 37.47127 ], [ -95.08753, 37.45681 ], [ -95.08781, 37.38377 ], [ -95.15767, 37.38431 ], [ -95.15777, 37.29606 ], [ -95.075, 37.29661 ], [ -95.07393, 37.20821 ], [ -95.07382, 37.12042 ], [ -95.15726, 37.1208 ], [ -95.15883, 36.99949 ], [ -95.26765, 36.99953 ], [ -95.26741, 37.12048 ], [ -95.37707, 37.11981 ], [ -95.37647, 37.14876 ], [ -95.52177, 37.15028 ], [ -95.52129, 37.19362 ], [ -95.51775, 37.26631 ], [ -95.52095, 37.38392 ], [ -95.52534, 37.38397 ], [ -95.52527, 37.47103 ], [ -95.52497, 37.55853 ], [ -95.37904, 37.55809 ] ] ] } },
{ "type": "Feature", "properties": { "HSA93": 17106, "HSANAME": "KS- SEDAN", "STATE": 17, "HRR93": 340, "HRR93_NAME": "OK- TULSA", "Persons90": 2875, "hosp_cnt": 1, "HSA_label": "Sedan" }, "geometry": { "type": "Polygon", "coordinates": [ [ [ -96.23505, 36.99908 ], [ -96.31866, 36.99925 ], [ -96.31578, 37.00431 ], [ -96.3161, 37.01097 ], [ -96.3272, 37.00721 ], [ -96.33333, 37.0073 ], [ -96.33513, 37.01396 ], [ -96.34534, 37.01744 ], [ -96.35537, 37.02876 ], [ -96.3562, 37.03443 ], [ -96.36122, 37.03681 ], [ -96.36091, 37.04912 ], [ -96.36237, 37.05148 ], [ -96.35601, 37.05546 ], [ -96.35675, 37.06089 ], [ -96.35404, 37.06494 ], [ -96.34916, 37.06782 ], [ -96.34525, 37.0751 ], [ -96.33969, 37.0813 ], [ -96.33486, 37.08306 ], [ -96.3443, 37.09528 ], [ -96.34443, 37.11175 ], [ -96.34178, 37.11472 ], [ -96.34096, 37.12741 ], [ -96.33475, 37.13483 ], [ -96.32743, 37.13744 ], [ -96.31428, 37.13585 ], [ -96.3026, 37.14356 ], [ -96.28759, 37.14335 ], [ -96.27428, 37.14869 ], [ -96.2668, 37.14543 ], [ -96.25574, 37.14623 ], [ -96.24477, 37.14415 ], [ -96.23559, 37.14467 ], [ -96.23595, 37.30085 ], [ -96.14503, 37.30067 ], [ -96.05468, 37.29999 ], [ -95.96414, 37.29918 ], [ -95.96411, 37.25566 ], [ -95.96421, 37.12546 ], [ -95.96443, 37.09632 ], [ -96.07273, 37.09708 ], [ -96.07271, 37.06821 ], [ -96.09096, 37.06808 ], [ -96.091, 37.0027 ], [ -96.09119, 36.99917 ], [ -96.09237, 36.99908 ], [ -96.23505, 36.99908 ] ] ] } },
{ "type": "Feature", "properties": { "HSA93": 17121, "HSANAME": "KS- WELLINGTON", "STATE": 17, "HRR93": 201, "HRR93_NAME": "KS- WICHITA", "Persons90": 13374, "hosp_cnt": 2, "HSA_label": "Wellington" }, "geometry": { "type": "Polygon", "coordinates": [ [ [ -97.36461, 36.99886 ], [ -97.46196, 36.99866 ], [ -97.47254, 36.9987 ], [ -97.47407, 37.12811 ], [ -97.58345, 37.12646 ], [ -97.58325, 37.21377 ], [ -97.47534, 37.21507 ], [ -97.47561, 37.30212 ], [ -97.47508, 37.38904 ], [ -97.47779, 37.4754 ], [ -97.36863, 37.47717 ], [ -97.35046, 37.47704 ], [ -97.34935, 37.44971 ], [ -97.3483, 37.39158 ], [ -97.33868, 37.39176 ], [ -97.33579, 37.3887 ], [ -97.33255, 37.38826 ], [ -97.32741, 37.38455 ], [ -97.32761, 37.38229 ], [ -97.32608, 37.3814 ], [ -97.3139, 37.38363 ], [ -97.31146, 37.38119 ], [ -97.31515, 37.37708 ], [ -97.31276, 37.37459 ], [ -97.30771, 37.37446 ], [ -97.30002, 37.37077 ], [ -97.28683, 37.37056 ], [ -97.286, 37.36809 ], [ -97.28844, 37.36239 ], [ -97.28732, 37.3607 ], [ -97.28239, 37.3612 ], [ -97.27384, 37.36495 ], [ -97.27066, 37.36325 ], [ -97.2495, 37.36245 ], [ -97.24942, 37.37065 ], [ -97.24032, 37.37076 ], [ -97.23904, 37.42591 ], [ -97.23909, 37.42735 ], [ -97.23398, 37.42425 ], [ -97.22334, 37.42858 ], [ -97.2217, 37.42724 ], [ -97.22281, 37.42145 ], [ -97.21404, 37.41227 ], [ -97.21056, 37.4117 ], [ -97.2026, 37.41519 ], [ -97.19879, 37.4124 ], [ -97.19749, 37.3967 ], [ -97.19414, 37.39076 ], [ -97.17927, 37.38124 ], [ -97.17922, 37.37681 ], [ -97.18571, 37.36834 ], [ -97.17443, 37.35725 ], [ -97.17273, 37.34986 ], [ -97.16285, 37.33545 ], [ -97.16216, 37.3308 ], [ -97.16508, 37.32028 ], [ -97.16363, 37.31796 ], [ -97.15059, 37.31821 ], [ -97.15053, 37.30369 ], [ -97.14943, 37.21649 ], [ -97.14903, 37.12857 ], [ -97.25613, 37.13007 ], [ -97.25551, 36.9988 ], [ -97.36461, 36.99886 ] ] ] } },
{ "type": "Feature", "properties": { "HSA93": 17125, "HSANAME": "KS- WINFIELD", "STATE": 17, "HRR93": 201, "HRR93_NAME": "KS- WICHITA", "Persons90": 17059, "hosp_cnt": 1, "HSA_label": "Winfield" }, "geometry": { "type": "Polygon", "coordinates": [ [ [ -96.71587, 37.38857 ], [ -96.71214, 37.38861 ], [ -96.71457, 37.47558 ], [ -96.5254, 37.47638 ], [ -96.52558, 37.52741 ], [ -96.46804, 37.52707 ], [ -96.46241, 37.52902 ], [ -96.45181, 37.52312 ], [ -96.45207, 37.52035 ], [ -96.44784, 37.52337 ], [ -96.44267, 37.52062 ], [ -96.43661, 37.52101 ], [ -96.4352, 37.51696 ], [ -96.43288, 37.51545 ], [ -96.4259, 37.51918 ], [ -96.42262, 37.51664 ], [ -96.41987, 37.51756 ], [ -96.41628, 37.51591 ], [ -96.39827, 37.51565 ], [ -96.3972, 37.51929 ], [ -96.30765, 37.51902 ], [ -96.30739, 37.43189 ], [ -96.39674, 37.43252 ], [ -96.39865, 37.38893 ], [ -96.39885, 37.33104 ], [ -96.3627, 37.33084 ], [ -96.36285, 37.30178 ], [ -96.52458, 37.3027 ], [ -96.52503, 37.25352 ], [ -96.52521, 36.99867 ], [ -96.73168, 36.99925 ], [ -96.73332, 37.12847 ], [ -96.77008, 37.12825 ], [ -96.82452, 37.12796 ], [ -96.91446, 37.12849 ], [ -96.91425, 37.12142 ], [ -96.93293, 37.12113 ], [ -96.93261, 37.09937 ], [ -97.00502, 37.09956 ], [ -97.00436, 37.12874 ], [ -97.04018, 37.12876 ], [ -97.04064, 37.2158 ], [ -97.14943, 37.21649 ], [ -97.15053, 37.30369 ], [ -97.04209, 37.30319 ], [ -97.04237, 37.375 ], [ -97.04204, 37.39039 ], [ -97.04031, 37.39039 ], [ -96.93331, 37.38945 ], [ -96.93353, 37.375 ], [ -96.82505, 37.375 ], [ -96.82454, 37.3891 ], [ -96.82176, 37.38912 ], [ -96.71587, 37.38857 ] ] ] } },
{ "type": "Feature", "properties": { "HSA93": 26015, "HSANAME": "MO- CARTHAGE", "STATE": 26, "HRR93": 267, "HRR93_NAME": "MO- JOPLIN", "Persons90": 21601, "hosp_cnt": 1, "HSA_label": "Carthage" }, "geometry": { "type": "Polygon", "coordinates": [ [ [ -94.17035, 37.25458 ], [ -94.17324, 37.15305 ], [ -94.17483, 37.10942 ], [ -94.17701, 37.05085 ], [ -94.20407, 37.05146 ], [ -94.40535, 37.05414 ], [ -94.40477, 37.06949 ], [ -94.40274, 37.12635 ], [ -94.40143, 37.15527 ], [ -94.39884, 37.25648 ], [ -94.39761, 37.29831 ], [ -94.39498, 37.29823 ], [ -94.39254, 37.35623 ], [ -94.17297, 37.35139 ], [ -94.08188, 37.34918 ], [ -94.08356, 37.2907 ], [ -94.05216, 37.28999 ], [ -94.05314, 37.25167 ], [ -94.17035, 37.25458 ] ] ] } },
{ "type": "Feature", "properties": { "HSA93": 26040, "HSANAME": "MO- JOPLIN", "STATE": 26, "HRR93": 267, "HRR93_NAME": "MO- JOPLIN", "Persons90": 126570, "hosp_cnt": 4, "HSA_label": "Joplin" }, "geometry": { "type": "MultiPolygon", "coordinates": [ [ [ [ -95.07382, 37.12042 ], [ -95.07393, 37.20821 ], [ -94.94051, 37.2083 ], [ -94.94048, 37.33987 ], [ -94.83196, 37.33952 ], [ -94.83202, 37.32487 ], [ -94.79602, 37.32474 ], [ -94.79608, 37.29574 ], [ -94.77781, 37.29562 ], [ -94.77745, 37.25138 ], [ -94.7228, 37.25117 ], [ -94.72256, 37.20722 ], [ -94.61808, 37.20728 ], [ -94.61775, 37.26188 ], [ -94.61759, 37.29497 ], [ -94.6174, 37.33836 ], [ -94.6173, 37.3643 ], [ -94.50137, 37.36039 ], [ -94.49959, 37.47673 ], [ -94.39059, 37.4738 ], [ -94.39254, 37.35678 ], [ -94.39254, 37.35623 ], [ -94.39498, 37.29823 ], [ -94.39761, 37.29831 ], [ -94.39884, 37.25648 ], [ -94.40143, 37.15527 ], [ -94.40274, 37.12635 ], [ -94.40477, 37.06949 ], [ -94.40535, 37.05414 ], [ -94.20407, 37.05146 ], [ -94.17701, 37.05085 ], [ -94.17483, 37.10942 ], [ -94.17324, 37.15305 ], [ -94.17035, 37.25458 ], [ -94.05314, 37.25167 ], [ -94.05611, 37.1532 ], [ -94.05618, 37.14963 ], [ -94.12852, 37.15156 ], [ -94.13153, 37.1468 ], [ -94.13088, 37.13883 ], [ -94.12911, 37.13652 ], [ -94.12982, 37.10793 ], [ -94.06407, 37.10643 ], [ -94.06279, 37.11339 ], [ -94.05713, 37.11444 ], [ -94.05641, 37.13514 ], [ -94.00288, 37.13359 ], [ -94.00366, 37.09142 ], [ -93.99897, 37.08961 ], [ -93.99927, 37.07555 ], [ -94.05814, 37.07699 ], [ -94.05904, 37.04802 ], [ -94.06246, 36.93911 ], [ -94.07605, 36.939 ], [ -94.07784, 36.93747 ], [ -94.08112, 36.93761 ], [ -94.08483, 36.93452 ], [ -94.09085, 36.93621 ], [ -94.10448, 36.93419 ], [ -94.10613, 36.93536 ], [ -94.11406, 36.93256 ], [ -94.12641, 36.93446 ], [ -94.12995, 36.93803 ], [ -94.13454, 36.93936 ], [ -94.13622, 36.93835 ], [ -94.13557, 36.93453 ], [ -94.14261, 36.93341 ], [ -94.14923, 36.93536 ], [ -94.14435, 36.92959 ], [ -94.14327, 36.92574 ], [ -94.14136, 36.92622 ], [ -94.13874, 36.91905 ], [ -94.20851, 36.92078 ], [ -94.21094, 36.83346 ], [ -94.31952, 36.83514 ], [ -94.31646, 36.90357 ], [ -94.31561, 36.96591 ], [ -94.4256, 36.96739 ], [ -94.42559, 36.98176 ], [ -94.47993, 36.98257 ], [ -94.48078, 36.92437 ], [ -94.48219, 36.83746 ], [ -94.42953, 36.83685 ], [ -94.43354, 36.76011 ], [ -94.32593, 36.75656 ], [ -94.29089, 36.75524 ], [ -94.29545, 36.66801 ], [ -94.3846, 36.67132 ], [ -94.38675, 36.62803 ], [ -94.42287, 36.62885 ], [ -94.42371, 36.61476 ], [ -94.49476, 36.61698 ], [ -94.49654, 36.58819 ], [ -94.49778, 36.58822 ], [ -94.55696, 36.59016 ], [ -94.55972, 36.59661 ], [ -94.56988, 36.6007 ], [ -94.58053, 36.60945 ], [ -94.5859, 36.61631 ], [ -94.58102, 36.62357 ], [ -94.56202, 36.62289 ], [ -94.56005, 36.70653 ], [ -94.61203, 36.70831 ], [ -94.61793, 36.70851 ], [ -94.61785, 36.66779 ], [ -94.77337, 36.66775 ], [ -94.77962, 36.67852 ], [ -94.7772, 36.68331 ], [ -94.75, 36.69268 ], [ -94.74347, 36.69777 ], [ -94.74007, 36.70364 ], [ -94.74226, 36.70863 ], [ -94.75, 36.71458 ], [ -94.76581, 36.71889 ], [ -94.77299, 36.72268 ], [ -94.77488, 36.72571 ], [ -94.77434, 36.73202 ], [ -94.77238, 36.73416 ], [ -94.7667, 36.73568 ], [ -94.7465, 36.73011 ], [ -94.73992, 36.73004 ], [ -94.73521, 36.73149 ], [ -94.72956, 36.73656 ], [ -94.72906, 36.73961 ], [ -94.73225, 36.74458 ], [ -94.77393, 36.7612 ], [ -94.78065, 36.76534 ], [ -94.78262, 36.76836 ], [ -94.77818, 36.7778 ], [ -94.76921, 36.78313 ], [ -94.75645, 36.7863 ], [ -94.75234, 36.79269 ], [ -94.7518, 36.80142 ], [ -94.7472, 36.81161 ], [ -94.73701, 36.82434 ], [ -94.73215, 36.83619 ], [ -94.71952, 36.84532 ], [ -94.71945, 36.85024 ], [ -94.72455, 36.85611 ], [ -94.72793, 36.85742 ], [ -94.73572, 36.85871 ], [ -94.74778, 36.85743 ], [ -94.75508, 36.85909 ], [ -94.76267, 36.86425 ], [ -94.76566, 36.87123 ], [ -94.64502, 36.87127 ], [ -94.63426, 36.86896 ], [ -94.61829, 36.86886 ], [ -94.61798, 36.92617 ], [ -94.61792, 36.95845 ], [ -94.61786, 36.99807 ], [ -94.7107, 36.99873 ], [ -94.81325, 36.99873 ], [ -94.94056, 36.99929 ], [ -95.00739, 36.99945 ], [ -95.07327, 36.99944 ], [ -95.15883, 36.99949 ], [ -95.15726, 37.1208 ], [ -95.07382, 37.12042 ] ] ], [ [ [ -94.49959, 37.47673 ], [ -94.5687, 37.47757 ], [ -94.56857, 37.48526 ], [ -94.60857, 37.48543 ], [ -94.60845, 37.47793 ], [ -94.61678, 37.47772 ], [ -94.61655, 37.52146 ], [ -94.61711, 37.59139 ], [ -94.61734, 37.65363 ], [ -94.38253, 37.6491 ], [ -94.38459, 37.56157 ], [ -94.49558, 37.56401 ], [ -94.49959, 37.47673 ] ] ] ] } },
{ "type": "Feature", "properties": { "HSA93": 26064, "HSANAME": "MO- NEOSHO", "STATE": 26, "HRR93": 267, "HRR93_NAME": "MO- JOPLIN", "Persons90": 25529, "hosp_cnt": 1, "HSA_label": "Neosho" }, "geometry": { "type": "Polygon", "coordinates": [ [ [ -94.32593, 36.75656 ], [ -94.43354, 36.76011 ], [ -94.42953, 36.83685 ], [ -94.48219, 36.83746 ], [ -94.48078, 36.92437 ], [ -94.47993, 36.98257 ], [ -94.42559, 36.98176 ], [ -94.4256, 36.96739 ], [ -94.31561, 36.96591 ], [ -94.31646, 36.90357 ], [ -94.31952, 36.83514 ], [ -94.21094, 36.83346 ], [ -94.20851, 36.92078 ], [ -94.13874, 36.91905 ], [ -94.14136, 36.92622 ], [ -94.14327, 36.92574 ], [ -94.14435, 36.92959 ], [ -94.14923, 36.93536 ], [ -94.14261, 36.93341 ], [ -94.13557, 36.93453 ], [ -94.13622, 36.93835 ], [ -94.13454, 36.93936 ], [ -94.12995, 36.93803 ], [ -94.12641, 36.93446 ], [ -94.11406, 36.93256 ], [ -94.10613, 36.93536 ], [ -94.10448, 36.93419 ], [ -94.09085, 36.93621 ], [ -94.08483, 36.93452 ], [ -94.08112, 36.93761 ], [ -94.07784, 36.93747 ], [ -94.07605, 36.939 ], [ -94.06246, 36.93911 ], [ -94.06266, 36.93171 ], [ -94.06455, 36.87379 ], [ -94.06524, 36.8594 ], [ -94.06557, 36.81286 ], [ -94.02063, 36.81104 ], [ -94.02172, 36.78164 ], [ -94.00416, 36.78133 ], [ -94.00441, 36.77427 ], [ -93.996, 36.77415 ], [ -93.997, 36.74521 ], [ -94.06693, 36.74773 ], [ -94.07102, 36.64702 ], [ -94.07172, 36.63265 ], [ -94.07689, 36.49866 ], [ -94.17464, 36.49871 ], [ -94.23176, 36.49903 ], [ -94.31303, 36.49931 ], [ -94.34528, 36.49943 ], [ -94.44717, 36.49918 ], [ -94.44286, 36.57581 ], [ -94.43262, 36.57376 ], [ -94.43253, 36.57037 ], [ -94.42594, 36.56749 ], [ -94.42371, 36.61476 ], [ -94.42287, 36.62885 ], [ -94.38675, 36.62803 ], [ -94.3846, 36.67132 ], [ -94.29545, 36.66801 ], [ -94.29089, 36.75524 ], [ -94.32593, 36.75656 ] ] ] } },
{ "type": "Feature", "properties": { "HSA93": 32006, "HSANAME": "NM- CLAYTON", "STATE": 32, "HRR93": 293, "HRR93_NAME": "NM- ALBUQUERQUE", "Persons90": 3299, "hosp_cnt": 1, "HSA_label": "Clayton" }, "geometry": { "type": "Polygon", "coordinates": [ [ [ -103.70043, 36.36621 ], [ -103.69908, 36.37629 ], [ -103.70044, 36.37751 ], [ -103.69897, 36.37826 ], [ -103.69888, 36.38078 ], [ -103.70078, 36.38259 ], [ -103.70132, 36.38802 ], [ -103.69659, 36.39436 ], [ -103.70087, 36.40919 ], [ -103.66668, 36.40924 ], [ -103.66676, 36.4118 ], [ -103.66915, 36.41144 ], [ -103.66753, 36.41336 ], [ -103.66798, 36.41645 ], [ -103.67099, 36.41707 ], [ -103.6694, 36.41943 ], [ -103.6832, 36.41872 ], [ -103.68603, 36.42046 ], [ -103.6871, 36.41861 ], [ -103.68835, 36.41918 ], [ -103.68784, 36.41755 ], [ -103.69124, 36.4176 ], [ -103.69226, 36.41572 ], [ -103.69438, 36.41574 ], [ -103.69461, 36.41767 ], [ -103.69679, 36.4187 ], [ -103.69631, 36.417 ], [ -103.6981, 36.41652 ], [ -103.69832, 36.4181 ], [ -103.70113, 36.41865 ], [ -103.69968, 36.42041 ], [ -103.7015, 36.42261 ], [ -103.71022, 36.42712 ], [ -103.71291, 36.4271 ], [ -103.7177, 36.4338 ], [ -103.71935, 36.43536 ], [ -103.7202, 36.43445 ], [ -103.72048, 36.4423 ], [ -103.73029, 36.44415 ], [ -103.73746, 36.44962 ], [ -103.74293, 36.45067 ], [ -103.74395, 36.45266 ], [ -103.7496, 36.45314 ], [ -103.7505, 36.45559 ], [ -103.7559, 36.45873 ], [ -103.75576, 36.4615 ], [ -103.75754, 36.46191 ], [ -103.75644, 36.46305 ], [ -103.75865, 36.46466 ], [ -103.76346, 36.46416 ], [ -103.76876, 36.46702 ], [ -103.77208, 36.47181 ], [ -103.77148, 36.47497 ], [ -103.77411, 36.47728 ], [ -103.7747, 36.48841 ], [ -103.77898, 36.49058 ], [ -103.78097, 36.49569 ], [ -103.78528, 36.49659 ], [ -103.77883, 36.51677 ], [ -103.77877, 36.52384 ], [ -103.77497, 36.52409 ], [ -103.76887, 36.52851 ], [ -103.77667, 36.53856 ], [ -103.7757, 36.54321 ], [ -103.77922, 36.54687 ], [ -103.78029, 36.55276 ], [ -103.7913, 36.56817 ], [ -103.79246, 36.58186 ], [ -103.78987, 36.58601 ], [ -103.79308, 36.58875 ], [ -103.77488, 36.59124 ], [ -103.77624, 36.59859 ], [ -103.77575, 36.60949 ], [ -103.76933, 36.61869 ], [ -103.76635, 36.62123 ], [ -103.757, 36.62439 ], [ -103.74111, 36.64387 ], [ -103.73625, 36.64444 ], [ -103.78036, 36.6708 ], [ -103.78374, 36.67588 ], [ -103.7926, 36.6988 ], [ -103.7727, 36.69825 ], [ -103.77339, 36.74184 ], [ -103.73118, 36.74162 ], [ -103.72414, 36.74592 ], [ -103.73003, 36.74676 ], [ -103.73006, 36.74791 ], [ -103.73082, 36.74699 ], [ -103.73538, 36.7517 ], [ -103.74238, 36.74953 ], [ -103.74659, 36.75174 ], [ -103.7498, 36.75793 ], [ -103.74589, 36.76401 ], [ -103.74561, 36.77109 ], [ -103.74089, 36.78016 ], [ -103.73691, 36.78284 ], [ -103.73669, 36.78945 ], [ -103.72516, 36.79905 ], [ -103.71241, 36.80343 ], [ -103.70336, 36.813 ], [ -103.69767, 36.81568 ], [ -103.69217, 36.82392 ], [ -103.68767, 36.82937 ], [ -103.68132, 36.83049 ], [ -103.67577, 36.83552 ], [ -103.67192, 36.83362 ], [ -103.65555, 36.83403 ], [ -103.64977, 36.83005 ], [ -103.64695, 36.83057 ], [ -103.6484, 36.82771 ], [ -103.63607, 36.82713 ], [ -103.63006, 36.82397 ], [ -103.62927, 36.82544 ], [ -103.63058, 36.82594 ], [ -103.62741, 36.83153 ], [ -103.62845, 36.85447 ], [ -103.62381, 36.85818 ], [ -103.61467, 36.86124 ], [ -103.61717, 36.86425 ], [ -103.61512, 36.86477 ], [ -103.60684, 36.87785 ], [ -103.60362, 36.88616 ], [ -103.60089, 36.88809 ], [ -103.59921, 36.89159 ], [ -103.60087, 36.89965 ], [ -103.5983, 36.90175 ], [ -103.5993, 36.90448 ], [ -103.59825, 36.9102 ], [ -103.59494, 36.91435 ], [ -103.59475, 36.92032 ], [ -103.5919, 36.92273 ], [ -103.58942, 36.92259 ], [ -103.58962, 36.92456 ], [ -103.5645, 36.93621 ], [ -103.56595, 36.93857 ], [ -103.5799, 36.93708 ], [ -103.58118, 36.94125 ], [ -103.58597, 36.9461 ], [ -103.58945, 36.94457 ], [ -103.59051, 36.94578 ], [ -103.59364, 36.94518 ], [ -103.59847, 36.95033 ], [ -103.6026, 36.95216 ], [ -103.60161, 36.95361 ], [ -103.60671, 36.95482 ], [ -103.60646, 36.95738 ], [ -103.61074, 36.95793 ], [ -103.61282, 36.96276 ], [ -103.61656, 36.96134 ], [ -103.61875, 36.96239 ], [ -103.62013, 36.96541 ], [ -103.61787, 36.96665 ], [ -103.62095, 36.96665 ], [ -103.62076, 36.96827 ], [ -103.62324, 36.96967 ], [ -103.63423, 36.97269 ], [ -103.63691, 36.97649 ], [ -103.63862, 36.98428 ], [ -103.64355, 36.98879 ], [ -103.64309, 36.99845 ], [ -103.42518, 36.99936 ], [ -103.08562, 37.00025 ], [ -103.00189, 37.00019 ], [ -103.00174, 36.89746 ], [ -103.00171, 36.7194 ], [ -103.00172, 36.662 ], [ -103.00216, 36.56383 ], [ -103.00195, 36.50037 ], [ -103.04144, 36.50041 ], [ -103.04102, 36.2899 ], [ -103.11286, 36.28941 ], [ -103.11281, 36.30763 ], [ -103.13022, 36.3177 ], [ -103.14653, 36.33323 ], [ -103.15197, 36.33378 ], [ -103.15137, 36.33222 ], [ -103.16297, 36.33495 ], [ -103.1755, 36.33472 ], [ -103.17898, 36.33646 ], [ -103.1832, 36.34221 ], [ -103.1862, 36.34331 ], [ -103.19571, 36.34207 ], [ -103.20156, 36.34475 ], [ -103.20533, 36.34328 ], [ -103.21427, 36.34578 ], [ -103.21656, 36.34841 ], [ -103.22655, 36.34772 ], [ -103.23314, 36.34898 ], [ -103.23911, 36.34357 ], [ -103.24227, 36.34304 ], [ -103.23832, 36.33785 ], [ -103.23854, 36.32933 ], [ -103.25, 36.32486 ], [ -103.25568, 36.31802 ], [ -103.25346, 36.3179 ], [ -103.24966, 36.31406 ], [ -103.24698, 36.30522 ], [ -103.24384, 36.30179 ], [ -103.24465, 36.29737 ], [ -103.24358, 36.29559 ], [ -103.23639, 36.29211 ], [ -103.23546, 36.28859 ], [ -103.22955, 36.29234 ], [ -103.22603, 36.28819 ], [ -103.2291, 36.28795 ], [ -103.2298, 36.28563 ], [ -103.23874, 36.28449 ], [ -103.23896, 36.24566 ], [ -103.22118, 36.24555 ], [ -103.22116, 36.18774 ], [ -103.22073, 36.17314 ], [ -103.04072, 36.17367 ], [ -103.04034, 36.0552 ], [ -103.04049, 35.96442 ], [ -103.05121, 35.96055 ], [ -103.06165, 35.96961 ], [ -103.07252, 35.97012 ], [ -103.07506, 35.98227 ], [ -103.08252, 35.98797 ], [ -103.08562, 35.98738 ], [ -103.0883, 35.98156 ], [ -103.09362, 35.98323 ], [ -103.09472, 35.98591 ], [ -103.09075, 35.98955 ], [ -103.0805, 35.99262 ], [ -103.08258, 35.99608 ], [ -103.09036, 36.00093 ], [ -103.0851, 36.01195 ], [ -103.08941, 36.01364 ], [ -103.09964, 36.01332 ], [ -103.10646, 36.0167 ], [ -103.10793, 36.02007 ], [ -103.10612, 36.02384 ], [ -103.11199, 36.03854 ], [ -103.11419, 36.04064 ], [ -103.12068, 36.04192 ], [ -103.1302, 36.03709 ], [ -103.13268, 36.03725 ], [ -103.13152, 36.04089 ], [ -103.13645, 36.04776 ], [ -103.15903, 36.04926 ], [ -103.16664, 36.05482 ], [ -103.16982, 36.06009 ], [ -103.17704, 36.05666 ], [ -103.18265, 36.05789 ], [ -103.18649, 36.06201 ], [ -103.18448, 36.06627 ], [ -103.18784, 36.07406 ], [ -103.19954, 36.06996 ], [ -103.20349, 36.0711 ], [ -103.21189, 36.06922 ], [ -103.2146, 36.07192 ], [ -103.21127, 36.0773 ], [ -103.21454, 36.0795 ], [ -103.22041, 36.07584 ], [ -103.22427, 36.07039 ], [ -103.22777, 36.07128 ], [ -103.23268, 36.07757 ], [ -103.23522, 36.07739 ], [ -103.23364, 36.08105 ], [ -103.23874, 36.08254 ], [ -103.23719, 36.07947 ], [ -103.24314, 36.07224 ], [ -103.251, 36.07475 ], [ -103.2585, 36.07423 ], [ -103.26575, 36.07029 ], [ -103.27449, 36.07222 ], [ -103.27596, 36.06876 ], [ -103.28199, 36.06656 ], [ -103.28467, 36.06311 ], [ -103.28825, 36.0619 ], [ -103.29068, 36.06267 ], [ -103.28831, 36.06519 ], [ -103.29217, 36.06767 ], [ -103.29482, 36.06517 ], [ -103.3043, 36.06465 ], [ -103.30435, 36.06261 ], [ -103.30979, 36.06389 ], [ -103.31845, 36.06096 ], [ -103.32158, 36.06176 ], [ -103.32333, 36.06584 ], [ -103.32711, 36.06689 ], [ -103.32925, 36.06634 ], [ -103.33052, 36.06222 ], [ -103.33314, 36.0611 ], [ -103.33565, 36.06371 ], [ -103.33557, 36.06959 ], [ -103.34036, 36.07028 ], [ -103.344, 36.06792 ], [ -103.34651, 36.07037 ], [ -103.35226, 36.07197 ], [ -103.36452, 36.07218 ], [ -103.36447, 36.08634 ], [ -103.55281, 36.08661 ], [ -103.55288, 36.0831 ], [ -103.56583, 36.08294 ], [ -103.56586, 36.07589 ], [ -103.58303, 36.06137 ], [ -103.58548, 36.05505 ], [ -103.59053, 36.05056 ], [ -103.59162, 36.04582 ], [ -103.59019, 36.04415 ], [ -103.59188, 36.04349 ], [ -103.59227, 36.04101 ], [ -103.5941, 36.04115 ], [ -103.59354, 36.03943 ], [ -103.59568, 36.03559 ], [ -103.60005, 36.0338 ], [ -103.59991, 36.03178 ], [ -103.60427, 36.02849 ], [ -103.6054, 36.02441 ], [ -103.60698, 36.02452 ], [ -103.60599, 36.02146 ], [ -103.6092, 36.0212 ], [ -103.61058, 36.01708 ], [ -103.61382, 36.01454 ], [ -103.61246, 36.01017 ], [ -103.62542, 36.00501 ], [ -103.62678, 36.00118 ], [ -103.63041, 35.99811 ], [ -103.64067, 35.9945 ], [ -103.64608, 35.98965 ], [ -103.65488, 35.98766 ], [ -103.6564, 35.98594 ], [ -103.65586, 35.98372 ], [ -103.65857, 35.98315 ], [ -103.6602, 35.97889 ], [ -103.66573, 35.97733 ], [ -103.66998, 35.97802 ], [ -103.67266, 35.9753 ], [ -103.67198, 35.9695 ], [ -103.67545, 35.9682 ], [ -103.67669, 35.96071 ], [ -103.68522, 35.94979 ], [ -103.68483, 35.94542 ], [ -103.68252, 35.94732 ], [ -103.67964, 35.94711 ], [ -103.68184, 35.94439 ], [ -103.68156, 35.94079 ], [ -103.68756, 35.94127 ], [ -103.68843, 35.9475 ], [ -103.69557, 35.95072 ], [ -103.70293, 35.95142 ], [ -103.70516, 35.94844 ], [ -103.70851, 35.94912 ], [ -103.71009, 35.95389 ], [ -103.70871, 35.96328 ], [ -103.71803, 35.96304 ], [ -103.71569, 35.9662 ], [ -103.7155, 35.96982 ], [ -103.72034, 35.96978 ], [ -103.72186, 35.96616 ], [ -103.72378, 35.967 ], [ -103.72237, 35.97016 ], [ -103.73206, 35.97089 ], [ -103.73429, 35.97311 ], [ -103.73175, 35.97403 ], [ -103.73415, 35.97572 ], [ -103.73381, 35.9806 ], [ -103.73685, 35.97925 ], [ -103.74288, 35.9806 ], [ -103.74153, 35.98305 ], [ -103.74531, 35.98401 ], [ -103.74444, 35.98783 ], [ -103.74886, 35.98916 ], [ -103.7473, 35.99335 ], [ -103.74976, 35.99476 ], [ -103.74969, 35.99846 ], [ -103.75984, 35.99839 ], [ -103.76488, 36.00714 ], [ -103.7704, 36.01204 ], [ -103.7771, 36.01413 ], [ -103.77606, 36.01523 ], [ -103.77865, 36.01756 ], [ -103.77705, 36.01898 ], [ -103.78037, 36.02265 ], [ -103.78065, 36.02764 ], [ -103.77645, 36.03048 ], [ -103.77891, 36.02808 ], [ -103.77658, 36.02047 ], [ -103.76542, 36.02416 ], [ -103.76511, 36.03081 ], [ -103.76278, 36.03471 ], [ -103.76276, 36.04387 ], [ -103.76054, 36.04779 ], [ -103.76457, 36.05998 ], [ -103.76678, 36.05981 ], [ -103.7684, 36.0627 ], [ -103.77556, 36.06757 ], [ -103.78272, 36.06763 ], [ -103.78833, 36.07054 ], [ -103.78549, 36.07304 ], [ -103.78168, 36.07278 ], [ -103.78078, 36.07418 ], [ -103.78181, 36.07711 ], [ -103.77954, 36.07951 ], [ -103.78028, 36.08567 ], [ -103.79382, 36.08575 ], [ -103.79347, 36.17396 ], [ -103.79852, 36.17401 ], [ -103.79437, 36.18097 ], [ -103.79524, 36.1833 ], [ -103.79349, 36.18335 ], [ -103.79358, 36.18543 ], [ -103.79067, 36.18596 ], [ -103.78838, 36.18383 ], [ -103.78635, 36.17052 ], [ -103.77678, 36.17625 ], [ -103.77446, 36.17441 ], [ -103.76969, 36.17524 ], [ -103.76272, 36.17029 ], [ -103.75675, 36.17651 ], [ -103.75587, 36.18148 ], [ -103.75059, 36.18906 ], [ -103.7531, 36.19187 ], [ -103.75276, 36.19627 ], [ -103.75761, 36.20241 ], [ -103.75812, 36.20527 ], [ -103.75766, 36.25842 ], [ -103.75935, 36.26504 ], [ -103.75776, 36.27527 ], [ -103.75303, 36.2869 ], [ -103.74409, 36.29348 ], [ -103.74336, 36.30145 ], [ -103.7327, 36.30585 ], [ -103.73106, 36.30919 ], [ -103.72272, 36.31469 ], [ -103.7225, 36.31679 ], [ -103.71825, 36.3211 ], [ -103.71443, 36.32062 ], [ -103.71554, 36.32497 ], [ -103.70949, 36.3274 ], [ -103.71005, 36.32875 ], [ -103.70603, 36.33571 ], [ -103.7021, 36.33676 ], [ -103.69944, 36.34345 ], [ -103.70094, 36.34578 ], [ -103.70024, 36.3475 ], [ -103.7044, 36.35144 ], [ -103.70411, 36.35357 ], [ -103.70176, 36.35398 ], [ -103.70471, 36.35774 ], [ -103.7006, 36.36083 ], [ -103.70259, 36.36321 ], [ -103.70043, 36.36621 ] ] ] } },
{ "type": "Feature", "properties": { "HSA93": 32007, "HSANAME": "NM- CLOVIS", "STATE": 32, "HRR93": 400, "HRR93_NAME": "TX- LUBBOCK", "Persons90": 45673, "hosp_cnt": 1, "HSA_label": "Clovis" }, "geometry": { "type": "Polygon", "coordinates": [ [ [ -103.04219, 34.95404 ], [ -103.04227, 34.7473 ], [ -103.04279, 34.65177 ], [ -103.04295, 34.4916 ], [ -103.04306, 34.46692 ], [ -102.95547, 34.46733 ], [ -102.95561, 34.49634 ], [ -102.90514, 34.49677 ], [ -102.90828, 34.49259 ], [ -102.89411, 34.50012 ], [ -102.89419, 34.49463 ], [ -102.85923, 34.49484 ], [ -102.85911, 34.47126 ], [ -102.85032, 34.47062 ], [ -102.85034, 34.46593 ], [ -102.74521, 34.4672 ], [ -102.74538, 34.43043 ], [ -102.74359, 34.42958 ], [ -102.74527, 34.38611 ], [ -102.7334, 34.38584 ], [ -102.73563, 34.32973 ], [ -102.73883, 34.32968 ], [ -102.73907, 34.31284 ], [ -103.04348, 34.31269 ], [ -103.04344, 34.30251 ], [ -103.14291, 34.3028 ], [ -103.3191, 34.30317 ], [ -103.44142, 34.30306 ], [ -103.45908, 34.30324 ], [ -103.7395, 34.303 ], [ -103.73771, 34.6046 ], [ -103.8117, 34.60461 ], [ -103.81164, 34.73641 ], [ -103.82895, 34.73628 ], [ -103.82927, 34.77988 ], [ -103.82469, 34.78304 ], [ -103.82427, 34.78712 ], [ -103.82974, 34.78794 ], [ -103.82939, 34.82372 ], [ -103.84708, 34.82353 ], [ -103.84697, 34.82712 ], [ -103.84468, 34.82924 ], [ -103.83949, 34.83365 ], [ -103.83356, 34.83538 ], [ -103.83157, 34.83973 ], [ -103.8239, 34.83865 ], [ -103.81967, 34.84126 ], [ -103.81567, 34.8402 ], [ -103.81372, 34.84147 ], [ -103.81434, 34.84265 ], [ -103.81201, 34.84194 ], [ -103.81132, 34.84349 ], [ -103.80829, 34.84224 ], [ -103.80777, 34.84112 ], [ -103.81011, 34.8403 ], [ -103.80703, 34.83769 ], [ -103.80115, 34.83751 ], [ -103.80185, 34.8346 ], [ -103.79639, 34.83476 ], [ -103.79385, 34.83221 ], [ -103.78988, 34.83226 ], [ -103.79076, 34.83121 ], [ -103.78888, 34.83026 ], [ -103.78905, 34.82866 ], [ -103.78504, 34.82852 ], [ -103.78894, 34.82465 ], [ -103.78473, 34.82345 ], [ -103.7845, 34.82136 ], [ -103.78148, 34.82327 ], [ -103.78098, 34.81809 ], [ -103.77819, 34.82001 ], [ -103.77734, 34.81735 ], [ -103.77302, 34.81991 ], [ -103.77362, 34.8234 ], [ -103.77019, 34.82201 ], [ -103.76601, 34.82301 ], [ -103.76396, 34.82054 ], [ -103.7602, 34.82076 ], [ -103.75809, 34.81898 ], [ -103.75478, 34.82119 ], [ -103.75157, 34.81997 ], [ -103.75058, 34.82222 ], [ -103.74774, 34.82341 ], [ -103.74301, 34.82222 ], [ -103.70644, 34.82319 ], [ -103.41465, 34.82186 ], [ -103.40157, 34.81924 ], [ -103.38913, 34.82167 ], [ -103.38888, 34.8652 ], [ -103.319, 34.865 ], [ -103.31914, 34.87883 ], [ -103.35265, 34.87951 ], [ -103.35379, 34.88061 ], [ -103.35377, 34.89403 ], [ -103.44184, 34.89444 ], [ -103.44198, 34.90667 ], [ -103.45043, 34.91329 ], [ -103.44854, 34.92087 ], [ -103.45201, 34.93195 ], [ -103.45902, 34.93472 ], [ -103.47179, 34.94335 ], [ -103.47462, 34.94225 ], [ -103.4788, 34.9463 ], [ -103.48881, 34.95093 ], [ -103.48653, 34.95324 ], [ -103.4859, 34.96171 ], [ -103.49312, 34.98701 ], [ -103.49459, 34.9882 ], [ -103.49679, 34.98587 ], [ -103.49765, 34.98942 ], [ -103.50043, 34.9904 ], [ -103.4985, 35.00354 ], [ -103.50052, 35.00713 ], [ -103.49955, 35.0115 ], [ -103.50397, 35.01208 ], [ -103.50508, 35.01485 ], [ -103.50772, 35.01583 ], [ -103.50703, 35.01844 ], [ -103.51532, 35.02532 ], [ -103.52086, 35.02395 ], [ -103.52709, 35.02782 ], [ -103.52712, 35.03109 ], [ -103.53102, 35.03185 ], [ -103.53433, 35.03865 ], [ -103.53385, 35.04472 ], [ -103.53739, 35.04671 ], [ -103.53992, 35.05141 ], [ -103.54499, 35.05281 ], [ -103.54526, 35.05565 ], [ -103.54863, 35.05642 ], [ -103.55072, 35.06009 ], [ -103.54872, 35.06201 ], [ -103.55484, 35.06604 ], [ -103.55579, 35.07335 ], [ -103.55303, 35.07397 ], [ -103.55412, 35.07662 ], [ -103.552, 35.07969 ], [ -103.55403, 35.08331 ], [ -103.552, 35.0853 ], [ -103.55659, 35.08832 ], [ -103.55559, 35.0908 ], [ -103.55684, 35.09538 ], [ -103.55333, 35.09693 ], [ -103.55261, 35.09975 ], [ -103.55668, 35.10007 ], [ -103.56125, 35.10445 ], [ -103.55459, 35.109 ], [ -103.54419, 35.11076 ], [ -103.54157, 35.11599 ], [ -103.53235, 35.11685 ], [ -103.53368, 35.1212 ], [ -103.5273, 35.12537 ], [ -103.51782, 35.12577 ], [ -103.51688, 35.12834 ], [ -103.51821, 35.13253 ], [ -103.50801, 35.13305 ], [ -103.5089, 35.14015 ], [ -103.50335, 35.13898 ], [ -103.50226, 35.1426 ], [ -103.49908, 35.14571 ], [ -103.49368, 35.14695 ], [ -103.49345, 35.15016 ], [ -103.49003, 35.15071 ], [ -103.49251, 35.15522 ], [ -103.48797, 35.15996 ], [ -103.47567, 35.16619 ], [ -103.46765, 35.17313 ], [ -103.45878, 35.17449 ], [ -103.44765, 35.18252 ], [ -103.44241, 35.18873 ], [ -103.4365, 35.18768 ], [ -103.43318, 35.18965 ], [ -103.43599, 35.19558 ], [ -103.4346, 35.20126 ], [ -103.43041, 35.20641 ], [ -103.43041, 35.20945 ], [ -103.43373, 35.21616 ], [ -103.4399, 35.2209 ], [ -103.44079, 35.2245 ], [ -103.43892, 35.22896 ], [ -103.43119, 35.23164 ], [ -103.43535, 35.23526 ], [ -103.43033, 35.23684 ], [ -103.43817, 35.23808 ], [ -103.44353, 35.24199 ], [ -103.43976, 35.2425 ], [ -103.43275, 35.24011 ], [ -103.43027, 35.24268 ], [ -103.4368, 35.24575 ], [ -103.42642, 35.24634 ], [ -103.4303, 35.25 ], [ -103.42804, 35.253 ], [ -103.42874, 35.25552 ], [ -103.425, 35.25903 ], [ -103.42963, 35.2571 ], [ -103.43186, 35.258 ], [ -103.43463, 35.262 ], [ -103.43499, 35.26665 ], [ -103.42714, 35.26931 ], [ -103.42614, 35.27957 ], [ -103.41888, 35.2843 ], [ -103.41407, 35.28382 ], [ -103.41282, 35.28788 ], [ -103.41404, 35.29216 ], [ -103.41002, 35.29161 ], [ -103.40921, 35.29403 ], [ -103.40647, 35.29358 ], [ -103.4065, 35.29747 ], [ -103.40373, 35.30049 ], [ -103.40438, 35.30251 ], [ -103.40125, 35.30269 ], [ -103.40354, 35.30715 ], [ -103.40074, 35.31842 ], [ -103.39135, 35.32212 ], [ -103.3933, 35.32444 ], [ -103.40054, 35.32625 ], [ -103.39841, 35.32856 ], [ -103.39642, 35.33962 ], [ -103.38778, 35.3461 ], [ -103.38404, 35.34639 ], [ -103.38493, 35.34983 ], [ -103.38837, 35.35287 ], [ -103.38884, 35.3586 ], [ -103.38733, 35.36261 ], [ -103.38031, 35.36521 ], [ -103.37455, 35.36814 ], [ -103.37782, 35.37653 ], [ -103.37342, 35.38521 ], [ -103.3652, 35.38411 ], [ -103.35637, 35.38915 ], [ -103.34781, 35.38664 ], [ -103.3373, 35.39319 ], [ -103.32321, 35.38691 ], [ -103.32366, 35.38169 ], [ -103.32821, 35.3792 ], [ -103.32737, 35.37769 ], [ -103.3198, 35.38183 ], [ -103.30596, 35.38053 ], [ -103.29984, 35.37844 ], [ -103.29254, 35.37917 ], [ -103.29187, 35.3773 ], [ -103.29819, 35.37223 ], [ -103.29735, 35.37044 ], [ -103.29385, 35.37012 ], [ -103.27451, 35.37447 ], [ -103.27006, 35.3802 ], [ -103.26766, 35.37777 ], [ -103.2699, 35.37083 ], [ -103.26378, 35.36766 ], [ -103.25964, 35.37133 ], [ -103.26305, 35.37926 ], [ -103.26081, 35.38297 ], [ -103.2574, 35.38306 ], [ -103.24713, 35.37898 ], [ -103.24273, 35.37456 ], [ -103.23921, 35.37334 ], [ -103.23708, 35.375 ], [ -103.23595, 35.38047 ], [ -103.23187, 35.3873 ], [ -103.22432, 35.38572 ], [ -103.21909, 35.38655 ], [ -103.2052, 35.39204 ], [ -103.20112, 35.39605 ], [ -103.19841, 35.39289 ], [ -103.1988, 35.38978 ], [ -103.20187, 35.38609 ], [ -103.19983, 35.38213 ], [ -103.17349, 35.38978 ], [ -103.17232, 35.38774 ], [ -103.17327, 35.38275 ], [ -103.1688, 35.38206 ], [ -103.15941, 35.3838 ], [ -103.14862, 35.3719 ], [ -103.14247, 35.37162 ], [ -103.13106, 35.37527 ], [ -103.12134, 35.37587 ], [ -103.1193, 35.37421 ], [ -103.12002, 35.37222 ], [ -103.12549, 35.36944 ], [ -103.12948, 35.36413 ], [ -103.12925, 35.36241 ], [ -103.12613, 35.35902 ], [ -103.12208, 35.35768 ], [ -103.1168, 35.36196 ], [ -103.11023, 35.36057 ], [ -103.11003, 35.35562 ], [ -103.10693, 35.35393 ], [ -103.10556, 35.36004 ], [ -103.0973, 35.36959 ], [ -103.09514, 35.36865 ], [ -103.09349, 35.36325 ], [ -103.09067, 35.36023 ], [ -103.08586, 35.35876 ], [ -103.08089, 35.36014 ], [ -103.07943, 35.36172 ], [ -103.07809, 35.37202 ], [ -103.07301, 35.37788 ], [ -103.0592, 35.38424 ], [ -103.04646, 35.38756 ], [ -103.04176, 35.39484 ], [ -103.04188, 35.18309 ], [ -103.04219, 34.95404 ] ] ] } },
{ "type": "Feature", "properties": { "HSA93": 32019, "HSANAME": "NM- PORTALES", "STATE": 32, "HRR93": 400, "HRR93_NAME": "TX- LUBBOCK", "Persons90": 15539, "hosp_cnt": 1, "HSA_label": "Portales" }, "geometry": { "type": "Polygon", "coordinates": [ [ [ -103.23055, 33.98171 ], [ -103.33554, 33.98201 ], [ -103.33554, 33.9963 ], [ -103.42273, 33.9964 ], [ -103.42209, 34.08379 ], [ -103.47447, 34.08335 ], [ -103.47441, 34.08736 ], [ -103.48759, 34.07776 ], [ -103.4877, 34.08225 ], [ -103.48922, 34.08342 ], [ -103.55818, 34.08405 ], [ -103.55876, 34.09227 ], [ -103.56033, 34.09263 ], [ -103.59633, 34.08384 ], [ -103.66972, 34.08276 ], [ -103.66975, 34.08647 ], [ -103.67685, 34.08297 ], [ -103.71907, 34.08228 ], [ -103.71987, 34.08659 ], [ -103.72717, 34.08736 ], [ -103.72913, 34.0858 ], [ -103.74094, 34.09619 ], [ -103.74823, 34.09645 ], [ -103.74956, 34.09862 ], [ -103.75433, 34.09835 ], [ -103.75452, 34.10112 ], [ -103.75752, 34.10224 ], [ -103.772, 34.10339 ], [ -103.77193, 34.08175 ], [ -103.8411, 34.0816 ], [ -103.94543, 34.0827 ], [ -103.9456, 34.2598 ], [ -103.9491, 34.2598 ], [ -103.94831, 34.60496 ], [ -103.8117, 34.60461 ], [ -103.73771, 34.6046 ], [ -103.7395, 34.303 ], [ -103.45908, 34.30324 ], [ -103.44142, 34.30306 ], [ -103.3191, 34.30317 ], [ -103.14291, 34.3028 ], [ -103.04344, 34.30251 ], [ -103.0431, 34.09276 ], [ -103.04312, 34.00355 ], [ -103.05664, 33.99619 ], [ -103.12452, 33.99594 ], [ -103.12594, 33.99525 ], [ -103.12603, 33.98149 ], [ -103.23055, 33.98171 ] ] ] } },
{ "type": "Feature", "properties": { "HSA93": 32029, "HSANAME": "NM- TUCUMCARI", "STATE": 32, "HRR93": 383, "HRR93_NAME": "TX- AMARILLO", "Persons90": 10197, "hosp_cnt": 1, "HSA_label": "Tucumcari" }, "geometry": { "type": "Polygon", "coordinates": [ [ [ -103.38031, 35.36521 ], [ -103.38733, 35.36261 ], [ -103.38884, 35.3586 ], [ -103.38837, 35.35287 ], [ -103.38493, 35.34983 ], [ -103.38404, 35.34639 ], [ -103.38778, 35.3461 ], [ -103.39642, 35.33962 ], [ -103.39841, 35.32856 ], [ -103.40054, 35.32625 ], [ -103.3933, 35.32444 ], [ -103.39135, 35.32212 ], [ -103.40074, 35.31842 ], [ -103.40354, 35.30715 ], [ -103.40125, 35.30269 ], [ -103.40438, 35.30251 ], [ -103.40373, 35.30049 ], [ -103.4065, 35.29747 ], [ -103.40647, 35.29358 ], [ -103.40921, 35.29403 ], [ -103.41002, 35.29161 ], [ -103.41404, 35.29216 ], [ -103.41282, 35.28788 ], [ -103.41407, 35.28382 ], [ -103.41888, 35.2843 ], [ -103.42614, 35.27957 ], [ -103.42714, 35.26931 ], [ -103.43499, 35.26665 ], [ -103.43463, 35.262 ], [ -103.43186, 35.258 ], [ -103.42963, 35.2571 ], [ -103.425, 35.25903 ], [ -103.42874, 35.25552 ], [ -103.42804, 35.253 ], [ -103.4303, 35.25 ], [ -103.42642, 35.24634 ], [ -103.4368, 35.24575 ], [ -103.43027, 35.24268 ], [ -103.43275, 35.24011 ], [ -103.43976, 35.2425 ], [ -103.44353, 35.24199 ], [ -103.43817, 35.23808 ], [ -103.43033, 35.23684 ], [ -103.43535, 35.23526 ], [ -103.43119, 35.23164 ], [ -103.43892, 35.22896 ], [ -103.44079, 35.2245 ], [ -103.4399, 35.2209 ], [ -103.43373, 35.21616 ], [ -103.43041, 35.20945 ], [ -103.43041, 35.20641 ], [ -103.4346, 35.20126 ], [ -103.43599, 35.19558 ], [ -103.43318, 35.18965 ], [ -103.4365, 35.18768 ], [ -103.44241, 35.18873 ], [ -103.44765, 35.18252 ], [ -103.45878, 35.17449 ], [ -103.46765, 35.17313 ], [ -103.47567, 35.16619 ], [ -103.48797, 35.15996 ], [ -103.49251, 35.15522 ], [ -103.49003, 35.15071 ], [ -103.49345, 35.15016 ], [ -103.49368, 35.14695 ], [ -103.49908, 35.14571 ], [ -103.50226, 35.1426 ], [ -103.50335, 35.13898 ], [ -103.5089, 35.14015 ], [ -103.50801, 35.13305 ], [ -103.51821, 35.13253 ], [ -103.51688, 35.12834 ], [ -103.51782, 35.12577 ], [ -103.5273, 35.12537 ], [ -103.53368, 35.1212 ], [ -103.53235, 35.11685 ], [ -103.54157, 35.11599 ], [ -103.54419, 35.11076 ], [ -103.55459, 35.109 ], [ -103.56125, 35.10445 ], [ -103.55668, 35.10007 ], [ -103.55261, 35.09975 ], [ -103.55333, 35.09693 ], [ -103.55684, 35.09538 ], [ -103.55559, 35.0908 ], [ -103.55659, 35.08832 ], [ -103.552, 35.0853 ], [ -103.55403, 35.08331 ], [ -103.552, 35.07969 ], [ -103.55412, 35.07662 ], [ -103.55303, 35.07397 ], [ -103.55579, 35.07335 ], [ -103.55484, 35.06604 ], [ -103.54872, 35.06201 ], [ -103.55072, 35.06009 ], [ -103.54863, 35.05642 ], [ -103.54526, 35.05565 ], [ -103.54499, 35.05281 ], [ -103.53992, 35.05141 ], [ -103.53739, 35.04671 ], [ -103.53385, 35.04472 ], [ -103.53433, 35.03865 ], [ -103.53102, 35.03185 ], [ -103.52712, 35.03109 ], [ -103.52709, 35.02782 ], [ -103.52086, 35.02395 ], [ -103.51532, 35.02532 ], [ -103.50703, 35.01844 ], [ -103.50772, 35.01583 ], [ -103.50508, 35.01485 ], [ -103.50397, 35.01208 ], [ -103.49955, 35.0115 ], [ -103.50052, 35.00713 ], [ -103.4985, 35.00354 ], [ -103.50043, 34.9904 ], [ -103.49765, 34.98942 ], [ -103.49679, 34.98587 ], [ -103.49459, 34.9882 ], [ -103.49312, 34.98701 ], [ -103.4859, 34.96171 ], [ -103.48653, 34.95324 ], [ -103.48881, 34.95093 ], [ -103.4788, 34.9463 ], [ -103.47462, 34.94225 ], [ -103.47179, 34.94335 ], [ -103.45902, 34.93472 ], [ -103.45201, 34.93195 ], [ -103.44854, 34.92087 ], [ -103.45043, 34.91329 ], [ -103.44198, 34.90667 ], [ -103.44184, 34.89444 ], [ -103.35377, 34.89403 ], [ -103.35379, 34.88061 ], [ -103.35265, 34.87951 ], [ -103.31914, 34.87883 ], [ -103.319, 34.865 ], [ -103.38888, 34.8652 ], [ -103.38913, 34.82167 ], [ -103.40157, 34.81924 ], [ -103.41465, 34.82186 ], [ -103.70644, 34.82319 ], [ -103.74301, 34.82222 ], [ -103.74774, 34.82341 ], [ -103.75058, 34.82222 ], [ -103.75157, 34.81997 ], [ -103.75478, 34.82119 ], [ -103.75809, 34.81898 ], [ -103.7602, 34.82076 ], [ -103.76396, 34.82054 ], [ -103.76601, 34.82301 ], [ -103.77019, 34.82201 ], [ -103.77362, 34.8234 ], [ -103.77302, 34.81991 ], [ -103.77734, 34.81735 ], [ -103.77819, 34.82001 ], [ -103.78098, 34.81809 ], [ -103.78148, 34.82327 ], [ -103.7845, 34.82136 ], [ -103.78473, 34.82345 ], [ -103.78894, 34.82465 ], [ -103.78504, 34.82852 ], [ -103.78905, 34.82866 ], [ -103.78888, 34.83026 ], [ -103.79076, 34.83121 ], [ -103.78988, 34.83226 ], [ -103.79385, 34.83221 ], [ -103.79639, 34.83476 ], [ -103.80185, 34.8346 ], [ -103.80115, 34.83751 ], [ -103.80703, 34.83769 ], [ -103.81011, 34.8403 ], [ -103.80777, 34.84112 ], [ -103.80829, 34.84224 ], [ -103.81132, 34.84349 ], [ -103.81201, 34.84194 ], [ -103.81434, 34.84265 ], [ -103.81372, 34.84147 ], [ -103.81567, 34.8402 ], [ -103.81967, 34.84126 ], [ -103.8239, 34.83865 ], [ -103.83157, 34.83973 ], [ -103.83356, 34.83538 ], [ -103.83949, 34.83365 ], [ -103.84468, 34.82924 ], [ -103.8491, 34.82687 ], [ -103.84978, 34.83064 ], [ -103.85371, 34.83129 ], [ -103.85778, 34.82806 ], [ -103.86398, 34.82939 ], [ -103.87105, 34.82851 ], [ -103.87444, 34.83056 ], [ -103.87724, 34.82904 ], [ -103.8872, 34.83207 ], [ -103.89565, 34.83025 ], [ -103.89566, 34.833 ], [ -103.89909, 34.83275 ], [ -103.89922, 34.83439 ], [ -103.90396, 34.83785 ], [ -103.91014, 34.83455 ], [ -103.91336, 34.82676 ], [ -103.91135, 34.82469 ], [ -103.91444, 34.824 ], [ -103.91573, 34.82734 ], [ -103.91441, 34.82719 ], [ -103.91629, 34.82854 ], [ -103.91526, 34.82871 ], [ -103.91673, 34.83269 ], [ -103.91523, 34.83353 ], [ -103.91691, 34.83355 ], [ -103.91699, 34.83834 ], [ -103.92174, 34.83842 ], [ -103.92409, 34.84323 ], [ -103.92663, 34.843 ], [ -103.92801, 34.8451 ], [ -103.92683, 34.85008 ], [ -103.93522, 34.85512 ], [ -103.93399, 34.85608 ], [ -103.93433, 34.85931 ], [ -103.94388, 34.86482 ], [ -103.94909, 34.86536 ], [ -103.95258, 34.87239 ], [ -103.95784, 34.87373 ], [ -103.96054, 34.87702 ], [ -103.96632, 34.87601 ], [ -103.96567, 34.87855 ], [ -103.9745, 34.87674 ], [ -103.97986, 34.87733 ], [ -103.9941, 34.88578 ], [ -104.00226, 34.88514 ], [ -104.00496, 34.8875 ], [ -104.00525, 34.88982 ], [ -104.01998, 34.89685 ], [ -104.02712, 34.896 ], [ -104.03337, 34.89869 ], [ -104.04032, 34.89838 ], [ -104.03767, 34.90141 ], [ -104.03956, 34.90218 ], [ -104.03784, 34.90295 ], [ -104.04288, 34.90279 ], [ -104.03654, 34.90635 ], [ -104.03877, 34.90609 ], [ -104.03832, 34.90806 ], [ -104.04242, 34.90676 ], [ -104.04631, 34.90293 ], [ -104.04964, 34.90544 ], [ -104.05246, 34.90494 ], [ -104.04865, 34.90774 ], [ -104.05179, 34.91017 ], [ -104.05018, 34.91136 ], [ -104.05392, 34.91385 ], [ -104.05706, 34.91053 ], [ -104.06117, 34.91041 ], [ -104.06133, 34.91272 ], [ -104.06519, 34.91188 ], [ -104.06857, 34.90913 ], [ -104.0703, 34.90145 ], [ -104.07559, 34.90108 ], [ -104.07652, 34.89838 ], [ -104.08668, 34.89588 ], [ -104.09219, 34.89076 ], [ -104.09746, 34.88965 ], [ -104.09792, 34.88762 ], [ -104.10147, 34.88838 ], [ -104.11542, 34.88026 ], [ -104.1176, 34.87714 ], [ -104.12294, 34.87718 ], [ -104.12886, 34.87085 ], [ -104.1292, 34.95415 ], [ -104.125, 34.95413 ], [ -104.125, 35.0 ], [ -104.12466, 35.0 ], [ -104.12457, 35.07287 ], [ -104.12431, 35.14213 ], [ -104.12429, 35.21555 ], [ -104.29324, 35.21589 ], [ -104.35374, 35.21594 ], [ -104.36006, 35.22161 ], [ -104.35958, 35.22557 ], [ -104.35696, 35.2266 ], [ -104.36006, 35.22789 ], [ -104.35794, 35.23354 ], [ -104.35515, 35.23384 ], [ -104.35298, 35.2371 ], [ -104.35197, 35.24431 ], [ -104.34851, 35.2439 ], [ -104.34695, 35.24635 ], [ -104.34352, 35.24555 ], [ -104.33933, 35.25037 ], [ -104.3371, 35.24963 ], [ -104.33087, 35.25844 ], [ -104.32825, 35.25897 ], [ -104.32825, 35.26089 ], [ -104.32331, 35.26346 ], [ -104.32155, 35.26934 ], [ -104.32241, 35.27189 ], [ -104.3168, 35.27173 ], [ -104.31348, 35.27427 ], [ -104.30831, 35.27486 ], [ -104.30809, 35.27688 ], [ -104.29803, 35.2767 ], [ -104.29611, 35.27729 ], [ -104.2958, 35.27947 ], [ -104.29052, 35.2791 ], [ -104.29309, 35.28144 ], [ -104.2903, 35.28308 ], [ -104.29245, 35.28547 ], [ -104.29169, 35.28767 ], [ -104.29426, 35.29046 ], [ -104.29527, 35.29474 ], [ -104.30781, 35.29793 ], [ -104.31116, 35.29429 ], [ -104.31152, 35.30168 ], [ -104.31281, 35.30239 ], [ -104.30873, 35.30656 ], [ -104.30208, 35.30656 ], [ -104.29811, 35.313 ], [ -104.30233, 35.31875 ], [ -104.30839, 35.31451 ], [ -104.31205, 35.31598 ], [ -104.30839, 35.32372 ], [ -104.30409, 35.32282 ], [ -104.29959, 35.32536 ], [ -104.29445, 35.32426 ], [ -104.28609, 35.3271 ], [ -104.2897, 35.32912 ], [ -104.28827, 35.33377 ], [ -104.29112, 35.33697 ], [ -104.29559, 35.33624 ], [ -104.3011, 35.33118 ], [ -104.30311, 35.33173 ], [ -104.30526, 35.33588 ], [ -104.30048, 35.33592 ], [ -104.29881, 35.33915 ], [ -104.29959, 35.34449 ], [ -104.29601, 35.35067 ], [ -104.29768, 35.35405 ], [ -104.29503, 35.36558 ], [ -104.28424, 35.37261 ], [ -104.27644, 35.375 ], [ -104.23749, 35.37672 ], [ -104.20417, 35.38479 ], [ -104.19856, 35.38727 ], [ -104.19507, 35.39093 ], [ -104.19368, 35.40014 ], [ -104.20061, 35.41256 ], [ -104.19545, 35.42014 ], [ -104.19689, 35.42576 ], [ -104.19491, 35.43543 ], [ -104.1956, 35.44105 ], [ -104.2016, 35.44542 ], [ -104.21396, 35.44632 ], [ -104.21409, 35.45431 ], [ -104.22028, 35.45383 ], [ -104.22169, 35.45503 ], [ -104.22072, 35.4588 ], [ -104.21666, 35.46367 ], [ -104.20874, 35.46269 ], [ -104.20942, 35.46919 ], [ -104.21294, 35.47379 ], [ -104.21597, 35.47498 ], [ -104.2282, 35.47027 ], [ -104.23571, 35.47215 ], [ -104.2398, 35.47559 ], [ -104.23719, 35.4843 ], [ -104.22835, 35.49175 ], [ -104.22376, 35.5 ], [ -104.22402, 35.51976 ], [ -104.236, 35.53514 ], [ -104.24042, 35.53216 ], [ -104.24078, 35.52561 ], [ -104.24372, 35.52579 ], [ -104.24684, 35.5287 ], [ -104.24883, 35.5347 ], [ -104.24398, 35.53692 ], [ -104.23782, 35.54338 ], [ -104.24484, 35.55575 ], [ -104.25163, 35.55801 ], [ -104.24877, 35.56559 ], [ -104.24288, 35.56814 ], [ -104.24034, 35.57153 ], [ -104.23843, 35.5713 ], [ -104.23751, 35.57577 ], [ -104.22772, 35.57623 ], [ -104.22234, 35.58031 ], [ -104.22153, 35.579 ], [ -104.21126, 35.58977 ], [ -104.21057, 35.58356 ], [ -104.20799, 35.58015 ], [ -104.20266, 35.57727 ], [ -104.2086, 35.56928 ], [ -104.2002, 35.56336 ], [ -104.18985, 35.55993 ], [ -104.19212, 35.55496 ], [ -104.19039, 35.55375 ], [ -104.18966, 35.54234 ], [ -104.18753, 35.53696 ], [ -104.18232, 35.53398 ], [ -104.18216, 35.5294 ], [ -104.17893, 35.53002 ], [ -104.17744, 35.5321 ], [ -104.17243, 35.53011 ], [ -104.16226, 35.53048 ], [ -104.15729, 35.5336 ], [ -104.15243, 35.52523 ], [ -104.15229, 35.51421 ], [ -104.14843, 35.51011 ], [ -104.1391, 35.52536 ], [ -104.13237, 35.52817 ], [ -104.13201, 35.52229 ], [ -104.12734, 35.51679 ], [ -104.12456, 35.51196 ], [ -104.12455, 35.5085 ], [ -104.12285, 35.50756 ], [ -104.1035, 35.5083 ], [ -104.08886, 35.51245 ], [ -104.06914, 35.506 ], [ -104.06606, 35.50231 ], [ -104.06415, 35.48817 ], [ -104.05584, 35.47166 ], [ -104.05483, 35.47043 ], [ -104.04735, 35.47127 ], [ -104.04408, 35.46882 ], [ -104.03971, 35.46937 ], [ -104.03602, 35.47347 ], [ -104.02877, 35.4706 ], [ -104.02964, 35.47239 ], [ -104.02619, 35.47527 ], [ -104.02129, 35.47569 ], [ -104.0202, 35.47841 ], [ -104.01401, 35.481 ], [ -104.01054, 35.47831 ], [ -104.00768, 35.47895 ], [ -103.99975, 35.47014 ], [ -103.99063, 35.47591 ], [ -103.98613, 35.48652 ], [ -103.9828, 35.48901 ], [ -103.95727, 35.48865 ], [ -103.94719, 35.49669 ], [ -103.92596, 35.49209 ], [ -103.9186, 35.49151 ], [ -103.91297, 35.49316 ], [ -103.90331, 35.48968 ], [ -103.89632, 35.48514 ], [ -103.88165, 35.48301 ], [ -103.87171, 35.48527 ], [ -103.86701, 35.48477 ], [ -103.8634, 35.48887 ], [ -103.85464, 35.49215 ], [ -103.84013, 35.49199 ], [ -103.83479, 35.4881 ], [ -103.83508, 35.48944 ], [ -103.83302, 35.48927 ], [ -103.83451, 35.49286 ], [ -103.83129, 35.49252 ], [ -103.83003, 35.49383 ], [ -103.83064, 35.4985 ], [ -103.82835, 35.50089 ], [ -103.82723, 35.50582 ], [ -103.82897, 35.509 ], [ -103.82622, 35.51012 ], [ -103.82782, 35.51317 ], [ -103.82573, 35.5156 ], [ -103.81012, 35.51729 ], [ -103.80589, 35.51937 ], [ -103.80418, 35.52272 ], [ -103.79188, 35.52438 ], [ -103.97634, 35.80166 ], [ -103.97906, 35.80042 ], [ -103.98045, 35.80143 ], [ -103.98055, 35.83955 ], [ -103.96242, 35.83983 ], [ -103.90288, 35.84031 ], [ -103.89971, 35.8361 ], [ -103.89133, 35.83644 ], [ -103.8913, 35.8401 ], [ -103.87799, 35.84023 ], [ -103.87364, 35.8422 ], [ -103.87332, 35.8376 ], [ -103.86824, 35.83946 ], [ -103.84554, 35.83374 ], [ -103.84205, 35.83692 ], [ -103.82549, 35.84192 ], [ -103.817, 35.83986 ], [ -103.8024, 35.84183 ], [ -103.79824, 35.84041 ], [ -103.79574, 35.83729 ], [ -103.78818, 35.83692 ], [ -103.78857, 35.83308 ], [ -103.78641, 35.83209 ], [ -103.78635, 35.83031 ], [ -103.78368, 35.83156 ], [ -103.7843, 35.82655 ], [ -103.77812, 35.82412 ], [ -103.77604, 35.81741 ], [ -103.77382, 35.81949 ], [ -103.77014, 35.81822 ], [ -103.76454, 35.82297 ], [ -103.75211, 35.82242 ], [ -103.678, 35.8402 ], [ -103.67791, 35.85149 ], [ -103.69493, 35.88655 ], [ -103.69293, 35.90649 ], [ -103.6953, 35.91377 ], [ -103.69557, 35.95072 ], [ -103.68843, 35.9475 ], [ -103.68756, 35.94127 ], [ -103.68156, 35.94079 ], [ -103.68184, 35.94439 ], [ -103.67964, 35.94711 ], [ -103.68252, 35.94732 ], [ -103.68483, 35.94542 ], [ -103.68522, 35.94979 ], [ -103.67669, 35.96071 ], [ -103.67545, 35.9682 ], [ -103.67198, 35.9695 ], [ -103.67266, 35.9753 ], [ -103.66998, 35.97802 ], [ -103.66573, 35.97733 ], [ -103.6602, 35.97889 ], [ -103.65857, 35.98315 ], [ -103.65586, 35.98372 ], [ -103.6564, 35.98594 ], [ -103.65488, 35.98766 ], [ -103.64608, 35.98965 ], [ -103.64067, 35.9945 ], [ -103.63041, 35.99811 ], [ -103.62678, 36.00118 ], [ -103.62542, 36.00501 ], [ -103.61246, 36.01017 ], [ -103.61382, 36.01454 ], [ -103.61058, 36.01708 ], [ -103.6092, 36.0212 ], [ -103.60599, 36.02146 ], [ -103.60698, 36.02452 ], [ -103.6054, 36.02441 ], [ -103.60427, 36.02849 ], [ -103.59991, 36.03178 ], [ -103.60005, 36.0338 ], [ -103.59568, 36.03559 ], [ -103.59354, 36.03943 ], [ -103.5941, 36.04115 ], [ -103.59227, 36.04101 ], [ -103.59188, 36.04349 ], [ -103.59019, 36.04415 ], [ -103.59162, 36.04582 ], [ -103.59053, 36.05056 ], [ -103.58548, 36.05505 ], [ -103.58303, 36.06137 ], [ -103.56586, 36.07589 ], [ -103.56583, 36.08294 ], [ -103.55288, 36.0831 ], [ -103.55281, 36.08661 ], [ -103.36447, 36.08634 ], [ -103.36452, 36.07218 ], [ -103.36442, 35.99866 ], [ -103.37444, 35.99858 ], [ -103.37448, 35.73997 ], [ -103.37478, 35.65241 ], [ -103.37881, 35.65243 ], [ -103.37947, 35.5204 ], [ -103.36476, 35.5196 ], [ -103.3586, 35.5158 ], [ -103.345, 35.51991 ], [ -103.34089, 35.51758 ], [ -103.34143, 35.51459 ], [ -103.34025, 35.51404 ], [ -103.32964, 35.5121 ], [ -103.32541, 35.51301 ], [ -103.32488, 35.51888 ], [ -103.31869, 35.5233 ], [ -103.3092, 35.5352 ], [ -103.29698, 35.53776 ], [ -103.29012, 35.53412 ], [ -103.28331, 35.54108 ], [ -103.2832, 35.54639 ], [ -103.27952, 35.5586 ], [ -103.27659, 35.56215 ], [ -103.26507, 35.5487 ], [ -103.24683, 35.54854 ], [ -103.24078, 35.53659 ], [ -103.23797, 35.53435 ], [ -103.20383, 35.53431 ], [ -103.20249, 35.53216 ], [ -103.19236, 35.53403 ], [ -103.14484, 35.53432 ], [ -103.13661, 35.53723 ], [ -103.12343, 35.54659 ], [ -103.11908, 35.53657 ], [ -103.11289, 35.53339 ], [ -103.09615, 35.55132 ], [ -103.096, 35.54832 ], [ -103.09023, 35.548 ], [ -103.07821, 35.53969 ], [ -103.07611, 35.54155 ], [ -103.06914, 35.54118 ], [ -103.06836, 35.54736 ], [ -103.0518, 35.56339 ], [ -103.05132, 35.57419 ], [ -103.04827, 35.57671 ], [ -103.04874, 35.58468 ], [ -103.05109, 35.58605 ], [ -103.05042, 35.58786 ], [ -103.04892, 35.58888 ], [ -103.04107, 35.58637 ], [ -103.04176, 35.39484 ], [ -103.04646, 35.38756 ], [ -103.0592, 35.38424 ], [ -103.07301, 35.37788 ], [ -103.07809, 35.37202 ], [ -103.07943, 35.36172 ], [ -103.08089, 35.36014 ], [ -103.08586, 35.35876 ], [ -103.09067, 35.36023 ], [ -103.09349, 35.36325 ], [ -103.09514, 35.36865 ], [ -103.0973, 35.36959 ], [ -103.10556, 35.36004 ], [ -103.10693, 35.35393 ], [ -103.11003, 35.35562 ], [ -103.11023, 35.36057 ], [ -103.1168, 35.36196 ], [ -103.12208, 35.35768 ], [ -103.12613, 35.35902 ], [ -103.12925, 35.36241 ], [ -103.12948, 35.36413 ], [ -103.12549, 35.36944 ], [ -103.12002, 35.37222 ], [ -103.1193, 35.37421 ], [ -103.12134, 35.37587 ], [ -103.13106, 35.37527 ], [ -103.14247, 35.37162 ], [ -103.14862, 35.3719 ], [ -103.15941, 35.3838 ], [ -103.1688, 35.38206 ], [ -103.17327, 35.38275 ], [ -103.17232, 35.38774 ], [ -103.17349, 35.38978 ], [ -103.19983, 35.38213 ], [ -103.20187, 35.38609 ], [ -103.1988, 35.38978 ], [ -103.19841, 35.39289 ], [ -103.20112, 35.39605 ], [ -103.2052, 35.39204 ], [ -103.21909, 35.38655 ], [ -103.22432, 35.38572 ], [ -103.23187, 35.3873 ], [ -103.23595, 35.38047 ], [ -103.23708, 35.375 ], [ -103.23921, 35.37334 ], [ -103.24273, 35.37456 ], [ -103.24713, 35.37898 ], [ -103.2574, 35.38306 ], [ -103.26081, 35.38297 ], [ -103.26305, 35.37926 ], [ -103.25964, 35.37133 ], [ -103.26378, 35.36766 ], [ -103.2699, 35.37083 ], [ -103.26766, 35.37777 ], [ -103.27006, 35.3802 ], [ -103.27451, 35.37447 ], [ -103.29385, 35.37012 ], [ -103.29735, 35.37044 ], [ -103.29819, 35.37223 ], [ -103.29187, 35.3773 ], [ -103.29254, 35.37917 ], [ -103.29984, 35.37844 ], [ -103.30596, 35.38053 ], [ -103.3198, 35.38183 ], [ -103.32737, 35.37769 ], [ -103.32821, 35.3792 ], [ -103.32366, 35.38169 ], [ -103.32321, 35.38691 ], [ -103.3373, 35.39319 ], [ -103.34781, 35.38664 ], [ -103.35637, 35.38915 ], [ -103.3652, 35.38411 ], [ -103.37342, 35.38521 ], [ -103.37782, 35.37653 ], [ -103.37455, 35.36814 ], [ -103.38031, 35.36521 ] ] ] } },
{ "type": "Feature", "properties": { "HSA93": 37001, "HSANAME": "OK- ADA", "STATE": 37, "HRR93": 339, "HRR93_NAME": "OK- OKLAHOMA CITY", "Persons90": 43680, "hosp_cnt": 2, "HSA_label": "Ada" }, "geometry": { "type": "Polygon", "coordinates": [ [ [ -96.37182, 34.68002 ], [ -96.37201, 34.6518 ], [ -96.37635, 34.64904 ], [ -96.37746, 34.64385 ], [ -96.37984, 34.64353 ], [ -96.37954, 34.64099 ], [ -96.38114, 34.64033 ], [ -96.3799, 34.63907 ], [ -96.38311, 34.63383 ], [ -96.38945, 34.63183 ], [ -96.38939, 34.61421 ], [ -96.39146, 34.61422 ], [ -96.39453, 34.61131 ], [ -96.3937, 34.60964 ], [ -96.39625, 34.60925 ], [ -96.39476, 34.60376 ], [ -96.397, 34.60032 ], [ -96.39551, 34.5998 ], [ -96.39493, 34.59682 ], [ -96.39745, 34.59529 ], [ -96.39465, 34.5933 ], [ -96.39579, 34.58913 ], [ -96.39067, 34.58691 ], [ -96.39186, 34.58178 ], [ -96.39494, 34.58087 ], [ -96.39472, 34.5718 ], [ -96.38404, 34.56701 ], [ -96.38593, 34.56042 ], [ -96.38391, 34.56037 ], [ -96.38405, 34.55857 ], [ -96.37882, 34.55838 ], [ -96.38142, 34.55305 ], [ -96.37921, 34.55213 ], [ -96.38029, 34.55071 ], [ -96.3775, 34.5511 ], [ -96.37642, 34.547 ], [ -96.37425, 34.54879 ], [ -96.37458, 34.54579 ], [ -96.3725, 34.54607 ], [ -96.37319, 34.54357 ], [ -96.37109, 34.54218 ], [ -96.36971, 34.54309 ], [ -96.36884, 34.53836 ], [ -96.37144, 34.53865 ], [ -96.36923, 34.53591 ], [ -96.37202, 34.53607 ], [ -96.36865, 34.53421 ], [ -96.37014, 34.53254 ], [ -96.36685, 34.53149 ], [ -96.36748, 34.52886 ], [ -96.36577, 34.52922 ], [ -96.36422, 34.52623 ], [ -96.36529, 34.52096 ], [ -96.36172, 34.51833 ], [ -96.36291, 34.51748 ], [ -96.36205, 34.51281 ], [ -96.35868, 34.50931 ], [ -96.35641, 34.51023 ], [ -96.35323, 34.50146 ], [ -96.34882, 34.4973 ], [ -96.34824, 34.4903 ], [ -96.34973, 34.48888 ], [ -96.34794, 34.48783 ], [ -96.34854, 34.48558 ], [ -96.34417, 34.48103 ], [ -96.34672, 34.4778 ], [ -96.34691, 34.46784 ], [ -96.35268, 34.46315 ], [ -96.35038, 34.45814 ], [ -96.34663, 34.45569 ], [ -96.34928, 34.45459 ], [ -96.35099, 34.45118 ], [ -96.35251, 34.45159 ], [ -96.3527, 34.44937 ], [ -96.35544, 34.44902 ], [ -96.35353, 34.4463 ], [ -96.35444, 34.44266 ], [ -96.34767, 34.44465 ], [ -96.34886, 34.44241 ], [ -96.34767, 34.44083 ], [ -96.3438, 34.4406 ], [ -96.34391, 34.43726 ], [ -96.34811, 34.43749 ], [ -96.34493, 34.43511 ], [ -96.34275, 34.4358 ], [ -96.34369, 34.4331 ], [ -96.34645, 34.43291 ], [ -96.34474, 34.43156 ], [ -96.3462, 34.42982 ], [ -96.34421, 34.4301 ], [ -96.34098, 34.42682 ], [ -96.34363, 34.42573 ], [ -96.34385, 34.42353 ], [ -96.34109, 34.42209 ], [ -96.34416, 34.42112 ], [ -96.3428, 34.41966 ], [ -96.34556, 34.41975 ], [ -96.34603, 34.41825 ], [ -96.40706, 34.41845 ], [ -96.51351, 34.41954 ], [ -96.51359, 34.5053 ], [ -96.63425, 34.5056 ], [ -96.827, 34.5059 ], [ -96.82886, 34.5059 ], [ -96.85897, 34.50604 ], [ -96.85902, 34.51749 ], [ -96.86083, 34.51746 ], [ -96.86394, 34.52356 ], [ -96.875, 34.5245 ], [ -96.87886, 34.52705 ], [ -96.88365, 34.52774 ], [ -96.88727, 34.5256 ], [ -96.89609, 34.52498 ], [ -96.90143, 34.51945 ], [ -96.90663, 34.51967 ], [ -96.93208, 34.53386 ], [ -96.93213, 34.59301 ], [ -96.93216, 34.63664 ], [ -97.07209, 34.63689 ], [ -97.08962, 34.63696 ], [ -97.08977, 34.6659 ], [ -97.08981, 34.69484 ], [ -97.07223, 34.69489 ], [ -97.07329, 34.71511 ], [ -97.07224, 34.7528 ], [ -97.05676, 34.75298 ], [ -97.05479, 34.75525 ], [ -97.05428, 34.85483 ], [ -96.93233, 34.85439 ], [ -96.93053, 34.85448 ], [ -96.93029, 34.96429 ], [ -96.92951, 34.96444 ], [ -96.92398, 34.96373 ], [ -96.91166, 34.95868 ], [ -96.9044, 34.94687 ], [ -96.89934, 34.94327 ], [ -96.88861, 34.9274 ], [ -96.8851, 34.92617 ], [ -96.87602, 34.92595 ], [ -96.85819, 34.92965 ], [ -96.85208, 34.92869 ], [ -96.84108, 34.93372 ], [ -96.83048, 34.94183 ], [ -96.82119, 34.94603 ], [ -96.81557, 34.94566 ], [ -96.80523, 34.93817 ], [ -96.79791, 34.92991 ], [ -96.79879, 34.90632 ], [ -96.78742, 34.89971 ], [ -96.77968, 34.89877 ], [ -96.77486, 34.90014 ], [ -96.77544, 34.91885 ], [ -96.77542, 34.92121 ], [ -96.77537, 34.92698 ], [ -96.77508, 35.01402 ], [ -96.77514, 35.08201 ], [ -96.75964, 35.0843 ], [ -96.75705, 35.08288 ], [ -96.75822, 35.08038 ], [ -96.75572, 35.07665 ], [ -96.75257, 35.07729 ], [ -96.74522, 35.07491 ], [ -96.74121, 35.07629 ], [ -96.73208, 35.07325 ], [ -96.72779, 35.07499 ], [ -96.72294, 35.06814 ], [ -96.71955, 35.06737 ], [ -96.72108, 35.06583 ], [ -96.71776, 35.06391 ], [ -96.71623, 35.06709 ], [ -96.71392, 35.06668 ], [ -96.71122, 35.06961 ], [ -96.70549, 35.06831 ], [ -96.70025, 35.06449 ], [ -96.7, 35.05988 ], [ -96.69786, 35.05842 ], [ -96.68653, 35.05837 ], [ -96.68107, 35.05496 ], [ -96.67801, 35.05569 ], [ -96.67812, 35.05379 ], [ -96.67194, 35.0513 ], [ -96.66997, 35.0477 ], [ -96.66214, 35.04663 ], [ -96.66259, 35.0448 ], [ -96.66073, 35.04317 ], [ -96.66426, 35.04331 ], [ -96.66451, 35.04177 ], [ -96.66821, 35.04003 ], [ -96.6681, 35.03836 ], [ -96.66593, 35.03637 ], [ -96.66501, 35.03765 ], [ -96.65625, 35.03442 ], [ -96.65589, 35.03113 ], [ -96.65238, 35.03078 ], [ -96.64798, 35.03589 ], [ -96.64587, 35.03705 ], [ -96.64431, 35.03547 ], [ -96.64358, 35.03675 ], [ -96.64158, 35.03188 ], [ -96.63685, 35.02824 ], [ -96.63694, 35.02352 ], [ -96.63085, 35.01999 ], [ -96.62901, 35.02125 ], [ -96.63062, 35.02269 ], [ -96.62611, 35.02967 ], [ -96.61863, 35.02723 ], [ -96.61835, 35.02219 ], [ -96.61284, 35.02121 ], [ -96.61615, 35.01727 ], [ -96.61378, 35.01622 ], [ -96.61556, 35.01384 ], [ -96.60607, 35.01153 ], [ -96.60399, 35.01268 ], [ -96.60482, 35.00968 ], [ -96.5963, 35.00297 ], [ -96.59591, 35.00012 ], [ -96.54672, 34.99956 ], [ -96.54633, 35.02875 ], [ -96.50256, 35.02869 ], [ -96.50254, 35.01976 ], [ -96.50566, 35.01423 ], [ -96.49036, 35.01417 ], [ -96.4905, 34.9105 ], [ -96.48112, 34.91488 ], [ -96.46998, 34.91691 ], [ -96.4555, 34.9137 ], [ -96.43229, 34.90355 ], [ -96.426, 34.9032 ], [ -96.4224, 34.9052 ], [ -96.4147, 34.9144 ], [ -96.40596, 34.93226 ], [ -96.39673, 34.94115 ], [ -96.38116, 34.95232 ], [ -96.36864, 34.96703 ], [ -96.36425, 34.96941 ], [ -96.36199, 34.97501 ], [ -96.36258, 34.98386 ], [ -96.35719, 35.0 ], [ -96.36143, 35.0 ], [ -96.35626, 35.00636 ], [ -96.34027, 35.00811 ], [ -96.32207, 35.00379 ], [ -96.31161, 34.99146 ], [ -96.30392, 34.98842 ], [ -96.299, 34.98093 ], [ -96.29556, 34.97868 ], [ -96.29206, 34.97319 ], [ -96.28416, 34.96897 ], [ -96.27571, 34.96734 ], [ -96.26992, 34.96784 ], [ -96.2584, 34.97308 ], [ -96.25, 34.9739 ], [ -96.24777, 34.97651 ], [ -96.24227, 34.97576 ], [ -96.24024, 34.96637 ], [ -96.24479, 34.95549 ], [ -96.23967, 34.94817 ], [ -96.24198, 34.94488 ], [ -96.24292, 34.9387 ], [ -96.24836, 34.9321 ], [ -96.24719, 34.92691 ], [ -96.2474, 34.87327 ], [ -96.24359, 34.86636 ], [ -96.24951, 34.85446 ], [ -96.24902, 34.83216 ], [ -96.13876, 34.78132 ], [ -96.12759, 34.78172 ], [ -96.09254, 34.76749 ], [ -96.25789, 34.76691 ], [ -96.31622, 34.76674 ], [ -96.31261, 34.75866 ], [ -96.31458, 34.74785 ], [ -96.31899, 34.73989 ], [ -96.31926, 34.69427 ], [ -96.37186, 34.69444 ], [ -96.37182, 34.68002 ] ] ] } },
{ "type": "Feature", "properties": { "HSA93": 37002, "HSANAME": "OK- ALTUS", "STATE": 37, "HRR93": 339, "HRR93_NAME": "OK- OKLAHOMA CITY", "Persons90": 30897, "hosp_cnt": 1, "HSA_label": "Altus" }, "geometry": { "type": "Polygon", "coordinates": [ [ [ -99.42304, 34.76904 ], [ -99.40533, 34.76895 ], [ -99.40542, 34.81297 ], [ -99.33441, 34.81284 ], [ -99.24606, 34.81193 ], [ -99.2461, 34.82205 ], [ -99.24088, 34.8169 ], [ -99.23474, 34.81587 ], [ -99.23152, 34.81851 ], [ -99.23047, 34.82536 ], [ -99.22667, 34.82838 ], [ -99.22036, 34.82949 ], [ -99.21203, 34.82635 ], [ -99.21069, 34.82946 ], [ -99.2145, 34.83462 ], [ -99.214, 34.8375 ], [ -99.20881, 34.83973 ], [ -99.19983, 34.83778 ], [ -99.19186, 34.84497 ], [ -99.19281, 34.85647 ], [ -99.18272, 34.85943 ], [ -99.17472, 34.85714 ], [ -99.16961, 34.84802 ], [ -99.15613, 34.84767 ], [ -99.14888, 34.85014 ], [ -99.14457, 34.84978 ], [ -99.1448, 34.84597 ], [ -99.15119, 34.84151 ], [ -99.15303, 34.83427 ], [ -99.1517, 34.83189 ], [ -99.14409, 34.82937 ], [ -99.14459, 34.82676 ], [ -99.14748, 34.82559 ], [ -99.15331, 34.82761 ], [ -99.15156, 34.81744 ], [ -99.15337, 34.80498 ], [ -99.14863, 34.79815 ], [ -99.14907, 34.79471 ], [ -99.15332, 34.79194 ], [ -99.16315, 34.79259 ], [ -99.16507, 34.78835 ], [ -99.16448, 34.78305 ], [ -99.10581, 34.78294 ], [ -99.10572, 34.76826 ], [ -99.04247, 34.76836 ], [ -99.04532, 34.76219 ], [ -99.04055, 34.7555 ], [ -99.04066, 34.7528 ], [ -99.03761, 34.75381 ], [ -99.03497, 34.75259 ], [ -99.03078, 34.74794 ], [ -99.03126, 34.74214 ], [ -99.02823, 34.73667 ], [ -99.02926, 34.73523 ], [ -99.02171, 34.73534 ], [ -99.02391, 34.73774 ], [ -99.0206, 34.74308 ], [ -99.01575, 34.74161 ], [ -99.01821, 34.74929 ], [ -99.01716, 34.75185 ], [ -99.01305, 34.74821 ], [ -99.00989, 34.74931 ], [ -99.00049, 34.7469 ], [ -98.99708, 34.74866 ], [ -98.9965, 34.74626 ], [ -98.99497, 34.74761 ], [ -98.98997, 34.74667 ], [ -98.98661, 34.73898 ], [ -98.9862, 34.74326 ], [ -98.98764, 34.74603 ], [ -98.98493, 34.74922 ], [ -98.96766, 34.74764 ], [ -98.96118, 34.75442 ], [ -98.95484, 34.76859 ], [ -98.86094, 34.76871 ], [ -98.8612, 34.7398 ], [ -98.82579, 34.7397 ], [ -98.82592, 34.68138 ], [ -98.8659, 34.68178 ], [ -98.86871, 34.68551 ], [ -98.87864, 34.68136 ], [ -98.98145, 34.6813 ], [ -98.98558, 34.6881 ], [ -99.00095, 34.681 ], [ -99.03524, 34.68112 ], [ -99.03513, 34.69726 ], [ -99.03693, 34.69013 ], [ -99.03688, 34.68662 ], [ -99.04401, 34.68259 ], [ -99.04423, 34.68112 ], [ -99.04154, 34.67945 ], [ -99.04365, 34.67689 ], [ -99.07872, 34.67318 ], [ -99.08543, 34.67579 ], [ -99.09344, 34.67127 ], [ -99.09496, 34.66884 ], [ -99.09634, 34.64685 ], [ -99.1028, 34.63792 ], [ -99.00067, 34.63775 ], [ -99.00054, 34.59427 ], [ -99.01791, 34.59414 ], [ -99.0177, 34.50726 ], [ -99.08002, 34.50722 ], [ -99.08003, 34.46432 ], [ -99.13202, 34.46442 ], [ -99.13218, 34.43553 ], [ -99.19319, 34.43539 ], [ -99.19803, 34.43293 ], [ -99.1925, 34.42606 ], [ -99.1904, 34.42082 ], [ -99.19306, 34.4163 ], [ -99.19259, 34.41067 ], [ -99.19681, 34.40497 ], [ -99.1996, 34.39711 ], [ -99.19825, 34.39205 ], [ -99.19919, 34.38776 ], [ -99.20126, 34.38632 ], [ -99.19902, 34.3794 ], [ -99.20413, 34.37439 ], [ -99.20242, 34.36981 ], [ -99.20131, 34.36257 ], [ -99.19407, 34.35801 ], [ -99.19239, 34.35478 ], [ -99.19196, 34.34664 ], [ -99.19492, 34.34152 ], [ -99.19792, 34.33954 ], [ -99.21059, 34.33676 ], [ -99.21443, 34.34084 ], [ -99.22579, 34.33965 ], [ -99.23225, 34.3423 ], [ -99.23291, 34.34402 ], [ -99.22774, 34.34938 ], [ -99.23389, 34.35338 ], [ -99.23689, 34.36101 ], [ -99.23623, 34.36572 ], [ -99.2373, 34.36662 ], [ -99.2442, 34.36361 ], [ -99.24675, 34.36469 ], [ -99.24786, 34.36734 ], [ -99.24259, 34.37259 ], [ -99.24861, 34.3759 ], [ -99.25436, 34.37233 ], [ -99.25834, 34.37255 ], [ -99.25949, 34.37751 ], [ -99.26951, 34.38075 ], [ -99.27457, 34.38482 ], [ -99.2736, 34.38748 ], [ -99.26415, 34.38801 ], [ -99.25862, 34.39116 ], [ -99.26152, 34.39495 ], [ -99.26096, 34.40342 ], [ -99.26599, 34.40539 ], [ -99.27199, 34.40072 ], [ -99.27973, 34.40056 ], [ -99.28285, 34.40285 ], [ -99.28251, 34.40739 ], [ -99.28525, 34.41227 ], [ -99.29429, 34.4153 ], [ -99.30891, 34.40962 ], [ -99.31924, 34.40879 ], [ -99.32831, 34.42231 ], [ -99.33367, 34.42746 ], [ -99.33965, 34.43007 ], [ -99.35635, 34.44207 ], [ -99.35486, 34.44885 ], [ -99.35453, 34.45228 ], [ -99.35843, 34.45579 ], [ -99.36925, 34.45862 ], [ -99.37658, 34.45853 ], [ -99.38065, 34.45686 ], [ -99.38864, 34.44685 ], [ -99.39459, 34.44202 ], [ -99.39551, 34.43497 ], [ -99.39244, 34.43192 ], [ -99.39269, 34.42761 ], [ -99.39665, 34.42393 ], [ -99.39654, 34.41861 ], [ -99.38656, 34.41087 ], [ -99.39492, 34.39813 ], [ -99.39589, 34.38118 ], [ -99.39988, 34.37454 ], [ -99.40848, 34.3727 ], [ -99.41355, 34.37775 ], [ -99.42007, 34.38039 ], [ -99.42125, 34.38421 ], [ -99.42424, 34.38584 ], [ -99.42684, 34.38515 ], [ -99.42935, 34.38103 ], [ -99.42867, 34.37583 ], [ -99.43047, 34.374 ], [ -99.4304, 34.3711 ], [ -99.43582, 34.37053 ], [ -99.44001, 34.37277 ], [ -99.45228, 34.38817 ], [ -99.45391, 34.38866 ], [ -99.4548, 34.38611 ], [ -99.45441, 34.38128 ], [ -99.46007, 34.3805 ], [ -99.46336, 34.39365 ], [ -99.46776, 34.39665 ], [ -99.47445, 34.39594 ], [ -99.48685, 34.39788 ], [ -99.49863, 34.4091 ], [ -99.50654, 34.40944 ], [ -99.51502, 34.41426 ], [ -99.52942, 34.41138 ], [ -99.54116, 34.41317 ], [ -99.54887, 34.41264 ], [ -99.56477, 34.41793 ], [ -99.574, 34.41821 ], [ -99.57969, 34.41658 ], [ -99.584, 34.40808 ], [ -99.58416, 34.39113 ], [ -99.58585, 34.38733 ], [ -99.59966, 34.37461 ], [ -99.60689, 34.37685 ], [ -99.62383, 34.3735 ], [ -99.63054, 34.37593 ], [ -99.63349, 34.37868 ], [ -99.64614, 34.38247 ], [ -99.65382, 34.37644 ], [ -99.66234, 34.37361 ], [ -99.67791, 34.37972 ], [ -99.6946, 34.37826 ], [ -99.70004, 34.38463 ], [ -99.70629, 34.38591 ], [ -99.71231, 34.39085 ], [ -99.71447, 34.39445 ], [ -99.71472, 34.40068 ], [ -99.71989, 34.40622 ], [ -99.72666, 34.41048 ], [ -99.74054, 34.41469 ], [ -99.74275, 34.41721 ], [ -99.74631, 34.41732 ], [ -99.74842, 34.41968 ], [ -99.75388, 34.42122 ], [ -99.75924, 34.4266 ], [ -99.76686, 34.43043 ], [ -99.76451, 34.43519 ], [ -99.76523, 34.43742 ], [ -99.77537, 34.44415 ], [ -99.78261, 34.44429 ], [ -99.78571, 34.45103 ], [ -99.79331, 34.45382 ], [ -99.80249, 34.4656 ], [ -99.81394, 34.47614 ], [ -99.81837, 34.48491 ], [ -99.81643, 34.49013 ], [ -99.82147, 34.49778 ], [ -99.83253, 34.5 ], [ -99.84421, 34.50685 ], [ -99.6662, 34.50706 ], [ -99.66623, 34.60842 ], [ -99.66653, 34.72458 ], [ -99.42283, 34.72497 ], [ -99.42479, 34.72785 ], [ -99.42868, 34.7282 ], [ -99.43226, 34.73056 ], [ -99.43944, 34.7265 ], [ -99.44224, 34.73017 ], [ -99.44097, 34.73337 ], [ -99.43668, 34.7364 ], [ -99.4393, 34.74118 ], [ -99.43814, 34.74804 ], [ -99.44043, 34.75997 ], [ -99.43653, 34.76571 ], [ -99.43695, 34.76907 ], [ -99.42304, 34.76904 ] ] ] } },
{ "type": "Feature", "properties": { "HSA93": 37003, "HSANAME": "OK- ALVA", "STATE": 37, "HRR93": 339, "HRR93_NAME": "OK- OKLAHOMA CITY", "Persons90": 8775, "hosp_cnt": 1, "HSA_label": "Alva" }, "geometry": { "type": "Polygon", "coordinates": [ [ [ -98.54009, 36.72461 ], [ -98.50399, 36.72455 ], [ -98.50416, 36.65203 ], [ -98.50423, 36.59417 ], [ -98.53305, 36.59423 ], [ -98.54012, 36.59425 ], [ -98.62284, 36.59419 ], [ -98.62278, 36.54991 ], [ -98.6226, 36.46303 ], [ -98.58699, 36.46318 ], [ -98.58698, 36.42668 ], [ -98.58318, 36.41867 ], [ -98.58072, 36.41638 ], [ -98.57783, 36.41739 ], [ -98.57712, 36.40974 ], [ -98.57496, 36.40779 ], [ -98.56021, 36.40953 ], [ -98.55686, 36.4085 ], [ -98.55657, 36.40204 ], [ -98.59946, 36.39105 ], [ -98.625, 36.39256 ], [ -98.64391, 36.39713 ], [ -98.66242, 36.40454 ], [ -98.69913, 36.41598 ], [ -98.70886, 36.42192 ], [ -98.71818, 36.43746 ], [ -98.72645, 36.4453 ], [ -98.74351, 36.44861 ], [ -98.76267, 36.4468 ], [ -98.78498, 36.45052 ], [ -98.80745, 36.46071 ], [ -98.81909, 36.47096 ], [ -98.84328, 36.50621 ], [ -98.95996, 36.50688 ], [ -98.9596, 36.59896 ], [ -98.97354, 36.60148 ], [ -98.98843, 36.61558 ], [ -98.9999, 36.62942 ], [ -99.00971, 36.63324 ], [ -99.01258, 36.64021 ], [ -99.02217, 36.6424 ], [ -99.02454, 36.65122 ], [ -99.02193, 36.65815 ], [ -99.02378, 36.66156 ], [ -99.03541, 36.66874 ], [ -99.03877, 36.67368 ], [ -99.04043, 36.68025 ], [ -99.04806, 36.68679 ], [ -99.04397, 36.69492 ], [ -99.04919, 36.69966 ], [ -99.05817, 36.71273 ], [ -99.06253, 36.716 ], [ -99.07531, 36.71696 ], [ -99.08411, 36.72155 ], [ -99.09535, 36.73672 ], [ -99.09707, 36.74203 ], [ -99.10351, 36.74454 ], [ -99.10737, 36.75042 ], [ -99.12618, 36.76254 ], [ -99.12789, 36.76938 ], [ -99.13948, 36.78301 ], [ -99.1649, 36.79061 ], [ -99.18244, 36.78724 ], [ -99.20535, 36.7911 ], [ -99.21018, 36.79066 ], [ -99.21738, 36.78678 ], [ -99.22945, 36.78813 ], [ -99.25286, 36.78535 ], [ -99.26983, 36.7897 ], [ -99.27825, 36.79679 ], [ -99.29329, 36.80524 ], [ -99.2948, 36.81954 ], [ -99.2987, 36.82388 ], [ -99.30899, 36.82971 ], [ -99.31036, 36.83469 ], [ -99.31616, 36.84049 ], [ -99.31845, 36.8481 ], [ -99.31304, 36.85389 ], [ -99.3139, 36.85616 ], [ -99.32439, 36.85809 ], [ -99.32987, 36.86294 ], [ -99.35603, 36.87199 ], [ -99.36623, 36.87815 ], [ -99.37176, 36.87817 ], [ -99.37442, 36.88021 ], [ -99.37732, 36.88592 ], [ -99.38437, 36.89248 ], [ -99.38792, 36.90155 ], [ -99.38659, 36.90585 ], [ -99.39709, 36.92077 ], [ -99.40704, 36.9273 ], [ -99.42013, 36.94111 ], [ -99.4244, 36.94767 ], [ -99.42783, 36.9553 ], [ -99.42744, 36.96197 ], [ -99.43366, 36.97004 ], [ -99.4388, 36.98035 ], [ -99.4408, 36.99341 ], [ -99.44456, 36.99567 ], [ -99.45108, 36.99478 ], [ -99.45581, 36.99944 ], [ -99.39628, 36.99981 ], [ -99.01329, 36.99952 ], [ -99.00047, 36.99956 ], [ -98.81644, 36.99929 ], [ -98.81324, 36.99893 ], [ -98.81356, 36.99075 ], [ -98.80913, 36.98791 ], [ -98.81107, 36.98764 ], [ -98.81461, 36.98333 ], [ -98.81493, 36.98036 ], [ -98.80788, 36.981 ], [ -98.80217, 36.97553 ], [ -98.79803, 36.9682 ], [ -98.78297, 36.96362 ], [ -98.77424, 36.95459 ], [ -98.77513, 36.95244 ], [ -98.77835, 36.95164 ], [ -98.77904, 36.94637 ], [ -98.77573, 36.94328 ], [ -98.77051, 36.94626 ], [ -98.76877, 36.94399 ], [ -98.77285, 36.93909 ], [ -98.77263, 36.93488 ], [ -98.77468, 36.93378 ], [ -98.77665, 36.93712 ], [ -98.77884, 36.93621 ], [ -98.7748, 36.9305 ], [ -98.77195, 36.92856 ], [ -98.76687, 36.92844 ], [ -98.75843, 36.93031 ], [ -98.75443, 36.93437 ], [ -98.75081, 36.93432 ], [ -98.74439, 36.92576 ], [ -98.74741, 36.91399 ], [ -98.74439, 36.91236 ], [ -98.73951, 36.91427 ], [ -98.73609, 36.91276 ], [ -98.73959, 36.90444 ], [ -98.73497, 36.89931 ], [ -98.73747, 36.89702 ], [ -98.73012, 36.89698 ], [ -98.7263, 36.89426 ], [ -98.72627, 36.89208 ], [ -98.7314, 36.88858 ], [ -98.73108, 36.88691 ], [ -98.72692, 36.88457 ], [ -98.72105, 36.88393 ], [ -98.71526, 36.87963 ], [ -98.70078, 36.87833 ], [ -98.69387, 36.875 ], [ -98.69938, 36.85373 ], [ -98.69679, 36.8478 ], [ -98.68978, 36.85073 ], [ -98.68066, 36.85215 ], [ -98.67209, 36.84849 ], [ -98.67155, 36.84331 ], [ -98.66568, 36.84411 ], [ -98.66568, 36.84111 ], [ -98.53997, 36.84084 ], [ -98.5399, 36.82172 ], [ -98.54009, 36.72461 ] ] ] } },
{ "type": "Feature", "properties": { "HSA93": 37004, "HSANAME": "OK- ANADARKO", "STATE": 37, "HRR93": 336, "HRR93_NAME": "OK- LAWTON", "Persons90": 10332, "hosp_cnt": 1, "HSA_label": "Anadarko" }, "geometry": { "type": "Polygon", "coordinates": [ [ [ -98.35638, 34.97097 ], [ -98.35637, 35.01159 ], [ -98.35501, 35.01455 ], [ -98.374, 35.01463 ], [ -98.37427, 35.04338 ], [ -98.35667, 35.04343 ], [ -98.35671, 35.07243 ], [ -98.36535, 35.0724 ], [ -98.36292, 35.07471 ], [ -98.36496, 35.07707 ], [ -98.36167, 35.07872 ], [ -98.36, 35.07719 ], [ -98.36217, 35.07584 ], [ -98.35997, 35.07421 ], [ -98.35822, 35.07456 ], [ -98.35827, 35.07902 ], [ -98.35552, 35.07916 ], [ -98.3568, 35.07538 ], [ -98.35373, 35.07669 ], [ -98.35608, 35.08264 ], [ -98.3624, 35.08445 ], [ -98.36371, 35.08133 ], [ -98.36491, 35.08353 ], [ -98.36282, 35.0872 ], [ -98.35449, 35.0907 ], [ -98.35789, 35.09254 ], [ -98.35661, 35.09572 ], [ -98.36143, 35.09569 ], [ -98.3618, 35.09741 ], [ -98.3589, 35.10057 ], [ -98.35408, 35.09977 ], [ -98.35344, 35.10248 ], [ -98.35692, 35.10335 ], [ -98.35656, 35.10593 ], [ -98.35462, 35.10637 ], [ -98.35459, 35.11718 ], [ -98.25302, 35.11719 ], [ -98.25477, 35.12695 ], [ -98.25114, 35.1315 ], [ -98.24963, 35.13739 ], [ -98.24927, 35.15995 ], [ -98.25675, 35.16549 ], [ -98.25725, 35.1749 ], [ -98.24909, 35.17497 ], [ -98.24908, 35.20381 ], [ -98.23708, 35.20388 ], [ -98.23563, 35.20727 ], [ -98.23554, 35.24717 ], [ -98.24661, 35.24711 ], [ -98.24147, 35.25639 ], [ -98.24136, 35.2621 ], [ -98.23296, 35.2738 ], [ -98.22587, 35.29061 ], [ -98.18278, 35.2906 ], [ -98.18328, 35.27629 ], [ -98.18016, 35.27548 ], [ -98.13022, 35.27611 ], [ -98.13001, 35.30506 ], [ -98.09491, 35.30518 ], [ -98.09451, 35.2327 ], [ -98.09456, 35.20366 ], [ -98.09093, 35.20359 ], [ -98.09076, 35.11656 ], [ -98.09264, 35.06483 ], [ -98.09276, 35.01389 ], [ -98.1279, 35.0139 ], [ -98.12785, 34.99957 ], [ -98.18051, 34.99957 ], [ -98.18043, 34.97061 ], [ -98.23346, 34.97081 ], [ -98.23339, 34.94193 ], [ -98.26856, 34.94197 ], [ -98.26874, 34.95281 ], [ -98.27651, 34.95277 ], [ -98.27812, 34.95641 ], [ -98.28624, 34.95643 ], [ -98.28629, 34.97084 ], [ -98.35638, 34.97097 ] ] ] } },
{ "type": "Feature", "properties": { "HSA93": 37005, "HSANAME": "OK- ANTLERS", "STATE": 37, "HRR93": 339, "HRR93_NAME": "OK- OKLAHOMA CITY", "Persons90": 9995, "hosp_cnt": 1, "HSA_label": "Antlers" }, "geometry": { "type": "Polygon", "coordinates": [ [ [ -95.67931, 34.50673 ], [ -95.67145, 34.5067 ], [ -95.67172, 34.59375 ], [ -95.51406, 34.59405 ], [ -95.51426, 34.68104 ], [ -95.38799, 34.68082 ], [ -95.38729, 34.68082 ], [ -95.38689, 34.68082 ], [ -95.357, 34.68098 ], [ -95.3422, 34.68084 ], [ -95.324, 34.68085 ], [ -95.2435, 34.68045 ], [ -95.24578, 34.67404 ], [ -95.25278, 34.67397 ], [ -95.25894, 34.671 ], [ -95.25797, 34.66251 ], [ -95.27338, 34.65164 ], [ -95.27402, 34.64184 ], [ -95.27907, 34.64154 ], [ -95.27656, 34.62295 ], [ -95.23769, 34.62276 ], [ -95.2474, 34.6161 ], [ -95.26499, 34.61578 ], [ -95.26765, 34.61221 ], [ -95.27754, 34.61205 ], [ -95.26779, 34.61139 ], [ -95.26745, 34.60832 ], [ -95.27, 34.60409 ], [ -95.26851, 34.601 ], [ -95.25877, 34.59575 ], [ -95.25744, 34.59106 ], [ -95.24599, 34.58862 ], [ -95.23298, 34.58749 ], [ -95.23151, 34.58362 ], [ -95.22462, 34.58373 ], [ -95.21513, 34.58564 ], [ -95.21206, 34.5885 ], [ -95.20179, 34.59253 ], [ -95.19356, 34.59226 ], [ -95.18495, 34.59523 ], [ -95.17438, 34.59409 ], [ -95.15314, 34.59979 ], [ -95.09648, 34.60494 ], [ -95.07624, 34.60602 ], [ -95.05976, 34.60485 ], [ -95.05165, 34.60018 ], [ -95.04838, 34.60027 ], [ -95.04547, 34.59906 ], [ -95.04578, 34.59583 ], [ -95.0403, 34.59185 ], [ -95.03052, 34.59116 ], [ -95.02197, 34.58722 ], [ -95.00843, 34.5884 ], [ -95.00307, 34.58336 ], [ -95.00545, 34.58048 ], [ -95.00301, 34.57633 ], [ -95.00454, 34.57299 ], [ -95.02262, 34.56867 ], [ -95.02957, 34.56196 ], [ -95.03568, 34.56142 ], [ -95.03552, 34.55681 ], [ -95.03032, 34.55418 ], [ -95.04247, 34.5499 ], [ -95.04299, 34.54704 ], [ -95.05492, 34.5387 ], [ -95.05738, 34.53495 ], [ -95.05824, 34.52815 ], [ -95.05412, 34.52194 ], [ -95.05096, 34.52146 ], [ -95.05102, 34.51794 ], [ -95.0386, 34.51878 ], [ -95.03414, 34.5238 ], [ -95.0293, 34.52446 ], [ -95.02311, 34.5242 ], [ -95.00936, 34.51999 ], [ -95.00931, 34.51644 ], [ -95.02776, 34.51099 ], [ -95.02676, 34.50841 ], [ -95.02367, 34.50708 ], [ -95.04651, 34.50713 ], [ -95.0465, 34.48329 ], [ -95.04613, 34.29733 ], [ -95.04622, 34.27253 ], [ -95.04636, 34.24357 ], [ -95.1351, 34.24385 ], [ -95.151, 34.2438 ], [ -95.151, 34.186 ], [ -95.29079, 34.18598 ], [ -95.29052, 34.17554 ], [ -95.29212, 34.17337 ], [ -95.29911, 34.17479 ], [ -95.31126, 34.17355 ], [ -95.3125, 34.1711 ], [ -95.3185, 34.16966 ], [ -95.32005, 34.16613 ], [ -95.32635, 34.16386 ], [ -95.33277, 34.16537 ], [ -95.33503, 34.16151 ], [ -95.33334, 34.15693 ], [ -95.4418, 34.15677 ], [ -95.48751, 34.15675 ], [ -95.62399, 34.15655 ], [ -95.73001, 34.15635 ], [ -95.77912, 34.1566 ], [ -95.77896, 34.32637 ], [ -95.77917, 34.50646 ], [ -95.75107, 34.50662 ], [ -95.67931, 34.50673 ] ] ] } },
{ "type": "Feature", "properties": { "HSA93": 37006, "HSANAME": "OK- ARDMORE", "STATE": 37, "HRR93": 339, "HRR93_NAME": "OK- OKLAHOMA CITY", "Persons90": 50564, "hosp_cnt": 1, "HSA_label": "Ardmore" }, "geometry": { "type": "Polygon", "coordinates": [ [ [ -97.56223, 34.38056 ], [ -97.56204, 34.44322 ], [ -97.56206, 34.4451 ], [ -97.56206, 34.46314 ], [ -97.5093, 34.4632 ], [ -97.5092, 34.44868 ], [ -97.45259, 34.44881 ], [ -97.45312, 34.43447 ], [ -97.45696, 34.43417 ], [ -97.45715, 34.41977 ], [ -97.45486, 34.41977 ], [ -97.39928, 34.41969 ], [ -97.39926, 34.4224 ], [ -97.39107, 34.42342 ], [ -97.38026, 34.42997 ], [ -97.37278, 34.43805 ], [ -97.35479, 34.43419 ], [ -97.35195, 34.43117 ], [ -97.34992, 34.42803 ], [ -97.34568, 34.42712 ], [ -97.34473, 34.43547 ], [ -97.33403, 34.44232 ], [ -97.31592, 34.44161 ], [ -97.28608, 34.43576 ], [ -97.279, 34.4368 ], [ -97.27549, 34.43424 ], [ -97.26834, 34.43293 ], [ -97.2478, 34.4348 ], [ -97.24051, 34.4318 ], [ -97.22539, 34.43531 ], [ -97.22343, 34.43721 ], [ -97.21906, 34.43566 ], [ -97.20137, 34.43905 ], [ -97.19925, 34.44397 ], [ -97.19999, 34.4491 ], [ -97.19842, 34.45318 ], [ -97.19239, 34.456 ], [ -97.19214, 34.46529 ], [ -97.19527, 34.47097 ], [ -97.19479, 34.50663 ], [ -97.14358, 34.50645 ], [ -97.14326, 34.50938 ], [ -97.15233, 34.51609 ], [ -97.15158, 34.51771 ], [ -97.1464, 34.51824 ], [ -97.14342, 34.52054 ], [ -97.14535, 34.52237 ], [ -97.15652, 34.52164 ], [ -97.15931, 34.52908 ], [ -97.16494, 34.531 ], [ -97.16465, 34.53255 ], [ -97.1608, 34.5333 ], [ -97.15974, 34.53559 ], [ -97.16276, 34.54731 ], [ -97.15743, 34.55141 ], [ -97.16419, 34.55905 ], [ -97.15777, 34.56208 ], [ -97.15702, 34.56391 ], [ -97.16694, 34.56295 ], [ -97.17287, 34.56498 ], [ -97.17544, 34.57043 ], [ -97.17396, 34.57388 ], [ -97.16606, 34.57214 ], [ -97.16384, 34.57456 ], [ -97.17182, 34.57938 ], [ -97.17408, 34.5861 ], [ -97.16754, 34.58583 ], [ -97.16649, 34.58755 ], [ -97.17397, 34.59489 ], [ -97.19016, 34.59641 ], [ -97.19246, 34.60144 ], [ -97.19041, 34.60534 ], [ -97.19581, 34.60703 ], [ -97.19802, 34.61028 ], [ -97.19844, 34.61296 ], [ -97.19439, 34.61683 ], [ -97.19913, 34.62265 ], [ -97.14207, 34.6225 ], [ -97.14237, 34.63695 ], [ -97.08962, 34.63696 ], [ -97.07209, 34.63689 ], [ -97.07196, 34.50621 ], [ -97.03725, 34.50619 ], [ -97.0373, 34.50182 ], [ -97.03023, 34.50176 ], [ -97.03019, 34.49967 ], [ -97.02668, 34.49961 ], [ -97.02444, 34.49691 ], [ -97.02154, 34.49626 ], [ -97.02281, 34.49274 ], [ -97.03034, 34.48649 ], [ -97.02918, 34.4847 ], [ -97.03272, 34.48386 ], [ -97.0335, 34.48138 ], [ -97.03165, 34.47968 ], [ -97.03131, 34.47278 ], [ -97.03837, 34.46638 ], [ -97.04155, 34.45927 ], [ -97.04107, 34.45264 ], [ -97.02727, 34.4422 ], [ -97.02435, 34.43815 ], [ -97.02845, 34.43673 ], [ -97.03443, 34.43135 ], [ -97.036, 34.42579 ], [ -97.04056, 34.41945 ], [ -97.03869, 34.41464 ], [ -97.03476, 34.41111 ], [ -97.03247, 34.40278 ], [ -97.0377, 34.39834 ], [ -97.0359, 34.39479 ], [ -97.03635, 34.38824 ], [ -97.03806, 34.38645 ], [ -97.04093, 34.38661 ], [ -97.03894, 34.37918 ], [ -97.03625, 34.37533 ], [ -97.03613, 34.375 ], [ -97.03342, 34.37286 ], [ -97.03843, 34.36595 ], [ -97.03456, 34.36052 ], [ -97.03492, 34.35529 ], [ -97.03107, 34.35118 ], [ -97.04232, 34.34452 ], [ -97.04253, 34.34245 ], [ -97.03922, 34.33745 ], [ -97.03045, 34.33478 ], [ -97.02872, 34.33251 ], [ -96.93317, 34.33257 ], [ -96.93312, 34.28167 ], [ -96.93326, 34.21487 ], [ -96.92577, 34.21294 ], [ -96.91975, 34.2182 ], [ -96.91363, 34.22012 ], [ -96.90623, 34.23377 ], [ -96.90071, 34.23988 ], [ -96.89193, 34.24135 ], [ -96.88534, 34.24436 ], [ -96.88283, 34.24137 ], [ -96.87902, 34.24022 ], [ -96.87846, 34.23159 ], [ -96.87123, 34.23131 ], [ -96.87077, 34.22982 ], [ -96.87368, 34.22591 ], [ -96.87211, 34.22399 ], [ -96.86684, 34.2244 ], [ -96.86753, 34.21941 ], [ -96.84721, 34.21323 ], [ -96.85139, 34.19108 ], [ -96.85006, 34.18729 ], [ -96.84676, 34.18581 ], [ -96.84248, 34.18721 ], [ -96.84349, 34.19276 ], [ -96.83165, 34.19315 ], [ -96.83236, 34.1951 ], [ -96.8371, 34.1978 ], [ -96.83606, 34.20392 ], [ -96.82949, 34.20437 ], [ -96.82596, 34.20696 ], [ -96.82239, 34.20722 ], [ -96.81931, 34.21247 ], [ -96.8191, 34.21601 ], [ -96.81737, 34.21559 ], [ -96.81599, 34.21089 ], [ -96.81409, 34.21036 ], [ -96.80838, 34.21386 ], [ -96.80558, 34.21811 ], [ -96.80047, 34.21849 ], [ -96.78175, 34.225 ], [ -96.76959, 34.21419 ], [ -96.76759, 34.2096 ], [ -96.76336, 34.20715 ], [ -96.76652, 34.20214 ], [ -96.76625, 34.19699 ], [ -96.76094, 34.19819 ], [ -96.75771, 34.19468 ], [ -96.75116, 34.19312 ], [ -96.74889, 34.19502 ], [ -96.74776, 34.19288 ], [ -96.74408, 34.19138 ], [ -96.74092, 34.19694 ], [ -96.73816, 34.19762 ], [ -96.73662, 34.20137 ], [ -96.73791, 34.20342 ], [ -96.74283, 34.20362 ], [ -96.73955, 34.20593 ], [ -96.73305, 34.20518 ], [ -96.73155, 34.20167 ], [ -96.73384, 34.19632 ], [ -96.73685, 34.19258 ], [ -96.74423, 34.18794 ], [ -96.74881, 34.18134 ], [ -96.75227, 34.17245 ], [ -96.93339, 34.17246 ], [ -96.96813, 34.17252 ], [ -96.9678, 34.07074 ], [ -96.96972, 34.07073 ], [ -97.03881, 34.07085 ], [ -97.03915, 34.02313 ], [ -97.04636, 34.02391 ], [ -97.05057, 34.02695 ], [ -97.06682, 34.03085 ], [ -97.079, 34.03595 ], [ -97.08071, 34.01617 ], [ -97.08339, 34.01253 ], [ -97.08643, 34.01738 ], [ -97.08997, 34.01882 ], [ -97.09138, 34.02372 ], [ -97.09614, 34.02331 ], [ -97.09732, 34.0171 ], [ -97.10394, 34.01808 ], [ -97.10504, 34.01999 ], [ -97.10282, 34.02475 ], [ -97.1059, 34.02711 ], [ -97.10549, 34.02903 ], [ -97.10846, 34.02949 ], [ -97.11099, 34.0272 ], [ -97.11171, 34.03017 ], [ -97.12174, 34.03065 ], [ -97.12927, 34.0352 ], [ -97.13241, 34.03342 ], [ -97.13197, 34.03546 ], [ -97.1351, 34.03461 ], [ -97.13389, 34.03619 ], [ -97.13915, 34.03477 ], [ -97.13818, 34.0334 ], [ -97.1403, 34.03274 ], [ -97.14588, 34.03615 ], [ -97.14987, 34.03416 ], [ -97.14955, 34.02722 ], [ -97.19545, 34.02734 ], [ -97.19545, 34.07081 ], [ -97.23882, 34.07089 ], [ -97.26486, 34.07111 ], [ -97.2942, 34.07119 ], [ -97.42159, 34.07113 ], [ -97.56046, 34.07099 ], [ -97.56057, 34.00288 ], [ -97.55301, 34.00253 ], [ -97.55136, 34.00056 ], [ -97.55502, 33.99851 ], [ -97.55125, 33.99759 ], [ -97.55106, 33.99436 ], [ -97.54894, 33.99425 ], [ -97.55068, 33.99134 ], [ -97.54683, 33.99143 ], [ -97.54553, 33.9893 ], [ -97.5468, 33.98788 ], [ -97.54353, 33.98589 ], [ -97.54119, 33.98843 ], [ -97.54006, 33.98671 ], [ -97.541, 33.98522 ], [ -97.53723, 33.98644 ], [ -97.53652, 33.98378 ], [ -97.56063, 33.98387 ], [ -97.56056, 33.89955 ], [ -97.56838, 33.90291 ], [ -97.57788, 33.90039 ], [ -97.58244, 33.90069 ], [ -97.58895, 33.90382 ], [ -97.58961, 33.90794 ], [ -97.59351, 33.91017 ], [ -97.59665, 33.91621 ], [ -97.59668, 33.92013 ], [ -97.59091, 33.92954 ], [ -97.59473, 33.93726 ], [ -97.59512, 33.94134 ], [ -97.58853, 33.95178 ], [ -97.5893, 33.95346 ], [ -97.59768, 33.95515 ], [ -97.60068, 33.96069 ], [ -97.60879, 33.96799 ], [ -97.61577, 33.96962 ], [ -97.63348, 33.98116 ], [ -97.65937, 33.99031 ], [ -97.67264, 33.99083 ], [ -97.67298, 33.9921 ], [ -97.67419, 33.99647 ], [ -97.67094, 33.99805 ], [ -97.67325, 34.0 ], [ -97.66902, 34.0099 ], [ -97.67012, 34.01302 ], [ -97.70015, 34.01288 ], [ -97.70018, 34.0274 ], [ -97.73506, 34.02758 ], [ -97.73492, 34.07105 ], [ -97.71956, 34.07117 ], [ -97.7196, 34.15829 ], [ -97.77211, 34.15833 ], [ -97.77219, 34.175 ], [ -97.77072, 34.17981 ], [ -97.7721, 34.18591 ], [ -97.77221, 34.24566 ], [ -97.75444, 34.24572 ], [ -97.7545, 34.28915 ], [ -97.56227, 34.28896 ], [ -97.56222, 34.3107 ], [ -97.56223, 34.38056 ] ] ] } },
{ "type": "Feature", "properties": { "HSA93": 37007, "HSANAME": "OK- ATOKA", "STATE": 37, "HRR93": 339, "HRR93_NAME": "OK- OKLAHOMA CITY", "Persons90": 10432, "hosp_cnt": 1, "HSA_label": "Atoka" }, "geometry": { "type": "Polygon", "coordinates": [ [ [ -95.84802, 34.15666 ], [ -95.97598, 34.15665 ], [ -95.99132, 34.15672 ], [ -96.03778, 34.15747 ], [ -96.05145, 34.15729 ], [ -96.04948, 34.16351 ], [ -96.05174, 34.16886 ], [ -96.05344, 34.16731 ], [ -96.05647, 34.16889 ], [ -96.05887, 34.16818 ], [ -96.07035, 34.176 ], [ -96.07203, 34.17404 ], [ -96.0755, 34.17685 ], [ -96.08172, 34.17662 ], [ -96.0842, 34.18031 ], [ -96.09222, 34.18177 ], [ -96.09224, 34.1852 ], [ -96.09458, 34.18426 ], [ -96.09456, 34.18616 ], [ -96.09607, 34.18502 ], [ -96.09762, 34.18804 ], [ -96.09957, 34.18689 ], [ -96.09935, 34.18927 ], [ -96.10271, 34.18657 ], [ -96.10345, 34.18937 ], [ -96.10516, 34.18998 ], [ -96.1037, 34.19195 ], [ -96.1077, 34.19186 ], [ -96.10665, 34.19451 ], [ -96.10781, 34.19889 ], [ -96.11142, 34.19923 ], [ -96.11175, 34.20104 ], [ -96.11798, 34.20337 ], [ -96.11867, 34.20522 ], [ -96.12329, 34.20561 ], [ -96.1231, 34.20819 ], [ -96.13133, 34.21151 ], [ -96.14118, 34.2193 ], [ -96.15174, 34.22074 ], [ -96.15724, 34.22629 ], [ -96.16099, 34.22631 ], [ -96.16642, 34.23091 ], [ -96.16559, 34.23615 ], [ -96.17182, 34.23817 ], [ -96.17692, 34.23693 ], [ -96.17427, 34.23966 ], [ -96.17763, 34.2397 ], [ -96.17777, 34.24252 ], [ -96.18311, 34.24762 ], [ -96.18659, 34.24552 ], [ -96.18714, 34.24815 ], [ -96.18887, 34.24636 ], [ -96.19091, 34.24891 ], [ -96.19645, 34.24533 ], [ -96.19984, 34.2476 ], [ -96.20249, 34.24698 ], [ -96.20135, 34.25 ], [ -96.20252, 34.25138 ], [ -96.20988, 34.25049 ], [ -96.20975, 34.25399 ], [ -96.21416, 34.25607 ], [ -96.21956, 34.25387 ], [ -96.21928, 34.25632 ], [ -96.2248, 34.25996 ], [ -96.22246, 34.26076 ], [ -96.22086, 34.26371 ], [ -96.22422, 34.26351 ], [ -96.22381, 34.26548 ], [ -96.22624, 34.26733 ], [ -96.23007, 34.26698 ], [ -96.23365, 34.26945 ], [ -96.23685, 34.26716 ], [ -96.23889, 34.26925 ], [ -96.24278, 34.26959 ], [ -96.24573, 34.26714 ], [ -96.24658, 34.26927 ], [ -96.24849, 34.26936 ], [ -96.24838, 34.27137 ], [ -96.25094, 34.26905 ], [ -96.25113, 34.27114 ], [ -96.25504, 34.27139 ], [ -96.25601, 34.27382 ], [ -96.25852, 34.27473 ], [ -96.25485, 34.27785 ], [ -96.25702, 34.27917 ], [ -96.25708, 34.28153 ], [ -96.25915, 34.27867 ], [ -96.26061, 34.2811 ], [ -96.26342, 34.27961 ], [ -96.2659, 34.28195 ], [ -96.26973, 34.2825 ], [ -96.27098, 34.28067 ], [ -96.27517, 34.2823 ], [ -96.28923, 34.27243 ], [ -96.30252, 34.27623 ], [ -96.30481, 34.27406 ], [ -96.30475, 34.27658 ], [ -96.30754, 34.27855 ], [ -96.3109, 34.27674 ], [ -96.31474, 34.27958 ], [ -96.31851, 34.28001 ], [ -96.32224, 34.27896 ], [ -96.32287, 34.27694 ], [ -96.32874, 34.27672 ], [ -96.331, 34.27324 ], [ -96.39664, 34.2733 ], [ -96.39951, 34.27224 ], [ -96.40701, 34.27328 ], [ -96.40687, 34.34589 ], [ -96.40706, 34.41845 ], [ -96.34603, 34.41825 ], [ -96.14483, 34.41859 ], [ -96.14507, 34.50601 ], [ -96.09497, 34.5061 ], [ -96.09333, 34.49904 ], [ -96.08745, 34.50148 ], [ -96.08116, 34.5 ], [ -96.06601, 34.5024 ], [ -96.04453, 34.51159 ], [ -96.04412, 34.51427 ], [ -96.03472, 34.52109 ], [ -96.03205, 34.52597 ], [ -96.02891, 34.52576 ], [ -96.02288, 34.52999 ], [ -96.02017, 34.53047 ], [ -96.015, 34.52838 ], [ -96.00296, 34.53598 ], [ -96.0, 34.53442 ], [ -95.99488, 34.53646 ], [ -95.9875, 34.53539 ], [ -95.97605, 34.54271 ], [ -95.96054, 34.55647 ], [ -95.95103, 34.55849 ], [ -95.92455, 34.5711 ], [ -95.91694, 34.57151 ], [ -95.91694, 34.57689 ], [ -95.90806, 34.57707 ], [ -95.90781, 34.57972 ], [ -95.89932, 34.58165 ], [ -95.89923, 34.57892 ], [ -95.8818, 34.57894 ], [ -95.88191, 34.59343 ], [ -95.77982, 34.59371 ], [ -95.78926, 34.58426 ], [ -95.80188, 34.57641 ], [ -95.80384, 34.57202 ], [ -95.80467, 34.55977 ], [ -95.80661, 34.5567 ], [ -95.81001, 34.55583 ], [ -95.80924, 34.55343 ], [ -95.81267, 34.55171 ], [ -95.81233, 34.54885 ], [ -95.8138, 34.5481 ], [ -95.81217, 34.54634 ], [ -95.81488, 34.54567 ], [ -95.81302, 34.54409 ], [ -95.81402, 34.54061 ], [ -95.81178, 34.5405 ], [ -95.813, 34.53906 ], [ -95.81037, 34.53528 ], [ -95.80492, 34.5375 ], [ -95.80282, 34.53645 ], [ -95.8052, 34.53416 ], [ -95.80578, 34.52972 ], [ -95.80326, 34.52812 ], [ -95.80285, 34.5234 ], [ -95.80528, 34.52107 ], [ -95.79408, 34.52111 ], [ -95.79403, 34.51035 ], [ -95.76507, 34.52548 ], [ -95.7578, 34.52717 ], [ -95.75285, 34.52467 ], [ -95.75046, 34.51265 ], [ -95.75107, 34.50662 ], [ -95.77917, 34.50646 ], [ -95.77896, 34.32637 ], [ -95.77912, 34.1566 ], [ -95.84802, 34.15666 ] ] ] } },
{ "type": "Feature", "properties": { "HSA93": 37008, "HSANAME": "OK- BARTLESVILLE", "STATE": 37, "HRR93": 340, "HRR93_NAME": "OK- TULSA", "Persons90": 62848, "hosp_cnt": 2, "HSA_label": "Bartlesville" }, "geometry": { "type": "Polygon", "coordinates": [ [ [ -95.96443, 37.09632 ], [ -95.96421, 37.12546 ], [ -95.81905, 37.12424 ], [ -95.81927, 37.08068 ], [ -95.80096, 37.08059 ], [ -95.80079, 37.05705 ], [ -95.79417, 37.05739 ], [ -95.7853, 37.05419 ], [ -95.78735, 37.05256 ], [ -95.78675, 37.04957 ], [ -95.78881, 37.04856 ], [ -95.78775, 37.04254 ], [ -95.79324, 37.03826 ], [ -95.79329, 37.03692 ], [ -95.78776, 37.03671 ], [ -95.78719, 37.01923 ], [ -95.80086, 37.01927 ], [ -95.80069, 37.00477 ], [ -95.80346, 37.00484 ], [ -95.80796, 37.00106 ], [ -95.80987, 37.00122 ], [ -95.81021, 36.99904 ], [ -95.78651, 36.99923 ], [ -95.66023, 36.99923 ], [ -95.66031, 36.97101 ], [ -95.67193, 36.97049 ], [ -95.67932, 36.96271 ], [ -95.67849, 36.96198 ], [ -95.6802, 36.96152 ], [ -95.68214, 36.95708 ], [ -95.68787, 36.95687 ], [ -95.68841, 36.95552 ], [ -95.69155, 36.95637 ], [ -95.69178, 36.95495 ], [ -95.69631, 36.95394 ], [ -95.69631, 36.94212 ], [ -95.70147, 36.94211 ], [ -95.70141, 36.93099 ], [ -95.7331, 36.93099 ], [ -95.73315, 36.92671 ], [ -95.73748, 36.92407 ], [ -95.73804, 36.90527 ], [ -95.73627, 36.89708 ], [ -95.73402, 36.89653 ], [ -95.7341, 36.89504 ], [ -95.73174, 36.89525 ], [ -95.7245, 36.88651 ], [ -95.72672, 36.88587 ], [ -95.72641, 36.88422 ], [ -95.7223, 36.8817 ], [ -95.72057, 36.8836 ], [ -95.71931, 36.88303 ], [ -95.71829, 36.87942 ], [ -95.72017, 36.87862 ], [ -95.72011, 36.87681 ], [ -95.71521, 36.87569 ], [ -95.71237, 36.87155 ], [ -95.71017, 36.87212 ], [ -95.70943, 36.86969 ], [ -95.70681, 36.86999 ], [ -95.70573, 36.86729 ], [ -95.70043, 36.86576 ], [ -95.70083, 36.8637 ], [ -95.70228, 36.86384 ], [ -95.70069, 36.86251 ], [ -95.70396, 36.86102 ], [ -95.70165, 36.8594 ], [ -95.70317, 36.8578 ], [ -95.70487, 36.85633 ], [ -95.69713, 36.85576 ], [ -95.6967, 36.85402 ], [ -95.691, 36.85032 ], [ -95.69416, 36.84968 ], [ -95.69254, 36.84782 ], [ -95.69348, 36.84656 ], [ -95.69046, 36.84611 ], [ -95.68964, 36.84453 ], [ -95.69245, 36.83961 ], [ -95.6879, 36.83785 ], [ -95.68494, 36.83892 ], [ -95.68713, 36.83707 ], [ -95.68363, 36.83602 ], [ -95.68275, 36.83361 ], [ -95.68645, 36.83284 ], [ -95.68426, 36.83126 ], [ -95.68477, 36.82943 ], [ -95.5582, 36.82957 ], [ -95.55743, 36.82236 ], [ -95.55157, 36.82236 ], [ -95.54397, 36.83119 ], [ -95.54047, 36.83988 ], [ -95.54286, 36.84284 ], [ -95.55137, 36.84643 ], [ -95.55134, 36.84879 ], [ -95.54394, 36.85496 ], [ -95.54052, 36.85528 ], [ -95.5391, 36.85384 ], [ -95.53736, 36.85572 ], [ -95.53466, 36.85373 ], [ -95.52996, 36.85695 ], [ -95.52859, 36.85563 ], [ -95.52509, 36.85741 ], [ -95.52318, 36.85665 ], [ -95.52329, 36.85947 ], [ -95.51785, 36.86203 ], [ -95.51708, 36.86455 ], [ -95.5101, 36.87141 ], [ -95.50127, 36.86996 ], [ -95.4992, 36.87175 ], [ -95.48971, 36.87335 ], [ -95.47917, 36.87918 ], [ -95.46753, 36.88001 ], [ -95.46772, 36.8876 ], [ -95.43169, 36.88756 ], [ -95.4315, 36.82588 ], [ -95.43153, 36.7134 ], [ -95.43164, 36.65575 ], [ -95.4394, 36.65758 ], [ -95.44094, 36.65937 ], [ -95.44429, 36.65751 ], [ -95.44966, 36.6587 ], [ -95.45281, 36.66108 ], [ -95.45227, 36.66321 ], [ -95.4548, 36.6631 ], [ -95.45872, 36.65895 ], [ -95.46062, 36.65923 ], [ -95.46085, 36.65646 ], [ -95.46383, 36.6566 ], [ -95.46232, 36.65463 ], [ -95.46587, 36.65362 ], [ -95.46428, 36.65239 ], [ -95.47138, 36.65108 ], [ -95.47286, 36.64943 ], [ -95.4778, 36.65062 ], [ -95.48353, 36.64876 ], [ -95.48737, 36.6494 ], [ -95.491, 36.64249 ], [ -95.48901, 36.64077 ], [ -95.49647, 36.63731 ], [ -95.49897, 36.63743 ], [ -95.49955, 36.63892 ], [ -95.50128, 36.63711 ], [ -95.51795, 36.63913 ], [ -95.52309, 36.63572 ], [ -95.52462, 36.63746 ], [ -95.52329, 36.6392 ], [ -95.53058, 36.6387 ], [ -95.52928, 36.6339 ], [ -95.53203, 36.63241 ], [ -95.5217, 36.6338 ], [ -95.52576, 36.63099 ], [ -95.52443, 36.62881 ], [ -95.52204, 36.62964 ], [ -95.52146, 36.62846 ], [ -95.52488, 36.62822 ], [ -95.52536, 36.63005 ], [ -95.53005, 36.63078 ], [ -95.52835, 36.62454 ], [ -95.53079, 36.62461 ], [ -95.53107, 36.62705 ], [ -95.5351, 36.62808 ], [ -95.53284, 36.62247 ], [ -95.53636, 36.62455 ], [ -95.54153, 36.6225 ], [ -95.54087, 36.6203 ], [ -95.53579, 36.61892 ], [ -95.53591, 36.61391 ], [ -95.53213, 36.6122 ], [ -95.53628, 36.61334 ], [ -95.53809, 36.61671 ], [ -95.54133, 36.61444 ], [ -95.54238, 36.60709 ], [ -95.53977, 36.60529 ], [ -95.54, 36.60071 ], [ -95.5426, 36.59746 ], [ -95.57968, 36.59754 ], [ -95.80936, 36.59739 ], [ -95.81219, 36.59743 ], [ -95.81223, 36.58302 ], [ -95.855, 36.58305 ], [ -95.86351, 36.58083 ], [ -95.85865, 36.57672 ], [ -95.85576, 36.57667 ], [ -95.85329, 36.57885 ], [ -95.85094, 36.57825 ], [ -95.84577, 36.5667 ], [ -95.8431, 36.56421 ], [ -95.84701, 36.55871 ], [ -95.84659, 36.55569 ], [ -95.85058, 36.54942 ], [ -95.84905, 36.54407 ], [ -95.85415, 36.53082 ], [ -95.84986, 36.52281 ], [ -95.85357, 36.52089 ], [ -95.84439, 36.52014 ], [ -95.84181, 36.51698 ], [ -95.84243, 36.51478 ], [ -95.84895, 36.51355 ], [ -95.85022, 36.51155 ], [ -95.84328, 36.51103 ], [ -95.84246, 36.50882 ], [ -95.85124, 36.51057 ], [ -95.88413, 36.51077 ], [ -95.88401, 36.48164 ], [ -95.92036, 36.48149 ], [ -95.92025, 36.45262 ], [ -95.98092, 36.45249 ], [ -95.98216, 36.45059 ], [ -95.991, 36.45112 ], [ -95.99175, 36.44366 ], [ -96.00084, 36.44343 ], [ -96.00081, 36.44855 ], [ -96.03094, 36.44838 ], [ -96.03079, 36.43396 ], [ -96.04163, 36.43383 ], [ -96.05446, 36.44417 ], [ -96.0623, 36.44063 ], [ -96.07185, 36.43976 ], [ -96.08269, 36.44097 ], [ -96.09082, 36.44449 ], [ -96.09713, 36.43555 ], [ -96.10183, 36.43378 ], [ -96.10874, 36.43378 ], [ -96.11607, 36.43755 ], [ -96.12452, 36.43682 ], [ -96.13215, 36.43361 ], [ -96.13532, 36.43487 ], [ -96.13758, 36.44027 ], [ -96.14338, 36.44147 ], [ -96.15103, 36.43751 ], [ -96.15556, 36.43937 ], [ -96.16513, 36.43813 ], [ -96.16963, 36.43541 ], [ -96.17365, 36.43507 ], [ -96.17836, 36.43001 ], [ -96.18408, 36.43031 ], [ -96.19888, 36.42482 ], [ -96.21712, 36.42397 ], [ -96.21935, 36.42065 ], [ -96.2236, 36.41907 ], [ -96.2285, 36.41973 ], [ -96.2341, 36.41685 ], [ -96.23965, 36.41755 ], [ -96.24344, 36.41913 ], [ -96.24568, 36.42265 ], [ -96.25613, 36.42487 ], [ -96.26199, 36.42403 ], [ -96.2646, 36.42082 ], [ -96.28079, 36.42669 ], [ -96.2845, 36.4266 ], [ -96.2952, 36.43376 ], [ -96.31746, 36.43383 ], [ -96.31737, 36.46152 ], [ -96.31709, 36.50238 ], [ -96.30831, 36.50311 ], [ -96.30819, 36.53542 ], [ -96.27731, 36.53615 ], [ -96.25783, 36.54539 ], [ -96.25068, 36.55202 ], [ -96.24584, 36.55427 ], [ -96.24627, 36.55717 ], [ -96.24215, 36.56008 ], [ -96.23427, 36.56141 ], [ -96.23146, 36.5643 ], [ -96.22435, 36.56496 ], [ -96.21765, 36.57164 ], [ -96.21987, 36.57315 ], [ -96.22211, 36.57846 ], [ -96.22801, 36.57889 ], [ -96.23488, 36.58216 ], [ -96.24228, 36.58118 ], [ -96.245, 36.57884 ], [ -96.254, 36.57891 ], [ -96.26271, 36.58598 ], [ -96.26699, 36.58637 ], [ -96.27031, 36.59107 ], [ -96.27513, 36.59123 ], [ -96.27521, 36.59345 ], [ -96.21227, 36.59318 ], [ -96.19476, 36.59716 ], [ -96.18739, 36.59704 ], [ -96.17601, 36.58396 ], [ -96.17394, 36.58519 ], [ -96.17365, 36.59299 ], [ -96.15998, 36.59324 ], [ -96.15932, 36.59873 ], [ -96.16497, 36.6034 ], [ -96.16601, 36.61171 ], [ -96.16922, 36.61262 ], [ -96.16947, 36.61596 ], [ -96.17396, 36.61814 ], [ -96.1741, 36.6299 ], [ -96.18004, 36.63713 ], [ -96.17978, 36.64235 ], [ -96.17507, 36.64791 ], [ -96.17424, 36.654 ], [ -96.17146, 36.65704 ], [ -96.16788, 36.65788 ], [ -96.16572, 36.66219 ], [ -96.1656, 36.67099 ], [ -96.17427, 36.67139 ], [ -96.18159, 36.67571 ], [ -96.1858, 36.67363 ], [ -96.19225, 36.6742 ], [ -96.19574, 36.67978 ], [ -96.19946, 36.68033 ], [ -96.20443, 36.68585 ], [ -96.20492, 36.6947 ], [ -96.19969, 36.70166 ], [ -96.19642, 36.70282 ], [ -96.1983, 36.70678 ], [ -96.19631, 36.71838 ], [ -96.19926, 36.71989 ], [ -96.19992, 36.7236 ], [ -96.20521, 36.72362 ], [ -96.20526, 36.73479 ], [ -96.20859, 36.73559 ], [ -96.20765, 36.73705 ], [ -96.2093, 36.74147 ], [ -96.20613, 36.75188 ], [ -96.20126, 36.7571 ], [ -96.20036, 36.76019 ], [ -96.18819, 36.76703 ], [ -96.18318, 36.77321 ], [ -96.18941, 36.78081 ], [ -96.1716, 36.79986 ], [ -96.17091, 36.80593 ], [ -96.16622, 36.81496 ], [ -96.15879, 36.81629 ], [ -96.14689, 36.82505 ], [ -96.1247, 36.82532 ], [ -96.12472, 36.83255 ], [ -96.10949, 36.83264 ], [ -96.10884, 36.83608 ], [ -96.1106, 36.8406 ], [ -96.10864, 36.84312 ], [ -96.10955, 36.84665 ], [ -96.10622, 36.85424 ], [ -96.09111, 36.85157 ], [ -96.08667, 36.84553 ], [ -96.08223, 36.84677 ], [ -96.07702, 36.85358 ], [ -96.06677, 36.85589 ], [ -96.06643, 36.85837 ], [ -96.06207, 36.86132 ], [ -96.05811, 36.86928 ], [ -96.05256, 36.87253 ], [ -96.04955, 36.87687 ], [ -96.04391, 36.87597 ], [ -96.04243, 36.87929 ], [ -96.03528, 36.87895 ], [ -96.03411, 36.88144 ], [ -96.02602, 36.87819 ], [ -96.02411, 36.88246 ], [ -96.01677, 36.87814 ], [ -96.01059, 36.87953 ], [ -96.00834, 36.8766 ], [ -96.00455, 36.87818 ], [ -96.0023, 36.87459 ], [ -96.00048, 36.87454 ], [ -96.00055, 36.99879 ], [ -96.09237, 36.99908 ], [ -96.09119, 36.99917 ], [ -96.091, 37.0027 ], [ -96.09096, 37.06808 ], [ -96.07271, 37.06821 ], [ -96.07273, 37.09708 ], [ -95.96443, 37.09632 ] ] ] } },
{ "type": "Feature", "properties": { "HSA93": 37009, "HSANAME": "OK- BEAVER", "STATE": 37, "HRR93": 339, "HRR93_NAME": "OK- OKLAHOMA CITY", "Persons90": 2865, "hosp_cnt": 1, "HSA_label": "Beaver" }, "geometry": { "type": "Polygon", "coordinates": [ [ [ -100.36053, 36.78804 ], [ -100.36179, 36.78258 ], [ -100.36023, 36.7783 ], [ -100.36176, 36.77496 ], [ -100.36139, 36.68874 ], [ -100.34334, 36.68863 ], [ -100.34292, 36.61636 ], [ -100.52036, 36.61647 ], [ -100.52255, 36.61846 ], [ -100.52291, 36.67444 ], [ -100.55878, 36.67438 ], [ -100.55915, 36.67605 ], [ -100.56321, 36.67447 ], [ -100.75609, 36.67446 ], [ -100.75616, 36.70319 ], [ -100.87902, 36.70344 ], [ -100.88312, 36.70678 ], [ -100.88647, 36.70678 ], [ -100.88715, 36.70905 ], [ -100.88352, 36.70992 ], [ -100.8811, 36.70831 ], [ -100.87587, 36.71181 ], [ -100.87531, 36.71575 ], [ -100.87697, 36.71882 ], [ -100.87597, 36.72037 ], [ -100.87005, 36.72111 ], [ -100.86812, 36.72408 ], [ -100.86266, 36.72672 ], [ -100.85626, 36.72727 ], [ -100.85703, 36.73164 ], [ -100.85365, 36.73414 ], [ -100.85198, 36.73977 ], [ -100.85488, 36.7427 ], [ -100.85466, 36.74684 ], [ -100.85852, 36.75035 ], [ -100.85355, 36.75542 ], [ -100.842, 36.75975 ], [ -100.82948, 36.76719 ], [ -100.83136, 36.77433 ], [ -100.83011, 36.78047 ], [ -100.82696, 36.7837 ], [ -100.82192, 36.78223 ], [ -100.81737, 36.78411 ], [ -100.81572, 36.78594 ], [ -100.81503, 36.79139 ], [ -100.81219, 36.79414 ], [ -100.8016, 36.79984 ], [ -100.79235, 36.79828 ], [ -100.78984, 36.80258 ], [ -100.78005, 36.80091 ], [ -100.77177, 36.80381 ], [ -100.76886, 36.80761 ], [ -100.75756, 36.80665 ], [ -100.74873, 36.80959 ], [ -100.74583, 36.81207 ], [ -100.74398, 36.81717 ], [ -100.74037, 36.81944 ], [ -100.73536, 36.81766 ], [ -100.7355, 36.81015 ], [ -100.72667, 36.81088 ], [ -100.71885, 36.81702 ], [ -100.70789, 36.81945 ], [ -100.70421, 36.82495 ], [ -100.70027, 36.8261 ], [ -100.70288, 36.83021 ], [ -100.70294, 36.83953 ], [ -100.71066, 36.84887 ], [ -100.71069, 36.86324 ], [ -100.69269, 36.86322 ], [ -100.69312, 36.99957 ], [ -100.63289, 36.99991 ], [ -100.43392, 37.00108 ], [ -100.31278, 37.00174 ], [ -100.31596, 36.99532 ], [ -100.31393, 36.9877 ], [ -100.31339, 36.9746 ], [ -100.30691, 36.97003 ], [ -100.30514, 36.96355 ], [ -100.30009, 36.95624 ], [ -100.30075, 36.94928 ], [ -100.29579, 36.9453 ], [ -100.29577, 36.89214 ], [ -100.20537, 36.89186 ], [ -100.19861, 36.89876 ], [ -100.19582, 36.89798 ], [ -100.19363, 36.90185 ], [ -100.18941, 36.90086 ], [ -100.18579, 36.90256 ], [ -100.18727, 36.89967 ], [ -100.17633, 36.90272 ], [ -100.17527, 36.90627 ], [ -100.15115, 36.90626 ], [ -100.15138, 36.84827 ], [ -100.14517, 36.84823 ], [ -100.14527, 36.81949 ], [ -100.13947, 36.80985 ], [ -100.13486, 36.809 ], [ -100.13671, 36.80353 ], [ -100.13412, 36.802 ], [ -100.13537, 36.80193 ], [ -100.13432, 36.79936 ], [ -100.1356, 36.79781 ], [ -100.13116, 36.79586 ], [ -100.13333, 36.79245 ], [ -100.12858, 36.78961 ], [ -100.12741, 36.78533 ], [ -100.12915, 36.78178 ], [ -100.12753, 36.7794 ], [ -100.12919, 36.77679 ], [ -100.12748, 36.77422 ], [ -100.12916, 36.77152 ], [ -100.13516, 36.77306 ], [ -100.14294, 36.76486 ], [ -100.1498, 36.76267 ], [ -100.15165, 36.76267 ], [ -100.15179, 36.76553 ], [ -100.15495, 36.76725 ], [ -100.17071, 36.7646 ], [ -100.17193, 36.76856 ], [ -100.17512, 36.76984 ], [ -100.1881, 36.76588 ], [ -100.19752, 36.76503 ], [ -100.21772, 36.7702 ], [ -100.23927, 36.78132 ], [ -100.25168, 36.78011 ], [ -100.26041, 36.78698 ], [ -100.26929, 36.78529 ], [ -100.2706, 36.78728 ], [ -100.26736, 36.79071 ], [ -100.26659, 36.79438 ], [ -100.27193, 36.79864 ], [ -100.29673, 36.78493 ], [ -100.30109, 36.78511 ], [ -100.30277, 36.78786 ], [ -100.30555, 36.78786 ], [ -100.31119, 36.79267 ], [ -100.3152, 36.79347 ], [ -100.32309, 36.79164 ], [ -100.33487, 36.78605 ], [ -100.33638, 36.78793 ], [ -100.33445, 36.79404 ], [ -100.33909, 36.79699 ], [ -100.34452, 36.79456 ], [ -100.34677, 36.79024 ], [ -100.34967, 36.78827 ], [ -100.35585, 36.78707 ], [ -100.36053, 36.78804 ] ] ] } },
{ "type": "Feature", "properties": { "HSA93": 37011, "HSANAME": "OK- BLACKWELL", "STATE": 37, "HRR93": 339, "HRR93_NAME": "OK- OKLAHOMA CITY", "Persons90": 9748, "hosp_cnt": 1, "HSA_label": "Blackwell" }, "geometry": { "type": "Polygon", "coordinates": [ [ [ -97.4621, 36.89784 ], [ -97.46196, 36.99866 ], [ -97.36461, 36.99886 ], [ -97.25551, 36.9988 ], [ -97.15596, 36.99897 ], [ -97.15633, 36.88365 ], [ -97.15644, 36.82572 ], [ -97.1567, 36.75332 ], [ -97.23199, 36.7532 ], [ -97.39016, 36.75306 ], [ -97.44439, 36.75295 ], [ -97.4443, 36.73848 ], [ -97.46196, 36.73834 ], [ -97.462, 36.7673 ], [ -97.552, 36.7673 ], [ -97.55233, 36.83971 ], [ -97.46211, 36.8398 ], [ -97.4621, 36.89784 ] ] ] } },
{ "type": "Feature", "properties": { "HSA93": 37015, "HSANAME": "OK- BUFFALO", "STATE": 37, "HRR93": 339, "HRR93_NAME": "OK- OKLAHOMA CITY", "Persons90": 1957, "hosp_cnt": 1, "HSA_label": "Buffalo" }, "geometry": { "type": "Polygon", "coordinates": [ [ [ -99.59686, 36.60414 ], [ -99.63461, 36.65838 ], [ -99.64052, 36.67347 ], [ -99.64064, 36.69612 ], [ -99.67459, 36.69557 ], [ -99.68307, 36.69553 ], [ -99.68195, 36.76872 ], [ -99.74556, 36.76879 ], [ -99.7457, 36.77614 ], [ -99.7436, 36.78347 ], [ -99.74597, 36.79396 ], [ -99.74585, 36.81234 ], [ -99.76418, 36.81212 ], [ -99.7643, 36.93254 ], [ -99.77317, 36.93289 ], [ -99.77385, 37.00081 ], [ -99.54072, 36.99958 ], [ -99.45581, 36.99944 ], [ -99.45108, 36.99478 ], [ -99.44456, 36.99567 ], [ -99.4408, 36.99341 ], [ -99.4388, 36.98035 ], [ -99.43366, 36.97004 ], [ -99.42744, 36.96197 ], [ -99.42783, 36.9553 ], [ -99.4244, 36.94767 ], [ -99.42013, 36.94111 ], [ -99.40704, 36.9273 ], [ -99.39709, 36.92077 ], [ -99.38659, 36.90585 ], [ -99.38792, 36.90155 ], [ -99.38437, 36.89248 ], [ -99.37732, 36.88592 ], [ -99.37442, 36.88021 ], [ -99.37176, 36.87817 ], [ -99.36623, 36.87815 ], [ -99.35603, 36.87199 ], [ -99.32987, 36.86294 ], [ -99.32439, 36.85809 ], [ -99.3139, 36.85616 ], [ -99.31304, 36.85389 ], [ -99.31845, 36.8481 ], [ -99.31616, 36.84049 ], [ -99.31036, 36.83469 ], [ -99.30899, 36.82971 ], [ -99.2987, 36.82388 ], [ -99.2948, 36.81954 ], [ -99.29487, 36.59509 ], [ -99.29955, 36.59506 ], [ -99.592, 36.59279 ], [ -99.59686, 36.60414 ] ] ] } },
{ "type": "Feature", "properties": { "HSA93": 37016, "HSANAME": "OK- CARNEGIE", "STATE": 37, "HRR93": 336, "HRR93_NAME": "OK- LAWTON", "Persons90": 5681, "hosp_cnt": 1, "HSA_label": "Carnegie" }, "geometry": { "type": "Polygon", "coordinates": [ [ [ -98.61948, 34.85489 ], [ -98.78685, 34.85569 ], [ -98.78785, 34.87008 ], [ -98.78654, 34.87033 ], [ -98.78665, 34.87986 ], [ -98.7807, 34.88435 ], [ -98.77842, 34.88911 ], [ -98.77843, 34.94248 ], [ -98.80179, 34.94249 ], [ -98.80605, 34.94123 ], [ -98.81064, 34.94246 ], [ -98.83108, 34.94249 ], [ -98.83126, 35.00047 ], [ -98.84866, 35.0006 ], [ -98.84923, 35.02912 ], [ -98.83157, 35.02914 ], [ -98.83144, 35.05241 ], [ -98.83467, 35.05583 ], [ -98.83821, 35.05631 ], [ -98.83119, 35.05832 ], [ -98.83157, 35.11639 ], [ -98.81428, 35.11634 ], [ -98.74863, 35.1164 ], [ -98.74193, 35.11079 ], [ -98.74313, 35.10802 ], [ -98.73797, 35.10708 ], [ -98.73967, 35.10589 ], [ -98.73552, 35.10099 ], [ -98.7324, 35.10894 ], [ -98.72839, 35.10866 ], [ -98.73276, 35.11084 ], [ -98.73087, 35.11407 ], [ -98.73003, 35.11203 ], [ -98.72496, 35.11125 ], [ -98.72295, 35.11144 ], [ -98.72184, 35.11373 ], [ -98.71643, 35.11329 ], [ -98.71975, 35.10834 ], [ -98.71501, 35.1083 ], [ -98.71211, 35.1047 ], [ -98.70712, 35.10645 ], [ -98.70316, 35.11045 ], [ -98.69703, 35.11188 ], [ -98.6846, 35.10702 ], [ -98.68287, 35.1078 ], [ -98.68443, 35.11414 ], [ -98.68137, 35.11371 ], [ -98.67997, 35.10997 ], [ -98.67691, 35.10791 ], [ -98.67395, 35.10961 ], [ -98.67465, 35.11389 ], [ -98.67189, 35.11895 ], [ -98.66227, 35.11806 ], [ -98.65837, 35.12222 ], [ -98.65358, 35.12135 ], [ -98.65157, 35.1241 ], [ -98.64736, 35.12169 ], [ -98.64608, 35.1192 ], [ -98.64223, 35.11986 ], [ -98.6436, 35.11698 ], [ -98.64577, 35.11812 ], [ -98.65034, 35.11556 ], [ -98.6453, 35.11155 ], [ -98.64307, 35.11157 ], [ -98.64048, 35.11409 ], [ -98.63858, 35.12311 ], [ -98.62963, 35.11633 ], [ -98.629, 35.1103 ], [ -98.6254, 35.10893 ], [ -98.6253, 35.10242 ], [ -98.62244, 35.09752 ], [ -98.62071, 35.09729 ], [ -98.62002, 35.10057 ], [ -98.61767, 35.10165 ], [ -98.61755, 35.20411 ], [ -98.62341, 35.20418 ], [ -98.623, 35.29077 ], [ -98.5, 35.29056 ], [ -98.46479, 35.29062 ], [ -98.46464, 35.26171 ], [ -98.45091, 35.26184 ], [ -98.46625, 35.23153 ], [ -98.48085, 35.21822 ], [ -98.48436, 35.2137 ], [ -98.48622, 35.20626 ], [ -98.48083, 35.19596 ], [ -98.45141, 35.16338 ], [ -98.46873, 35.14606 ], [ -98.47749, 35.14605 ], [ -98.47753, 35.11734 ], [ -98.51305, 35.11738 ], [ -98.51116, 35.11283 ], [ -98.50288, 35.11459 ], [ -98.49829, 35.11399 ], [ -98.49631, 35.11218 ], [ -98.49664, 35.10959 ], [ -98.49349, 35.10872 ], [ -98.49159, 35.10579 ], [ -98.49391, 35.10366 ], [ -98.49385, 35.10162 ], [ -98.497, 35.10165 ], [ -98.49738, 35.09535 ], [ -98.49735, 34.97087 ], [ -98.49671, 34.89813 ], [ -98.55032, 34.89762 ], [ -98.54916, 34.86463 ], [ -98.54504, 34.85504 ], [ -98.61003, 34.85489 ], [ -98.61948, 34.85489 ] ] ] } },
{ "type": "Feature", "properties": { "HSA93": 37018, "HSANAME": "OK- CHEYENNE", "STATE": 37, "HRR93": 339, "HRR93_NAME": "OK- OKLAHOMA CITY", "Persons90": 2474, "hosp_cnt": 1, "HSA_label": "Cheyenne" }, "geometry": { "type": "Polygon", "coordinates": [ [ [ -99.8246, 36.00565 ], [ -99.81342, 36.00303 ], [ -99.80905, 36.0 ], [ -99.80701, 35.99131 ], [ -99.80453, 35.9884 ], [ -99.80555, 35.98378 ], [ -99.8019, 35.97156 ], [ -99.80896, 35.95541 ], [ -99.80932, 35.94532 ], [ -99.807, 35.9405 ], [ -99.81032, 35.93169 ], [ -99.80982, 35.92884 ], [ -99.80192, 35.92035 ], [ -99.801, 35.9106 ], [ -99.79608, 35.90682 ], [ -99.78927, 35.90445 ], [ -99.78522, 35.89957 ], [ -99.77977, 35.89743 ], [ -99.77675, 35.88906 ], [ -99.76664, 35.8826 ], [ -99.7607, 35.8807 ], [ -99.7529, 35.88258 ], [ -99.74604, 35.88192 ], [ -99.73799, 35.875 ], [ -99.72829, 35.86959 ], [ -99.7222, 35.86214 ], [ -99.71671, 35.85972 ], [ -99.6851, 35.8517 ], [ -99.6556, 35.85058 ], [ -99.63459, 35.84306 ], [ -99.62017, 35.84191 ], [ -99.61056, 35.84741 ], [ -99.60719, 35.83662 ], [ -99.60502, 35.83619 ], [ -99.60603, 35.83385 ], [ -99.60398, 35.83165 ], [ -99.60479, 35.82654 ], [ -99.57004, 35.82678 ], [ -99.57042, 35.72652 ], [ -99.53939, 35.72555 ], [ -99.5392, 35.71152 ], [ -99.55155, 35.71133 ], [ -99.55158, 35.70588 ], [ -99.55304, 35.7046 ], [ -99.55316, 35.62449 ], [ -99.58093, 35.62442 ], [ -99.58861, 35.6284 ], [ -99.58875, 35.60994 ], [ -99.5715, 35.60983 ], [ -99.57153, 35.59556 ], [ -99.53567, 35.59558 ], [ -99.53562, 35.56203 ], [ -99.5361, 35.55321 ], [ -99.53774, 35.55201 ], [ -99.53991, 35.55205 ], [ -99.53987, 35.52351 ], [ -99.54466, 35.52349 ], [ -99.5469, 35.52186 ], [ -99.54998, 35.5234 ], [ -99.55788, 35.52326 ], [ -99.55799, 35.50886 ], [ -99.57522, 35.5089 ], [ -99.57673, 35.5065 ], [ -99.57592, 35.50396 ], [ -99.57922, 35.50215 ], [ -99.58524, 35.50118 ], [ -99.60389, 35.50367 ], [ -99.61255, 35.51153 ], [ -99.61306, 35.51936 ], [ -99.6194, 35.53037 ], [ -99.62738, 35.53175 ], [ -99.63359, 35.53649 ], [ -99.64096, 35.53416 ], [ -99.64189, 35.53764 ], [ -99.71706, 35.5378 ], [ -99.71718, 35.42185 ], [ -99.7841, 35.42215 ], [ -99.82336, 35.42224 ], [ -99.82273, 35.53817 ], [ -99.87571, 35.53838 ], [ -99.87818, 35.54732 ], [ -99.89617, 35.54607 ], [ -99.90396, 35.54973 ], [ -99.90906, 35.54738 ], [ -99.91189, 35.54946 ], [ -99.92649, 35.54784 ], [ -99.92811, 35.54548 ], [ -99.9461, 35.55249 ], [ -99.97031, 35.55239 ], [ -99.9753, 35.55088 ], [ -99.97931, 35.55101 ], [ -99.97948, 35.55236 ], [ -99.98718, 35.54767 ], [ -99.99934, 35.54668 ], [ -100.0, 35.54768 ], [ -100.0, 35.61907 ], [ -100.0, 35.74521 ], [ -100.0, 35.8809 ], [ -99.98504, 35.88401 ], [ -99.97031, 35.8894 ], [ -99.95834, 35.90043 ], [ -99.92475, 35.91362 ], [ -99.91854, 35.92177 ], [ -99.908, 35.92808 ], [ -99.90531, 35.9395 ], [ -99.91088, 35.94598 ], [ -99.91214, 35.95494 ], [ -99.91105, 35.96188 ], [ -99.90788, 35.96659 ], [ -99.89465, 35.97708 ], [ -99.89298, 35.98525 ], [ -99.88688, 35.98807 ], [ -99.87188, 35.98867 ], [ -99.85698, 36.00178 ], [ -99.85115, 36.00508 ], [ -99.83755, 36.00675 ], [ -99.8246, 36.00565 ] ] ] } },
{ "type": "Feature", "properties": { "HSA93": 37019, "HSANAME": "OK- CHICKASHA", "STATE": 37, "HRR93": 339, "HRR93_NAME": "OK- OKLAHOMA CITY", "Persons90": 40649, "hosp_cnt": 1, "HSA_label": "Chickasha" }, "geometry": { "type": "Polygon", "coordinates": [ [ [ -97.88221, 35.20355 ], [ -97.67062, 35.20361 ], [ -97.67012, 35.20359 ], [ -97.67015, 35.04397 ], [ -97.67022, 35.02947 ], [ -97.67009, 34.92771 ], [ -97.67008, 34.91745 ], [ -97.67053, 34.85515 ], [ -97.66769, 34.85507 ], [ -97.66773, 34.81203 ], [ -97.66812, 34.68126 ], [ -97.93157, 34.68158 ], [ -97.93922, 34.68163 ], [ -98.05981, 34.68115 ], [ -98.06612, 34.68116 ], [ -98.08876, 34.68103 ], [ -98.08869, 34.83474 ], [ -98.08924, 34.85486 ], [ -98.09232, 34.85485 ], [ -98.18008, 34.85483 ], [ -98.26751, 34.85494 ], [ -98.26835, 34.85493 ], [ -98.26856, 34.94197 ], [ -98.23339, 34.94193 ], [ -98.23346, 34.97081 ], [ -98.18043, 34.97061 ], [ -98.18051, 34.99957 ], [ -98.12785, 34.99957 ], [ -98.1279, 35.0139 ], [ -98.09276, 35.01389 ], [ -98.09264, 35.06483 ], [ -98.09076, 35.11656 ], [ -98.09093, 35.20359 ], [ -98.09456, 35.20366 ], [ -98.09451, 35.2327 ], [ -98.09491, 35.30518 ], [ -98.13001, 35.30506 ], [ -98.13022, 35.27611 ], [ -98.18016, 35.27548 ], [ -98.18328, 35.27629 ], [ -98.18278, 35.2906 ], [ -98.22587, 35.29061 ], [ -98.23296, 35.2738 ], [ -98.24136, 35.2621 ], [ -98.24147, 35.25639 ], [ -98.24661, 35.24711 ], [ -98.23554, 35.24717 ], [ -98.23563, 35.20727 ], [ -98.23708, 35.20388 ], [ -98.24908, 35.20381 ], [ -98.24909, 35.17497 ], [ -98.25725, 35.1749 ], [ -98.25675, 35.16549 ], [ -98.24927, 35.15995 ], [ -98.24963, 35.13739 ], [ -98.25114, 35.1315 ], [ -98.25477, 35.12695 ], [ -98.25302, 35.11719 ], [ -98.35459, 35.11718 ], [ -98.35462, 35.10637 ], [ -98.35656, 35.10593 ], [ -98.35692, 35.10335 ], [ -98.35344, 35.10248 ], [ -98.35408, 35.09977 ], [ -98.3589, 35.10057 ], [ -98.3618, 35.09741 ], [ -98.36143, 35.09569 ], [ -98.35661, 35.09572 ], [ -98.35789, 35.09254 ], [ -98.35449, 35.0907 ], [ -98.36282, 35.0872 ], [ -98.36491, 35.08353 ], [ -98.36371, 35.08133 ], [ -98.3624, 35.08445 ], [ -98.35608, 35.08264 ], [ -98.35373, 35.07669 ], [ -98.3568, 35.07538 ], [ -98.35552, 35.07916 ], [ -98.35827, 35.07902 ], [ -98.35822, 35.07456 ], [ -98.35997, 35.07421 ], [ -98.36217, 35.07584 ], [ -98.36, 35.07719 ], [ -98.36167, 35.07872 ], [ -98.36496, 35.07707 ], [ -98.36292, 35.07471 ], [ -98.36535, 35.0724 ], [ -98.35671, 35.07243 ], [ -98.35667, 35.04343 ], [ -98.37427, 35.04338 ], [ -98.374, 35.01463 ], [ -98.44457, 35.01462 ], [ -98.44432, 34.97098 ], [ -98.49735, 34.97087 ], [ -98.49738, 35.09535 ], [ -98.497, 35.10165 ], [ -98.49385, 35.10162 ], [ -98.49391, 35.10366 ], [ -98.49159, 35.10579 ], [ -98.49349, 35.10872 ], [ -98.49664, 35.10959 ], [ -98.49631, 35.11218 ], [ -98.49829, 35.11399 ], [ -98.50288, 35.11459 ], [ -98.51116, 35.11283 ], [ -98.51305, 35.11738 ], [ -98.47753, 35.11734 ], [ -98.47749, 35.14605 ], [ -98.46873, 35.14606 ], [ -98.45141, 35.16338 ], [ -98.48083, 35.19596 ], [ -98.48622, 35.20626 ], [ -98.48436, 35.2137 ], [ -98.48085, 35.21822 ], [ -98.46625, 35.23153 ], [ -98.45091, 35.26184 ], [ -98.46464, 35.26171 ], [ -98.46479, 35.29062 ], [ -98.5, 35.29056 ], [ -98.5, 35.31949 ], [ -98.44711, 35.31962 ], [ -98.44714, 35.33411 ], [ -98.4119, 35.33427 ], [ -98.41191, 35.31973 ], [ -98.39181, 35.31952 ], [ -98.38667, 35.32098 ], [ -98.38072, 35.31942 ], [ -98.33569, 35.3196 ], [ -98.32538, 35.33075 ], [ -98.32418, 35.3406 ], [ -98.3213, 35.34188 ], [ -98.31421, 35.35168 ], [ -98.31035, 35.3643 ], [ -98.30775, 35.36842 ], [ -98.30336, 35.37147 ], [ -98.30045, 35.37719 ], [ -98.09564, 35.37767 ], [ -98.02321, 35.37776 ], [ -98.01935, 35.37797 ], [ -98.01771, 35.38133 ], [ -98.01467, 35.37952 ], [ -98.0167, 35.375 ], [ -98.01292, 35.37277 ], [ -98.01263, 35.36736 ], [ -98.00973, 35.3645 ], [ -97.99872, 35.3611 ], [ -97.99073, 35.36186 ], [ -97.98868, 35.36003 ], [ -97.97979, 35.35923 ], [ -97.96014, 35.34746 ], [ -97.94957, 35.35195 ], [ -97.94644, 35.35949 ], [ -97.94684, 35.37169 ], [ -97.94329, 35.37706 ], [ -97.93294, 35.37423 ], [ -97.92959, 35.36293 ], [ -97.92031, 35.3546 ], [ -97.90897, 35.35524 ], [ -97.90585, 35.35046 ], [ -97.89495, 35.34513 ], [ -97.89201, 35.34581 ], [ -97.89079, 35.35014 ], [ -97.88905, 35.3511 ], [ -97.88236, 35.34973 ], [ -97.87046, 35.3621 ], [ -97.86345, 35.36134 ], [ -97.85702, 35.34461 ], [ -97.86328, 35.34202 ], [ -97.86685, 35.3368 ], [ -97.87889, 35.33242 ], [ -97.8786, 35.31965 ], [ -97.88279, 35.31967 ], [ -97.88279, 35.20356 ], [ -97.88221, 35.20355 ] ] ] } },
{ "type": "Feature", "properties": { "HSA93": 37020, "HSANAME": "OK- CLAREMORE", "STATE": 37, "HRR93": 340, "HRR93_NAME": "OK- TULSA", "Persons90": 37122, "hosp_cnt": 2, "HSA_label": "Claremore" }, "geometry": { "type": "Polygon", "coordinates": [ [ [ -95.43543, 36.46667 ], [ -95.4351, 36.33616 ], [ -95.43533, 36.25 ], [ -95.4383, 36.24923 ], [ -95.43972, 36.24924 ], [ -95.43972, 36.2357 ], [ -95.4965, 36.23056 ], [ -95.50347, 36.23199 ], [ -95.51002, 36.22921 ], [ -95.52075, 36.23122 ], [ -95.52479, 36.23434 ], [ -95.52977, 36.23271 ], [ -95.53301, 36.23461 ], [ -95.53499, 36.23331 ], [ -95.5355, 36.23541 ], [ -95.54273, 36.23358 ], [ -95.54776, 36.23656 ], [ -95.54615, 36.23839 ], [ -95.54979, 36.24132 ], [ -95.55259, 36.2407 ], [ -95.55479, 36.24267 ], [ -95.55917, 36.24024 ], [ -95.55959, 36.23658 ], [ -95.56629, 36.23608 ], [ -95.58035, 36.2304 ], [ -95.58312, 36.23061 ], [ -95.58357, 36.2318 ], [ -95.58117, 36.23244 ], [ -95.58476, 36.23262 ], [ -95.58406, 36.23358 ], [ -95.58538, 36.23413 ], [ -95.59016, 36.23196 ], [ -95.59309, 36.2328 ], [ -95.59298, 36.23525 ], [ -95.59634, 36.23431 ], [ -95.59739, 36.23221 ], [ -95.59473, 36.232 ], [ -95.5945, 36.23051 ], [ -95.60041, 36.2303 ], [ -95.59688, 36.22841 ], [ -95.59747, 36.22676 ], [ -95.60154, 36.22847 ], [ -95.60389, 36.2257 ], [ -95.60641, 36.22569 ], [ -95.62591, 36.2234 ], [ -95.63694, 36.21316 ], [ -95.6539, 36.20141 ], [ -95.66148, 36.20034 ], [ -95.67627, 36.19378 ], [ -95.68817, 36.19323 ], [ -95.69985, 36.18873 ], [ -95.70154, 36.19699 ], [ -95.708, 36.2047 ], [ -95.71597, 36.20973 ], [ -95.72289, 36.2082 ], [ -95.72763, 36.21114 ], [ -95.7286, 36.22396 ], [ -95.71982, 36.24203 ], [ -95.72234, 36.24497 ], [ -95.72622, 36.24146 ], [ -95.73061, 36.24232 ], [ -95.73307, 36.24501 ], [ -95.73393, 36.24985 ], [ -95.73315, 36.25593 ], [ -95.74287, 36.26382 ], [ -95.7436, 36.2652 ], [ -95.74206, 36.26662 ], [ -95.73251, 36.26552 ], [ -95.72645, 36.26969 ], [ -95.72114, 36.26988 ], [ -95.71188, 36.27338 ], [ -95.70259, 36.27188 ], [ -95.69808, 36.26629 ], [ -95.68952, 36.26246 ], [ -95.68151, 36.27178 ], [ -95.67893, 36.27993 ], [ -95.67978, 36.28348 ], [ -95.6927, 36.29324 ], [ -95.70395, 36.29907 ], [ -95.69747, 36.30897 ], [ -95.68978, 36.31664 ], [ -95.69534, 36.32468 ], [ -95.69904, 36.3378 ], [ -95.70569, 36.33931 ], [ -95.71655, 36.3389 ], [ -95.71848, 36.34926 ], [ -95.72286, 36.35093 ], [ -95.7217, 36.35363 ], [ -95.71901, 36.35169 ], [ -95.71703, 36.35249 ], [ -95.7156, 36.36233 ], [ -95.71056, 36.36874 ], [ -95.71037, 36.37302 ], [ -95.71316, 36.37857 ], [ -95.73226, 36.37742 ], [ -95.7392, 36.37841 ], [ -95.74922, 36.38194 ], [ -95.75813, 36.38064 ], [ -95.77396, 36.38226 ], [ -95.77578, 36.38144 ], [ -95.77405, 36.37871 ], [ -95.77514, 36.37622 ], [ -95.77408, 36.37342 ], [ -95.78555, 36.37432 ], [ -95.7846, 36.38031 ], [ -95.7863, 36.3807 ], [ -95.78966, 36.37805 ], [ -95.80149, 36.38196 ], [ -95.80002, 36.38665 ], [ -95.80426, 36.38846 ], [ -95.80607, 36.39159 ], [ -95.81065, 36.39426 ], [ -95.79405, 36.39436 ], [ -95.79407, 36.42344 ], [ -95.81196, 36.42333 ], [ -95.81214, 36.51039 ], [ -95.76947, 36.51064 ], [ -95.77055, 36.5146 ], [ -95.76865, 36.51629 ], [ -95.76768, 36.52267 ], [ -95.76535, 36.52477 ], [ -95.74432, 36.52472 ], [ -95.7296, 36.50784 ], [ -95.72934, 36.51018 ], [ -95.66839, 36.51014 ], [ -95.66833, 36.52469 ], [ -95.61021, 36.52453 ], [ -95.60697, 36.52784 ], [ -95.60639, 36.53554 ], [ -95.60247, 36.53932 ], [ -95.59632, 36.5614 ], [ -95.58101, 36.57098 ], [ -95.57442, 36.57335 ], [ -95.58208, 36.57815 ], [ -95.58411, 36.58662 ], [ -95.59015, 36.5936 ], [ -95.58945, 36.59616 ], [ -95.58261, 36.59447 ], [ -95.57968, 36.59754 ], [ -95.5426, 36.59746 ], [ -95.54, 36.60071 ], [ -95.53977, 36.60529 ], [ -95.54238, 36.60709 ], [ -95.54133, 36.61444 ], [ -95.53809, 36.61671 ], [ -95.53628, 36.61334 ], [ -95.53213, 36.6122 ], [ -95.53591, 36.61391 ], [ -95.53579, 36.61892 ], [ -95.54087, 36.6203 ], [ -95.54153, 36.6225 ], [ -95.53636, 36.62455 ], [ -95.53284, 36.62247 ], [ -95.5351, 36.62808 ], [ -95.53107, 36.62705 ], [ -95.53079, 36.62461 ], [ -95.52835, 36.62454 ], [ -95.53005, 36.63078 ], [ -95.52536, 36.63005 ], [ -95.52488, 36.62822 ], [ -95.52146, 36.62846 ], [ -95.52204, 36.62964 ], [ -95.52443, 36.62881 ], [ -95.52576, 36.63099 ], [ -95.5217, 36.6338 ], [ -95.53203, 36.63241 ], [ -95.52928, 36.6339 ], [ -95.53058, 36.6387 ], [ -95.52329, 36.6392 ], [ -95.52462, 36.63746 ], [ -95.52309, 36.63572 ], [ -95.51795, 36.63913 ], [ -95.50128, 36.63711 ], [ -95.49955, 36.63892 ], [ -95.49897, 36.63743 ], [ -95.49647, 36.63731 ], [ -95.48901, 36.64077 ], [ -95.491, 36.64249 ], [ -95.48737, 36.6494 ], [ -95.48353, 36.64876 ], [ -95.4778, 36.65062 ], [ -95.47286, 36.64943 ], [ -95.47138, 36.65108 ], [ -95.46428, 36.65239 ], [ -95.46587, 36.65362 ], [ -95.46232, 36.65463 ], [ -95.46383, 36.6566 ], [ -95.46085, 36.65646 ], [ -95.46062, 36.65923 ], [ -95.45872, 36.65895 ], [ -95.4548, 36.6631 ], [ -95.45227, 36.66321 ], [ -95.45281, 36.66108 ], [ -95.44966, 36.6587 ], [ -95.44429, 36.65751 ], [ -95.44094, 36.65937 ], [ -95.4394, 36.65758 ], [ -95.43164, 36.65575 ], [ -95.43126, 36.59746 ], [ -95.40015, 36.59753 ], [ -95.39988, 36.56805 ], [ -95.39523, 36.56912 ], [ -95.39072, 36.56819 ], [ -95.39075, 36.55363 ], [ -95.38182, 36.55363 ], [ -95.38171, 36.54392 ], [ -95.36035, 36.54978 ], [ -95.3281, 36.56803 ], [ -95.32778, 36.51017 ], [ -95.43526, 36.51006 ], [ -95.43543, 36.46667 ] ] ] } },
{ "type": "Feature", "properties": { "HSA93": 37022, "HSANAME": "OK- CLINTON", "STATE": 37, "HRR93": 339, "HRR93_NAME": "OK- OKLAHOMA CITY", "Persons90": 16074, "hosp_cnt": 2, "HSA_label": "Clinton" }, "geometry": { "type": "Polygon", "coordinates": [ [ [ -98.84462, 35.56579 ], [ -98.84473, 35.55161 ], [ -98.83439, 35.55148 ], [ -98.8349, 35.465 ], [ -98.62288, 35.46437 ], [ -98.62301, 35.37724 ], [ -98.72905, 35.37753 ], [ -98.72901, 35.34874 ], [ -98.97596, 35.34918 ], [ -98.97586, 35.36338 ], [ -98.97563, 35.40707 ], [ -99.0197, 35.40722 ], [ -99.01975, 35.36371 ], [ -99.06862, 35.36373 ], [ -99.0795, 35.3553 ], [ -99.08568, 35.3393 ], [ -99.09869, 35.33233 ], [ -99.10256, 35.3242 ], [ -99.10669, 35.32031 ], [ -99.16973, 35.32039 ], [ -99.16976, 35.3059 ], [ -99.20524, 35.30599 ], [ -99.20542, 35.33494 ], [ -99.22302, 35.335 ], [ -99.22284, 35.36398 ], [ -99.20523, 35.36407 ], [ -99.2051, 35.43071 ], [ -99.19714, 35.43527 ], [ -99.19702, 35.4417 ], [ -99.18744, 35.44638 ], [ -99.19044, 35.45066 ], [ -99.18753, 35.45088 ], [ -99.19124, 35.45807 ], [ -99.18767, 35.46162 ], [ -99.1876, 35.46545 ], [ -99.36395, 35.46533 ], [ -99.36373, 35.50878 ], [ -99.36362, 35.55163 ], [ -99.37658, 35.55169 ], [ -99.37653, 35.58062 ], [ -99.37566, 35.79768 ], [ -99.37565, 35.81213 ], [ -99.14592, 35.81228 ], [ -99.1103, 35.81237 ], [ -99.00422, 35.81234 ], [ -99.00447, 35.85572 ], [ -98.98664, 35.85575 ], [ -98.98669, 35.88488 ], [ -98.93289, 35.88471 ], [ -98.93294, 35.8703 ], [ -98.87977, 35.87047 ], [ -98.87978, 35.81271 ], [ -98.84427, 35.81279 ], [ -98.84445, 35.71085 ], [ -98.82691, 35.71095 ], [ -98.82703, 35.63834 ], [ -98.88016, 35.63847 ], [ -98.88023, 35.58046 ], [ -98.8446, 35.58051 ], [ -98.84462, 35.56579 ] ] ] } },
{ "type": "Feature", "properties": { "HSA93": 37023, "HSANAME": "OK- COALGATE", "STATE": 37, "HRR93": 340, "HRR93_NAME": "OK- TULSA", "Persons90": 5099, "hosp_cnt": 1, "HSA_label": "Coalgate" }, "geometry": { "type": "Polygon", "coordinates": [ [ [ -96.09497, 34.5061 ], [ -96.14507, 34.50601 ], [ -96.14483, 34.41859 ], [ -96.34603, 34.41825 ], [ -96.34556, 34.41975 ], [ -96.3428, 34.41966 ], [ -96.34416, 34.42112 ], [ -96.34109, 34.42209 ], [ -96.34385, 34.42353 ], [ -96.34363, 34.42573 ], [ -96.34098, 34.42682 ], [ -96.34421, 34.4301 ], [ -96.3462, 34.42982 ], [ -96.34474, 34.43156 ], [ -96.34645, 34.43291 ], [ -96.34369, 34.4331 ], [ -96.34275, 34.4358 ], [ -96.34493, 34.43511 ], [ -96.34811, 34.43749 ], [ -96.34391, 34.43726 ], [ -96.3438, 34.4406 ], [ -96.34767, 34.44083 ], [ -96.34886, 34.44241 ], [ -96.34767, 34.44465 ], [ -96.35444, 34.44266 ], [ -96.35353, 34.4463 ], [ -96.35544, 34.44902 ], [ -96.3527, 34.44937 ], [ -96.35251, 34.45159 ], [ -96.35099, 34.45118 ], [ -96.34928, 34.45459 ], [ -96.34663, 34.45569 ], [ -96.35038, 34.45814 ], [ -96.35268, 34.46315 ], [ -96.34691, 34.46784 ], [ -96.34672, 34.4778 ], [ -96.34417, 34.48103 ], [ -96.34854, 34.48558 ], [ -96.34794, 34.48783 ], [ -96.34973, 34.48888 ], [ -96.34824, 34.4903 ], [ -96.34882, 34.4973 ], [ -96.35323, 34.50146 ], [ -96.35641, 34.51023 ], [ -96.35868, 34.50931 ], [ -96.36205, 34.51281 ], [ -96.36291, 34.51748 ], [ -96.36172, 34.51833 ], [ -96.36529, 34.52096 ], [ -96.36422, 34.52623 ], [ -96.36577, 34.52922 ], [ -96.36748, 34.52886 ], [ -96.36685, 34.53149 ], [ -96.37014, 34.53254 ], [ -96.36865, 34.53421 ], [ -96.37202, 34.53607 ], [ -96.36923, 34.53591 ], [ -96.37144, 34.53865 ], [ -96.36884, 34.53836 ], [ -96.36971, 34.54309 ], [ -96.37109, 34.54218 ], [ -96.37319, 34.54357 ], [ -96.3725, 34.54607 ], [ -96.37458, 34.54579 ], [ -96.37425, 34.54879 ], [ -96.37642, 34.547 ], [ -96.3775, 34.5511 ], [ -96.38029, 34.55071 ], [ -96.37921, 34.55213 ], [ -96.38142, 34.55305 ], [ -96.37882, 34.55838 ], [ -96.38405, 34.55857 ], [ -96.38391, 34.56037 ], [ -96.38593, 34.56042 ], [ -96.38404, 34.56701 ], [ -96.39472, 34.5718 ], [ -96.39494, 34.58087 ], [ -96.39186, 34.58178 ], [ -96.39067, 34.58691 ], [ -96.39579, 34.58913 ], [ -96.39465, 34.5933 ], [ -96.39745, 34.59529 ], [ -96.39493, 34.59682 ], [ -96.39551, 34.5998 ], [ -96.397, 34.60032 ], [ -96.39476, 34.60376 ], [ -96.39625, 34.60925 ], [ -96.3937, 34.60964 ], [ -96.39453, 34.61131 ], [ -96.39146, 34.61422 ], [ -96.38939, 34.61421 ], [ -96.38945, 34.63183 ], [ -96.38311, 34.63383 ], [ -96.3799, 34.63907 ], [ -96.38114, 34.64033 ], [ -96.37954, 34.64099 ], [ -96.37984, 34.64353 ], [ -96.37746, 34.64385 ], [ -96.37635, 34.64904 ], [ -96.37201, 34.6518 ], [ -96.37182, 34.68002 ], [ -96.37186, 34.69444 ], [ -96.31926, 34.69427 ], [ -96.31899, 34.73989 ], [ -96.31458, 34.74785 ], [ -96.31261, 34.75866 ], [ -96.31622, 34.76674 ], [ -96.25789, 34.76691 ], [ -96.09254, 34.76749 ], [ -96.09184, 34.7675 ], [ -96.09189, 34.68049 ], [ -95.91516, 34.68025 ], [ -95.88184, 34.68038 ], [ -95.88191, 34.59343 ], [ -95.8818, 34.57894 ], [ -95.89923, 34.57892 ], [ -95.89932, 34.58165 ], [ -95.90781, 34.57972 ], [ -95.90806, 34.57707 ], [ -95.91694, 34.57689 ], [ -95.91694, 34.57151 ], [ -95.92455, 34.5711 ], [ -95.95103, 34.55849 ], [ -95.96054, 34.55647 ], [ -95.97605, 34.54271 ], [ -95.9875, 34.53539 ], [ -95.99488, 34.53646 ], [ -96.0, 34.53442 ], [ -96.00296, 34.53598 ], [ -96.015, 34.52838 ], [ -96.02017, 34.53047 ], [ -96.02288, 34.52999 ], [ -96.02891, 34.52576 ], [ -96.03205, 34.52597 ], [ -96.03472, 34.52109 ], [ -96.04412, 34.51427 ], [ -96.04453, 34.51159 ], [ -96.06601, 34.5024 ], [ -96.08116, 34.5 ], [ -96.08745, 34.50148 ], [ -96.09333, 34.49904 ], [ -96.09497, 34.5061 ] ] ] } },
{ "type": "Feature", "properties": { "HSA93": 37024, "HSANAME": "OK- CORDELL", "STATE": 37, "HRR93": 339, "HRR93_NAME": "OK- OKLAHOMA CITY", "Persons90": 5447, "hosp_cnt": 1, "HSA_label": "Cordell" }, "geometry": { "type": "Polygon", "coordinates": [ [ [ -99.10669, 35.32031 ], [ -99.10256, 35.3242 ], [ -99.09869, 35.33233 ], [ -99.08568, 35.3393 ], [ -99.0795, 35.3553 ], [ -99.06862, 35.36373 ], [ -99.01975, 35.36371 ], [ -99.0197, 35.40722 ], [ -98.97563, 35.40707 ], [ -98.97586, 35.36338 ], [ -98.97596, 35.34918 ], [ -98.72901, 35.34874 ], [ -98.72904, 35.2908 ], [ -98.623, 35.29077 ], [ -98.62341, 35.20418 ], [ -98.61755, 35.20411 ], [ -98.61767, 35.10165 ], [ -98.62002, 35.10057 ], [ -98.62071, 35.09729 ], [ -98.62244, 35.09752 ], [ -98.6253, 35.10242 ], [ -98.6254, 35.10893 ], [ -98.629, 35.1103 ], [ -98.62963, 35.11633 ], [ -98.63858, 35.12311 ], [ -98.64048, 35.11409 ], [ -98.64307, 35.11157 ], [ -98.6453, 35.11155 ], [ -98.65034, 35.11556 ], [ -98.64577, 35.11812 ], [ -98.6436, 35.11698 ], [ -98.64223, 35.11986 ], [ -98.64608, 35.1192 ], [ -98.64736, 35.12169 ], [ -98.65157, 35.1241 ], [ -98.65358, 35.12135 ], [ -98.65837, 35.12222 ], [ -98.66227, 35.11806 ], [ -98.67189, 35.11895 ], [ -98.67465, 35.11389 ], [ -98.67395, 35.10961 ], [ -98.67691, 35.10791 ], [ -98.67997, 35.10997 ], [ -98.68137, 35.11371 ], [ -98.68443, 35.11414 ], [ -98.68287, 35.1078 ], [ -98.6846, 35.10702 ], [ -98.69703, 35.11188 ], [ -98.70316, 35.11045 ], [ -98.70712, 35.10645 ], [ -98.71211, 35.1047 ], [ -98.71501, 35.1083 ], [ -98.71975, 35.10834 ], [ -98.71643, 35.11329 ], [ -98.72184, 35.11373 ], [ -98.72295, 35.11144 ], [ -98.72496, 35.11125 ], [ -98.73003, 35.11203 ], [ -98.73087, 35.11407 ], [ -98.73276, 35.11084 ], [ -98.72839, 35.10866 ], [ -98.7324, 35.10894 ], [ -98.73552, 35.10099 ], [ -98.73967, 35.10589 ], [ -98.73797, 35.10708 ], [ -98.74313, 35.10802 ], [ -98.74193, 35.11079 ], [ -98.74863, 35.1164 ], [ -98.81428, 35.11634 ], [ -98.81426, 35.12124 ], [ -98.81099, 35.12145 ], [ -98.81097, 35.18969 ], [ -98.81934, 35.18967 ], [ -98.81973, 35.19478 ], [ -98.81791, 35.19629 ], [ -98.81738, 35.20005 ], [ -98.81911, 35.2044 ], [ -98.86315, 35.20432 ], [ -98.86316, 35.17518 ], [ -98.91161, 35.17528 ], [ -98.91574, 35.17292 ], [ -98.91603, 35.16408 ], [ -98.91907, 35.16085 ], [ -98.95471, 35.15996 ], [ -99.02538, 35.15996 ], [ -99.02544, 35.20435 ], [ -99.02902, 35.20437 ], [ -99.02884, 35.21889 ], [ -99.09954, 35.21891 ], [ -99.27566, 35.2188 ], [ -99.27569, 35.21312 ], [ -99.27945, 35.21165 ], [ -99.28364, 35.21898 ], [ -99.36413, 35.21893 ], [ -99.36423, 35.29139 ], [ -99.36419, 35.30582 ], [ -99.20524, 35.30599 ], [ -99.16976, 35.3059 ], [ -99.16973, 35.32039 ], [ -99.10669, 35.32031 ] ] ] } },
{ "type": "Feature", "properties": { "HSA93": 37025, "HSANAME": "OK- CUSHING", "STATE": 37, "HRR93": 340, "HRR93_NAME": "OK- TULSA", "Persons90": 9961, "hosp_cnt": 1, "HSA_label": "Cushing" }, "geometry": { "type": "Polygon", "coordinates": [ [ [ -96.87367, 35.94206 ], [ -96.87373, 35.98562 ], [ -96.83765, 35.98547 ], [ -96.83752, 36.00035 ], [ -96.82183, 36.00083 ], [ -96.81999, 35.99961 ], [ -96.81766, 36.00422 ], [ -96.82247, 36.00749 ], [ -96.82145, 36.00843 ], [ -96.81307, 36.0111 ], [ -96.81036, 36.01435 ], [ -96.80977, 36.02112 ], [ -96.81252, 36.03577 ], [ -96.81683, 36.04207 ], [ -96.82498, 36.04769 ], [ -96.84541, 36.05478 ], [ -96.84494, 36.06178 ], [ -96.83644, 36.06573 ], [ -96.83173, 36.06584 ], [ -96.82586, 36.06327 ], [ -96.81479, 36.05393 ], [ -96.8098, 36.0518 ], [ -96.7846, 36.05381 ], [ -96.76623, 36.05323 ], [ -96.75511, 36.05114 ], [ -96.74163, 36.05274 ], [ -96.74057, 36.05776 ], [ -96.74529, 36.06977 ], [ -96.74534, 36.07563 ], [ -96.73048, 36.08966 ], [ -96.72472, 36.09244 ], [ -96.71599, 36.09331 ], [ -96.70897, 36.09237 ], [ -96.70694, 36.08968 ], [ -96.69918, 36.08626 ], [ -96.69773, 36.07976 ], [ -96.69469, 36.07625 ], [ -96.69719, 36.05808 ], [ -96.69223, 36.04333 ], [ -96.69411, 36.03479 ], [ -96.68983, 36.03113 ], [ -96.67159, 36.02285 ], [ -96.66641, 36.01764 ], [ -96.65853, 36.01804 ], [ -96.65021, 36.02301 ], [ -96.64376, 36.03421 ], [ -96.64203, 36.03897 ], [ -96.64187, 36.04831 ], [ -96.6387, 36.05315 ], [ -96.63098, 36.05262 ], [ -96.62255, 36.047 ], [ -96.6208, 35.94145 ], [ -96.81999, 35.94212 ], [ -96.87367, 35.94206 ] ] ] } },
{ "type": "Feature", "properties": { "HSA93": 37026, "HSANAME": "OK- DRUMRIGHT", "STATE": 37, "HRR93": 340, "HRR93_NAME": "OK- TULSA", "Persons90": 7886, "hosp_cnt": 1, "HSA_label": "Drumright" }, "geometry": { "type": "Polygon", "coordinates": [ [ [ -96.61936, 35.77017 ], [ -96.61917, 35.91546 ], [ -96.6208, 35.94145 ], [ -96.62255, 36.047 ], [ -96.62114, 36.15986 ], [ -96.62103, 36.16349 ], [ -96.55256, 36.1635 ], [ -96.48496, 36.1636 ], [ -96.49552, 36.14569 ], [ -96.49652, 36.07639 ], [ -96.49376, 36.07628 ], [ -96.47814, 36.04589 ], [ -96.45925, 36.01967 ], [ -96.45851, 36.00297 ], [ -96.37819, 36.00293 ], [ -96.36485, 35.99886 ], [ -96.34882, 35.98962 ], [ -96.32869, 35.9867 ], [ -96.31385, 35.98834 ], [ -96.19189, 35.98843 ], [ -96.29374, 35.9147 ], [ -96.33011, 35.90099 ], [ -96.40254, 35.90101 ], [ -96.40482, 35.89938 ], [ -96.41382, 35.89879 ], [ -96.42026, 35.90099 ], [ -96.47177, 35.90099 ], [ -96.47181, 35.89794 ], [ -96.47014, 35.89748 ], [ -96.46878, 35.89365 ], [ -96.46616, 35.89323 ], [ -96.462, 35.88801 ], [ -96.45814, 35.87762 ], [ -96.45821, 35.84259 ], [ -96.45271, 35.84236 ], [ -96.45599, 35.83682 ], [ -96.45802, 35.8362 ], [ -96.45813, 35.82796 ], [ -96.54334, 35.80492 ], [ -96.61936, 35.77017 ] ] ] } },
{ "type": "Feature", "properties": { "HSA93": 37027, "HSANAME": "OK- DUNCAN", "STATE": 37, "HRR93": 336, "HRR93_NAME": "OK- LAWTON", "Persons90": 42088, "hosp_cnt": 1, "HSA_label": "Duncan" }, "geometry": { "type": "Polygon", "coordinates": [ [ [ -97.56222, 34.3107 ], [ -97.56227, 34.28896 ], [ -97.7545, 34.28915 ], [ -98.13863, 34.28969 ], [ -98.13878, 34.3333 ], [ -98.13864, 34.41999 ], [ -98.13892, 34.50694 ], [ -98.14182, 34.50696 ], [ -98.14169, 34.59391 ], [ -98.14156, 34.62291 ], [ -98.14125, 34.68103 ], [ -98.08876, 34.68103 ], [ -98.06612, 34.68116 ], [ -98.05981, 34.68115 ], [ -97.93922, 34.68163 ], [ -97.93157, 34.68158 ], [ -97.66812, 34.68126 ], [ -97.63289, 34.68114 ], [ -97.63268, 34.61868 ], [ -97.63648, 34.61369 ], [ -97.64047, 34.61154 ], [ -97.64202, 34.60103 ], [ -97.64471, 34.59789 ], [ -97.64394, 34.59508 ], [ -97.64574, 34.5948 ], [ -97.64679, 34.59015 ], [ -97.64516, 34.58365 ], [ -97.64658, 34.58214 ], [ -97.64622, 34.57817 ], [ -97.6494, 34.57197 ], [ -97.64637, 34.55848 ], [ -97.64875, 34.55598 ], [ -97.64213, 34.55213 ], [ -97.64179, 34.55051 ], [ -97.59782, 34.55044 ], [ -97.59735, 34.56499 ], [ -97.5625, 34.56504 ], [ -97.56206, 34.50684 ], [ -97.56206, 34.46314 ], [ -97.56206, 34.4451 ], [ -97.56204, 34.44322 ], [ -97.56223, 34.38056 ], [ -97.56222, 34.3107 ] ] ] } },
{ "type": "Feature", "properties": { "HSA93": 37028, "HSANAME": "OK- DURANT", "STATE": 37, "HRR93": 391, "HRR93_NAME": "TX- DALLAS", "Persons90": 29819, "hosp_cnt": 1, "HSA_label": "Durant" }, "geometry": { "type": "Polygon", "coordinates": [ [ [ -96.40737, 34.15722 ], [ -96.40701, 34.27328 ], [ -96.39951, 34.27224 ], [ -96.39664, 34.2733 ], [ -96.331, 34.27324 ], [ -96.32874, 34.27672 ], [ -96.32287, 34.27694 ], [ -96.32224, 34.27896 ], [ -96.31851, 34.28001 ], [ -96.31474, 34.27958 ], [ -96.3109, 34.27674 ], [ -96.30754, 34.27855 ], [ -96.30475, 34.27658 ], [ -96.30481, 34.27406 ], [ -96.30252, 34.27623 ], [ -96.28923, 34.27243 ], [ -96.27517, 34.2823 ], [ -96.27098, 34.28067 ], [ -96.26973, 34.2825 ], [ -96.2659, 34.28195 ], [ -96.26342, 34.27961 ], [ -96.26061, 34.2811 ], [ -96.25915, 34.27867 ], [ -96.25708, 34.28153 ], [ -96.25702, 34.27917 ], [ -96.25485, 34.27785 ], [ -96.25852, 34.27473 ], [ -96.25601, 34.27382 ], [ -96.25504, 34.27139 ], [ -96.25113, 34.27114 ], [ -96.25094, 34.26905 ], [ -96.24838, 34.27137 ], [ -96.24849, 34.26936 ], [ -96.24658, 34.26927 ], [ -96.24573, 34.26714 ], [ -96.24278, 34.26959 ], [ -96.23889, 34.26925 ], [ -96.23685, 34.26716 ], [ -96.23365, 34.26945 ], [ -96.23007, 34.26698 ], [ -96.22624, 34.26733 ], [ -96.22381, 34.26548 ], [ -96.22422, 34.26351 ], [ -96.22086, 34.26371 ], [ -96.22246, 34.26076 ], [ -96.2248, 34.25996 ], [ -96.21928, 34.25632 ], [ -96.21956, 34.25387 ], [ -96.21416, 34.25607 ], [ -96.20975, 34.25399 ], [ -96.20988, 34.25049 ], [ -96.20252, 34.25138 ], [ -96.20135, 34.25 ], [ -96.20249, 34.24698 ], [ -96.19984, 34.2476 ], [ -96.19645, 34.24533 ], [ -96.19091, 34.24891 ], [ -96.18887, 34.24636 ], [ -96.18714, 34.24815 ], [ -96.18659, 34.24552 ], [ -96.18311, 34.24762 ], [ -96.17777, 34.24252 ], [ -96.17763, 34.2397 ], [ -96.17427, 34.23966 ], [ -96.17692, 34.23693 ], [ -96.17182, 34.23817 ], [ -96.16559, 34.23615 ], [ -96.16642, 34.23091 ], [ -96.16099, 34.22631 ], [ -96.15724, 34.22629 ], [ -96.15174, 34.22074 ], [ -96.14118, 34.2193 ], [ -96.13133, 34.21151 ], [ -96.1231, 34.20819 ], [ -96.12329, 34.20561 ], [ -96.11867, 34.20522 ], [ -96.11798, 34.20337 ], [ -96.11175, 34.20104 ], [ -96.11142, 34.19923 ], [ -96.10781, 34.19889 ], [ -96.10665, 34.19451 ], [ -96.1077, 34.19186 ], [ -96.1037, 34.19195 ], [ -96.10516, 34.18998 ], [ -96.10345, 34.18937 ], [ -96.10271, 34.18657 ], [ -96.09935, 34.18927 ], [ -96.09957, 34.18689 ], [ -96.09762, 34.18804 ], [ -96.09607, 34.18502 ], [ -96.09456, 34.18616 ], [ -96.09458, 34.18426 ], [ -96.09224, 34.1852 ], [ -96.09222, 34.18177 ], [ -96.0842, 34.18031 ], [ -96.08172, 34.17662 ], [ -96.0755, 34.17685 ], [ -96.07203, 34.17404 ], [ -96.07035, 34.176 ], [ -96.05887, 34.16818 ], [ -96.05647, 34.16889 ], [ -96.05344, 34.16731 ], [ -96.05174, 34.16886 ], [ -96.04948, 34.16351 ], [ -96.05145, 34.15729 ], [ -96.03778, 34.15747 ], [ -95.99132, 34.15672 ], [ -95.97598, 34.15665 ], [ -95.84802, 34.15666 ], [ -95.77912, 34.1566 ], [ -95.73001, 34.15635 ], [ -95.73011, 34.12758 ], [ -95.69499, 34.12766 ], [ -95.69504, 34.06948 ], [ -95.73949, 34.06953 ], [ -95.74221, 34.06658 ], [ -95.74226, 34.06356 ], [ -95.74597, 34.06163 ], [ -95.74424, 34.05827 ], [ -95.74525, 34.05522 ], [ -95.74256, 34.05387 ], [ -95.74275, 34.05227 ], [ -95.74648, 34.04682 ], [ -95.7464, 34.04419 ], [ -95.74926, 34.04593 ], [ -95.74887, 34.0438 ], [ -95.75036, 34.0436 ], [ -95.74673, 34.04172 ], [ -95.74661, 34.03872 ], [ -95.74903, 34.03856 ], [ -95.74898, 34.03677 ], [ -95.75501, 34.03387 ], [ -95.75972, 34.0292 ], [ -95.75801, 34.02739 ], [ -95.75449, 34.02909 ], [ -95.75111, 34.02517 ], [ -95.75576, 34.02238 ], [ -95.75612, 34.01888 ], [ -95.7491, 34.01869 ], [ -95.74696, 34.01649 ], [ -95.74705, 33.98266 ], [ -95.76461, 33.98221 ], [ -95.76454, 33.96786 ], [ -95.73992, 33.96777 ], [ -95.73893, 33.96468 ], [ -95.7436, 33.96442 ], [ -95.74514, 33.96325 ], [ -95.74417, 33.96259 ], [ -95.75078, 33.95877 ], [ -95.74961, 33.95789 ], [ -95.75301, 33.95737 ], [ -95.75815, 33.95142 ], [ -95.76268, 33.95191 ], [ -95.76411, 33.95069 ], [ -95.76428, 33.93893 ], [ -95.75576, 33.93876 ], [ -95.75571, 33.93176 ], [ -95.74701, 33.93146 ], [ -95.74661, 33.92081 ], [ -95.72945, 33.90793 ], [ -95.72945, 33.90564 ], [ -95.73002, 33.89662 ], [ -95.74896, 33.89703 ], [ -95.75859, 33.89191 ], [ -95.76315, 33.88177 ], [ -95.76259, 33.87207 ], [ -95.7618, 33.87283 ], [ -95.75721, 33.86786 ], [ -95.75349, 33.85529 ], [ -95.75901, 33.84916 ], [ -95.77182, 33.84372 ], [ -95.77601, 33.84504 ], [ -95.78962, 33.85759 ], [ -95.8049, 33.8612 ], [ -95.82104, 33.85761 ], [ -95.81873, 33.84436 ], [ -95.82254, 33.83866 ], [ -95.8317, 33.83506 ], [ -95.83864, 33.83588 ], [ -95.84353, 33.83885 ], [ -95.85922, 33.85236 ], [ -95.87915, 33.85895 ], [ -95.91571, 33.88105 ], [ -95.93495, 33.887 ], [ -95.93695, 33.88455 ], [ -95.93507, 33.875 ], [ -95.94102, 33.86152 ], [ -95.95136, 33.85692 ], [ -95.95608, 33.85857 ], [ -95.96979, 33.85707 ], [ -95.98161, 33.85265 ], [ -95.98471, 33.85281 ], [ -95.98579, 33.85683 ], [ -95.98381, 33.86002 ], [ -95.98467, 33.86571 ], [ -96.00162, 33.87365 ], [ -96.00432, 33.87061 ], [ -96.00373, 33.86831 ], [ -96.0, 33.86286 ], [ -95.99462, 33.86173 ], [ -95.99658, 33.8538 ], [ -96.00504, 33.84541 ], [ -96.0168, 33.84136 ], [ -96.02248, 33.84099 ], [ -96.02284, 33.84403 ], [ -96.01929, 33.8534 ], [ -96.02215, 33.85694 ], [ -96.02671, 33.85738 ], [ -96.03025, 33.85516 ], [ -96.03438, 33.84316 ], [ -96.04858, 33.83637 ], [ -96.08437, 33.84656 ], [ -96.09984, 33.84787 ], [ -96.10109, 33.84562 ], [ -96.09738, 33.83784 ], [ -96.09719, 33.83263 ], [ -96.0991, 33.83037 ], [ -96.10974, 33.8323 ], [ -96.12269, 33.83987 ], [ -96.12756, 33.8398 ], [ -96.1308, 33.83734 ], [ -96.13865, 33.83906 ], [ -96.14627, 33.8382 ], [ -96.14989, 33.83576 ], [ -96.14657, 33.84961 ], [ -96.15609, 33.84794 ], [ -96.15916, 33.85037 ], [ -96.15661, 33.85266 ], [ -96.15705, 33.8541 ], [ -96.16116, 33.85248 ], [ -96.16569, 33.85346 ], [ -96.16722, 33.85175 ], [ -96.1717, 33.85351 ], [ -96.17499, 33.8525 ], [ -96.1782, 33.85699 ], [ -96.18357, 33.85576 ], [ -96.18522, 33.85956 ], [ -96.18684, 33.85713 ], [ -96.18912, 33.8577 ], [ -96.18873, 33.85953 ], [ -96.1901, 33.85999 ], [ -96.19181, 33.8596 ], [ -96.19142, 33.85779 ], [ -96.19534, 33.85887 ], [ -96.19474, 33.85713 ], [ -96.19776, 33.85658 ], [ -96.19844, 33.85914 ], [ -96.20042, 33.85967 ], [ -96.20122, 33.85674 ], [ -96.20418, 33.85505 ], [ -96.20541, 33.85745 ], [ -96.20999, 33.85608 ], [ -96.21381, 33.85923 ], [ -96.21578, 33.858 ], [ -96.2148, 33.85646 ], [ -96.21746, 33.85504 ], [ -96.21809, 33.84932 ], [ -96.2194, 33.85015 ], [ -96.2199, 33.84859 ], [ -96.22555, 33.8477 ], [ -96.22459, 33.84561 ], [ -96.22689, 33.84048 ], [ -96.23174, 33.84119 ], [ -96.23166, 33.83787 ], [ -96.23693, 33.83851 ], [ -96.23802, 33.83629 ], [ -96.24011, 33.83702 ], [ -96.24732, 33.83201 ], [ -96.25096, 33.83289 ], [ -96.25792, 33.83267 ], [ -96.26247, 33.83645 ], [ -96.26403, 33.83453 ], [ -96.26611, 33.83727 ], [ -96.26847, 33.83689 ], [ -96.2679, 33.83803 ], [ -96.27023, 33.8403 ], [ -96.27368, 33.83927 ], [ -96.27558, 33.84149 ], [ -96.27599, 33.83943 ], [ -96.27906, 33.84023 ], [ -96.27772, 33.83881 ], [ -96.27884, 33.83842 ], [ -96.28293, 33.83925 ], [ -96.28161, 33.84135 ], [ -96.28929, 33.84273 ], [ -96.29017, 33.84028 ], [ -96.29503, 33.83985 ], [ -96.29481, 33.84175 ], [ -96.29645, 33.84035 ], [ -96.29722, 33.84223 ], [ -96.29958, 33.84136 ], [ -96.29801, 33.84388 ], [ -96.29892, 33.84454 ], [ -96.30471, 33.84294 ], [ -96.30704, 33.83925 ], [ -96.31039, 33.84106 ], [ -96.31357, 33.83912 ], [ -96.31442, 33.84131 ], [ -96.31755, 33.84262 ], [ -96.32103, 33.84088 ], [ -96.32482, 33.84326 ], [ -96.32652, 33.84164 ], [ -96.3277, 33.84335 ], [ -96.33266, 33.84257 ], [ -96.3351, 33.84745 ], [ -96.33291, 33.84951 ], [ -96.34073, 33.85274 ], [ -96.34476, 33.8518 ], [ -96.34498, 33.85358 ], [ -96.34712, 33.85418 ], [ -96.34962, 33.8526 ], [ -96.34789, 33.85196 ], [ -96.34932, 33.85024 ], [ -96.35162, 33.85239 ], [ -96.35225, 33.8498 ], [ -96.35576, 33.8515 ], [ -96.35686, 33.8498 ], [ -96.36032, 33.84989 ], [ -96.36125, 33.85143 ], [ -96.36295, 33.84955 ], [ -96.36347, 33.85094 ], [ -96.36539, 33.85021 ], [ -96.36754, 33.85687 ], [ -96.36905, 33.85616 ], [ -96.36962, 33.85843 ], [ -96.37132, 33.85712 ], [ -96.3733, 33.85955 ], [ -96.37749, 33.85968 ], [ -96.37839, 33.86188 ], [ -96.38075, 33.86188 ], [ -96.38229, 33.8633 ], [ -96.381, 33.86486 ], [ -96.38404, 33.86559 ], [ -96.38475, 33.86813 ], [ -96.38703, 33.86768 ], [ -96.39148, 33.86981 ], [ -96.39194, 33.8715 ], [ -96.39386, 33.871 ], [ -96.39342, 33.87349 ], [ -96.39828, 33.8747 ], [ -96.39905, 33.87813 ], [ -96.40202, 33.8784 ], [ -96.40221, 33.8808 ], [ -96.40756, 33.87952 ], [ -96.40898, 33.88245 ], [ -96.41369, 33.88258 ], [ -96.41288, 33.88504 ], [ -96.41576, 33.88232 ], [ -96.41738, 33.88257 ], [ -96.42592, 33.8893 ], [ -96.42743, 33.8926 ], [ -96.42993, 33.89146 ], [ -96.43004, 33.89537 ], [ -96.43325, 33.89752 ], [ -96.43289, 33.90084 ], [ -96.43621, 33.90466 ], [ -96.43402, 33.90785 ], [ -96.4369, 33.91039 ], [ -96.4369, 33.91277 ], [ -96.4355, 33.91316 ], [ -96.43731, 33.91655 ], [ -96.44291, 33.91854 ], [ -96.44222, 33.91964 ], [ -96.44428, 33.9225 ], [ -96.44945, 33.92353 ], [ -96.45483, 33.93003 ], [ -96.45821, 33.9312 ], [ -96.45794, 33.93337 ], [ -96.46135, 33.93973 ], [ -96.48249, 33.93975 ], [ -96.50034, 33.94002 ], [ -96.50034, 33.96882 ], [ -96.50034, 33.9753 ], [ -96.50768, 33.97232 ], [ -96.50903, 33.96559 ], [ -96.51228, 33.96157 ], [ -96.51107, 33.9593 ], [ -96.50948, 33.95953 ], [ -96.50907, 33.95705 ], [ -96.51429, 33.95646 ], [ -96.51802, 33.95127 ], [ -96.52072, 33.95161 ], [ -96.52201, 33.94834 ], [ -96.52429, 33.94816 ], [ -96.52415, 33.95012 ], [ -96.52596, 33.95051 ], [ -96.53494, 33.94554 ], [ -96.53946, 33.94207 ], [ -96.54651, 33.93223 ], [ -96.56093, 33.93026 ], [ -96.58032, 33.92321 ], [ -96.58076, 33.92492 ], [ -96.58927, 33.92779 ], [ -96.59289, 33.93286 ], [ -96.59066, 33.93585 ], [ -96.59096, 33.93874 ], [ -96.59626, 33.94503 ], [ -96.59198, 33.95141 ], [ -96.58763, 33.94791 ], [ -96.58455, 33.94977 ], [ -96.58511, 33.95479 ], [ -96.57928, 33.95656 ], [ -96.57609, 33.96071 ], [ -96.57592, 33.96379 ], [ -96.58493, 33.96726 ], [ -96.58531, 33.97462 ], [ -96.58871, 33.97007 ], [ -96.59337, 33.97092 ], [ -96.59339, 33.974 ], [ -96.59801, 33.97481 ], [ -96.6001, 33.97933 ], [ -96.60652, 33.98184 ], [ -96.60696, 33.98389 ], [ -96.60371, 33.98525 ], [ -96.60282, 33.98832 ], [ -96.6086, 33.98741 ], [ -96.61536, 33.99063 ], [ -96.61583, 33.99182 ], [ -96.6131, 33.9923 ], [ -96.61346, 33.99612 ], [ -96.62104, 34.00097 ], [ -96.62396, 34.00381 ], [ -96.62412, 34.01003 ], [ -96.62067, 34.00543 ], [ -96.61672, 34.01011 ], [ -96.60402, 34.00777 ], [ -96.60291, 34.01345 ], [ -96.59315, 34.01663 ], [ -96.59081, 34.01545 ], [ -96.58975, 34.01121 ], [ -96.58268, 34.00678 ], [ -96.57802, 34.00957 ], [ -96.57383, 34.01658 ], [ -96.57338, 34.02089 ], [ -96.57762, 34.02018 ], [ -96.57935, 34.0218 ], [ -96.57402, 34.02668 ], [ -96.57284, 34.03008 ], [ -96.57785, 34.02956 ], [ -96.57972, 34.0311 ], [ -96.57971, 34.03378 ], [ -96.57609, 34.03371 ], [ -96.57406, 34.03686 ], [ -96.5783, 34.04493 ], [ -96.57797, 34.04792 ], [ -96.57194, 34.05021 ], [ -96.57104, 34.04821 ], [ -96.57612, 34.0429 ], [ -96.57057, 34.04277 ], [ -96.5681, 34.0476 ], [ -96.55774, 34.05037 ], [ -96.55523, 34.05689 ], [ -96.54724, 34.06425 ], [ -96.55048, 34.07165 ], [ -96.55562, 34.07377 ], [ -96.56007, 34.07334 ], [ -96.56401, 34.07706 ], [ -96.56256, 34.07929 ], [ -96.55672, 34.07799 ], [ -96.55562, 34.08108 ], [ -96.56315, 34.08147 ], [ -96.56837, 34.08466 ], [ -96.56526, 34.08929 ], [ -96.58112, 34.10471 ], [ -96.5817, 34.10598 ], [ -96.57885, 34.1079 ], [ -96.57906, 34.10997 ], [ -96.58417, 34.11163 ], [ -96.58508, 34.11436 ], [ -96.48707, 34.11413 ], [ -96.45357, 34.11431 ], [ -96.45363, 34.15725 ], [ -96.41527, 34.15725 ], [ -96.40737, 34.15722 ] ] ] } },
{ "type": "Feature", "properties": { "HSA93": 37029, "HSANAME": "OK- EDMOND", "STATE": 37, "HRR93": 339, "HRR93_NAME": "OK- OKLAHOMA CITY", "Persons90": 22962, "hosp_cnt": 1, "HSA_label": "Edmond" }, "geometry": { "type": "Polygon", "coordinates": [ [ [ -97.3892, 35.6061 ], [ -97.3891, 35.609 ], [ -97.375, 35.6095 ], [ -97.3755, 35.6135 ], [ -97.36987, 35.6261 ], [ -97.36584, 35.62448 ], [ -97.36771, 35.62766 ], [ -97.36698, 35.63898 ], [ -97.36424, 35.634 ], [ -97.36106, 35.63288 ], [ -97.36376, 35.63667 ], [ -97.36312, 35.64749 ], [ -97.36798, 35.64837 ], [ -97.37427, 35.64584 ], [ -97.3757, 35.65054 ], [ -97.37693, 35.64582 ], [ -97.38086, 35.64504 ], [ -97.38182, 35.64547 ], [ -97.38045, 35.64842 ], [ -97.38429, 35.6472 ], [ -97.38726, 35.64898 ], [ -97.38733, 35.64592 ], [ -97.3891, 35.6454 ], [ -97.40429, 35.64973 ], [ -97.4113, 35.64938 ], [ -97.41242, 35.65149 ], [ -97.41302, 35.64925 ], [ -97.4213, 35.64669 ], [ -97.40406, 35.64862 ], [ -97.38566, 35.63798 ], [ -97.47757, 35.6383 ], [ -97.4779, 35.7253 ], [ -97.47794, 35.73978 ], [ -97.44237, 35.73974 ], [ -97.44228, 35.75429 ], [ -97.4159, 35.75438 ], [ -97.4159, 35.7251 ], [ -97.3359, 35.7251 ], [ -97.19406, 35.7245 ], [ -97.19434, 35.67322 ], [ -97.19971, 35.66891 ], [ -97.20738, 35.66696 ], [ -97.20346, 35.6669 ], [ -97.20354, 35.66128 ], [ -97.21109, 35.64976 ], [ -97.21755, 35.64749 ], [ -97.23008, 35.63802 ], [ -97.3533, 35.613 ], [ -97.3892, 35.6061 ] ] ] } },
{ "type": "Feature", "properties": { "HSA93": 37030, "HSANAME": "OK- EL RENO", "STATE": 37, "HRR93": 339, "HRR93_NAME": "OK- OKLAHOMA CITY", "Persons90": 20538, "hosp_cnt": 1, "HSA_label": "El Reno" }, "geometry": { "type": "Polygon", "coordinates": [ [ [ -97.94329, 35.37706 ], [ -97.94684, 35.37169 ], [ -97.94644, 35.35949 ], [ -97.94957, 35.35195 ], [ -97.96014, 35.34746 ], [ -97.97979, 35.35923 ], [ -97.98868, 35.36003 ], [ -97.99073, 35.36186 ], [ -97.99872, 35.3611 ], [ -98.00973, 35.3645 ], [ -98.01263, 35.36736 ], [ -98.01292, 35.37277 ], [ -98.0167, 35.375 ], [ -98.01467, 35.37952 ], [ -98.01771, 35.38133 ], [ -98.01935, 35.37797 ], [ -98.02321, 35.37776 ], [ -98.02482, 35.37888 ], [ -98.02556, 35.38388 ], [ -98.03305, 35.39126 ], [ -98.04865, 35.38631 ], [ -98.05172, 35.38023 ], [ -98.05723, 35.38096 ], [ -98.05867, 35.38294 ], [ -98.05835, 35.387 ], [ -98.05174, 35.39523 ], [ -98.05166, 35.39742 ], [ -98.05245, 35.40174 ], [ -98.05652, 35.40701 ], [ -98.05997, 35.40429 ], [ -98.06795, 35.40854 ], [ -98.08205, 35.41245 ], [ -98.09601, 35.41204 ], [ -98.11485, 35.41791 ], [ -98.12054, 35.42767 ], [ -98.12829, 35.43146 ], [ -98.12961, 35.43884 ], [ -98.13762, 35.45 ], [ -98.14437, 35.45374 ], [ -98.16189, 35.46032 ], [ -98.16781, 35.45779 ], [ -98.17468, 35.45071 ], [ -98.17793, 35.44969 ], [ -98.18451, 35.45279 ], [ -98.19273, 35.45296 ], [ -98.21022, 35.46327 ], [ -98.22557, 35.46801 ], [ -98.22915, 35.47065 ], [ -98.23826, 35.48502 ], [ -98.24226, 35.48802 ], [ -98.24288, 35.4951 ], [ -98.2482, 35.50028 ], [ -98.25292, 35.51597 ], [ -98.27734, 35.52766 ], [ -98.29466, 35.53043 ], [ -98.30638, 35.54099 ], [ -98.30788, 35.54135 ], [ -98.30796, 35.55146 ], [ -98.31291, 35.55147 ], [ -98.31278, 35.71067 ], [ -98.31291, 35.718 ], [ -98.31303, 35.72516 ], [ -98.20682, 35.7251 ], [ -98.11807, 35.72529 ], [ -97.8159, 35.72574 ], [ -97.81581, 35.69642 ], [ -97.83354, 35.69653 ], [ -97.83379, 35.6529 ], [ -97.81579, 35.65312 ], [ -97.81584, 35.64611 ], [ -97.82374, 35.64549 ], [ -97.82365, 35.63829 ], [ -97.81581, 35.63472 ], [ -97.81594, 35.55125 ], [ -97.81213, 35.55122 ], [ -97.81253, 35.53702 ], [ -97.83043, 35.53686 ], [ -97.83038, 35.40603 ], [ -97.83027, 35.33581 ], [ -97.83278, 35.33499 ], [ -97.84306, 35.334 ], [ -97.85504, 35.34136 ], [ -97.85702, 35.34461 ], [ -97.86345, 35.36134 ], [ -97.87046, 35.3621 ], [ -97.88236, 35.34973 ], [ -97.88905, 35.3511 ], [ -97.89079, 35.35014 ], [ -97.89201, 35.34581 ], [ -97.89495, 35.34513 ], [ -97.90585, 35.35046 ], [ -97.90897, 35.35524 ], [ -97.92031, 35.3546 ], [ -97.92959, 35.36293 ], [ -97.93294, 35.37423 ], [ -97.94329, 35.37706 ] ] ] } },
{ "type": "Feature", "properties": { "HSA93": 37031, "HSANAME": "OK- ELK CITY", "STATE": 37, "HRR93": 339, "HRR93_NAME": "OK- OKLAHOMA CITY", "Persons90": 15485, "hosp_cnt": 1, "HSA_label": "Elk City" }, "geometry": { "type": "Polygon", "coordinates": [ [ [ -99.37653, 35.58062 ], [ -99.37658, 35.55169 ], [ -99.36362, 35.55163 ], [ -99.36373, 35.50878 ], [ -99.36395, 35.46533 ], [ -99.1876, 35.46545 ], [ -99.18767, 35.46162 ], [ -99.19124, 35.45807 ], [ -99.18753, 35.45088 ], [ -99.19044, 35.45066 ], [ -99.18744, 35.44638 ], [ -99.19702, 35.4417 ], [ -99.19714, 35.43527 ], [ -99.2051, 35.43071 ], [ -99.20523, 35.36407 ], [ -99.22284, 35.36398 ], [ -99.22302, 35.335 ], [ -99.20542, 35.33494 ], [ -99.20524, 35.30599 ], [ -99.36419, 35.30582 ], [ -99.36423, 35.29139 ], [ -99.58106, 35.29133 ], [ -99.58328, 35.29527 ], [ -99.57957, 35.29891 ], [ -99.57761, 35.29811 ], [ -99.57703, 35.30143 ], [ -99.57552, 35.30139 ], [ -99.57686, 35.30377 ], [ -99.57393, 35.30491 ], [ -99.57971, 35.30993 ], [ -99.57806, 35.31252 ], [ -99.57611, 35.31206 ], [ -99.5727, 35.3143 ], [ -99.57365, 35.31719 ], [ -99.57751, 35.31891 ], [ -99.57902, 35.32179 ], [ -99.57404, 35.32216 ], [ -99.57195, 35.32436 ], [ -99.57186, 35.3266 ], [ -99.57645, 35.32834 ], [ -99.57407, 35.33114 ], [ -99.57631, 35.33519 ], [ -99.57396, 35.33771 ], [ -99.58061, 35.34014 ], [ -99.57922, 35.34327 ], [ -99.58349, 35.34877 ], [ -99.58313, 35.35065 ], [ -99.58825, 35.35259 ], [ -99.58501, 35.35663 ], [ -99.58523, 35.35887 ], [ -99.58861, 35.35958 ], [ -99.58766, 35.36056 ], [ -99.58968, 35.36471 ], [ -99.59354, 35.36762 ], [ -99.59519, 35.37304 ], [ -99.60039, 35.37794 ], [ -99.60045, 35.38046 ], [ -99.60898, 35.38318 ], [ -99.60831, 35.38721 ], [ -99.60397, 35.38852 ], [ -99.60448, 35.39131 ], [ -99.59941, 35.39499 ], [ -99.59892, 35.40112 ], [ -99.59307, 35.4043 ], [ -99.59288, 35.42155 ], [ -99.57534, 35.42164 ], [ -99.57522, 35.5089 ], [ -99.55799, 35.50886 ], [ -99.55788, 35.52326 ], [ -99.54998, 35.5234 ], [ -99.5469, 35.52186 ], [ -99.54466, 35.52349 ], [ -99.53987, 35.52351 ], [ -99.53991, 35.55205 ], [ -99.53774, 35.55201 ], [ -99.5361, 35.55321 ], [ -99.53562, 35.56203 ], [ -99.53567, 35.59558 ], [ -99.57153, 35.59556 ], [ -99.5715, 35.60983 ], [ -99.58875, 35.60994 ], [ -99.58861, 35.6284 ], [ -99.58093, 35.62442 ], [ -99.55316, 35.62449 ], [ -99.55304, 35.7046 ], [ -99.55158, 35.70588 ], [ -99.55155, 35.71133 ], [ -99.5392, 35.71152 ], [ -99.53939, 35.72555 ], [ -99.57042, 35.72652 ], [ -99.57004, 35.82678 ], [ -99.60479, 35.82654 ], [ -99.60398, 35.83165 ], [ -99.60603, 35.83385 ], [ -99.60502, 35.83619 ], [ -99.60719, 35.83662 ], [ -99.61056, 35.84741 ], [ -99.60139, 35.85583 ], [ -99.57698, 35.85954 ], [ -99.56153, 35.86333 ], [ -99.5581, 35.86594 ], [ -99.55575, 35.87672 ], [ -99.54933, 35.886 ], [ -99.55154, 35.89468 ], [ -99.5503, 35.89873 ], [ -99.53735, 35.90737 ], [ -99.52431, 35.91982 ], [ -99.51351, 35.92762 ], [ -99.50886, 35.93918 ], [ -99.50855, 35.94581 ], [ -99.50565, 35.94886 ], [ -99.50501, 35.95773 ], [ -99.49958, 35.96807 ], [ -99.49858, 35.97346 ], [ -99.49601, 35.97764 ], [ -99.48681, 35.985 ], [ -99.47713, 35.9856 ], [ -99.46955, 35.99121 ], [ -99.46287, 36.0 ], [ -99.44614, 36.00694 ], [ -99.42176, 36.01188 ], [ -99.38064, 36.01288 ], [ -99.38063, 36.01268 ], [ -99.3678, 36.01171 ], [ -99.36219, 36.01464 ], [ -99.35864, 36.01389 ], [ -99.3532, 36.01554 ], [ -99.34553, 36.01192 ], [ -99.34297, 36.00636 ], [ -99.33736, 36.00371 ], [ -99.33161, 36.00224 ], [ -99.3273, 36.00387 ], [ -99.32056, 36.00352 ], [ -99.30472, 36.00197 ], [ -99.29646, 36.00387 ], [ -99.28829, 36.0 ], [ -99.29098, 35.99981 ], [ -99.28449, 35.99678 ], [ -99.27683, 35.98817 ], [ -99.27607, 35.98453 ], [ -99.27269, 35.98018 ], [ -99.26712, 35.96137 ], [ -99.26723, 35.97014 ], [ -99.26022, 35.96098 ], [ -99.26028, 35.95473 ], [ -99.25479, 35.94957 ], [ -99.25722, 35.94506 ], [ -99.25542, 35.93801 ], [ -99.25698, 35.91664 ], [ -99.256, 35.91334 ], [ -99.25773, 35.90453 ], [ -99.25188, 35.89573 ], [ -99.23987, 35.88813 ], [ -99.23357, 35.88827 ], [ -99.22158, 35.88273 ], [ -99.21733, 35.88589 ], [ -99.21207, 35.88512 ], [ -99.20461, 35.88086 ], [ -99.19909, 35.87325 ], [ -99.19051, 35.87449 ], [ -99.18024, 35.86789 ], [ -99.174, 35.86773 ], [ -99.16547, 35.86381 ], [ -99.15405, 35.86571 ], [ -99.14412, 35.86289 ], [ -99.12862, 35.86458 ], [ -99.12873, 35.86618 ], [ -99.12611, 35.86637 ], [ -99.1166, 35.86229 ], [ -99.10998, 35.86209 ], [ -99.11224, 35.85604 ], [ -99.11048, 35.85004 ], [ -99.1103, 35.81237 ], [ -99.14592, 35.81228 ], [ -99.37565, 35.81213 ], [ -99.37566, 35.79768 ], [ -99.37653, 35.58062 ] ] ] } },
{ "type": "Feature", "properties": { "HSA93": 37032, "HSANAME": "OK- ENID", "STATE": 37, "HRR93": 339, "HRR93_NAME": "OK- OKLAHOMA CITY", "Persons90": 76650, "hosp_cnt": 3, "HSA_label": "Enid" }, "geometry": { "type": "Polygon", "coordinates": [ [ [ -97.49607, 36.16453 ], [ -97.5, 36.16456 ], [ -97.51183, 36.16456 ], [ -97.51394, 36.1587 ], [ -97.51429, 36.14513 ], [ -97.5082, 36.14507 ], [ -97.50825, 36.1432 ], [ -97.51091, 36.13828 ], [ -97.51602, 36.13604 ], [ -97.51732, 36.12839 ], [ -97.51622, 36.12695 ], [ -97.51825, 36.12277 ], [ -97.51772, 36.11707 ], [ -97.5221, 36.11022 ], [ -97.52579, 36.11013 ], [ -97.52616, 36.10752 ], [ -97.52938, 36.10581 ], [ -97.52847, 36.1042 ], [ -97.53022, 36.10375 ], [ -97.53017, 36.10198 ], [ -97.52802, 36.10133 ], [ -97.53014, 36.09587 ], [ -97.52978, 36.09358 ], [ -97.52794, 36.09269 ], [ -97.53052, 36.08378 ], [ -97.52381, 36.07762 ], [ -97.52602, 36.07258 ], [ -97.51507, 36.07256 ], [ -97.51483, 36.04389 ], [ -97.51089, 36.03998 ], [ -97.5181, 36.04392 ], [ -97.51929, 36.0414 ], [ -97.52351, 36.0419 ], [ -97.52709, 36.04461 ], [ -97.5309, 36.04275 ], [ -97.5314, 36.04681 ], [ -97.53428, 36.04635 ], [ -97.53538, 36.04896 ], [ -97.53882, 36.04731 ], [ -97.53887, 36.051 ], [ -97.54181, 36.0504 ], [ -97.54276, 36.05386 ], [ -97.54527, 36.05297 ], [ -97.54274, 36.05008 ], [ -97.54341, 36.04898 ], [ -97.54877, 36.051 ], [ -97.54914, 36.05613 ], [ -97.55215, 36.0586 ], [ -97.55528, 36.05851 ], [ -97.55593, 36.05574 ], [ -97.5581, 36.05487 ], [ -97.55774, 36.06059 ], [ -97.56072, 36.05791 ], [ -97.56352, 36.05833 ], [ -97.564, 36.05585 ], [ -97.56817, 36.05489 ], [ -97.57756, 36.05906 ], [ -97.58086, 36.05588 ], [ -97.58416, 36.05622 ], [ -97.58334, 36.05947 ], [ -97.59403, 36.06622 ], [ -97.59544, 36.06606 ], [ -97.59451, 36.06327 ], [ -97.60223, 36.06448 ], [ -97.60156, 36.06821 ], [ -97.60322, 36.06947 ], [ -97.60565, 36.06828 ], [ -97.60644, 36.06975 ], [ -97.60249, 36.0711 ], [ -97.60649, 36.07253 ], [ -97.67532, 36.07273 ], [ -97.67553, 36.00035 ], [ -97.67532, 35.99871 ], [ -97.67405, 35.86122 ], [ -97.67886, 35.85552 ], [ -97.68358, 35.85267 ], [ -97.69192, 35.85272 ], [ -97.69637, 35.85498 ], [ -97.70074, 35.85986 ], [ -97.69623, 35.87077 ], [ -97.69544, 35.87924 ], [ -97.7027, 35.88822 ], [ -97.71303, 35.88533 ], [ -97.71435, 35.88864 ], [ -97.71268, 35.89811 ], [ -97.71316, 35.90538 ], [ -97.71688, 35.91024 ], [ -97.72103, 35.91199 ], [ -97.7264, 35.90754 ], [ -97.73018, 35.9075 ], [ -97.73627, 35.917 ], [ -97.73997, 35.91975 ], [ -97.76053, 35.91589 ], [ -97.77901, 35.91488 ], [ -97.7838, 35.91627 ], [ -97.7882, 35.92095 ], [ -97.7862, 35.92517 ], [ -97.78267, 35.92629 ], [ -97.77367, 35.92451 ], [ -97.76838, 35.92664 ], [ -97.76759, 35.93171 ], [ -97.7713, 35.93648 ], [ -97.79144, 35.94081 ], [ -97.79666, 35.93651 ], [ -97.80574, 35.93322 ], [ -97.81051, 35.93363 ], [ -97.8185, 35.93782 ], [ -97.82294, 35.93784 ], [ -97.82868, 35.93608 ], [ -97.83811, 35.9289 ], [ -97.85547, 35.92461 ], [ -97.86666, 35.92453 ], [ -97.87952, 35.93147 ], [ -97.89523, 35.93492 ], [ -97.91407, 35.95168 ], [ -97.91376, 35.95657 ], [ -97.85345, 35.95608 ], [ -97.85385, 36.01479 ], [ -97.96109, 36.01521 ], [ -97.96079, 35.97719 ], [ -97.98386, 35.97691 ], [ -97.98539, 35.97857 ], [ -97.98182, 35.9913 ], [ -97.98574, 35.99826 ], [ -97.99073, 36.00048 ], [ -97.99906, 35.99622 ], [ -98.01017, 35.99967 ], [ -98.01276, 36.00427 ], [ -98.00531, 36.01574 ], [ -98.00636, 36.01897 ], [ -98.00943, 36.02158 ], [ -98.01774, 36.02069 ], [ -98.02921, 36.02246 ], [ -98.04249, 36.02038 ], [ -98.05038, 36.02144 ], [ -98.05345, 36.02542 ], [ -98.05153, 36.03428 ], [ -98.05416, 36.0374 ], [ -98.05867, 36.0374 ], [ -98.06464, 36.02872 ], [ -98.07132, 36.02847 ], [ -98.07383, 36.02968 ], [ -98.07474, 36.03483 ], [ -98.07826, 36.0387 ], [ -98.089, 36.03597 ], [ -98.09659, 36.03684 ], [ -98.09912, 36.03904 ], [ -98.09732, 36.04403 ], [ -98.09808, 36.04648 ], [ -98.10206, 36.0495 ], [ -98.11517, 36.05092 ], [ -98.13217, 36.05609 ], [ -98.1382, 36.06072 ], [ -98.14085, 36.06603 ], [ -98.14779, 36.07085 ], [ -98.15244, 36.07712 ], [ -98.15097, 36.08559 ], [ -98.15559, 36.09251 ], [ -98.15305, 36.10616 ], [ -98.15654, 36.11355 ], [ -98.17209, 36.12075 ], [ -98.17282, 36.12274 ], [ -98.17113, 36.12647 ], [ -98.17274, 36.12976 ], [ -98.18809, 36.13597 ], [ -98.20269, 36.14529 ], [ -98.20999, 36.14697 ], [ -98.2102, 36.16485 ], [ -98.23034, 36.16492 ], [ -98.23384, 36.16804 ], [ -98.23831, 36.18151 ], [ -98.23871, 36.18934 ], [ -98.24242, 36.19634 ], [ -98.25153, 36.18841 ], [ -98.37066, 36.18785 ], [ -98.3706, 36.18345 ], [ -98.37193, 36.18707 ], [ -98.3777, 36.19089 ], [ -98.37939, 36.19027 ], [ -98.37872, 36.18611 ], [ -98.38194, 36.18631 ], [ -98.3816, 36.1884 ], [ -98.38708, 36.18712 ], [ -98.38694, 36.18984 ], [ -98.38846, 36.18946 ], [ -98.38846, 36.18764 ], [ -98.40774, 36.1876 ], [ -98.40612, 36.18909 ], [ -98.40618, 36.24595 ], [ -98.40816, 36.24598 ], [ -98.40709, 36.31313 ], [ -98.41846, 36.31861 ], [ -98.41933, 36.32832 ], [ -98.42109, 36.33198 ], [ -98.43192, 36.33581 ], [ -98.43551, 36.34488 ], [ -98.44342, 36.34604 ], [ -98.45205, 36.35108 ], [ -98.45347, 36.35389 ], [ -98.45279, 36.35799 ], [ -98.44829, 36.36294 ], [ -98.45021, 36.37013 ], [ -98.45426, 36.37357 ], [ -98.46055, 36.37421 ], [ -98.46463, 36.37642 ], [ -98.47894, 36.3929 ], [ -98.48202, 36.39418 ], [ -98.49063, 36.39148 ], [ -98.49531, 36.39197 ], [ -98.49781, 36.39452 ], [ -98.49938, 36.40255 ], [ -98.50533, 36.40509 ], [ -98.50873, 36.40498 ], [ -98.51507, 36.40074 ], [ -98.52253, 36.40102 ], [ -98.5284, 36.39738 ], [ -98.53319, 36.39756 ], [ -98.54413, 36.40092 ], [ -98.55657, 36.40204 ], [ -98.55686, 36.4085 ], [ -98.56021, 36.40953 ], [ -98.57496, 36.40779 ], [ -98.57712, 36.40974 ], [ -98.57783, 36.41739 ], [ -98.58072, 36.41638 ], [ -98.58318, 36.41867 ], [ -98.58698, 36.42668 ], [ -98.58699, 36.46318 ], [ -98.6226, 36.46303 ], [ -98.62278, 36.54991 ], [ -98.62284, 36.59419 ], [ -98.54012, 36.59425 ], [ -98.53305, 36.59423 ], [ -98.50423, 36.59417 ], [ -98.50416, 36.65203 ], [ -98.50399, 36.72455 ], [ -98.54009, 36.72461 ], [ -98.5399, 36.82172 ], [ -98.53493, 36.81934 ], [ -98.53149, 36.82165 ], [ -98.52471, 36.82032 ], [ -98.51821, 36.82519 ], [ -98.51112, 36.82565 ], [ -98.49463, 36.82079 ], [ -98.49284, 36.82146 ], [ -98.49295, 36.82425 ], [ -98.48743, 36.82508 ], [ -98.48498, 36.82334 ], [ -98.48677, 36.82045 ], [ -98.4848, 36.81917 ], [ -98.47794, 36.82398 ], [ -98.47344, 36.82176 ], [ -98.46763, 36.82279 ], [ -98.46512, 36.81973 ], [ -98.45855, 36.82135 ], [ -98.45641, 36.81943 ], [ -98.45752, 36.81506 ], [ -98.45405, 36.81249 ], [ -98.45012, 36.81648 ], [ -98.45006, 36.81904 ], [ -98.44203, 36.82271 ], [ -98.42656, 36.82115 ], [ -98.42226, 36.82332 ], [ -98.41363, 36.82348 ], [ -98.41362, 36.87008 ], [ -98.35966, 36.86991 ], [ -98.35945, 36.89897 ], [ -98.33381, 36.89882 ], [ -98.32339, 36.89878 ], [ -98.32334, 36.91332 ], [ -98.21655, 36.91329 ], [ -98.19933, 36.91306 ], [ -98.19939, 36.89857 ], [ -98.10941, 36.89812 ], [ -97.98795, 36.89816 ], [ -97.9848, 36.90422 ], [ -97.98508, 36.90736 ], [ -97.98825, 36.90925 ], [ -97.98802, 36.91289 ], [ -97.9858, 36.91525 ], [ -97.98897, 36.91965 ], [ -97.98971, 36.924 ], [ -97.98909, 36.92697 ], [ -97.98484, 36.9308 ], [ -97.98756, 36.9418 ], [ -97.87644, 36.9427 ], [ -97.8761, 36.99861 ], [ -97.80197, 36.99869 ], [ -97.58213, 36.99866 ], [ -97.47254, 36.9987 ], [ -97.46196, 36.99866 ], [ -97.4621, 36.89784 ], [ -97.46211, 36.8398 ], [ -97.55233, 36.83971 ], [ -97.552, 36.7673 ], [ -97.462, 36.7673 ], [ -97.46196, 36.73834 ], [ -97.46199, 36.64321 ], [ -97.46214, 36.59342 ], [ -97.46132, 36.59342 ], [ -97.28249, 36.59374 ], [ -97.28253, 36.43422 ], [ -97.46116, 36.43376 ], [ -97.46112, 36.39049 ], [ -97.46084, 36.30377 ], [ -97.46022, 36.23211 ], [ -97.46042, 36.16442 ], [ -97.49607, 36.16453 ] ] ] } },
{ "type": "Feature", "properties": { "HSA93": 37033, "HSANAME": "OK- EUFAULA", "STATE": 37, "HRR93": 340, "HRR93_NAME": "OK- TULSA", "Persons90": 5355, "hosp_cnt": 1, "HSA_label": "Eufaula" }, "geometry": { "type": "Polygon", "coordinates": [ [ [ -95.75773, 35.40388 ], [ -95.75, 35.40541 ], [ -95.73842, 35.40357 ], [ -95.72606, 35.40441 ], [ -95.71512, 35.41234 ], [ -95.69776, 35.41885 ], [ -95.69197, 35.41858 ], [ -95.68374, 35.41344 ], [ -95.67928, 35.40434 ], [ -95.67588, 35.39959 ], [ -95.65577, 35.40048 ], [ -95.64608, 35.39566 ], [ -95.64065, 35.38622 ], [ -95.62126, 35.375 ], [ -95.61015, 35.35279 ], [ -95.60161, 35.3421 ], [ -95.59322, 35.33504 ], [ -95.58451, 35.33167 ], [ -95.53411, 35.28576 ], [ -95.5174, 35.27529 ], [ -95.5127, 35.2671 ], [ -95.5147, 35.2631 ], [ -95.5256, 35.2609 ], [ -95.543, 35.2518 ], [ -95.5701, 35.2454 ], [ -95.586, 35.234 ], [ -95.59594, 35.22334 ], [ -95.60538, 35.22025 ], [ -95.6166, 35.2213 ], [ -95.6206, 35.2231 ], [ -95.6222, 35.2246 ], [ -95.6224, 35.2283 ], [ -95.605, 35.236 ], [ -95.6032, 35.2393 ], [ -95.6034, 35.2429 ], [ -95.6058, 35.247 ], [ -95.61, 35.2496 ], [ -95.624, 35.2479 ], [ -95.6572, 35.2313 ], [ -95.6766, 35.2247 ], [ -95.6807, 35.2209 ], [ -95.6825, 35.2163 ], [ -95.68022, 35.21224 ], [ -95.67392, 35.20881 ], [ -95.67956, 35.20341 ], [ -95.68765, 35.20493 ], [ -95.70689, 35.2022 ], [ -95.71211, 35.19703 ], [ -95.71693, 35.18887 ], [ -95.7349, 35.19272 ], [ -95.74202, 35.19241 ], [ -95.74555, 35.19037 ], [ -95.7493, 35.18361 ], [ -95.7566, 35.1768 ], [ -95.7658, 35.1776 ], [ -95.77025, 35.18167 ], [ -95.76153, 35.198 ], [ -95.76395, 35.19951 ], [ -95.76488, 35.20242 ], [ -95.75141, 35.20336 ], [ -95.75097, 35.21688 ], [ -95.75304, 35.22403 ], [ -95.75569, 35.22653 ], [ -95.75206, 35.23005 ], [ -95.75255, 35.23286 ], [ -95.74914, 35.23324 ], [ -95.74852, 35.23538 ], [ -95.75069, 35.23935 ], [ -95.75845, 35.24097 ], [ -95.76108, 35.24337 ], [ -95.76056, 35.24475 ], [ -95.76237, 35.24621 ], [ -95.76073, 35.24774 ], [ -95.7626, 35.24832 ], [ -95.76147, 35.25062 ], [ -95.76405, 35.24953 ], [ -95.76894, 35.25234 ], [ -95.76908, 35.26919 ], [ -95.77647, 35.27084 ], [ -95.7868, 35.26761 ], [ -95.8281, 35.26734 ], [ -95.8397, 35.26091 ], [ -95.84841, 35.26031 ], [ -95.89543, 35.26059 ], [ -95.92447, 35.26901 ], [ -95.94431, 35.26311 ], [ -95.96796, 35.26244 ], [ -95.98105, 35.26038 ], [ -95.9811, 35.2898 ], [ -95.98103, 35.37673 ], [ -95.87535, 35.37659 ], [ -95.87538, 35.38973 ], [ -95.86906, 35.391 ], [ -95.86395, 35.38903 ], [ -95.86134, 35.38338 ], [ -95.86084, 35.37226 ], [ -95.84813, 35.37827 ], [ -95.82933, 35.36915 ], [ -95.81705, 35.375 ], [ -95.81209, 35.37987 ], [ -95.81204, 35.38332 ], [ -95.81551, 35.38964 ], [ -95.8299, 35.39424 ], [ -95.83392, 35.40008 ], [ -95.83381, 35.40705 ], [ -95.83059, 35.41329 ], [ -95.82135, 35.42065 ], [ -95.81566, 35.42237 ], [ -95.80876, 35.4219 ], [ -95.80502, 35.41807 ], [ -95.80527, 35.41283 ], [ -95.8137, 35.39945 ], [ -95.8028, 35.39861 ], [ -95.75773, 35.40388 ] ] ] } },
{ "type": "Feature", "properties": { "HSA93": 37034, "HSANAME": "OK- FAIRFAX", "STATE": 37, "HRR93": 340, "HRR93_NAME": "OK- TULSA", "Persons90": 4847, "hosp_cnt": 1, "HSA_label": "Fairfax" }, "geometry": { "type": "Polygon", "coordinates": [ [ [ -96.4926, 36.65982 ], [ -96.49284, 36.62979 ], [ -96.49321, 36.60828 ], [ -96.51044, 36.60747 ], [ -96.51443, 36.58821 ], [ -96.51869, 36.58125 ], [ -96.53229, 36.56842 ], [ -96.53915, 36.56775 ], [ -96.54122, 36.56489 ], [ -96.54179, 36.56089 ], [ -96.53884, 36.55748 ], [ -96.54129, 36.54336 ], [ -96.55561, 36.5416 ], [ -96.55581, 36.54016 ], [ -96.55297, 36.52938 ], [ -96.54779, 36.52759 ], [ -96.53605, 36.515 ], [ -96.53112, 36.50736 ], [ -96.52015, 36.50678 ], [ -96.5072, 36.50041 ], [ -96.50655, 36.48682 ], [ -96.5, 36.4844 ], [ -96.49471, 36.48019 ], [ -96.49631, 36.46545 ], [ -96.49195, 36.46126 ], [ -96.49058, 36.45142 ], [ -96.48772, 36.44577 ], [ -96.47865, 36.44117 ], [ -96.47774, 36.42694 ], [ -96.47357, 36.41927 ], [ -96.47403, 36.41543 ], [ -96.47117, 36.41348 ], [ -96.47312, 36.41149 ], [ -96.48099, 36.40792 ], [ -96.48325, 36.40538 ], [ -96.51344, 36.40542 ], [ -96.5174, 36.41339 ], [ -96.52187, 36.41639 ], [ -96.53376, 36.41552 ], [ -96.53982, 36.41179 ], [ -96.54232, 36.40628 ], [ -96.55664, 36.40058 ], [ -96.55803, 36.39724 ], [ -96.56533, 36.392 ], [ -96.58549, 36.39193 ], [ -96.58659, 36.38261 ], [ -96.59328, 36.3761 ], [ -96.60157, 36.3822 ], [ -96.60394, 36.3982 ], [ -96.60535, 36.40172 ], [ -96.60583, 36.40279 ], [ -96.6198, 36.40973 ], [ -96.6246, 36.41965 ], [ -96.63643, 36.426 ], [ -96.67462, 36.42037 ], [ -96.69073, 36.42452 ], [ -96.70169, 36.43132 ], [ -96.70462, 36.43571 ], [ -96.71597, 36.44318 ], [ -96.71777, 36.45393 ], [ -96.71465, 36.45992 ], [ -96.71764, 36.45576 ], [ -96.71875, 36.44589 ], [ -96.72138, 36.4463 ], [ -96.72158, 36.44353 ], [ -96.72379, 36.44431 ], [ -96.72461, 36.44706 ], [ -96.72484, 36.445 ], [ -96.72733, 36.44516 ], [ -96.72862, 36.44916 ], [ -96.87673, 36.44924 ], [ -96.88081, 36.45176 ], [ -96.87962, 36.45288 ], [ -96.88117, 36.45389 ], [ -96.87865, 36.45547 ], [ -96.88078, 36.45664 ], [ -96.88007, 36.45838 ], [ -96.8846, 36.46 ], [ -96.88114, 36.46341 ], [ -96.88304, 36.46586 ], [ -96.87663, 36.46968 ], [ -96.86847, 36.47507 ], [ -96.86768, 36.47793 ], [ -96.86722, 36.47864 ], [ -96.86315, 36.48075 ], [ -96.8581, 36.48361 ], [ -96.8513, 36.49029 ], [ -96.83694, 36.51063 ], [ -96.83632, 36.52109 ], [ -96.8256, 36.52862 ], [ -96.82002, 36.53553 ], [ -96.81973, 36.53885 ], [ -96.81134, 36.54244 ], [ -96.79679, 36.55299 ], [ -96.78737, 36.55551 ], [ -96.78271, 36.55949 ], [ -96.78118, 36.55837 ], [ -96.76807, 36.56487 ], [ -96.75724, 36.56147 ], [ -96.75287, 36.56175 ], [ -96.75273, 36.55982 ], [ -96.74923, 36.55861 ], [ -96.74077, 36.55109 ], [ -96.73782, 36.55042 ], [ -96.73333, 36.5382 ], [ -96.73001, 36.53601 ], [ -96.7276, 36.52509 ], [ -96.72371, 36.51971 ], [ -96.72373, 36.50797 ], [ -96.72671, 36.50671 ], [ -96.72617, 36.50349 ], [ -96.71751, 36.49329 ], [ -96.7083, 36.49004 ], [ -96.70575, 36.48334 ], [ -96.70636, 36.4769 ], [ -96.70522, 36.48148 ], [ -96.70759, 36.48995 ], [ -96.71794, 36.49509 ], [ -96.72454, 36.50315 ], [ -96.72284, 36.50889 ], [ -96.72318, 36.52013 ], [ -96.72664, 36.52608 ], [ -96.73236, 36.54319 ], [ -96.7385, 36.55165 ], [ -96.74839, 36.55948 ], [ -96.75324, 36.56256 ], [ -96.7631, 36.56466 ], [ -96.76916, 36.56536 ], [ -96.7829, 36.56047 ], [ -96.79057, 36.55552 ], [ -96.79784, 36.55351 ], [ -96.82026, 36.53935 ], [ -96.82605, 36.52946 ], [ -96.82673, 36.52902 ], [ -96.83405, 36.52456 ], [ -96.8374, 36.52072 ], [ -96.8376, 36.5117 ], [ -96.84384, 36.50379 ], [ -96.85443, 36.48792 ], [ -96.86766, 36.48068 ], [ -96.87144, 36.47558 ], [ -96.87655, 36.47248 ], [ -96.88725, 36.47274 ], [ -96.89742, 36.46847 ], [ -96.89805, 36.46847 ], [ -96.89871, 36.46858 ], [ -96.89923, 36.46877 ], [ -96.89987, 36.46895 ], [ -96.90144, 36.46909 ], [ -96.90274, 36.46898 ], [ -96.9058, 36.46875 ], [ -96.90688, 36.46863 ], [ -96.90811, 36.46838 ], [ -96.91001, 36.46812 ], [ -96.91067, 36.46809 ], [ -96.91137, 36.46799 ], [ -96.91809, 36.46353 ], [ -96.92498, 36.46312 ], [ -96.9266, 36.45988 ], [ -96.92732, 36.45956 ], [ -96.92775, 36.45945 ], [ -96.92834, 36.4594 ], [ -96.92892, 36.4594 ], [ -96.92957, 36.45922 ], [ -96.93014, 36.45895 ], [ -96.93351, 36.45623 ], [ -96.93881, 36.45543 ], [ -96.95405, 36.46002 ], [ -96.96808, 36.46034 ], [ -96.98165, 36.46601 ], [ -96.98347, 36.47043 ], [ -96.98842, 36.47492 ], [ -96.99099, 36.47672 ], [ -96.99234, 36.47782 ], [ -96.99349, 36.47851 ], [ -96.99593, 36.47939 ], [ -97.0009, 36.48295 ], [ -97.00516, 36.48598 ], [ -97.00574, 36.48784 ], [ -97.00665, 36.48917 ], [ -97.0072, 36.4913 ], [ -97.00834, 36.49737 ], [ -97.0083, 36.5 ], [ -97.00947, 36.50689 ], [ -97.00885, 36.51425 ], [ -97.00659, 36.51967 ], [ -97.0, 36.52642 ], [ -96.99197, 36.53074 ], [ -96.97595, 36.53555 ], [ -96.96087, 36.534 ], [ -96.9551, 36.53525 ], [ -96.94961, 36.53726 ], [ -96.93809, 36.54677 ], [ -96.9244, 36.55252 ], [ -96.90233, 36.55134 ], [ -96.89877, 36.55318 ], [ -96.89005, 36.56356 ], [ -96.8877, 36.57484 ], [ -96.90414, 36.5889 ], [ -96.90897, 36.59627 ], [ -96.90752, 36.59877 ], [ -96.9048, 36.59886 ], [ -96.90664, 36.59987 ], [ -96.90463, 36.60067 ], [ -96.90616, 36.60209 ], [ -96.90113, 36.60296 ], [ -96.88896, 36.59251 ], [ -96.88431, 36.59098 ], [ -96.87714, 36.57967 ], [ -96.85351, 36.57952 ], [ -96.85351, 36.59286 ], [ -96.85226, 36.59371 ], [ -96.8165, 36.59406 ], [ -96.81571, 36.6292 ], [ -96.79887, 36.63009 ], [ -96.79793, 36.63602 ], [ -96.79787, 36.65179 ], [ -96.83355, 36.65209 ], [ -96.83208, 36.66358 ], [ -96.8331, 36.6679 ], [ -96.83049, 36.67582 ], [ -96.8335, 36.68067 ], [ -96.83345, 36.69521 ], [ -96.86107, 36.69524 ], [ -96.88478, 36.68833 ], [ -96.91431, 36.68758 ], [ -96.92346, 36.68568 ], [ -96.9233, 36.70165 ], [ -96.92024, 36.71772 ], [ -96.91111, 36.72469 ], [ -96.90712, 36.73581 ], [ -96.88827, 36.75176 ], [ -96.86838, 36.7535 ], [ -96.85332, 36.74608 ], [ -96.83379, 36.7434 ], [ -96.82633, 36.74531 ], [ -96.81983, 36.75274 ], [ -96.81775, 36.75895 ], [ -96.81852, 36.76363 ], [ -96.82228, 36.76752 ], [ -96.78838, 36.76752 ], [ -96.78835, 36.78194 ], [ -96.75216, 36.78202 ], [ -96.75184, 36.94123 ], [ -96.74972, 36.9413 ], [ -96.74953, 36.99896 ], [ -96.73168, 36.99925 ], [ -96.52521, 36.99867 ], [ -96.41513, 36.99907 ], [ -96.41636, 36.99763 ], [ -96.41654, 36.97108 ], [ -96.42612, 36.9706 ], [ -96.43009, 36.96074 ], [ -96.43462, 36.95555 ], [ -96.4336, 36.94475 ], [ -96.42516, 36.9398 ], [ -96.42345, 36.93399 ], [ -96.43123, 36.92598 ], [ -96.42878, 36.90994 ], [ -96.44354, 36.90598 ], [ -96.44636, 36.90177 ], [ -96.44864, 36.901 ], [ -96.4479, 36.8999 ], [ -96.45084, 36.89916 ], [ -96.45351, 36.89589 ], [ -96.45802, 36.89697 ], [ -96.46038, 36.89601 ], [ -96.46217, 36.89733 ], [ -96.47007, 36.8944 ], [ -96.47536, 36.89495 ], [ -96.47884, 36.89179 ], [ -96.48154, 36.88483 ], [ -96.48787, 36.88347 ], [ -96.49228, 36.87902 ], [ -96.49235, 36.86951 ], [ -96.50984, 36.86962 ], [ -96.51103, 36.86754 ], [ -96.52115, 36.86173 ], [ -96.52203, 36.85812 ], [ -96.52995, 36.85084 ], [ -96.53434, 36.84256 ], [ -96.53759, 36.84526 ], [ -96.54576, 36.8467 ], [ -96.54643, 36.84841 ], [ -96.56005, 36.843 ], [ -96.56139, 36.84085 ], [ -96.5642, 36.84087 ], [ -96.5639, 36.76766 ], [ -96.54003, 36.7678 ], [ -96.53895, 36.76633 ], [ -96.53528, 36.76771 ], [ -96.5018, 36.76837 ], [ -96.50107, 36.76547 ], [ -96.49865, 36.76651 ], [ -96.49879, 36.76431 ], [ -96.49399, 36.76397 ], [ -96.4947, 36.76175 ], [ -96.49194, 36.76205 ], [ -96.48175, 36.75539 ], [ -96.48382, 36.75155 ], [ -96.48399, 36.74634 ], [ -96.47417, 36.73172 ], [ -96.47526, 36.6809 ], [ -96.48424, 36.68085 ], [ -96.48443, 36.66666 ], [ -96.49164, 36.66561 ], [ -96.4926, 36.65982 ] ] ] } },
{ "type": "Feature", "properties": { "HSA93": 37035, "HSANAME": "OK- FAIRVIEW", "STATE": 37, "HRR93": 339, "HRR93_NAME": "OK- OKLAHOMA CITY", "Persons90": 3964, "hosp_cnt": 1, "HSA_label": "Fairview" }, "geometry": { "type": "Polygon", "coordinates": [ [ [ -98.7739, 36.16264 ], [ -98.77562, 36.16637 ], [ -98.77785, 36.16738 ], [ -98.7768, 36.17118 ], [ -98.77813, 36.17334 ], [ -98.77844, 36.24321 ], [ -98.78197, 36.24763 ], [ -98.78198, 36.36179 ], [ -98.79254, 36.36956 ], [ -98.79557, 36.37598 ], [ -98.79953, 36.37683 ], [ -98.79974, 36.39156 ], [ -98.79862, 36.39444 ], [ -98.79571, 36.39408 ], [ -98.79619, 36.39579 ], [ -98.78766, 36.39966 ], [ -98.78763, 36.40239 ], [ -98.7846, 36.40454 ], [ -98.78338, 36.40713 ], [ -98.78417, 36.41306 ], [ -98.78244, 36.4172 ], [ -98.78706, 36.41553 ], [ -98.787, 36.41846 ], [ -98.7836, 36.41901 ], [ -98.78303, 36.42428 ], [ -98.77875, 36.42645 ], [ -98.77563, 36.43421 ], [ -98.76974, 36.43419 ], [ -98.76021, 36.43993 ], [ -98.76267, 36.4468 ], [ -98.74351, 36.44861 ], [ -98.72645, 36.4453 ], [ -98.71818, 36.43746 ], [ -98.70886, 36.42192 ], [ -98.69913, 36.41598 ], [ -98.66242, 36.40454 ], [ -98.64391, 36.39713 ], [ -98.625, 36.39256 ], [ -98.59946, 36.39105 ], [ -98.55657, 36.40204 ], [ -98.54413, 36.40092 ], [ -98.53319, 36.39756 ], [ -98.5284, 36.39738 ], [ -98.52253, 36.40102 ], [ -98.51507, 36.40074 ], [ -98.50873, 36.40498 ], [ -98.50533, 36.40509 ], [ -98.49938, 36.40255 ], [ -98.49781, 36.39452 ], [ -98.49531, 36.39197 ], [ -98.49063, 36.39148 ], [ -98.48202, 36.39418 ], [ -98.47894, 36.3929 ], [ -98.46463, 36.37642 ], [ -98.46055, 36.37421 ], [ -98.45426, 36.37357 ], [ -98.45021, 36.37013 ], [ -98.44829, 36.36294 ], [ -98.45279, 36.35799 ], [ -98.45347, 36.35389 ], [ -98.45205, 36.35108 ], [ -98.44342, 36.34604 ], [ -98.43551, 36.34488 ], [ -98.43192, 36.33581 ], [ -98.42109, 36.33198 ], [ -98.41933, 36.32832 ], [ -98.41846, 36.31861 ], [ -98.40709, 36.31313 ], [ -98.40816, 36.24598 ], [ -98.40618, 36.24595 ], [ -98.40612, 36.18909 ], [ -98.40774, 36.1876 ], [ -98.45897, 36.18754 ], [ -98.45912, 36.1649 ], [ -98.47678, 36.1649 ], [ -98.6365, 36.16486 ], [ -98.7739, 36.16264 ] ] ] } },
{ "type": "Feature", "properties": { "HSA93": 37036, "HSANAME": "OK- FREDERICK", "STATE": 37, "HRR93": 336, "HRR93_NAME": "OK- LAWTON", "Persons90": 6996, "hosp_cnt": 1, "HSA_label": "Frederick" }, "geometry": { "type": "Polygon", "coordinates": [ [ [ -99.19492, 34.34152 ], [ -99.19196, 34.34664 ], [ -99.19239, 34.35478 ], [ -99.19407, 34.35801 ], [ -99.20131, 34.36257 ], [ -99.20242, 34.36981 ], [ -99.20413, 34.37439 ], [ -99.19902, 34.3794 ], [ -99.20126, 34.38632 ], [ -99.19919, 34.38776 ], [ -99.19825, 34.39205 ], [ -99.1996, 34.39711 ], [ -99.19681, 34.40497 ], [ -99.19259, 34.41067 ], [ -99.19306, 34.4163 ], [ -99.1904, 34.42082 ], [ -99.1925, 34.42606 ], [ -99.19803, 34.43293 ], [ -99.19319, 34.43539 ], [ -99.13218, 34.43553 ], [ -99.13202, 34.46442 ], [ -99.08003, 34.46432 ], [ -99.08002, 34.50722 ], [ -99.0177, 34.50726 ], [ -99.01791, 34.59414 ], [ -99.00054, 34.59427 ], [ -98.82585, 34.59415 ], [ -98.82572, 34.50717 ], [ -98.8356, 34.50717 ], [ -98.83583, 34.4062 ], [ -98.8183, 34.40602 ], [ -98.81836, 34.3915 ], [ -98.95787, 34.39193 ], [ -98.95782, 34.33407 ], [ -98.83603, 34.33373 ], [ -98.83612, 34.27579 ], [ -98.83584, 34.15667 ], [ -98.85524, 34.16153 ], [ -98.85755, 34.15954 ], [ -98.85807, 34.15264 ], [ -98.85978, 34.14982 ], [ -98.86777, 34.14955 ], [ -98.87453, 34.15557 ], [ -98.87087, 34.16292 ], [ -98.87258, 34.1665 ], [ -98.88677, 34.16817 ], [ -98.89627, 34.17441 ], [ -98.909, 34.17741 ], [ -98.91799, 34.18174 ], [ -98.93987, 34.2036 ], [ -98.95216, 34.21256 ], [ -98.96044, 34.21294 ], [ -98.96196, 34.21122 ], [ -98.96212, 34.20458 ], [ -98.96595, 34.20124 ], [ -98.96865, 34.20121 ], [ -98.97624, 34.2062 ], [ -98.98101, 34.2175 ], [ -98.98694, 34.22114 ], [ -98.99147, 34.22148 ], [ -99.00435, 34.21442 ], [ -99.00396, 34.21195 ], [ -99.00151, 34.20995 ], [ -99.01272, 34.20313 ], [ -99.01704, 34.20626 ], [ -99.02423, 34.20391 ], [ -99.03592, 34.20683 ], [ -99.04312, 34.19812 ], [ -99.04844, 34.19812 ], [ -99.05845, 34.20117 ], [ -99.06289, 34.20674 ], [ -99.07563, 34.21113 ], [ -99.08037, 34.21136 ], [ -99.08869, 34.20834 ], [ -99.09506, 34.2117 ], [ -99.09912, 34.20971 ], [ -99.1019, 34.20533 ], [ -99.1084, 34.20331 ], [ -99.11061, 34.20446 ], [ -99.10807, 34.20512 ], [ -99.11249, 34.20567 ], [ -99.11958, 34.20168 ], [ -99.12621, 34.20292 ], [ -99.1307, 34.2056 ], [ -99.1312, 34.20927 ], [ -99.12626, 34.21524 ], [ -99.12719, 34.2179 ], [ -99.13025, 34.21932 ], [ -99.13787, 34.21907 ], [ -99.14363, 34.21468 ], [ -99.14821, 34.20863 ], [ -99.15607, 34.20703 ], [ -99.15866, 34.20879 ], [ -99.18769, 34.21377 ], [ -99.19175, 34.21661 ], [ -99.18979, 34.22958 ], [ -99.1968, 34.24421 ], [ -99.19608, 34.24923 ], [ -99.19129, 34.2577 ], [ -99.19371, 34.26018 ], [ -99.19913, 34.26066 ], [ -99.19431, 34.27178 ], [ -99.19525, 34.28076 ], [ -99.2072, 34.28342 ], [ -99.21129, 34.29215 ], [ -99.20953, 34.29882 ], [ -99.21312, 34.31059 ], [ -99.20543, 34.31913 ], [ -99.20937, 34.32485 ], [ -99.21059, 34.33676 ], [ -99.19792, 34.33954 ], [ -99.19492, 34.34152 ] ] ] } },
{ "type": "Feature", "properties": { "HSA93": 37037, "HSANAME": "OK- GROVE", "STATE": 37, "HRR93": 267, "HRR93_NAME": "MO- JOPLIN", "Persons90": 22132, "hosp_cnt": 1, "HSA_label": "Grove" }, "geometry": { "type": "Polygon", "coordinates": [ [ [ -95.00548, 36.49154 ], [ -95.00548, 36.5097 ], [ -95.00545, 36.59737 ], [ -94.99936, 36.59789 ], [ -94.99933, 36.67061 ], [ -94.9993, 36.74312 ], [ -94.99917, 36.75763 ], [ -94.87326, 36.75727 ], [ -94.87323, 36.7138 ], [ -94.85526, 36.71381 ], [ -94.85535, 36.67045 ], [ -94.78201, 36.67055 ], [ -94.77901, 36.66769 ], [ -94.77471, 36.66773 ], [ -94.77337, 36.66775 ], [ -94.61785, 36.66779 ], [ -94.61793, 36.70851 ], [ -94.61203, 36.70831 ], [ -94.56005, 36.70653 ], [ -94.56202, 36.62289 ], [ -94.58102, 36.62357 ], [ -94.57974, 36.62719 ], [ -94.58085, 36.62923 ], [ -94.589, 36.63083 ], [ -94.60394, 36.62457 ], [ -94.60982, 36.62682 ], [ -94.61749, 36.62473 ], [ -94.6177, 36.49934 ], [ -94.61254, 36.46859 ], [ -94.60374, 36.41347 ], [ -94.59808, 36.3781 ], [ -94.59378, 36.3492 ], [ -94.59105, 36.33245 ], [ -94.59609, 36.33644 ], [ -94.60593, 36.3316 ], [ -94.60879, 36.32769 ], [ -94.62047, 36.32722 ], [ -94.62118, 36.33002 ], [ -94.62554, 36.33166 ], [ -94.62576, 36.33322 ], [ -94.63219, 36.3346 ], [ -94.63266, 36.3384 ], [ -94.64902, 36.33474 ], [ -94.65313, 36.33131 ], [ -94.65683, 36.33078 ], [ -94.65706, 36.32222 ], [ -94.67381, 36.3209 ], [ -94.67689, 36.32275 ], [ -94.67867, 36.32032 ], [ -94.6832, 36.32039 ], [ -94.6848, 36.32315 ], [ -94.69299, 36.32655 ], [ -94.71418, 36.32142 ], [ -94.718, 36.32565 ], [ -94.72561, 36.32577 ], [ -94.72612, 36.32828 ], [ -94.73732, 36.32881 ], [ -94.74208, 36.33375 ], [ -94.74137, 36.33581 ], [ -94.75212, 36.33789 ], [ -94.75229, 36.34098 ], [ -94.75959, 36.34506 ], [ -94.76972, 36.34307 ], [ -94.77849, 36.34823 ], [ -94.7814, 36.34775 ], [ -94.7835, 36.34951 ], [ -94.79476, 36.35127 ], [ -94.7997, 36.35505 ], [ -94.8083, 36.35002 ], [ -94.82212, 36.35059 ], [ -94.82306, 36.34601 ], [ -94.81765, 36.34019 ], [ -94.81233, 36.34079 ], [ -94.80523, 36.33829 ], [ -94.80084, 36.34232 ], [ -94.79467, 36.34441 ], [ -94.78904, 36.34276 ], [ -94.78409, 36.33854 ], [ -94.77873, 36.31553 ], [ -94.77443, 36.30455 ], [ -94.77984, 36.29301 ], [ -94.78561, 36.28566 ], [ -94.78869, 36.28479 ], [ -94.79723, 36.28855 ], [ -94.80218, 36.28859 ], [ -94.80399, 36.29047 ], [ -94.81029, 36.29171 ], [ -94.81575, 36.2902 ], [ -94.82203, 36.2994 ], [ -94.83068, 36.30299 ], [ -94.83626, 36.308 ], [ -94.83516, 36.31066 ], [ -94.83697, 36.31336 ], [ -94.83502, 36.3143 ], [ -94.83551, 36.31731 ], [ -94.84254, 36.3127 ], [ -94.84681, 36.3148 ], [ -94.85835, 36.3096 ], [ -94.86774, 36.30831 ], [ -94.86912, 36.30367 ], [ -94.87155, 36.30142 ], [ -94.87622, 36.30412 ], [ -94.8823, 36.30291 ], [ -94.89425, 36.28394 ], [ -94.91095, 36.28472 ], [ -94.91689, 36.27193 ], [ -94.92277, 36.26891 ], [ -94.92393, 36.27108 ], [ -94.92834, 36.26669 ], [ -94.93459, 36.26843 ], [ -94.93631, 36.26602 ], [ -94.9399, 36.26564 ], [ -94.93894, 36.26369 ], [ -94.94191, 36.26506 ], [ -94.95158, 36.26307 ], [ -94.96526, 36.2638 ], [ -94.96588, 36.26545 ], [ -94.97159, 36.26371 ], [ -94.98351, 36.26373 ], [ -94.98846, 36.26562 ], [ -94.99312, 36.26322 ], [ -95.00572, 36.2638 ], [ -95.00544, 36.39995 ], [ -95.00546, 36.40599 ], [ -94.9825, 36.41237 ], [ -94.97635, 36.41093 ], [ -94.96329, 36.40216 ], [ -94.94478, 36.41863 ], [ -94.94889, 36.42243 ], [ -94.95211, 36.42303 ], [ -94.95186, 36.44487 ], [ -94.96357, 36.45454 ], [ -94.97391, 36.46072 ], [ -94.97714, 36.46065 ], [ -94.98783, 36.46529 ], [ -94.9908, 36.46376 ], [ -94.99279, 36.46712 ], [ -94.99537, 36.46721 ], [ -94.9967, 36.47033 ], [ -95.00551, 36.47701 ], [ -95.00548, 36.49154 ] ] ] } },
{ "type": "Feature", "properties": { "HSA93": 37038, "HSANAME": "OK- GUTHRIE", "STATE": 37, "HRR93": 339, "HRR93_NAME": "OK- OKLAHOMA CITY", "Persons90": 19769, "hosp_cnt": 1, "HSA_label": "Guthrie" }, "geometry": { "type": "Polygon", "coordinates": [ [ [ -97.6736, 35.72594 ], [ -97.67384, 35.78392 ], [ -97.67395, 35.81325 ], [ -97.67405, 35.86122 ], [ -97.67129, 35.86537 ], [ -97.66809, 35.86667 ], [ -97.66138, 35.86404 ], [ -97.65616, 35.85885 ], [ -97.64901, 35.85872 ], [ -97.64691, 35.86045 ], [ -97.64569, 35.86478 ], [ -97.63604, 35.86918 ], [ -97.63016, 35.8775 ], [ -97.61366, 35.8786 ], [ -97.61385, 35.88519 ], [ -97.60714, 35.88435 ], [ -97.59955, 35.87993 ], [ -97.59547, 35.88042 ], [ -97.59329, 35.88679 ], [ -97.57997, 35.88983 ], [ -97.56684, 35.88899 ], [ -97.55432, 35.89448 ], [ -97.54753, 35.90254 ], [ -97.52793, 35.90101 ], [ -97.51767, 35.90813 ], [ -97.50588, 35.90454 ], [ -97.5, 35.89761 ], [ -97.49648, 35.89619 ], [ -97.49369, 35.89659 ], [ -97.48737, 35.90206 ], [ -97.47929, 35.90108 ], [ -97.47471, 35.91033 ], [ -97.4757, 35.91313 ], [ -97.47879, 35.91317 ], [ -97.47883, 35.94202 ], [ -97.49668, 35.94208 ], [ -97.49677, 35.98543 ], [ -97.48792, 35.98541 ], [ -97.48811, 36.01459 ], [ -97.48543, 36.01072 ], [ -97.48025, 36.0112 ], [ -97.48061, 36.00566 ], [ -97.47585, 36.00067 ], [ -97.47793, 36.0 ], [ -97.47536, 35.99592 ], [ -97.46725, 35.99136 ], [ -97.46561, 35.98745 ], [ -97.46037, 35.98539 ], [ -97.45533, 35.98624 ], [ -97.45243, 35.98388 ], [ -97.44843, 35.98695 ], [ -97.43877, 35.98706 ], [ -97.4226, 35.97974 ], [ -97.41936, 35.98335 ], [ -97.40578, 35.98429 ], [ -97.39846, 35.98796 ], [ -97.39258, 35.98632 ], [ -97.38755, 35.98255 ], [ -97.38012, 35.98141 ], [ -97.37642, 35.98329 ], [ -97.37238, 35.99014 ], [ -97.36535, 35.99121 ], [ -97.35992, 35.98987 ], [ -97.35649, 35.98437 ], [ -97.35355, 35.98489 ], [ -97.34047, 35.99271 ], [ -97.33601, 35.99974 ], [ -97.33556, 36.00087 ], [ -97.33151, 36.00645 ], [ -97.32418, 36.00931 ], [ -97.31684, 36.01066 ], [ -97.32112, 36.0 ], [ -97.32151, 35.99379 ], [ -97.32633, 35.99125 ], [ -97.33469, 35.98067 ], [ -97.33433, 35.9717 ], [ -97.33561, 35.9708 ], [ -97.31779, 35.97069 ], [ -97.31765, 35.86998 ], [ -97.33556, 35.87007 ], [ -97.3359, 35.7251 ], [ -97.4159, 35.7251 ], [ -97.4159, 35.75438 ], [ -97.44228, 35.75429 ], [ -97.44237, 35.73974 ], [ -97.47794, 35.73978 ], [ -97.4779, 35.7253 ], [ -97.6736, 35.72594 ] ] ] } },
{ "type": "Feature", "properties": { "HSA93": 37039, "HSANAME": "OK- GUYMON", "STATE": 37, "HRR93": 383, "HRR93_NAME": "TX- AMARILLO", "Persons90": 12751, "hosp_cnt": 1, "HSA_label": "Guymon" }, "geometry": { "type": "Polygon", "coordinates": [ [ [ -101.63037, 36.99485 ], [ -101.5548, 36.99539 ], [ -101.36075, 36.99616 ], [ -101.36043, 36.84942 ], [ -101.36771, 36.84768 ], [ -101.36776, 36.81067 ], [ -101.36398, 36.80937 ], [ -101.36421, 36.80635 ], [ -101.35846, 36.80869 ], [ -101.35422, 36.80178 ], [ -101.34784, 36.79951 ], [ -101.34375, 36.80004 ], [ -101.33745, 36.79647 ], [ -101.33854, 36.7934 ], [ -101.33555, 36.79244 ], [ -101.33498, 36.78725 ], [ -101.33793, 36.78418 ], [ -101.32999, 36.77741 ], [ -101.32669, 36.77647 ], [ -101.32601, 36.77313 ], [ -101.32186, 36.7721 ], [ -101.31887, 36.76892 ], [ -101.31563, 36.76734 ], [ -101.31301, 36.7691 ], [ -101.30436, 36.76732 ], [ -101.30186, 36.76816 ], [ -101.30172, 36.77066 ], [ -101.29856, 36.76368 ], [ -101.29674, 36.7651 ], [ -101.28915, 36.76526 ], [ -101.28997, 36.76173 ], [ -101.29458, 36.75919 ], [ -101.28548, 36.75571 ], [ -101.28582, 36.7523 ], [ -101.28008, 36.74716 ], [ -101.27992, 36.74068 ], [ -101.27571, 36.73873 ], [ -101.27861, 36.73402 ], [ -101.2702, 36.72839 ], [ -101.27265, 36.72086 ], [ -101.27015, 36.71848 ], [ -101.266, 36.71612 ], [ -101.2567, 36.71632 ], [ -101.25, 36.71446 ], [ -101.2458, 36.71128 ], [ -101.24438, 36.70805 ], [ -101.23949, 36.70918 ], [ -101.23585, 36.70529 ], [ -101.23576, 36.70131 ], [ -101.23042, 36.70119 ], [ -101.22553, 36.69671 ], [ -101.21669, 36.69285 ], [ -101.2079, 36.69257 ], [ -101.20563, 36.68889 ], [ -101.17206, 36.69283 ], [ -101.1628, 36.69126 ], [ -101.14459, 36.67824 ], [ -101.14314, 36.67557 ], [ -101.14325, 36.66922 ], [ -101.1367, 36.66341 ], [ -101.11943, 36.65976 ], [ -101.10972, 36.66631 ], [ -101.10429, 36.66762 ], [ -101.09645, 36.6652 ], [ -101.0925, 36.66943 ], [ -101.07276, 36.66868 ], [ -101.06361, 36.6717 ], [ -101.06088, 36.67072 ], [ -101.06062, 36.66728 ], [ -101.05133, 36.66955 ], [ -101.04537, 36.66733 ], [ -101.03534, 36.66799 ], [ -101.01804, 36.66027 ], [ -101.01312, 36.66345 ], [ -101.0079, 36.66327 ], [ -101.00559, 36.66743 ], [ -101.00369, 36.66754 ], [ -100.9971, 36.66006 ], [ -100.98852, 36.66173 ], [ -100.98338, 36.65658 ], [ -100.97699, 36.65675 ], [ -100.97332, 36.6548 ], [ -100.96949, 36.65659 ], [ -100.96349, 36.65613 ], [ -100.9625, 36.65854 ], [ -100.95747, 36.66032 ], [ -100.95912, 36.66389 ], [ -100.9535, 36.67129 ], [ -100.95371, 36.49959 ], [ -101.08472, 36.49922 ], [ -101.35829, 36.49955 ], [ -101.50766, 36.49954 ], [ -101.62348, 36.4995 ], [ -101.67172, 36.49952 ], [ -102.03189, 36.50055 ], [ -102.16201, 36.5003 ], [ -102.24361, 36.50066 ], [ -102.24744, 36.50367 ], [ -102.24719, 36.57062 ], [ -102.24715, 36.60287 ], [ -102.21116, 36.60276 ], [ -102.2117, 36.76268 ], [ -102.03125, 36.76234 ], [ -102.03173, 36.84916 ], [ -102.02788, 36.84912 ], [ -102.0278, 36.85303 ], [ -102.02776, 36.9931 ], [ -101.82617, 36.99396 ], [ -101.63037, 36.99485 ] ] ] } },
{ "type": "Feature", "properties": { "HSA93": 37042, "HSANAME": "OK- HOBART", "STATE": 37, "HRR93": 339, "HRR93_NAME": "OK- OKLAHOMA CITY", "Persons90": 10983, "hosp_cnt": 1, "HSA_label": "Hobart" }, "geometry": { "type": "Polygon", "coordinates": [ [ [ -99.31692, 34.87143 ], [ -99.32081, 34.86967 ], [ -99.32289, 34.86417 ], [ -99.32645, 34.86027 ], [ -99.33465, 34.85913 ], [ -99.34048, 34.86405 ], [ -99.3392, 34.875 ], [ -99.34244, 34.88288 ], [ -99.35422, 34.88279 ], [ -99.37167, 34.87703 ], [ -99.37525, 34.87962 ], [ -99.37523, 34.88126 ], [ -99.36467, 34.88258 ], [ -99.36556, 34.88688 ], [ -99.37544, 34.88942 ], [ -99.391, 34.88613 ], [ -99.39772, 34.88907 ], [ -99.39911, 34.89346 ], [ -99.40208, 34.8966 ], [ -99.39916, 34.90128 ], [ -99.40241, 34.90345 ], [ -99.40769, 34.91328 ], [ -99.41743, 34.90937 ], [ -99.42816, 34.90785 ], [ -99.44415, 34.91253 ], [ -99.44559, 34.91486 ], [ -99.44315, 34.92148 ], [ -99.44659, 34.92801 ], [ -99.45154, 34.92696 ], [ -99.45218, 34.9243 ], [ -99.45613, 34.92141 ], [ -99.46447, 34.91901 ], [ -99.47109, 34.91949 ], [ -99.46537, 34.92808 ], [ -99.46765, 34.93087 ], [ -99.47368, 34.93346 ], [ -99.48041, 34.93162 ], [ -99.48787, 34.93235 ], [ -99.49426, 34.92731 ], [ -99.50198, 34.9264 ], [ -99.50059, 35.11669 ], [ -99.44029, 35.11649 ], [ -99.44359, 35.1134 ], [ -99.44066, 35.10979 ], [ -99.4303, 35.10816 ], [ -99.4226, 35.11444 ], [ -99.41551, 35.11171 ], [ -99.40893, 35.11446 ], [ -99.4089, 35.11644 ], [ -99.35972, 35.11663 ], [ -99.35971, 35.20434 ], [ -99.36393, 35.20439 ], [ -99.36413, 35.21893 ], [ -99.28364, 35.21898 ], [ -99.27945, 35.21165 ], [ -99.27569, 35.21312 ], [ -99.27566, 35.2188 ], [ -99.09954, 35.21891 ], [ -99.02884, 35.21889 ], [ -99.02902, 35.20437 ], [ -99.02544, 35.20435 ], [ -99.02538, 35.15996 ], [ -98.95471, 35.15996 ], [ -98.91907, 35.16085 ], [ -98.91603, 35.16408 ], [ -98.91574, 35.17292 ], [ -98.91161, 35.17528 ], [ -98.86316, 35.17518 ], [ -98.86315, 35.20432 ], [ -98.81911, 35.2044 ], [ -98.81738, 35.20005 ], [ -98.81791, 35.19629 ], [ -98.81973, 35.19478 ], [ -98.81934, 35.18967 ], [ -98.81097, 35.18969 ], [ -98.81099, 35.12145 ], [ -98.81426, 35.12124 ], [ -98.81428, 35.11634 ], [ -98.83157, 35.11639 ], [ -98.83119, 35.05832 ], [ -98.83821, 35.05631 ], [ -98.83467, 35.05583 ], [ -98.83144, 35.05241 ], [ -98.83157, 35.02914 ], [ -98.84923, 35.02912 ], [ -98.84866, 35.0006 ], [ -98.83126, 35.00047 ], [ -98.83108, 34.94249 ], [ -98.81064, 34.94246 ], [ -98.80605, 34.94123 ], [ -98.80179, 34.94249 ], [ -98.77843, 34.94248 ], [ -98.77842, 34.88911 ], [ -98.7807, 34.88435 ], [ -98.78665, 34.87986 ], [ -98.78654, 34.87033 ], [ -98.78785, 34.87008 ], [ -98.78685, 34.85569 ], [ -98.82595, 34.85535 ], [ -98.82579, 34.7397 ], [ -98.8612, 34.7398 ], [ -98.86094, 34.76871 ], [ -98.95484, 34.76859 ], [ -98.96118, 34.75442 ], [ -98.96766, 34.74764 ], [ -98.98493, 34.74922 ], [ -98.98764, 34.74603 ], [ -98.9862, 34.74326 ], [ -98.98661, 34.73898 ], [ -98.98997, 34.74667 ], [ -98.99497, 34.74761 ], [ -98.9965, 34.74626 ], [ -98.99708, 34.74866 ], [ -99.00049, 34.7469 ], [ -99.00989, 34.74931 ], [ -99.01305, 34.74821 ], [ -99.01716, 34.75185 ], [ -99.01821, 34.74929 ], [ -99.01575, 34.74161 ], [ -99.0206, 34.74308 ], [ -99.02391, 34.73774 ], [ -99.02171, 34.73534 ], [ -99.02926, 34.73523 ], [ -99.02823, 34.73667 ], [ -99.03126, 34.74214 ], [ -99.03078, 34.74794 ], [ -99.03497, 34.75259 ], [ -99.03761, 34.75381 ], [ -99.04066, 34.7528 ], [ -99.04055, 34.7555 ], [ -99.04532, 34.76219 ], [ -99.04247, 34.76836 ], [ -99.10572, 34.76826 ], [ -99.10581, 34.78294 ], [ -99.16448, 34.78305 ], [ -99.16507, 34.78835 ], [ -99.16315, 34.79259 ], [ -99.15332, 34.79194 ], [ -99.14907, 34.79471 ], [ -99.14863, 34.79815 ], [ -99.15337, 34.80498 ], [ -99.15156, 34.81744 ], [ -99.15331, 34.82761 ], [ -99.14748, 34.82559 ], [ -99.14459, 34.82676 ], [ -99.14409, 34.82937 ], [ -99.1517, 34.83189 ], [ -99.15303, 34.83427 ], [ -99.15119, 34.84151 ], [ -99.1448, 34.84597 ], [ -99.14457, 34.84978 ], [ -99.14888, 34.85014 ], [ -99.15613, 34.84767 ], [ -99.16961, 34.84802 ], [ -99.17472, 34.85714 ], [ -99.18272, 34.85943 ], [ -99.19281, 34.85647 ], [ -99.19186, 34.84497 ], [ -99.19983, 34.83778 ], [ -99.20881, 34.83973 ], [ -99.214, 34.8375 ], [ -99.2145, 34.83462 ], [ -99.21069, 34.82946 ], [ -99.21203, 34.82635 ], [ -99.22036, 34.82949 ], [ -99.22667, 34.82838 ], [ -99.23047, 34.82536 ], [ -99.23152, 34.81851 ], [ -99.23474, 34.81587 ], [ -99.24088, 34.8169 ], [ -99.2461, 34.82205 ], [ -99.24844, 34.82762 ], [ -99.25608, 34.83653 ], [ -99.26977, 34.84103 ], [ -99.27758, 34.83931 ], [ -99.2823, 34.84932 ], [ -99.28755, 34.85207 ], [ -99.29608, 34.85136 ], [ -99.30461, 34.85631 ], [ -99.31094, 34.8663 ], [ -99.31692, 34.87143 ] ], [ [ -99.33408, 34.97281 ], [ -99.32896, 34.95624 ], [ -99.33046, 34.9447 ], [ -99.3231, 34.94064 ], [ -99.32042, 34.94161 ], [ -99.30978, 34.93403 ], [ -99.31502, 34.9277 ], [ -99.31439, 34.92583 ], [ -99.30604, 34.92441 ], [ -99.30134, 34.92558 ], [ -99.29803, 34.92401 ], [ -99.29677, 34.91661 ], [ -99.28907, 34.90306 ], [ -99.2981, 34.89906 ], [ -99.29692, 34.89691 ], [ -99.29246, 34.8956 ], [ -99.29055, 34.88758 ], [ -99.29094, 34.88617 ], [ -99.29576, 34.88667 ], [ -99.29285, 34.88451 ], [ -99.29388, 34.88282 ], [ -99.29152, 34.87915 ], [ -99.28557, 34.87808 ], [ -99.2849, 34.87988 ], [ -99.28168, 34.87947 ], [ -99.28018, 34.8814 ], [ -99.27931, 34.8862 ], [ -99.28059, 34.88907 ], [ -99.29148, 34.89555 ], [ -99.29076, 34.9016 ], [ -99.2877, 34.89965 ], [ -99.28428, 34.90139 ], [ -99.28181, 34.90068 ], [ -99.27736, 34.90563 ], [ -99.2805, 34.90375 ], [ -99.2813, 34.91557 ], [ -99.28347, 34.91568 ], [ -99.28394, 34.91988 ], [ -99.29017, 34.9284 ], [ -99.30265, 34.93564 ], [ -99.31203, 34.93795 ], [ -99.312, 34.9391 ], [ -99.31039, 34.93834 ], [ -99.31055, 34.94027 ], [ -99.30713, 34.94065 ], [ -99.30646, 34.94292 ], [ -99.30891, 34.94301 ], [ -99.30852, 34.94114 ], [ -99.30997, 34.94098 ], [ -99.31364, 34.94622 ], [ -99.31347, 34.94111 ], [ -99.31709, 34.94274 ], [ -99.3253, 34.95298 ], [ -99.32697, 34.96015 ], [ -99.3285, 34.96193 ], [ -99.33234, 34.97148 ], [ -99.33382, 34.9729 ], [ -99.33408, 34.97281 ] ] ] } },
{ "type": "Feature", "properties": { "HSA93": 37043, "HSANAME": "OK- HOLDENVILLE", "STATE": 37, "HRR93": 339, "HRR93_NAME": "OK- OKLAHOMA CITY", "Persons90": 7696, "hosp_cnt": 1, "HSA_label": "Holdenville" }, "geometry": { "type": "Polygon", "coordinates": [ [ [ -96.14045, 35.17391 ], [ -96.13318, 35.17391 ], [ -96.13107, 35.16661 ], [ -96.11575, 35.16325 ], [ -96.10617, 35.16332 ], [ -96.10594, 35.15957 ], [ -96.0883, 35.15948 ], [ -96.0883, 35.1606 ], [ -96.08368, 35.16083 ], [ -96.0829, 35.16394 ], [ -96.07872, 35.16404 ], [ -96.07908, 35.16633 ], [ -96.07504, 35.16733 ], [ -96.07496, 35.16919 ], [ -96.0771, 35.16953 ], [ -96.07552, 35.17097 ], [ -96.07072, 35.16921 ], [ -96.07203, 35.17042 ], [ -96.06838, 35.17127 ], [ -96.06504, 35.17553 ], [ -96.05824, 35.16887 ], [ -96.05127, 35.17125 ], [ -96.04503, 35.17001 ], [ -96.04115, 35.17465 ], [ -96.04004, 35.18081 ], [ -96.03661, 35.18154 ], [ -96.02889, 35.17525 ], [ -96.02087, 35.16556 ], [ -96.01533, 35.16188 ], [ -96.01366, 35.15828 ], [ -96.00733, 35.15981 ], [ -96.0, 35.15355 ], [ -95.99, 35.15074 ], [ -96.00482, 35.14868 ], [ -96.01199, 35.14501 ], [ -96.01338, 35.13964 ], [ -96.00882, 35.12335 ], [ -96.00948, 35.11794 ], [ -96.01359, 35.11646 ], [ -96.02597, 35.12049 ], [ -96.02969, 35.12024 ], [ -96.04158, 35.10426 ], [ -96.05466, 35.09721 ], [ -96.06066, 35.09148 ], [ -96.06264, 35.08667 ], [ -96.06402, 35.07104 ], [ -96.06982, 35.05542 ], [ -96.07296, 35.05332 ], [ -96.08856, 35.04977 ], [ -96.10278, 35.04312 ], [ -96.10631, 35.03926 ], [ -96.10975, 35.02983 ], [ -96.11308, 35.02529 ], [ -96.12184, 35.01827 ], [ -96.125, 35.01694 ], [ -96.12539, 35.01799 ], [ -96.13346, 35.01228 ], [ -96.13422, 35.00559 ], [ -96.13658, 35.00143 ], [ -96.14267, 35.0 ], [ -96.1388, 35.0 ], [ -96.15075, 34.98201 ], [ -96.16464, 34.97098 ], [ -96.18243, 34.95986 ], [ -96.18653, 34.95862 ], [ -96.21298, 34.96813 ], [ -96.24227, 34.97576 ], [ -96.24777, 34.97651 ], [ -96.25, 34.9739 ], [ -96.2584, 34.97308 ], [ -96.26992, 34.96784 ], [ -96.27571, 34.96734 ], [ -96.28416, 34.96897 ], [ -96.29206, 34.97319 ], [ -96.29556, 34.97868 ], [ -96.299, 34.98093 ], [ -96.30392, 34.98842 ], [ -96.31161, 34.99146 ], [ -96.32207, 35.00379 ], [ -96.34027, 35.00811 ], [ -96.35626, 35.00636 ], [ -96.36143, 35.0 ], [ -96.35719, 35.0 ], [ -96.36258, 34.98386 ], [ -96.36199, 34.97501 ], [ -96.36425, 34.96941 ], [ -96.36864, 34.96703 ], [ -96.38116, 34.95232 ], [ -96.39673, 34.94115 ], [ -96.40596, 34.93226 ], [ -96.4147, 34.9144 ], [ -96.4224, 34.9052 ], [ -96.426, 34.9032 ], [ -96.43229, 34.90355 ], [ -96.4555, 34.9137 ], [ -96.46998, 34.91691 ], [ -96.48112, 34.91488 ], [ -96.4905, 34.9105 ], [ -96.49036, 35.01417 ], [ -96.49014, 35.11584 ], [ -96.44106, 35.11571 ], [ -96.44101, 35.23178 ], [ -96.41875, 35.23366 ], [ -96.41086, 35.23237 ], [ -96.41125, 35.231 ], [ -96.40874, 35.2313 ], [ -96.40626, 35.22951 ], [ -96.40447, 35.23086 ], [ -96.40316, 35.22963 ], [ -96.40417, 35.22876 ], [ -96.40113, 35.22761 ], [ -96.40065, 35.22388 ], [ -96.39695, 35.2212 ], [ -96.39561, 35.22237 ], [ -96.39338, 35.22067 ], [ -96.38551, 35.2222 ], [ -96.37377, 35.22181 ], [ -96.36886, 35.21918 ], [ -96.36956, 35.21785 ], [ -96.36524, 35.2163 ], [ -96.36613, 35.21447 ], [ -96.36278, 35.21243 ], [ -96.36208, 35.21019 ], [ -96.35932, 35.21207 ], [ -96.35146, 35.21095 ], [ -96.34897, 35.20768 ], [ -96.34518, 35.20621 ], [ -96.34264, 35.20067 ], [ -96.33676, 35.20038 ], [ -96.33701, 35.19832 ], [ -96.33478, 35.19919 ], [ -96.33508, 35.19811 ], [ -96.32836, 35.19626 ], [ -96.32825, 35.19869 ], [ -96.32627, 35.19596 ], [ -96.32293, 35.19825 ], [ -96.31668, 35.1966 ], [ -96.31894, 35.2023 ], [ -96.31203, 35.19949 ], [ -96.31233, 35.19837 ], [ -96.30988, 35.19823 ], [ -96.31074, 35.19663 ], [ -96.30758, 35.18849 ], [ -96.18605, 35.18831 ], [ -96.17691, 35.18829 ], [ -96.17702, 35.18129 ], [ -96.16894, 35.1798 ], [ -96.16172, 35.18289 ], [ -96.15386, 35.17561 ], [ -96.15194, 35.17788 ], [ -96.14567, 35.17403 ], [ -96.14045, 35.17391 ] ] ] } },
{ "type": "Feature", "properties": { "HSA93": 37044, "HSANAME": "OK- HOLLIS", "STATE": 37, "HRR93": 339, "HRR93_NAME": "OK- OKLAHOMA CITY", "Persons90": 3689, "hosp_cnt": 1, "HSA_label": "Hollis" }, "geometry": { "type": "Polygon", "coordinates": [ [ [ -99.95634, 34.57646 ], [ -99.95852, 34.57121 ], [ -99.97118, 34.56212 ], [ -99.99202, 34.5593 ], [ -99.99712, 34.56051 ], [ -100.0, 34.56045 ], [ -100.0, 34.68175 ], [ -100.0, 34.7464 ], [ -100.0, 34.81239 ], [ -100.0, 35.03033 ], [ -99.88819, 35.03021 ], [ -99.88811, 35.01773 ], [ -99.88806, 34.95369 ], [ -99.89007, 34.95201 ], [ -99.8895, 34.94083 ], [ -99.8865, 34.93709 ], [ -99.88564, 34.92729 ], [ -99.88778, 34.92257 ], [ -99.88701, 34.91973 ], [ -99.88847, 34.91486 ], [ -99.90467, 34.91485 ], [ -99.90603, 34.9103 ], [ -99.89809, 34.88289 ], [ -99.89945, 34.87982 ], [ -99.90195, 34.87867 ], [ -99.90154, 34.87602 ], [ -99.90371, 34.87318 ], [ -99.90324, 34.86982 ], [ -99.90519, 34.86551 ], [ -99.90383, 34.85805 ], [ -99.90522, 34.85376 ], [ -99.90355, 34.8495 ], [ -99.89944, 34.84865 ], [ -99.88477, 34.85039 ], [ -99.87292, 34.84741 ], [ -99.86486, 34.83898 ], [ -99.868, 34.83177 ], [ -99.86644, 34.82572 ], [ -99.85541, 34.82073 ], [ -99.84408, 34.81883 ], [ -99.82678, 34.82223 ], [ -99.82094, 34.82532 ], [ -99.80997, 34.83517 ], [ -99.79556, 34.83597 ], [ -99.78414, 34.84282 ], [ -99.77811, 34.84213 ], [ -99.77344, 34.84785 ], [ -99.77016, 34.84941 ], [ -99.75922, 34.84794 ], [ -99.74095, 34.83662 ], [ -99.73731, 34.83653 ], [ -99.725, 34.84302 ], [ -99.72151, 34.84914 ], [ -99.72287, 34.85692 ], [ -99.71963, 34.85697 ], [ -99.7197, 34.76824 ], [ -99.68464, 34.76822 ], [ -99.68456, 34.75358 ], [ -99.66699, 34.75365 ], [ -99.66653, 34.72458 ], [ -99.66623, 34.60842 ], [ -99.6662, 34.50706 ], [ -99.84421, 34.50685 ], [ -99.85269, 34.51153 ], [ -99.86455, 34.52295 ], [ -99.87188, 34.53166 ], [ -99.87622, 34.53964 ], [ -99.88836, 34.55039 ], [ -99.91539, 34.56591 ], [ -99.92142, 34.57019 ], [ -99.92283, 34.57449 ], [ -99.94534, 34.57921 ], [ -99.95419, 34.57813 ], [ -99.95634, 34.57646 ] ] ] } },
{ "type": "Feature", "properties": { "HSA93": 37047, "HSANAME": "OK- IDABEL", "STATE": 37, "HRR93": 22, "HRR93_NAME": "AR- TEXARKANA", "Persons90": 25938, "hosp_cnt": 1, "HSA_label": "Idabel" }, "geometry": { "type": "Polygon", "coordinates": [ [ [ -94.68441, 34.1468 ], [ -94.68351, 34.14547 ], [ -94.69042, 34.14146 ], [ -94.69835, 34.14302 ], [ -94.70463, 34.14238 ], [ -94.70766, 34.13812 ], [ -94.70763, 34.13475 ], [ -94.70331, 34.13241 ], [ -94.69986, 34.13395 ], [ -94.69502, 34.1394 ], [ -94.684, 34.13777 ], [ -94.67684, 34.13425 ], [ -94.66949, 34.12685 ], [ -94.65892, 34.12281 ], [ -94.64934, 34.11498 ], [ -94.65015, 34.0981 ], [ -94.64473, 34.09221 ], [ -94.63818, 34.0896 ], [ -94.6313, 34.08426 ], [ -94.63215, 34.08273 ], [ -94.61984, 34.06074 ], [ -94.61576, 34.04885 ], [ -94.61659, 34.04599 ], [ -94.62038, 34.04361 ], [ -94.61999, 34.03681 ], [ -94.60387, 34.02493 ], [ -94.60422, 34.01952 ], [ -94.60713, 34.0156 ], [ -94.60422, 34.01249 ], [ -94.60474, 34.00935 ], [ -94.6021, 34.00617 ], [ -94.60171, 33.99664 ], [ -94.59566, 33.98939 ], [ -94.58903, 33.9844 ], [ -94.58208, 33.98366 ], [ -94.57927, 33.98163 ], [ -94.58147, 33.97824 ], [ -94.58691, 33.97769 ], [ -94.58878, 33.97487 ], [ -94.5882, 33.96903 ], [ -94.58246, 33.9641 ], [ -94.58336, 33.96122 ], [ -94.58133, 33.95875 ], [ -94.58553, 33.9543 ], [ -94.5761, 33.9516 ], [ -94.57407, 33.9486 ], [ -94.56684, 33.94806 ], [ -94.55678, 33.95004 ], [ -94.55459, 33.94797 ], [ -94.55702, 33.94417 ], [ -94.55443, 33.94232 ], [ -94.54541, 33.94478 ], [ -94.53963, 33.94378 ], [ -94.53677, 33.94539 ], [ -94.5337, 33.95444 ], [ -94.53167, 33.95624 ], [ -94.51898, 33.95737 ], [ -94.51364, 33.95366 ], [ -94.51855, 33.94976 ], [ -94.51963, 33.94696 ], [ -94.5, 33.9297 ], [ -94.49304, 33.93021 ], [ -94.48458, 33.93596 ], [ -94.48186, 33.94144 ], [ -94.47709, 33.94082 ], [ -94.48061, 33.82291 ], [ -94.48567, 33.63775 ], [ -94.49146, 33.63634 ], [ -94.48754, 33.63052 ], [ -94.48816, 33.62729 ], [ -94.50441, 33.62057 ], [ -94.51144, 33.62298 ], [ -94.51726, 33.63294 ], [ -94.51998, 33.62983 ], [ -94.51771, 33.62362 ], [ -94.51963, 33.61796 ], [ -94.52341, 33.61574 ], [ -94.52817, 33.61588 ], [ -94.53472, 33.62058 ], [ -94.5354, 33.6236 ], [ -94.53265, 33.62732 ], [ -94.51832, 33.63746 ], [ -94.52163, 33.64061 ], [ -94.52792, 33.64114 ], [ -94.53754, 33.63815 ], [ -94.55317, 33.62747 ], [ -94.56387, 33.62615 ], [ -94.56977, 33.62836 ], [ -94.56803, 33.63751 ], [ -94.55111, 33.64446 ], [ -94.54551, 33.65038 ], [ -94.54471, 33.65587 ], [ -94.54804, 33.66029 ], [ -94.56227, 33.65656 ], [ -94.57986, 33.64438 ], [ -94.59026, 33.64496 ], [ -94.58677, 33.65008 ], [ -94.57656, 33.65865 ], [ -94.5646, 33.66169 ], [ -94.56013, 33.66648 ], [ -94.56346, 33.66916 ], [ -94.57767, 33.66557 ], [ -94.58058, 33.66628 ], [ -94.57906, 33.6707 ], [ -94.58104, 33.67351 ], [ -94.57941, 33.67751 ], [ -94.58798, 33.68615 ], [ -94.59138, 33.68575 ], [ -94.59282, 33.68391 ], [ -94.58982, 33.67574 ], [ -94.59175, 33.67275 ], [ -94.59184, 33.66693 ], [ -94.59579, 33.66375 ], [ -94.60146, 33.66267 ], [ -94.60545, 33.66424 ], [ -94.61133, 33.66996 ], [ -94.61597, 33.68013 ], [ -94.62124, 33.68248 ], [ -94.6285, 33.68042 ], [ -94.63071, 33.67333 ], [ -94.63847, 33.66388 ], [ -94.64571, 33.66183 ], [ -94.64903, 33.66249 ], [ -94.65471, 33.65981 ], [ -94.66162, 33.66035 ], [ -94.66844, 33.66374 ], [ -94.67035, 33.66582 ], [ -94.67055, 33.66919 ], [ -94.66733, 33.67269 ], [ -94.6616, 33.67502 ], [ -94.65165, 33.67034 ], [ -94.64513, 33.67353 ], [ -94.65019, 33.68433 ], [ -94.64528, 33.68583 ], [ -94.63866, 33.69513 ], [ -94.63881, 33.69759 ], [ -94.64156, 33.70027 ], [ -94.64567, 33.70167 ], [ -94.64769, 33.7004 ], [ -94.64841, 33.6969 ], [ -94.64686, 33.69051 ], [ -94.64872, 33.6864 ], [ -94.65119, 33.68573 ], [ -94.65896, 33.69203 ], [ -94.66764, 33.69449 ], [ -94.68458, 33.68424 ], [ -94.69421, 33.68571 ], [ -94.71813, 33.68856 ], [ -94.71422, 33.69708 ], [ -94.70419, 33.69703 ], [ -94.70067, 33.70131 ], [ -94.70581, 33.70618 ], [ -94.72608, 33.71493 ], [ -94.73006, 33.71595 ], [ -94.73471, 33.71467 ], [ -94.73048, 33.70725 ], [ -94.71942, 33.70381 ], [ -94.71681, 33.70067 ], [ -94.71573, 33.69481 ], [ -94.71932, 33.68875 ], [ -94.73562, 33.69151 ], [ -94.74071, 33.70045 ], [ -94.74589, 33.70291 ], [ -94.75299, 33.70602 ], [ -94.75286, 33.71064 ], [ -94.74103, 33.71325 ], [ -94.73592, 33.71597 ], [ -94.73216, 33.72183 ], [ -94.73497, 33.72651 ], [ -94.74188, 33.72658 ], [ -94.74488, 33.7228 ], [ -94.74564, 33.71605 ], [ -94.75109, 33.71344 ], [ -94.75569, 33.71496 ], [ -94.75753, 33.71771 ], [ -94.74756, 33.72497 ], [ -94.75244, 33.73455 ], [ -94.76039, 33.72695 ], [ -94.76848, 33.72688 ], [ -94.78229, 33.73002 ], [ -94.78842, 33.73556 ], [ -94.7766, 33.74633 ], [ -94.76504, 33.74599 ], [ -94.75874, 33.74842 ], [ -94.7572, 33.7542 ], [ -94.76032, 33.75855 ], [ -94.76852, 33.76089 ], [ -94.77198, 33.76025 ], [ -94.77612, 33.75638 ], [ -94.77986, 33.74436 ], [ -94.80322, 33.73263 ], [ -94.81181, 33.73515 ], [ -94.81681, 33.7399 ], [ -94.81198, 33.74762 ], [ -94.81368, 33.75203 ], [ -94.81478, 33.75081 ], [ -94.81662, 33.75411 ], [ -94.81617, 33.76386 ], [ -94.82049, 33.76886 ], [ -94.82508, 33.76842 ], [ -94.82928, 33.764 ], [ -94.83063, 33.75797 ], [ -94.82283, 33.74742 ], [ -94.81987, 33.73472 ], [ -94.82271, 33.73262 ], [ -94.82824, 33.73501 ], [ -94.82772, 33.74095 ], [ -94.84908, 33.73948 ], [ -94.86959, 33.74595 ], [ -94.87445, 33.74906 ], [ -94.87691, 33.75302 ], [ -94.87591, 33.75539 ], [ -94.86673, 33.76175 ], [ -94.86599, 33.76574 ], [ -94.86811, 33.76904 ], [ -94.87219, 33.77068 ], [ -94.87435, 33.76951 ], [ -94.87362, 33.75795 ], [ -94.87579, 33.75685 ], [ -94.90206, 33.77618 ], [ -94.91124, 33.7783 ], [ -94.92174, 33.7915 ], [ -94.9211, 33.7983 ], [ -94.91653, 33.80886 ], [ -94.91427, 33.80841 ], [ -94.91082, 33.81492 ], [ -94.91457, 33.82331 ], [ -94.92087, 33.829 ], [ -94.92585, 33.82843 ], [ -94.92288, 33.81535 ], [ -94.92405, 33.81239 ], [ -94.92307, 33.80863 ], [ -94.94022, 33.80553 ], [ -94.94765, 33.80825 ], [ -94.9533, 33.81637 ], [ -94.94462, 33.82573 ], [ -94.94367, 33.83012 ], [ -94.9522, 33.83483 ], [ -94.96418, 33.83691 ], [ -94.96837, 33.85889 ], [ -94.96416, 33.86173 ], [ -94.95576, 33.86191 ], [ -94.95005, 33.8645 ], [ -94.96337, 33.87399 ], [ -94.94702, 33.8746 ], [ -94.93009, 33.8664 ], [ -94.92682, 33.86386 ], [ -94.92584, 33.85836 ], [ -94.92268, 33.8601 ], [ -94.91892, 33.85593 ], [ -94.91546, 33.85674 ], [ -94.91266, 33.8508 ], [ -94.9072, 33.84943 ], [ -94.90347, 33.8446 ], [ -94.90125, 33.84606 ], [ -94.89807, 33.8448 ], [ -94.89738, 33.84847 ], [ -94.89614, 33.84688 ], [ -94.89255, 33.84652 ], [ -94.89249, 33.84913 ], [ -94.89074, 33.8491 ], [ -94.89104, 33.85224 ], [ -94.88758, 33.85146 ], [ -94.8867, 33.85268 ], [ -94.88848, 33.85529 ], [ -94.88469, 33.85467 ], [ -94.88019, 33.85679 ], [ -94.88107, 33.85954 ], [ -94.87769, 33.86527 ], [ -94.87771, 33.86884 ], [ -94.87897, 33.87285 ], [ -94.88153, 33.87367 ], [ -94.87987, 33.8757 ], [ -94.881, 33.87764 ], [ -94.88671, 33.88261 ], [ -94.88462, 33.88706 ], [ -94.88815, 33.89503 ], [ -94.88527, 33.89931 ], [ -94.88708, 33.90522 ], [ -94.89089, 33.90879 ], [ -94.88886, 33.91715 ], [ -94.893, 33.9275 ], [ -94.89217, 33.92979 ], [ -94.89603, 33.93187 ], [ -94.89602, 33.93405 ], [ -94.8926, 33.93381 ], [ -94.89266, 33.94138 ], [ -94.8889, 33.94184 ], [ -94.88763, 33.94383 ], [ -94.89005, 33.94884 ], [ -94.88755, 33.9499 ], [ -94.88601, 33.94861 ], [ -94.88406, 33.95072 ], [ -94.88914, 33.95155 ], [ -94.88595, 33.9553 ], [ -94.88677, 33.95697 ], [ -94.89348, 33.9542 ], [ -94.90224, 33.95684 ], [ -94.90024, 33.9614 ], [ -94.90716, 33.96728 ], [ -94.9154, 33.96868 ], [ -94.92134, 33.96568 ], [ -94.93302, 33.97663 ], [ -94.93047, 33.97997 ], [ -94.93082, 33.98322 ], [ -94.93332, 33.98368 ], [ -94.93445, 33.98057 ], [ -94.94086, 33.98153 ], [ -94.9441, 33.98682 ], [ -94.94963, 33.98755 ], [ -94.95342, 33.99128 ], [ -94.94361, 33.99431 ], [ -94.94427, 33.99616 ], [ -94.94938, 33.99873 ], [ -94.94757, 34.00194 ], [ -94.93459, 34.00697 ], [ -94.93786, 34.01933 ], [ -94.94357, 34.02114 ], [ -94.94725, 34.02442 ], [ -94.95339, 34.02073 ], [ -94.95893, 34.02059 ], [ -94.95241, 34.02959 ], [ -94.95354, 34.03195 ], [ -94.95785, 34.03276 ], [ -94.96383, 34.02802 ], [ -94.9641, 34.0235 ], [ -94.9658, 34.02198 ], [ -94.98647, 34.02602 ], [ -94.988, 34.03087 ], [ -94.99666, 34.02394 ], [ -94.99877, 34.0256 ], [ -95.00237, 34.02541 ], [ -95.00381, 34.02916 ], [ -95.0, 34.0298 ], [ -94.99908, 34.03211 ], [ -95.0043, 34.03559 ], [ -95.00421, 34.03696 ], [ -95.0, 34.0363 ], [ -94.9967, 34.03835 ], [ -94.99218, 34.04602 ], [ -94.99285, 34.04698 ], [ -94.99841, 34.04291 ], [ -95.00235, 34.04247 ], [ -95.01139, 34.04502 ], [ -95.01934, 34.0452 ], [ -95.02737, 34.04923 ], [ -95.02878, 34.0489 ], [ -95.02859, 34.047 ], [ -95.02585, 34.04539 ], [ -95.02799, 34.04401 ], [ -95.03201, 34.04418 ], [ -95.03496, 34.04726 ], [ -95.04084, 34.04806 ], [ -95.0426, 34.05162 ], [ -95.04188, 34.05777 ], [ -95.04499, 34.06623 ], [ -95.05319, 34.07783 ], [ -95.05707, 34.08031 ], [ -95.06211, 34.07992 ], [ -95.06348, 34.08325 ], [ -95.06329, 34.09237 ], [ -95.07432, 34.10235 ], [ -95.07836, 34.11183 ], [ -95.05625, 34.11701 ], [ -95.05188, 34.11962 ], [ -95.04808, 34.11919 ], [ -95.04753, 34.1215 ], [ -95.04298, 34.1221 ], [ -95.03997, 34.1373 ], [ -95.03466, 34.15053 ], [ -95.03391, 34.15926 ], [ -95.03506, 34.16278 ], [ -95.03278, 34.16606 ], [ -95.02927, 34.18692 ], [ -95.03131, 34.20128 ], [ -95.02642, 34.2103 ], [ -95.02446, 34.22289 ], [ -95.02457, 34.22559 ], [ -95.02926, 34.23003 ], [ -95.02399, 34.23397 ], [ -95.02606, 34.23805 ], [ -95.02586, 34.24412 ], [ -95.02161, 34.2476 ], [ -95.02574, 34.25047 ], [ -95.02574, 34.25469 ], [ -95.02927, 34.259 ], [ -95.0296, 34.26193 ], [ -95.03779, 34.26757 ], [ -95.0243, 34.27029 ], [ -95.02317, 34.27207 ], [ -95.02633, 34.27535 ], [ -95.03393, 34.2729 ], [ -95.04622, 34.27253 ], [ -95.04613, 34.29733 ], [ -95.0465, 34.48329 ], [ -95.04651, 34.50713 ], [ -95.02367, 34.50708 ], [ -94.96676, 34.50701 ], [ -94.93737, 34.50679 ], [ -94.69686, 34.50714 ], [ -94.69854, 34.5043 ], [ -94.69046, 34.50038 ], [ -94.68275, 34.49193 ], [ -94.68405, 34.48918 ], [ -94.68283, 34.48581 ], [ -94.68731, 34.47883 ], [ -94.68076, 34.46827 ], [ -94.67838, 34.46674 ], [ -94.67769, 34.45849 ], [ -94.68241, 34.45158 ], [ -94.67741, 34.44984 ], [ -94.66436, 34.4513 ], [ -94.66091, 34.44983 ], [ -94.65607, 34.44184 ], [ -94.66011, 34.43729 ], [ -94.66412, 34.42565 ], [ -94.66794, 34.42261 ], [ -94.66487, 34.41521 ], [ -94.667, 34.40873 ], [ -94.67374, 34.40193 ], [ -94.67783, 34.40186 ], [ -94.68134, 34.40507 ], [ -94.68405, 34.40452 ], [ -94.68689, 34.39492 ], [ -94.69587, 34.38693 ], [ -94.69637, 34.375 ], [ -94.6943, 34.3691 ], [ -94.68607, 34.36203 ], [ -94.68386, 34.35497 ], [ -94.67516, 34.35346 ], [ -94.67381, 34.35191 ], [ -94.67069, 34.35241 ], [ -94.67325, 34.35117 ], [ -94.68264, 34.33828 ], [ -94.67682, 34.33819 ], [ -94.68355, 34.33668 ], [ -94.68286, 34.33562 ], [ -94.68637, 34.3321 ], [ -94.68711, 34.3266 ], [ -94.6848, 34.32722 ], [ -94.68659, 34.32548 ], [ -94.68607, 34.32378 ], [ -94.68021, 34.31989 ], [ -94.68507, 34.3212 ], [ -94.68463, 34.31595 ], [ -94.68223, 34.31522 ], [ -94.68515, 34.31483 ], [ -94.6867, 34.31217 ], [ -94.69186, 34.30917 ], [ -94.69249, 34.30336 ], [ -94.69136, 34.30251 ], [ -94.68847, 34.30425 ], [ -94.69062, 34.30118 ], [ -94.68786, 34.30166 ], [ -94.68929, 34.3001 ], [ -94.68546, 34.29596 ], [ -94.67991, 34.29621 ], [ -94.68438, 34.29582 ], [ -94.68055, 34.28831 ], [ -94.67793, 34.28817 ], [ -94.68013, 34.28673 ], [ -94.68013, 34.28387 ], [ -94.67017, 34.28384 ], [ -94.6683, 34.28171 ], [ -94.66496, 34.28167 ], [ -94.6654, 34.28355 ], [ -94.66397, 34.2829 ], [ -94.66388, 34.28437 ], [ -94.66275, 34.28286 ], [ -94.65707, 34.28549 ], [ -94.65467, 34.28986 ], [ -94.65621, 34.28501 ], [ -94.66074, 34.28274 ], [ -94.6579, 34.28006 ], [ -94.65622, 34.28205 ], [ -94.656, 34.27935 ], [ -94.65812, 34.27846 ], [ -94.66284, 34.2808 ], [ -94.66811, 34.27942 ], [ -94.67815, 34.28121 ], [ -94.68074, 34.27709 ], [ -94.66753, 34.27423 ], [ -94.68047, 34.27539 ], [ -94.69034, 34.27242 ], [ -94.68753, 34.2718 ], [ -94.69263, 34.27146 ], [ -94.69561, 34.26454 ], [ -94.69445, 34.26213 ], [ -94.69296, 34.26337 ], [ -94.69097, 34.26122 ], [ -94.69051, 34.26314 ], [ -94.69238, 34.26518 ], [ -94.68863, 34.26612 ], [ -94.68427, 34.26438 ], [ -94.683, 34.26765 ], [ -94.68212, 34.26463 ], [ -94.67396, 34.26566 ], [ -94.67205, 34.26894 ], [ -94.67247, 34.26548 ], [ -94.66797, 34.26161 ], [ -94.66615, 34.26131 ], [ -94.66554, 34.26277 ], [ -94.66116, 34.25973 ], [ -94.65956, 34.26328 ], [ -94.65945, 34.2595 ], [ -94.64905, 34.26043 ], [ -94.65622, 34.25977 ], [ -94.65826, 34.25789 ], [ -94.66629, 34.25872 ], [ -94.66993, 34.25609 ], [ -94.67765, 34.25444 ], [ -94.67878, 34.25062 ], [ -94.67332, 34.2543 ], [ -94.66919, 34.25506 ], [ -94.66213, 34.25359 ], [ -94.66191, 34.25082 ], [ -94.6586, 34.25086 ], [ -94.66164, 34.24926 ], [ -94.65811, 34.24731 ], [ -94.65684, 34.24903 ], [ -94.65623, 34.24708 ], [ -94.65212, 34.2474 ], [ -94.654, 34.24662 ], [ -94.65146, 34.24582 ], [ -94.6554, 34.24591 ], [ -94.65541, 34.24481 ], [ -94.66122, 34.24568 ], [ -94.66657, 34.23872 ], [ -94.66442, 34.23762 ], [ -94.66349, 34.23973 ], [ -94.6636, 34.23645 ], [ -94.66026, 34.23838 ], [ -94.66062, 34.24019 ], [ -94.65896, 34.23941 ], [ -94.65822, 34.24211 ], [ -94.65745, 34.24076 ], [ -94.65571, 34.24193 ], [ -94.65546, 34.23989 ], [ -94.65345, 34.2433 ], [ -94.6535, 34.23996 ], [ -94.64997, 34.24238 ], [ -94.65088, 34.24332 ], [ -94.64768, 34.24289 ], [ -94.65039, 34.24545 ], [ -94.64939, 34.24644 ], [ -94.64683, 34.24424 ], [ -94.64537, 34.24506 ], [ -94.64622, 34.24621 ], [ -94.64404, 34.24657 ], [ -94.64385, 34.24222 ], [ -94.64032, 34.24394 ], [ -94.64134, 34.24146 ], [ -94.63949, 34.2427 ], [ -94.63845, 34.23988 ], [ -94.63346, 34.24307 ], [ -94.63569, 34.23954 ], [ -94.6336, 34.23858 ], [ -94.63158, 34.23977 ], [ -94.63211, 34.23816 ], [ -94.62538, 34.24453 ], [ -94.62176, 34.24464 ], [ -94.63012, 34.23745 ], [ -94.62292, 34.23624 ], [ -94.61412, 34.23173 ], [ -94.61651, 34.23079 ], [ -94.62891, 34.23553 ], [ -94.63365, 34.23555 ], [ -94.63379, 34.23397 ], [ -94.63539, 34.23381 ], [ -94.63514, 34.23606 ], [ -94.63746, 34.23574 ], [ -94.63831, 34.23718 ], [ -94.64005, 34.23668 ], [ -94.63798, 34.23404 ], [ -94.64215, 34.23574 ], [ -94.64286, 34.23478 ], [ -94.64402, 34.23531 ], [ -94.64248, 34.23695 ], [ -94.64884, 34.23899 ], [ -94.6532, 34.23636 ], [ -94.64636, 34.23533 ], [ -94.64995, 34.23396 ], [ -94.65141, 34.23506 ], [ -94.6526, 34.23265 ], [ -94.65329, 34.23425 ], [ -94.65447, 34.23332 ], [ -94.65698, 34.23467 ], [ -94.65629, 34.23219 ], [ -94.65866, 34.23384 ], [ -94.65943, 34.23185 ], [ -94.65762, 34.23057 ], [ -94.66007, 34.23023 ], [ -94.66079, 34.22773 ], [ -94.66255, 34.2297 ], [ -94.66062, 34.23048 ], [ -94.66076, 34.23199 ], [ -94.66859, 34.23348 ], [ -94.66977, 34.2321 ], [ -94.66727, 34.22975 ], [ -94.67063, 34.23107 ], [ -94.67311, 34.22714 ], [ -94.66539, 34.22489 ], [ -94.66379, 34.22649 ], [ -94.66233, 34.22565 ], [ -94.66465, 34.22356 ], [ -94.66178, 34.22223 ], [ -94.6577, 34.22338 ], [ -94.66057, 34.22173 ], [ -94.65759, 34.221 ], [ -94.66473, 34.22184 ], [ -94.66856, 34.22457 ], [ -94.6722, 34.22503 ], [ -94.67347, 34.22251 ], [ -94.67129, 34.22235 ], [ -94.67171, 34.22068 ], [ -94.66942, 34.21923 ], [ -94.67449, 34.22006 ], [ -94.67512, 34.2158 ], [ -94.67179, 34.2169 ], [ -94.67523, 34.21328 ], [ -94.67518, 34.21131 ], [ -94.67317, 34.21202 ], [ -94.67477, 34.20957 ], [ -94.66851, 34.21259 ], [ -94.6684, 34.21566 ], [ -94.66633, 34.2163 ], [ -94.66597, 34.21367 ], [ -94.66484, 34.21495 ], [ -94.66333, 34.21337 ], [ -94.66338, 34.21561 ], [ -94.65983, 34.21419 ], [ -94.662, 34.21261 ], [ -94.65936, 34.21195 ], [ -94.65732, 34.20833 ], [ -94.65451, 34.20957 ], [ -94.65575, 34.21312 ], [ -94.65373, 34.21138 ], [ -94.64739, 34.21715 ], [ -94.64097, 34.21538 ], [ -94.64637, 34.21428 ], [ -94.648, 34.21025 ], [ -94.64596, 34.20707 ], [ -94.64872, 34.20663 ], [ -94.64751, 34.20439 ], [ -94.65027, 34.20141 ], [ -94.65134, 34.2043 ], [ -94.65338, 34.20478 ], [ -94.655, 34.20403 ], [ -94.65487, 34.20183 ], [ -94.65688, 34.20439 ], [ -94.66595, 34.20279 ], [ -94.6676, 34.1994 ], [ -94.66576, 34.19968 ], [ -94.66656, 34.19471 ], [ -94.67675, 34.19572 ], [ -94.68069, 34.19328 ], [ -94.68083, 34.15211 ], [ -94.68441, 34.1468 ] ] ] } },
{ "type": "Feature", "properties": { "HSA93": 37048, "HSANAME": "OK- KINGFISHER", "STATE": 37, "HRR93": 339, "HRR93_NAME": "OK- OKLAHOMA CITY", "Persons90": 7095, "hosp_cnt": 1, "HSA_label": "Kingfisher" }, "geometry": { "type": "Polygon", "coordinates": [ [ [ -98.20652, 35.87004 ], [ -98.20647, 35.89859 ], [ -98.20965, 35.89863 ], [ -98.20952, 35.94205 ], [ -98.20982, 36.00031 ], [ -98.20999, 36.14697 ], [ -98.20269, 36.14529 ], [ -98.18809, 36.13597 ], [ -98.17274, 36.12976 ], [ -98.17113, 36.12647 ], [ -98.17282, 36.12274 ], [ -98.17209, 36.12075 ], [ -98.15654, 36.11355 ], [ -98.15305, 36.10616 ], [ -98.15559, 36.09251 ], [ -98.15097, 36.08559 ], [ -98.15244, 36.07712 ], [ -98.14779, 36.07085 ], [ -98.14085, 36.06603 ], [ -98.1382, 36.06072 ], [ -98.13217, 36.05609 ], [ -98.11517, 36.05092 ], [ -98.10206, 36.0495 ], [ -98.09808, 36.04648 ], [ -98.09732, 36.04403 ], [ -98.09912, 36.03904 ], [ -98.09659, 36.03684 ], [ -98.089, 36.03597 ], [ -98.07826, 36.0387 ], [ -98.07474, 36.03483 ], [ -98.07383, 36.02968 ], [ -98.07132, 36.02847 ], [ -98.06464, 36.02872 ], [ -98.05867, 36.0374 ], [ -98.05416, 36.0374 ], [ -98.05153, 36.03428 ], [ -98.05345, 36.02542 ], [ -98.05038, 36.02144 ], [ -98.04249, 36.02038 ], [ -98.02921, 36.02246 ], [ -98.01774, 36.02069 ], [ -98.00943, 36.02158 ], [ -98.00636, 36.01897 ], [ -98.00531, 36.01574 ], [ -98.01276, 36.00427 ], [ -98.01017, 35.99967 ], [ -97.99906, 35.99622 ], [ -97.99073, 36.00048 ], [ -97.98574, 35.99826 ], [ -97.98182, 35.9913 ], [ -97.98539, 35.97857 ], [ -97.98386, 35.97691 ], [ -97.96079, 35.97719 ], [ -97.96109, 36.01521 ], [ -97.85385, 36.01479 ], [ -97.85345, 35.95608 ], [ -97.91376, 35.95657 ], [ -97.91407, 35.95168 ], [ -97.89523, 35.93492 ], [ -97.87952, 35.93147 ], [ -97.86666, 35.92453 ], [ -97.85547, 35.92461 ], [ -97.83811, 35.9289 ], [ -97.82868, 35.93608 ], [ -97.82294, 35.93784 ], [ -97.8185, 35.93782 ], [ -97.81051, 35.93363 ], [ -97.80574, 35.93322 ], [ -97.79666, 35.93651 ], [ -97.79144, 35.94081 ], [ -97.7713, 35.93648 ], [ -97.76759, 35.93171 ], [ -97.76838, 35.92664 ], [ -97.77367, 35.92451 ], [ -97.78267, 35.92629 ], [ -97.7862, 35.92517 ], [ -97.7882, 35.92095 ], [ -97.7838, 35.91627 ], [ -97.77901, 35.91488 ], [ -97.76053, 35.91589 ], [ -97.73997, 35.91975 ], [ -97.73627, 35.917 ], [ -97.73018, 35.9075 ], [ -97.7264, 35.90754 ], [ -97.72103, 35.91199 ], [ -97.71688, 35.91024 ], [ -97.71316, 35.90538 ], [ -97.71268, 35.89811 ], [ -97.72757, 35.89794 ], [ -97.7273, 35.85641 ], [ -97.78063, 35.85616 ], [ -97.78045, 35.82721 ], [ -97.83362, 35.82731 ], [ -97.83375, 35.81286 ], [ -97.89632, 35.81292 ], [ -97.89641, 35.7984 ], [ -98.20664, 35.79756 ], [ -98.20654, 35.82655 ], [ -98.20652, 35.87004 ] ] ] } },
{ "type": "Feature", "properties": { "HSA93": 37049, "HSANAME": "OK- LAWTON", "STATE": 37, "HRR93": 336, "HRR93_NAME": "OK- LAWTON", "Persons90": 123044, "hosp_cnt": 3, "HSA_label": "Lawton" }, "geometry": { "type": "Polygon", "coordinates": [ [ [ -98.14156, 34.62291 ], [ -98.14169, 34.59391 ], [ -98.14182, 34.50696 ], [ -98.13892, 34.50694 ], [ -98.13864, 34.41999 ], [ -98.13878, 34.3333 ], [ -98.13863, 34.28969 ], [ -98.13887, 34.24633 ], [ -98.13891, 34.18819 ], [ -98.13875, 34.14178 ], [ -98.15404, 34.12264 ], [ -98.1688, 34.11408 ], [ -98.20339, 34.11758 ], [ -98.2089, 34.1209 ], [ -98.21614, 34.12173 ], [ -98.22328, 34.125 ], [ -98.22524, 34.12919 ], [ -98.23215, 34.13455 ], [ -98.23882, 34.13445 ], [ -98.25295, 34.12964 ], [ -98.26734, 34.13176 ], [ -98.26915, 34.13567 ], [ -98.26406, 34.14471 ], [ -98.26416, 34.15126 ], [ -98.27175, 34.14781 ], [ -98.27926, 34.1513 ], [ -98.2811, 34.15704 ], [ -98.27736, 34.15887 ], [ -98.27653, 34.16138 ], [ -98.28176, 34.16363 ], [ -98.28352, 34.16679 ], [ -98.28242, 34.1697 ], [ -98.27701, 34.17113 ], [ -98.27678, 34.17507 ], [ -98.27849, 34.17702 ], [ -98.28333, 34.17739 ], [ -98.28738, 34.17996 ], [ -98.28928, 34.18551 ], [ -98.28356, 34.18935 ], [ -98.28543, 34.19127 ], [ -98.28885, 34.19139 ], [ -98.28935, 34.19514 ], [ -98.29701, 34.19613 ], [ -98.30001, 34.1981 ], [ -98.30194, 34.20094 ], [ -98.30031, 34.20463 ], [ -98.30338, 34.20353 ], [ -98.30685, 34.20628 ], [ -98.30734, 34.20415 ], [ -98.31256, 34.20254 ], [ -98.31294, 34.19984 ], [ -98.3152, 34.20121 ], [ -98.31217, 34.20438 ], [ -98.31393, 34.20538 ], [ -98.31832, 34.20009 ], [ -98.32174, 34.20619 ], [ -98.32254, 34.2033 ], [ -98.32612, 34.20341 ], [ -98.32642, 34.20625 ], [ -98.33111, 34.21017 ], [ -98.33194, 34.20738 ], [ -98.33461, 34.21008 ], [ -98.33902, 34.20985 ], [ -98.33665, 34.20861 ], [ -98.33911, 34.2063 ], [ -98.34153, 34.21019 ], [ -98.34261, 34.20843 ], [ -98.34851, 34.20756 ], [ -98.35047, 34.20939 ], [ -98.34994, 34.21175 ], [ -98.35292, 34.21239 ], [ -98.35276, 34.21447 ], [ -98.35485, 34.21479 ], [ -98.35518, 34.21656 ], [ -98.35739, 34.2136 ], [ -98.3613, 34.21415 ], [ -98.36494, 34.21683 ], [ -98.36473, 34.21921 ], [ -98.37005, 34.22076 ], [ -98.36922, 34.21756 ], [ -98.37222, 34.21323 ], [ -98.37272, 34.2168 ], [ -98.37858, 34.21508 ], [ -98.38086, 34.21863 ], [ -98.38428, 34.21893 ], [ -98.38265, 34.22104 ], [ -98.38384, 34.22198 ], [ -98.3829, 34.22454 ], [ -98.38632, 34.22379 ], [ -98.38927, 34.2254 ], [ -98.38929, 34.23229 ], [ -98.38673, 34.23506 ], [ -98.38672, 34.23928 ], [ -98.38156, 34.24477 ], [ -98.38313, 34.24541 ], [ -98.38261, 34.24741 ], [ -98.38429, 34.24929 ], [ -98.38324, 34.25212 ], [ -98.3865, 34.25352 ], [ -98.38746, 34.25723 ], [ -98.38618, 34.26628 ], [ -98.39071, 34.26985 ], [ -98.38762, 34.27522 ], [ -98.43485, 34.27529 ], [ -98.43499, 34.26416 ], [ -98.43678, 34.26095 ], [ -98.47005, 34.26077 ], [ -98.46979, 34.28979 ], [ -98.52221, 34.28974 ], [ -98.55706, 34.28961 ], [ -98.55709, 34.30402 ], [ -98.60915, 34.3044 ], [ -98.60982, 34.15701 ], [ -98.61901, 34.15658 ], [ -98.64289, 34.16444 ], [ -98.64774, 34.16435 ], [ -98.67058, 34.14928 ], [ -98.67629, 34.14282 ], [ -98.68053, 34.14058 ], [ -98.69026, 34.13288 ], [ -98.70271, 34.13581 ], [ -98.71213, 34.13107 ], [ -98.7172, 34.13636 ], [ -98.72329, 34.1351 ], [ -98.73395, 34.13567 ], [ -98.74025, 34.1262 ], [ -98.75311, 34.12452 ], [ -98.75711, 34.12462 ], [ -98.75931, 34.12682 ], [ -98.76022, 34.1323 ], [ -98.76402, 34.13555 ], [ -98.77773, 34.1394 ], [ -98.78806, 34.14658 ], [ -98.79167, 34.14365 ], [ -98.79586, 34.14268 ], [ -98.80407, 34.15384 ], [ -98.81132, 34.15797 ], [ -98.83077, 34.16206 ], [ -98.83584, 34.15667 ], [ -98.83612, 34.27579 ], [ -98.83603, 34.33373 ], [ -98.95782, 34.33407 ], [ -98.95787, 34.39193 ], [ -98.81836, 34.3915 ], [ -98.8183, 34.40602 ], [ -98.83583, 34.4062 ], [ -98.8356, 34.50717 ], [ -98.82572, 34.50717 ], [ -98.82585, 34.59415 ], [ -99.00054, 34.59427 ], [ -99.00067, 34.63775 ], [ -99.1028, 34.63792 ], [ -99.09634, 34.64685 ], [ -99.09496, 34.66884 ], [ -99.09344, 34.67127 ], [ -99.08543, 34.67579 ], [ -99.07872, 34.67318 ], [ -99.04365, 34.67689 ], [ -99.04154, 34.67945 ], [ -99.04423, 34.68112 ], [ -99.04401, 34.68259 ], [ -99.03688, 34.68662 ], [ -99.03693, 34.69013 ], [ -99.03513, 34.69726 ], [ -99.03524, 34.68112 ], [ -99.00095, 34.681 ], [ -98.98558, 34.6881 ], [ -98.98145, 34.6813 ], [ -98.87864, 34.68136 ], [ -98.86871, 34.68551 ], [ -98.8659, 34.68178 ], [ -98.82592, 34.68138 ], [ -98.81311, 34.68139 ], [ -98.80352, 34.68658 ], [ -98.8008, 34.68578 ], [ -98.79808, 34.689 ], [ -98.79922, 34.6934 ], [ -98.79786, 34.6967 ], [ -98.79065, 34.69601 ], [ -98.79068, 34.68138 ], [ -98.7558, 34.68155 ], [ -98.75574, 34.63796 ], [ -98.6852, 34.63797 ], [ -98.64995, 34.63744 ], [ -98.64997, 34.64536 ], [ -98.61436, 34.64489 ], [ -98.61441, 34.63797 ], [ -98.52714, 34.63785 ], [ -98.43808, 34.63806 ], [ -98.4383, 34.6429 ], [ -98.4421, 34.6482 ], [ -98.4395, 34.6491 ], [ -98.43994, 34.65282 ], [ -98.44538, 34.6532 ], [ -98.44645, 34.6567 ], [ -98.44659, 34.6869 ], [ -98.44512, 34.69414 ], [ -98.44954, 34.70438 ], [ -98.44298, 34.70413 ], [ -98.43757, 34.70144 ], [ -98.41053, 34.70165 ], [ -98.40374, 34.69264 ], [ -98.39429, 34.69125 ], [ -98.39338, 34.68832 ], [ -98.38902, 34.68443 ], [ -98.38197, 34.68618 ], [ -98.37862, 34.68973 ], [ -98.37549, 34.68315 ], [ -98.3719, 34.68166 ], [ -98.3727, 34.67066 ], [ -98.36854, 34.67021 ], [ -98.36278, 34.66458 ], [ -98.36104, 34.65443 ], [ -98.35834, 34.65034 ], [ -98.34858, 34.64686 ], [ -98.3519, 34.6394 ], [ -98.35171, 34.63752 ], [ -98.28227, 34.63742 ], [ -98.2825, 34.68083 ], [ -98.28236, 34.76785 ], [ -98.35161, 34.76775 ], [ -98.35197, 34.7256 ], [ -98.37022, 34.71434 ], [ -98.37821, 34.70282 ], [ -98.39248, 34.70512 ], [ -98.39485, 34.71074 ], [ -98.39888, 34.71125 ], [ -98.40771, 34.71755 ], [ -98.42717, 34.7245 ], [ -98.4824, 34.7248 ], [ -98.48349, 34.72467 ], [ -98.48352, 34.71749 ], [ -98.49229, 34.71744 ], [ -98.49229, 34.72459 ], [ -98.49565, 34.72485 ], [ -98.5979, 34.72462 ], [ -98.58162, 34.73841 ], [ -98.58306, 34.74336 ], [ -98.58123, 34.74505 ], [ -98.58195, 34.74771 ], [ -98.58009, 34.75072 ], [ -98.58074, 34.7791 ], [ -98.5791, 34.78267 ], [ -98.58013, 34.79692 ], [ -98.59707, 34.7969 ], [ -98.59535, 34.79907 ], [ -98.59735, 34.80358 ], [ -98.60554, 34.80694 ], [ -98.60615, 34.80923 ], [ -98.60293, 34.80814 ], [ -98.60302, 34.81269 ], [ -98.60132, 34.81366 ], [ -98.60413, 34.81975 ], [ -98.60388, 34.82344 ], [ -98.60194, 34.82488 ], [ -98.60822, 34.83024 ], [ -98.60664, 34.83212 ], [ -98.60992, 34.83654 ], [ -98.61009, 34.83885 ], [ -98.608, 34.84038 ], [ -98.61006, 34.84196 ], [ -98.60879, 34.84943 ], [ -98.61223, 34.85113 ], [ -98.61003, 34.85489 ], [ -98.54504, 34.85504 ], [ -98.54916, 34.86463 ], [ -98.55032, 34.89762 ], [ -98.49671, 34.89813 ], [ -98.49735, 34.97087 ], [ -98.44432, 34.97098 ], [ -98.44457, 35.01462 ], [ -98.374, 35.01463 ], [ -98.35501, 35.01455 ], [ -98.35637, 35.01159 ], [ -98.35638, 34.97097 ], [ -98.28629, 34.97084 ], [ -98.28624, 34.95643 ], [ -98.27812, 34.95641 ], [ -98.27651, 34.95277 ], [ -98.26874, 34.95281 ], [ -98.26856, 34.94197 ], [ -98.26835, 34.85493 ], [ -98.26751, 34.85494 ], [ -98.18008, 34.85483 ], [ -98.09232, 34.85485 ], [ -98.08924, 34.85486 ], [ -98.08869, 34.83474 ], [ -98.08876, 34.68103 ], [ -98.14125, 34.68103 ], [ -98.14156, 34.62291 ] ] ] } },
{ "type": "Feature", "properties": { "HSA93": 37050, "HSANAME": "OK- LINDSAY", "STATE": 37, "HRR93": 339, "HRR93_NAME": "OK- OKLAHOMA CITY", "Persons90": 5597, "hosp_cnt": 1, "HSA_label": "Lindsay" }, "geometry": { "type": "Polygon", "coordinates": [ [ [ -97.63289, 34.68114 ], [ -97.66812, 34.68126 ], [ -97.66773, 34.81203 ], [ -97.66769, 34.85507 ], [ -97.67053, 34.85515 ], [ -97.67008, 34.91745 ], [ -97.67009, 34.92771 ], [ -97.55455, 34.92792 ], [ -97.54791, 34.91484 ], [ -97.54088, 34.90599 ], [ -97.53507, 34.89792 ], [ -97.53118, 34.88651 ], [ -97.51674, 34.875 ], [ -97.51543, 34.86619 ], [ -97.4959, 34.85513 ], [ -97.4572, 34.8552 ], [ -97.45714, 34.7245 ], [ -97.52744, 34.72456 ], [ -97.52651, 34.70927 ], [ -97.52792, 34.70732 ], [ -97.52623, 34.6993 ], [ -97.52777, 34.68098 ], [ -97.56245, 34.68107 ], [ -97.63289, 34.68114 ] ] ] } },
{ "type": "Feature", "properties": { "HSA93": 37051, "HSANAME": "OK- MADILL", "STATE": 37, "HRR93": 339, "HRR93_NAME": "OK- OKLAHOMA CITY", "Persons90": 10829, "hosp_cnt": 1, "HSA_label": "Madill" }, "geometry": { "type": "Polygon", "coordinates": [ [ [ -96.90215, 33.94192 ], [ -96.90973, 33.95268 ], [ -96.92045, 33.95942 ], [ -96.93456, 33.95435 ], [ -96.93451, 34.01284 ], [ -96.96944, 34.01291 ], [ -96.96972, 34.07073 ], [ -96.9678, 34.07074 ], [ -96.96813, 34.17252 ], [ -96.93339, 34.17246 ], [ -96.75227, 34.17245 ], [ -96.66969, 34.17216 ], [ -96.66747, 34.16666 ], [ -96.6652, 34.16871 ], [ -96.66301, 34.16779 ], [ -96.65587, 34.1611 ], [ -96.64917, 34.16269 ], [ -96.6431, 34.16797 ], [ -96.63832, 34.16801 ], [ -96.63651, 34.16439 ], [ -96.63999, 34.16296 ], [ -96.64088, 34.1583 ], [ -96.62854, 34.15364 ], [ -96.625, 34.16043 ], [ -96.6217, 34.16215 ], [ -96.61941, 34.16081 ], [ -96.6199, 34.15526 ], [ -96.62129, 34.15338 ], [ -96.62024, 34.15058 ], [ -96.61773, 34.15139 ], [ -96.61453, 34.14997 ], [ -96.61238, 34.1461 ], [ -96.6095, 34.14679 ], [ -96.60737, 34.14551 ], [ -96.60893, 34.14414 ], [ -96.61251, 34.14431 ], [ -96.61305, 34.1429 ], [ -96.61352, 34.14189 ], [ -96.61036, 34.13967 ], [ -96.60655, 34.13978 ], [ -96.6047, 34.14446 ], [ -96.60272, 34.14554 ], [ -96.59841, 34.1403 ], [ -96.60055, 34.13787 ], [ -96.59988, 34.13463 ], [ -96.58983, 34.12694 ], [ -96.58731, 34.12462 ], [ -96.58207, 34.12419 ], [ -96.58197, 34.11848 ], [ -96.58683, 34.11774 ], [ -96.58508, 34.11436 ], [ -96.58417, 34.11163 ], [ -96.57906, 34.10997 ], [ -96.57885, 34.1079 ], [ -96.5817, 34.10598 ], [ -96.58112, 34.10471 ], [ -96.56526, 34.08929 ], [ -96.56837, 34.08466 ], [ -96.56315, 34.08147 ], [ -96.55562, 34.08108 ], [ -96.55672, 34.07799 ], [ -96.56256, 34.07929 ], [ -96.56401, 34.07706 ], [ -96.56007, 34.07334 ], [ -96.55562, 34.07377 ], [ -96.55048, 34.07165 ], [ -96.54724, 34.06425 ], [ -96.55523, 34.05689 ], [ -96.55774, 34.05037 ], [ -96.5681, 34.0476 ], [ -96.57057, 34.04277 ], [ -96.57612, 34.0429 ], [ -96.57104, 34.04821 ], [ -96.57194, 34.05021 ], [ -96.57797, 34.04792 ], [ -96.5783, 34.04493 ], [ -96.57406, 34.03686 ], [ -96.57609, 34.03371 ], [ -96.57971, 34.03378 ], [ -96.57972, 34.0311 ], [ -96.57785, 34.02956 ], [ -96.57284, 34.03008 ], [ -96.57402, 34.02668 ], [ -96.57935, 34.0218 ], [ -96.57762, 34.02018 ], [ -96.57338, 34.02089 ], [ -96.57383, 34.01658 ], [ -96.57802, 34.00957 ], [ -96.58268, 34.00678 ], [ -96.58975, 34.01121 ], [ -96.59081, 34.01545 ], [ -96.59315, 34.01663 ], [ -96.60291, 34.01345 ], [ -96.60402, 34.00777 ], [ -96.61672, 34.01011 ], [ -96.62067, 34.00543 ], [ -96.62412, 34.01003 ], [ -96.62396, 34.00381 ], [ -96.62104, 34.00097 ], [ -96.61346, 33.99612 ], [ -96.6131, 33.9923 ], [ -96.61583, 33.99182 ], [ -96.61536, 33.99063 ], [ -96.6086, 33.98741 ], [ -96.60282, 33.98832 ], [ -96.60371, 33.98525 ], [ -96.60696, 33.98389 ], [ -96.60652, 33.98184 ], [ -96.6001, 33.97933 ], [ -96.59801, 33.97481 ], [ -96.59339, 33.974 ], [ -96.59337, 33.97092 ], [ -96.58871, 33.97007 ], [ -96.58531, 33.97462 ], [ -96.58493, 33.96726 ], [ -96.57592, 33.96379 ], [ -96.57609, 33.96071 ], [ -96.57928, 33.95656 ], [ -96.58511, 33.95479 ], [ -96.58455, 33.94977 ], [ -96.58763, 33.94791 ], [ -96.59198, 33.95141 ], [ -96.59626, 33.94503 ], [ -96.59096, 33.93874 ], [ -96.59066, 33.93585 ], [ -96.59289, 33.93286 ], [ -96.58927, 33.92779 ], [ -96.58076, 33.92492 ], [ -96.58032, 33.92321 ], [ -96.5829, 33.91902 ], [ -96.59064, 33.91913 ], [ -96.58667, 33.91557 ], [ -96.58068, 33.91533 ], [ -96.58226, 33.9082 ], [ -96.59084, 33.90313 ], [ -96.58701, 33.8974 ], [ -96.58823, 33.89488 ], [ -96.62802, 33.89438 ], [ -96.65793, 33.91574 ], [ -96.66691, 33.91684 ], [ -96.67317, 33.91218 ], [ -96.68067, 33.8961 ], [ -96.68319, 33.88412 ], [ -96.68193, 33.87378 ], [ -96.68445, 33.8628 ], [ -96.69043, 33.84986 ], [ -96.69799, 33.84044 ], [ -96.70418, 33.83492 ], [ -96.71053, 33.83202 ], [ -96.74576, 33.8256 ], [ -96.76131, 33.8243 ], [ -96.7691, 33.82737 ], [ -96.77649, 33.84187 ], [ -96.78029, 33.86 ], [ -96.78656, 33.86514 ], [ -96.79811, 33.86962 ], [ -96.83188, 33.87473 ], [ -96.8395, 33.86829 ], [ -96.84131, 33.85279 ], [ -96.84562, 33.84887 ], [ -96.85031, 33.84711 ], [ -96.85581, 33.84739 ], [ -96.86616, 33.85305 ], [ -96.88273, 33.86792 ], [ -96.89545, 33.89631 ], [ -96.89799, 33.9257 ], [ -96.90215, 33.94192 ] ] ] } },
{ "type": "Feature", "properties": { "HSA93": 37052, "HSANAME": "OK- MANGUM", "STATE": 37, "HRR93": 339, "HRR93_NAME": "OK- OKLAHOMA CITY", "Persons90": 4537, "hosp_cnt": 1, "HSA_label": "Mangum" }, "geometry": { "type": "Polygon", "coordinates": [ [ [ -99.72287, 34.85692 ], [ -99.72151, 34.84914 ], [ -99.725, 34.84302 ], [ -99.73731, 34.83653 ], [ -99.74095, 34.83662 ], [ -99.75922, 34.84794 ], [ -99.77016, 34.84941 ], [ -99.77344, 34.84785 ], [ -99.77811, 34.84213 ], [ -99.78414, 34.84282 ], [ -99.79556, 34.83597 ], [ -99.80997, 34.83517 ], [ -99.82094, 34.82532 ], [ -99.82678, 34.82223 ], [ -99.84408, 34.81883 ], [ -99.85541, 34.82073 ], [ -99.86644, 34.82572 ], [ -99.868, 34.83177 ], [ -99.86486, 34.83898 ], [ -99.87292, 34.84741 ], [ -99.88477, 34.85039 ], [ -99.89944, 34.84865 ], [ -99.90355, 34.8495 ], [ -99.90522, 34.85376 ], [ -99.90383, 34.85805 ], [ -99.90519, 34.86551 ], [ -99.90324, 34.86982 ], [ -99.90371, 34.87318 ], [ -99.90154, 34.87602 ], [ -99.90195, 34.87867 ], [ -99.89945, 34.87982 ], [ -99.89809, 34.88289 ], [ -99.90603, 34.9103 ], [ -99.90467, 34.91485 ], [ -99.88847, 34.91486 ], [ -99.88701, 34.91973 ], [ -99.88778, 34.92257 ], [ -99.88564, 34.92729 ], [ -99.8865, 34.93709 ], [ -99.8895, 34.94083 ], [ -99.89007, 34.95201 ], [ -99.88806, 34.95369 ], [ -99.88811, 35.01773 ], [ -99.88819, 35.03021 ], [ -99.78257, 35.03006 ], [ -99.78246, 35.11673 ], [ -99.711, 35.11673 ], [ -99.65935, 35.11673 ], [ -99.65943, 35.13074 ], [ -99.65706, 35.13289 ], [ -99.66065, 35.13875 ], [ -99.65931, 35.16017 ], [ -99.57221, 35.16028 ], [ -99.57192, 35.15602 ], [ -99.56663, 35.15994 ], [ -99.55821, 35.15696 ], [ -99.5533, 35.15687 ], [ -99.55271, 35.1549 ], [ -99.54811, 35.15731 ], [ -99.54828, 35.16015 ], [ -99.54128, 35.1622 ], [ -99.53637, 35.16126 ], [ -99.53321, 35.16315 ], [ -99.52606, 35.16117 ], [ -99.52369, 35.15866 ], [ -99.5191, 35.1585 ], [ -99.50372, 35.16783 ], [ -99.50097, 35.16561 ], [ -99.4939, 35.14723 ], [ -99.4859, 35.13879 ], [ -99.48069, 35.13678 ], [ -99.47807, 35.13774 ], [ -99.474, 35.14315 ], [ -99.47394, 35.14846 ], [ -99.47824, 35.1522 ], [ -99.47881, 35.15589 ], [ -99.47685, 35.15641 ], [ -99.46259, 35.15154 ], [ -99.46054, 35.14875 ], [ -99.44464, 35.13937 ], [ -99.44584, 35.13611 ], [ -99.45115, 35.13336 ], [ -99.45194, 35.13023 ], [ -99.44467, 35.12598 ], [ -99.4394, 35.1184 ], [ -99.44029, 35.11649 ], [ -99.50059, 35.11669 ], [ -99.50198, 34.9264 ], [ -99.49426, 34.92731 ], [ -99.48787, 34.93235 ], [ -99.48041, 34.93162 ], [ -99.47368, 34.93346 ], [ -99.46765, 34.93087 ], [ -99.46537, 34.92808 ], [ -99.47109, 34.91949 ], [ -99.46447, 34.91901 ], [ -99.45613, 34.92141 ], [ -99.45218, 34.9243 ], [ -99.45154, 34.92696 ], [ -99.44659, 34.92801 ], [ -99.44315, 34.92148 ], [ -99.44559, 34.91486 ], [ -99.44415, 34.91253 ], [ -99.42816, 34.90785 ], [ -99.41743, 34.90937 ], [ -99.40769, 34.91328 ], [ -99.40241, 34.90345 ], [ -99.39916, 34.90128 ], [ -99.40208, 34.8966 ], [ -99.39911, 34.89346 ], [ -99.39772, 34.88907 ], [ -99.391, 34.88613 ], [ -99.37544, 34.88942 ], [ -99.36556, 34.88688 ], [ -99.36467, 34.88258 ], [ -99.37523, 34.88126 ], [ -99.37525, 34.87962 ], [ -99.37167, 34.87703 ], [ -99.35422, 34.88279 ], [ -99.34244, 34.88288 ], [ -99.3392, 34.875 ], [ -99.34048, 34.86405 ], [ -99.33465, 34.85913 ], [ -99.32645, 34.86027 ], [ -99.32289, 34.86417 ], [ -99.32081, 34.86967 ], [ -99.31692, 34.87143 ], [ -99.31094, 34.8663 ], [ -99.30461, 34.85631 ], [ -99.29608, 34.85136 ], [ -99.28755, 34.85207 ], [ -99.2823, 34.84932 ], [ -99.27758, 34.83931 ], [ -99.26977, 34.84103 ], [ -99.25608, 34.83653 ], [ -99.24844, 34.82762 ], [ -99.2461, 34.82205 ], [ -99.24606, 34.81193 ], [ -99.33441, 34.81284 ], [ -99.40542, 34.81297 ], [ -99.40533, 34.76895 ], [ -99.42304, 34.76904 ], [ -99.43695, 34.76907 ], [ -99.43653, 34.76571 ], [ -99.44043, 34.75997 ], [ -99.43814, 34.74804 ], [ -99.4393, 34.74118 ], [ -99.43668, 34.7364 ], [ -99.44097, 34.73337 ], [ -99.44224, 34.73017 ], [ -99.43944, 34.7265 ], [ -99.43226, 34.73056 ], [ -99.42868, 34.7282 ], [ -99.42479, 34.72785 ], [ -99.42283, 34.72497 ], [ -99.66653, 34.72458 ], [ -99.66699, 34.75365 ], [ -99.68456, 34.75358 ], [ -99.68464, 34.76822 ], [ -99.7197, 34.76824 ], [ -99.71963, 34.85697 ], [ -99.72287, 34.85692 ] ] ] } },
{ "type": "Feature", "properties": { "HSA93": 37053, "HSANAME": "OK- MARIETTA", "STATE": 37, "HRR93": 339, "HRR93_NAME": "OK- OKLAHOMA CITY", "Persons90": 7874, "hosp_cnt": 1, "HSA_label": "Marietta" }, "geometry": { "type": "Polygon", "coordinates": [ [ [ -97.33371, 33.86306 ], [ -97.32776, 33.87016 ], [ -97.32305, 33.87907 ], [ -97.32631, 33.88431 ], [ -97.33332, 33.88347 ], [ -97.33695, 33.875 ], [ -97.33935, 33.86063 ], [ -97.34692, 33.84501 ], [ -97.35402, 33.83786 ], [ -97.35822, 33.82992 ], [ -97.37265, 33.81935 ], [ -97.4262, 33.8193 ], [ -97.44389, 33.82367 ], [ -97.4543, 33.8299 ], [ -97.45877, 33.83448 ], [ -97.46256, 33.84167 ], [ -97.46119, 33.84946 ], [ -97.45562, 33.85754 ], [ -97.45367, 33.86659 ], [ -97.45117, 33.87083 ], [ -97.45077, 33.89157 ], [ -97.46112, 33.90513 ], [ -97.46327, 33.90485 ], [ -97.48386, 33.91527 ], [ -97.48967, 33.91813 ], [ -97.50066, 33.91954 ], [ -97.52498, 33.91165 ], [ -97.53391, 33.90563 ], [ -97.55124, 33.89785 ], [ -97.55797, 33.897 ], [ -97.56056, 33.89955 ], [ -97.56063, 33.98387 ], [ -97.53652, 33.98378 ], [ -97.53723, 33.98644 ], [ -97.541, 33.98522 ], [ -97.54006, 33.98671 ], [ -97.54119, 33.98843 ], [ -97.54353, 33.98589 ], [ -97.5468, 33.98788 ], [ -97.54553, 33.9893 ], [ -97.54683, 33.99143 ], [ -97.55068, 33.99134 ], [ -97.54894, 33.99425 ], [ -97.55106, 33.99436 ], [ -97.55125, 33.99759 ], [ -97.55502, 33.99851 ], [ -97.55136, 34.00056 ], [ -97.55301, 34.00253 ], [ -97.56057, 34.00288 ], [ -97.56046, 34.07099 ], [ -97.42159, 34.07113 ], [ -97.2942, 34.07119 ], [ -97.26486, 34.07111 ], [ -97.23882, 34.07089 ], [ -97.19545, 34.07081 ], [ -97.19545, 34.02734 ], [ -97.14955, 34.02722 ], [ -97.14987, 34.03416 ], [ -97.14588, 34.03615 ], [ -97.1403, 34.03274 ], [ -97.13818, 34.0334 ], [ -97.13915, 34.03477 ], [ -97.13389, 34.03619 ], [ -97.1351, 34.03461 ], [ -97.13197, 34.03546 ], [ -97.13241, 34.03342 ], [ -97.12927, 34.0352 ], [ -97.12174, 34.03065 ], [ -97.11171, 34.03017 ], [ -97.11099, 34.0272 ], [ -97.10846, 34.02949 ], [ -97.10549, 34.02903 ], [ -97.1059, 34.02711 ], [ -97.10282, 34.02475 ], [ -97.10504, 34.01999 ], [ -97.10394, 34.01808 ], [ -97.09732, 34.0171 ], [ -97.09614, 34.02331 ], [ -97.09138, 34.02372 ], [ -97.08997, 34.01882 ], [ -97.08643, 34.01738 ], [ -97.08339, 34.01253 ], [ -97.08071, 34.01617 ], [ -97.079, 34.03595 ], [ -97.06682, 34.03085 ], [ -97.05057, 34.02695 ], [ -97.04636, 34.02391 ], [ -97.03915, 34.02313 ], [ -97.03881, 34.07085 ], [ -96.96972, 34.07073 ], [ -96.96944, 34.01291 ], [ -96.93451, 34.01284 ], [ -96.93456, 33.95435 ], [ -96.94433, 33.94912 ], [ -96.9515, 33.94464 ], [ -96.97352, 33.9356 ], [ -96.97953, 33.94149 ], [ -96.98075, 33.94906 ], [ -96.97913, 33.95608 ], [ -96.9882, 33.95431 ], [ -96.994, 33.94911 ], [ -96.99597, 33.94256 ], [ -96.99508, 33.9337 ], [ -96.98757, 33.91688 ], [ -96.98504, 33.90651 ], [ -96.98441, 33.88855 ], [ -97.00584, 33.86178 ], [ -97.02317, 33.84436 ], [ -97.03857, 33.83816 ], [ -97.04326, 33.83841 ], [ -97.0479, 33.84265 ], [ -97.05698, 33.85683 ], [ -97.0698, 33.86054 ], [ -97.08687, 33.85392 ], [ -97.09044, 33.84664 ], [ -97.09025, 33.84349 ], [ -97.08917, 33.84059 ], [ -97.08698, 33.8397 ], [ -97.06546, 33.83874 ], [ -97.05421, 33.83441 ], [ -97.04851, 33.82855 ], [ -97.04769, 33.81783 ], [ -97.0783, 33.81265 ], [ -97.08771, 33.80864 ], [ -97.09182, 33.80399 ], [ -97.09495, 33.79403 ], [ -97.08493, 33.76541 ], [ -97.08441, 33.75304 ], [ -97.08591, 33.74383 ], [ -97.0938, 33.73089 ], [ -97.10424, 33.7225 ], [ -97.11298, 33.7187 ], [ -97.12581, 33.71684 ], [ -97.1491, 33.72186 ], [ -97.16286, 33.72922 ], [ -97.173, 33.73888 ], [ -97.17434, 33.74493 ], [ -97.17985, 33.75439 ], [ -97.18155, 33.75577 ], [ -97.18503, 33.7554 ], [ -97.19299, 33.76005 ], [ -97.1875, 33.7696 ], [ -97.19052, 33.77633 ], [ -97.18909, 33.77603 ], [ -97.19011, 33.78105 ], [ -97.1945, 33.78524 ], [ -97.20514, 33.80139 ], [ -97.2047, 33.81877 ], [ -97.19639, 33.83024 ], [ -97.17965, 33.83157 ], [ -97.17134, 33.83523 ], [ -97.16653, 33.84029 ], [ -97.16697, 33.84146 ], [ -97.16634, 33.84721 ], [ -97.16839, 33.85594 ], [ -97.17668, 33.8766 ], [ -97.17902, 33.89103 ], [ -97.18228, 33.89751 ], [ -97.18629, 33.90145 ], [ -97.20008, 33.90866 ], [ -97.20585, 33.91418 ], [ -97.21063, 33.91596 ], [ -97.22247, 33.91486 ], [ -97.22623, 33.91454 ], [ -97.23125, 33.91007 ], [ -97.24117, 33.9067 ], [ -97.24496, 33.90253 ], [ -97.24892, 33.875 ], [ -97.25534, 33.8636 ], [ -97.27124, 33.86246 ], [ -97.27881, 33.86445 ], [ -97.28751, 33.86995 ], [ -97.30888, 33.8886 ], [ -97.31091, 33.88699 ], [ -97.30921, 33.88003 ], [ -97.30975, 33.87433 ], [ -97.31412, 33.86689 ], [ -97.32842, 33.85528 ], [ -97.33388, 33.85614 ], [ -97.33371, 33.86306 ] ] ] } },
{ "type": "Feature", "properties": { "HSA93": 37054, "HSANAME": "OK- MCALESTER", "STATE": 37, "HRR93": 340, "HRR93_NAME": "OK- TULSA", "Persons90": 40061, "hosp_cnt": 1, "HSA_label": "Mcalester" }, "geometry": { "type": "Polygon", "coordinates": [ [ [ -95.90055, 35.14636 ], [ -95.8881, 35.1556 ], [ -95.87424, 35.18018 ], [ -95.8689, 35.1868 ], [ -95.8565, 35.1865 ], [ -95.8475, 35.1883 ], [ -95.837, 35.1844 ], [ -95.825, 35.187 ], [ -95.8081, 35.1953 ], [ -95.793, 35.1972 ], [ -95.7832, 35.1945 ], [ -95.77025, 35.18167 ], [ -95.7658, 35.1776 ], [ -95.7566, 35.1768 ], [ -95.7493, 35.18361 ], [ -95.74555, 35.19037 ], [ -95.74202, 35.19241 ], [ -95.7349, 35.19272 ], [ -95.71693, 35.18887 ], [ -95.71211, 35.19703 ], [ -95.70689, 35.2022 ], [ -95.68765, 35.20493 ], [ -95.67956, 35.20341 ], [ -95.67392, 35.20881 ], [ -95.68022, 35.21224 ], [ -95.6825, 35.2163 ], [ -95.6807, 35.2209 ], [ -95.6766, 35.2247 ], [ -95.6572, 35.2313 ], [ -95.624, 35.2479 ], [ -95.61, 35.2496 ], [ -95.6058, 35.247 ], [ -95.6034, 35.2429 ], [ -95.6032, 35.2393 ], [ -95.605, 35.236 ], [ -95.6224, 35.2283 ], [ -95.6222, 35.2246 ], [ -95.6206, 35.2231 ], [ -95.6166, 35.2213 ], [ -95.60538, 35.22025 ], [ -95.59594, 35.22334 ], [ -95.59402, 35.21451 ], [ -95.59891, 35.20665 ], [ -95.59249, 35.20014 ], [ -95.59649, 35.19528 ], [ -95.60864, 35.18905 ], [ -95.60731, 35.1834 ], [ -95.60191, 35.18066 ], [ -95.59978, 35.17665 ], [ -95.59935, 35.16877 ], [ -95.59692, 35.16405 ], [ -95.60443, 35.14211 ], [ -95.6139, 35.12997 ], [ -95.63336, 35.11083 ], [ -95.6655, 35.09434 ], [ -95.66586, 35.05112 ], [ -95.65155, 35.03839 ], [ -95.63262, 35.03379 ], [ -95.63221, 35.02917 ], [ -95.63384, 35.02661 ], [ -95.64688, 35.01517 ], [ -95.64846, 35.01188 ], [ -95.64671, 35.00581 ], [ -95.63588, 35.0 ], [ -95.63548, 34.99671 ], [ -95.63884, 34.99246 ], [ -95.63848, 34.98849 ], [ -95.62942, 34.97963 ], [ -95.62399, 34.96756 ], [ -95.61798, 34.96653 ], [ -95.60967, 34.96974 ], [ -95.60752, 34.96905 ], [ -95.60467, 34.9595 ], [ -95.60626, 34.94932 ], [ -95.58899, 34.94711 ], [ -95.5797, 34.94591 ], [ -95.57269, 34.94241 ], [ -95.57082, 34.9436 ], [ -95.55219, 34.94322 ], [ -95.54693, 34.94475 ], [ -95.54443, 34.9437 ], [ -95.54162, 34.94498 ], [ -95.5359, 34.94351 ], [ -95.52697, 34.94637 ], [ -95.52233, 34.94511 ], [ -95.51702, 34.94605 ], [ -95.51544, 34.94797 ], [ -95.50752, 34.94889 ], [ -95.50727, 34.85471 ], [ -95.51371, 34.8547 ], [ -95.51376, 34.8316 ], [ -95.47325, 34.81082 ], [ -95.42446, 34.81151 ], [ -95.42409, 34.81387 ], [ -95.4216, 34.81375 ], [ -95.4186, 34.81645 ], [ -95.42268, 34.82149 ], [ -95.41457, 34.82428 ], [ -95.40066, 34.82565 ], [ -95.40308, 34.81844 ], [ -95.39173, 34.81855 ], [ -95.39169, 34.82074 ], [ -95.38918, 34.81915 ], [ -95.39084, 34.81574 ], [ -95.38496, 34.81489 ], [ -95.38178, 34.81802 ], [ -95.37582, 34.81669 ], [ -95.36902, 34.82058 ], [ -95.36341, 34.82033 ], [ -95.36168, 34.81413 ], [ -95.35649, 34.80891 ], [ -95.35369, 34.80901 ], [ -95.35066, 34.81148 ], [ -95.34822, 34.81008 ], [ -95.34342, 34.81308 ], [ -95.34456, 34.81693 ], [ -95.34109, 34.82002 ], [ -95.32302, 34.8233 ], [ -95.32641, 34.82866 ], [ -95.32058, 34.83355 ], [ -95.31117, 34.83037 ], [ -95.30914, 34.8325 ], [ -95.29221, 34.83282 ], [ -95.29071, 34.83472 ], [ -95.2957, 34.84129 ], [ -95.29234, 34.84528 ], [ -95.29306, 34.84729 ], [ -95.28851, 34.84979 ], [ -95.28945, 34.8531 ], [ -95.28379, 34.85445 ], [ -95.27818, 34.86148 ], [ -95.25896, 34.86413 ], [ -95.25556, 34.86917 ], [ -95.24345, 34.86919 ], [ -95.24422, 34.87567 ], [ -95.25291, 34.88146 ], [ -95.25527, 34.88545 ], [ -95.26196, 34.88707 ], [ -95.26385, 34.88932 ], [ -95.27019, 34.89047 ], [ -95.27107, 34.89195 ], [ -95.28505, 34.89342 ], [ -95.28555, 34.89823 ], [ -95.26129, 34.89822 ], [ -95.24741, 34.89984 ], [ -95.24163, 34.89755 ], [ -95.21706, 34.89832 ], [ -95.16666, 34.8983 ], [ -95.16669, 34.8947 ], [ -95.17002, 34.88955 ], [ -95.16697, 34.88328 ], [ -95.16789, 34.88131 ], [ -95.16536, 34.87464 ], [ -95.15936, 34.87135 ], [ -95.15537, 34.86414 ], [ -95.14456, 34.85954 ], [ -95.13765, 34.86024 ], [ -95.125, 34.8582 ], [ -95.12191, 34.85229 ], [ -95.11269, 34.85204 ], [ -95.11074, 34.84877 ], [ -95.10157, 34.84463 ], [ -95.09022, 34.84326 ], [ -95.08958, 34.84003 ], [ -95.0856, 34.83971 ], [ -95.08549, 34.83266 ], [ -95.06086, 34.83278 ], [ -95.05921, 34.83756 ], [ -95.05974, 34.79666 ], [ -95.08276, 34.79637 ], [ -95.09056, 34.79342 ], [ -95.08673, 34.79012 ], [ -95.08797, 34.78804 ], [ -95.08587, 34.78756 ], [ -95.09988, 34.78749 ], [ -95.11933, 34.78388 ], [ -95.11241, 34.76042 ], [ -95.10904, 34.7617 ], [ -95.10812, 34.7606 ], [ -95.0977, 34.76512 ], [ -95.09551, 34.76271 ], [ -95.09318, 34.75337 ], [ -95.05948, 34.73169 ], [ -95.05938, 34.68064 ], [ -95.01483, 34.68078 ], [ -95.01439, 34.67814 ], [ -95.01198, 34.67645 ], [ -95.01253, 34.67196 ], [ -95.01799, 34.67194 ], [ -95.01971, 34.67563 ], [ -95.02135, 34.67107 ], [ -95.02068, 34.66887 ], [ -95.01481, 34.66738 ], [ -95.01168, 34.6636 ], [ -95.01207, 34.65992 ], [ -95.02063, 34.65617 ], [ -95.01797, 34.65477 ], [ -95.01749, 34.6515 ], [ -95.04219, 34.65157 ], [ -95.04203, 34.627 ], [ -95.04037, 34.62289 ], [ -95.04082, 34.62019 ], [ -95.04647, 34.61802 ], [ -95.05234, 34.61245 ], [ -95.03941, 34.60874 ], [ -95.04785, 34.60712 ], [ -95.04597, 34.60364 ], [ -95.04838, 34.60027 ], [ -95.05165, 34.60018 ], [ -95.05976, 34.60485 ], [ -95.07624, 34.60602 ], [ -95.09648, 34.60494 ], [ -95.15314, 34.59979 ], [ -95.17438, 34.59409 ], [ -95.18495, 34.59523 ], [ -95.19356, 34.59226 ], [ -95.20179, 34.59253 ], [ -95.21206, 34.5885 ], [ -95.21513, 34.58564 ], [ -95.22462, 34.58373 ], [ -95.23151, 34.58362 ], [ -95.23298, 34.58749 ], [ -95.24599, 34.58862 ], [ -95.25744, 34.59106 ], [ -95.25877, 34.59575 ], [ -95.26851, 34.601 ], [ -95.27, 34.60409 ], [ -95.26745, 34.60832 ], [ -95.26779, 34.61139 ], [ -95.27754, 34.61205 ], [ -95.26765, 34.61221 ], [ -95.26499, 34.61578 ], [ -95.2474, 34.6161 ], [ -95.23769, 34.62276 ], [ -95.27656, 34.62295 ], [ -95.27907, 34.64154 ], [ -95.27402, 34.64184 ], [ -95.27338, 34.65164 ], [ -95.25797, 34.66251 ], [ -95.25894, 34.671 ], [ -95.25278, 34.67397 ], [ -95.24578, 34.67404 ], [ -95.2435, 34.68045 ], [ -95.324, 34.68085 ], [ -95.32128, 34.68215 ], [ -95.32585, 34.68247 ], [ -95.3262, 34.68462 ], [ -95.31671, 34.68819 ], [ -95.31777, 34.6901 ], [ -95.31128, 34.69855 ], [ -95.312, 34.70187 ], [ -95.31066, 34.70255 ], [ -95.30914, 34.6999 ], [ -95.30948, 34.7034 ], [ -95.30533, 34.70238 ], [ -95.30187, 34.70369 ], [ -95.29743, 34.70148 ], [ -95.30012, 34.70359 ], [ -95.2989, 34.70783 ], [ -95.30017, 34.71009 ], [ -95.29821, 34.71221 ], [ -95.30049, 34.71301 ], [ -95.30416, 34.70461 ], [ -95.30693, 34.70535 ], [ -95.30434, 34.70774 ], [ -95.31044, 34.70527 ], [ -95.30916, 34.70728 ], [ -95.31179, 34.70903 ], [ -95.31298, 34.70657 ], [ -95.31476, 34.70793 ], [ -95.32105, 34.69756 ], [ -95.32496, 34.70046 ], [ -95.32483, 34.69389 ], [ -95.32986, 34.68986 ], [ -95.33123, 34.69183 ], [ -95.33451, 34.68537 ], [ -95.34033, 34.6866 ], [ -95.33998, 34.68435 ], [ -95.3412, 34.68455 ], [ -95.3422, 34.68084 ], [ -95.357, 34.68098 ], [ -95.35256, 34.68385 ], [ -95.36009, 34.68307 ], [ -95.36086, 34.68431 ], [ -95.35742, 34.68666 ], [ -95.36156, 34.68745 ], [ -95.36356, 34.68398 ], [ -95.36473, 34.68442 ], [ -95.3641, 34.68616 ], [ -95.36593, 34.6889 ], [ -95.36227, 34.68882 ], [ -95.36235, 34.6921 ], [ -95.36541, 34.69175 ], [ -95.36639, 34.69709 ], [ -95.37005, 34.69175 ], [ -95.37334, 34.69218 ], [ -95.37622, 34.69529 ], [ -95.37697, 34.69676 ], [ -95.37413, 34.69814 ], [ -95.37395, 34.70132 ], [ -95.37169, 34.70387 ], [ -95.37647, 34.69888 ], [ -95.37953, 34.69792 ], [ -95.3777, 34.6958 ], [ -95.37975, 34.695 ], [ -95.38289, 34.69888 ], [ -95.38807, 34.69652 ], [ -95.38975, 34.70191 ], [ -95.3886, 34.70405 ], [ -95.39058, 34.70529 ], [ -95.39177, 34.70333 ], [ -95.39239, 34.7069 ], [ -95.39501, 34.70372 ], [ -95.39651, 34.70432 ], [ -95.3965, 34.70653 ], [ -95.39688, 34.70441 ], [ -95.39184, 34.69874 ], [ -95.39535, 34.70013 ], [ -95.39854, 34.69966 ], [ -95.39531, 34.69712 ], [ -95.40519, 34.69771 ], [ -95.38986, 34.69413 ], [ -95.38891, 34.69268 ], [ -95.39035, 34.69162 ], [ -95.38718, 34.69151 ], [ -95.38961, 34.68964 ], [ -95.38576, 34.68733 ], [ -95.38431, 34.68448 ], [ -95.38689, 34.68082 ], [ -95.38729, 34.68082 ], [ -95.38799, 34.68082 ], [ -95.51426, 34.68104 ], [ -95.51406, 34.59405 ], [ -95.67172, 34.59375 ], [ -95.67145, 34.5067 ], [ -95.67931, 34.50673 ], [ -95.75107, 34.50662 ], [ -95.75046, 34.51265 ], [ -95.75285, 34.52467 ], [ -95.7578, 34.52717 ], [ -95.76507, 34.52548 ], [ -95.79403, 34.51035 ], [ -95.79408, 34.52111 ], [ -95.80528, 34.52107 ], [ -95.80285, 34.5234 ], [ -95.80326, 34.52812 ], [ -95.80578, 34.52972 ], [ -95.8052, 34.53416 ], [ -95.80282, 34.53645 ], [ -95.80492, 34.5375 ], [ -95.81037, 34.53528 ], [ -95.813, 34.53906 ], [ -95.81178, 34.5405 ], [ -95.81402, 34.54061 ], [ -95.81302, 34.54409 ], [ -95.81488, 34.54567 ], [ -95.81217, 34.54634 ], [ -95.8138, 34.5481 ], [ -95.81233, 34.54885 ], [ -95.81267, 34.55171 ], [ -95.80924, 34.55343 ], [ -95.81001, 34.55583 ], [ -95.80661, 34.5567 ], [ -95.80467, 34.55977 ], [ -95.80384, 34.57202 ], [ -95.80188, 34.57641 ], [ -95.78926, 34.58426 ], [ -95.77982, 34.59371 ], [ -95.88191, 34.59343 ], [ -95.88184, 34.68038 ], [ -95.91516, 34.68025 ], [ -96.09189, 34.68049 ], [ -96.09184, 34.7675 ], [ -96.09254, 34.76749 ], [ -96.12759, 34.78172 ], [ -96.13876, 34.78132 ], [ -96.24902, 34.83216 ], [ -96.24951, 34.85446 ], [ -96.24359, 34.86636 ], [ -96.2474, 34.87327 ], [ -96.24719, 34.92691 ], [ -96.24836, 34.9321 ], [ -96.24292, 34.9387 ], [ -96.24198, 34.94488 ], [ -96.23967, 34.94817 ], [ -96.24479, 34.95549 ], [ -96.24024, 34.96637 ], [ -96.24227, 34.97576 ], [ -96.21298, 34.96813 ], [ -96.18653, 34.95862 ], [ -96.18243, 34.95986 ], [ -96.16464, 34.97098 ], [ -96.15075, 34.98201 ], [ -96.1388, 35.0 ], [ -96.14267, 35.0 ], [ -96.13658, 35.00143 ], [ -96.13422, 35.00559 ], [ -96.13346, 35.01228 ], [ -96.12539, 35.01799 ], [ -96.125, 35.01694 ], [ -96.12184, 35.01827 ], [ -96.11308, 35.02529 ], [ -96.10975, 35.02983 ], [ -96.10631, 35.03926 ], [ -96.10278, 35.04312 ], [ -96.08856, 35.04977 ], [ -96.07296, 35.05332 ], [ -96.06982, 35.05542 ], [ -96.06402, 35.07104 ], [ -96.06264, 35.08667 ], [ -96.06066, 35.09148 ], [ -96.05466, 35.09721 ], [ -96.04158, 35.10426 ], [ -96.02969, 35.12024 ], [ -96.02597, 35.12049 ], [ -96.01359, 35.11646 ], [ -96.00948, 35.11794 ], [ -96.00882, 35.12335 ], [ -96.01338, 35.13964 ], [ -96.01199, 35.14501 ], [ -96.00482, 35.14868 ], [ -95.99, 35.15074 ], [ -95.98343, 35.15146 ], [ -95.9674, 35.1525 ], [ -95.9525, 35.1513 ], [ -95.9231, 35.1426 ], [ -95.9077, 35.1434 ], [ -95.90055, 35.14636 ] ] ] } },
{ "type": "Feature", "properties": { "HSA93": 37055, "HSANAME": "OK- MIAMI", "STATE": 37, "HRR93": 267, "HRR93_NAME": "MO- JOPLIN", "Persons90": 29541, "hosp_cnt": 1, "HSA_label": "Miami" }, "geometry": { "type": "Polygon", "coordinates": [ [ [ -94.99917, 36.75763 ], [ -94.9993, 36.74312 ], [ -95.03517, 36.74323 ], [ -95.03518, 36.72874 ], [ -95.07132, 36.72858 ], [ -95.07192, 36.7425 ], [ -95.08918, 36.74311 ], [ -95.08926, 36.75039 ], [ -95.12543, 36.75043 ], [ -95.12545, 36.75746 ], [ -95.17925, 36.75727 ], [ -95.17933, 36.78597 ], [ -95.19729, 36.7862 ], [ -95.19723, 36.80075 ], [ -95.28862, 36.80059 ], [ -95.28711, 36.80508 ], [ -95.28768, 36.82968 ], [ -95.3414, 36.82954 ], [ -95.34146, 36.84393 ], [ -95.34152, 36.85946 ], [ -95.35089, 36.86263 ], [ -95.36234, 36.85715 ], [ -95.36516, 36.85766 ], [ -95.36804, 36.86111 ], [ -95.37571, 36.86061 ], [ -95.3853, 36.85645 ], [ -95.39034, 36.85746 ], [ -95.39527, 36.85634 ], [ -95.39715, 36.85359 ], [ -95.40182, 36.85121 ], [ -95.40208, 36.84741 ], [ -95.40732, 36.84325 ], [ -95.40792, 36.84064 ], [ -95.41353, 36.83801 ], [ -95.41262, 36.83419 ], [ -95.4315, 36.82588 ], [ -95.43169, 36.88756 ], [ -95.43148, 36.9427 ], [ -95.42481, 36.94257 ], [ -95.40759, 36.94257 ], [ -95.40743, 36.99916 ], [ -95.38079, 36.99934 ], [ -95.26765, 36.99953 ], [ -95.15883, 36.99949 ], [ -95.07327, 36.99944 ], [ -95.00739, 36.99945 ], [ -94.94056, 36.99929 ], [ -94.81325, 36.99873 ], [ -94.7107, 36.99873 ], [ -94.61786, 36.99807 ], [ -94.61792, 36.95845 ], [ -94.61798, 36.92617 ], [ -94.61829, 36.86886 ], [ -94.63426, 36.86896 ], [ -94.64502, 36.87127 ], [ -94.76566, 36.87123 ], [ -94.76267, 36.86425 ], [ -94.75508, 36.85909 ], [ -94.74778, 36.85743 ], [ -94.73572, 36.85871 ], [ -94.72793, 36.85742 ], [ -94.72455, 36.85611 ], [ -94.71945, 36.85024 ], [ -94.71952, 36.84532 ], [ -94.73215, 36.83619 ], [ -94.73701, 36.82434 ], [ -94.7472, 36.81161 ], [ -94.7518, 36.80142 ], [ -94.75234, 36.79269 ], [ -94.75645, 36.7863 ], [ -94.76921, 36.78313 ], [ -94.77818, 36.7778 ], [ -94.78262, 36.76836 ], [ -94.78065, 36.76534 ], [ -94.77393, 36.7612 ], [ -94.73225, 36.74458 ], [ -94.72906, 36.73961 ], [ -94.72956, 36.73656 ], [ -94.73521, 36.73149 ], [ -94.73992, 36.73004 ], [ -94.7465, 36.73011 ], [ -94.7667, 36.73568 ], [ -94.77238, 36.73416 ], [ -94.77434, 36.73202 ], [ -94.77488, 36.72571 ], [ -94.77299, 36.72268 ], [ -94.76581, 36.71889 ], [ -94.75, 36.71458 ], [ -94.74226, 36.70863 ], [ -94.74007, 36.70364 ], [ -94.74347, 36.69777 ], [ -94.75, 36.69268 ], [ -94.7772, 36.68331 ], [ -94.77962, 36.67852 ], [ -94.77337, 36.66775 ], [ -94.77471, 36.66773 ], [ -94.77901, 36.66769 ], [ -94.78201, 36.67055 ], [ -94.85535, 36.67045 ], [ -94.85526, 36.71381 ], [ -94.87323, 36.7138 ], [ -94.87326, 36.75727 ], [ -94.99917, 36.75763 ] ] ] } },
{ "type": "Feature", "properties": { "HSA93": 37056, "HSANAME": "OK- MIDWEST CITY", "STATE": 37, "HRR93": 339, "HRR93_NAME": "OK- OKLAHOMA CITY", "Persons90": 80883, "hosp_cnt": 1, "HSA_label": "Midwest City" }, "geometry": { "type": "Polygon", "coordinates": [ [ [ -97.21203, 35.55064 ], [ -97.21156, 35.56571 ], [ -97.14054, 35.5652 ], [ -97.14093, 35.464 ], [ -97.14117, 35.43483 ], [ -97.125, 35.43469 ], [ -97.125, 35.42024 ], [ -97.14139, 35.42029 ], [ -97.17696, 35.42054 ], [ -97.17685, 35.43493 ], [ -97.19462, 35.43505 ], [ -97.19445, 35.4641 ], [ -97.21205, 35.46413 ], [ -97.2298, 35.4641 ], [ -97.2301, 35.3773 ], [ -97.2646, 35.3773 ], [ -97.2696, 35.3773 ], [ -97.3879, 35.3773 ], [ -97.388, 35.3882 ], [ -97.38537, 35.38818 ], [ -97.38541, 35.3946 ], [ -97.3858, 35.406 ], [ -97.4058, 35.4061 ], [ -97.40583, 35.41029 ], [ -97.41103, 35.41026 ], [ -97.41094, 35.41423 ], [ -97.4151, 35.41426 ], [ -97.4158, 35.41804 ], [ -97.41651, 35.41629 ], [ -97.4234, 35.41615 ], [ -97.4235, 35.4204 ], [ -97.4235, 35.4348 ], [ -97.4236, 35.4641 ], [ -97.4237, 35.4851 ], [ -97.4238, 35.4931 ], [ -97.4237, 35.5367 ], [ -97.3734, 35.5365 ], [ -97.3752, 35.529 ], [ -97.3819, 35.522 ], [ -97.3809, 35.5213 ], [ -97.3881, 35.5177 ], [ -97.3882, 35.493 ], [ -97.3704, 35.493 ], [ -97.3704, 35.5002 ], [ -97.3617, 35.5003 ], [ -97.3527, 35.5002 ], [ -97.3526, 35.4929 ], [ -97.3353, 35.4929 ], [ -97.3353, 35.5074 ], [ -97.3002, 35.5074 ], [ -97.30007, 35.54392 ], [ -97.3001, 35.5511 ], [ -97.2822, 35.5511 ], [ -97.2824, 35.5656 ], [ -97.2735, 35.5655 ], [ -97.2734, 35.5511 ], [ -97.21203, 35.55064 ] ] ] } },
{ "type": "Feature", "properties": { "HSA93": 37058, "HSANAME": "OK- MUSKOGEE", "STATE": 37, "HRR93": 340, "HRR93_NAME": "OK- TULSA", "Persons90": 79266, "hosp_cnt": 1, "HSA_label": "Muskogee" }, "geometry": { "type": "Polygon", "coordinates": [ [ [ -95.32312, 35.81337 ], [ -95.28732, 35.81327 ], [ -95.26717, 35.81319 ], [ -95.26544, 35.81317 ], [ -95.2317, 35.81301 ], [ -95.22896, 35.81301 ], [ -95.12728, 35.81271 ], [ -95.12732, 35.79776 ], [ -95.12748, 35.7645 ], [ -95.12724, 35.71356 ], [ -95.1274, 35.64525 ], [ -95.12723, 35.6388 ], [ -95.12728, 35.55705 ], [ -95.09176, 35.57895 ], [ -95.09192, 35.57355 ], [ -95.08447, 35.57469 ], [ -95.082, 35.57348 ], [ -95.08553, 35.57041 ], [ -95.08965, 35.56936 ], [ -95.09298, 35.56524 ], [ -95.09343, 35.56315 ], [ -95.09157, 35.56274 ], [ -95.09032, 35.55885 ], [ -95.06805, 35.57204 ], [ -95.05611, 35.57035 ], [ -95.05605, 35.55161 ], [ -95.07629, 35.55193 ], [ -95.07401, 35.54077 ], [ -95.07724, 35.5354 ], [ -95.07066, 35.53327 ], [ -95.04466, 35.53348 ], [ -95.05763, 35.52731 ], [ -95.05796, 35.52332 ], [ -95.06146, 35.52291 ], [ -95.06544, 35.51913 ], [ -95.08039, 35.5162 ], [ -95.0791, 35.49056 ], [ -95.08716, 35.48982 ], [ -95.09688, 35.48658 ], [ -95.0922, 35.4796 ], [ -95.0881, 35.4647 ], [ -95.0838, 35.4603 ], [ -95.077, 35.4587 ], [ -95.0653, 35.4647 ], [ -95.061, 35.465 ], [ -95.0497, 35.4588 ], [ -95.0686, 35.4488 ], [ -95.07839, 35.43476 ], [ -95.0802, 35.4318 ], [ -95.0827, 35.4128 ], [ -95.0858, 35.4058 ], [ -95.1024, 35.3968 ], [ -95.1154, 35.3775 ], [ -95.12047, 35.37237 ], [ -95.12366, 35.37257 ], [ -95.1297, 35.3787 ], [ -95.1368, 35.3802 ], [ -95.16053, 35.36926 ], [ -95.16134, 35.36688 ], [ -95.15937, 35.36513 ], [ -95.15554, 35.36274 ], [ -95.14722, 35.36107 ], [ -95.14143, 35.35697 ], [ -95.14399, 35.34853 ], [ -95.15026, 35.34578 ], [ -95.15759, 35.35084 ], [ -95.16542, 35.35297 ], [ -95.17188, 35.35208 ], [ -95.17693, 35.34853 ], [ -95.18265, 35.33861 ], [ -95.17094, 35.31533 ], [ -95.17022, 35.31001 ], [ -95.17152, 35.30546 ], [ -95.17472, 35.3021 ], [ -95.17835, 35.30091 ], [ -95.1877, 35.30485 ], [ -95.19386, 35.30521 ], [ -95.19895, 35.3035 ], [ -95.20256, 35.29929 ], [ -95.20592, 35.28797 ], [ -95.22111, 35.27272 ], [ -95.22888, 35.26701 ], [ -95.24047, 35.26221 ], [ -95.24819, 35.26278 ], [ -95.26191, 35.2689 ], [ -95.2711, 35.28025 ], [ -95.2868, 35.2943 ], [ -95.3007, 35.3013 ], [ -95.3152, 35.30222 ], [ -95.3328, 35.2984 ], [ -95.34033, 35.29498 ], [ -95.3444, 35.293 ], [ -95.34964, 35.2903 ], [ -95.35196, 35.29073 ], [ -95.353, 35.3016 ], [ -95.35781, 35.30639 ], [ -95.3735, 35.3154 ], [ -95.3855, 35.326 ], [ -95.3973, 35.3271 ], [ -95.4132, 35.3217 ], [ -95.4302, 35.3029 ], [ -95.451, 35.29592 ], [ -95.4614, 35.2929 ], [ -95.4886, 35.3004 ], [ -95.5025, 35.3001 ], [ -95.5073, 35.2968 ], [ -95.511, 35.2899 ], [ -95.5178, 35.2831 ], [ -95.5189, 35.2803 ], [ -95.5174, 35.27529 ], [ -95.53411, 35.28576 ], [ -95.58451, 35.33167 ], [ -95.59322, 35.33504 ], [ -95.60161, 35.3421 ], [ -95.61015, 35.35279 ], [ -95.62126, 35.375 ], [ -95.64065, 35.38622 ], [ -95.64608, 35.39566 ], [ -95.65577, 35.40048 ], [ -95.67588, 35.39959 ], [ -95.67928, 35.40434 ], [ -95.68374, 35.41344 ], [ -95.69197, 35.41858 ], [ -95.69776, 35.41885 ], [ -95.71512, 35.41234 ], [ -95.72606, 35.40441 ], [ -95.73842, 35.40357 ], [ -95.75, 35.40541 ], [ -95.75773, 35.40388 ], [ -95.8028, 35.39861 ], [ -95.8137, 35.39945 ], [ -95.80527, 35.41283 ], [ -95.80502, 35.41807 ], [ -95.80876, 35.4219 ], [ -95.81566, 35.42237 ], [ -95.82135, 35.42065 ], [ -95.83059, 35.41329 ], [ -95.83381, 35.40705 ], [ -95.83392, 35.40008 ], [ -95.8299, 35.39424 ], [ -95.81551, 35.38964 ], [ -95.81204, 35.38332 ], [ -95.81209, 35.37987 ], [ -95.81705, 35.375 ], [ -95.82933, 35.36915 ], [ -95.84813, 35.37827 ], [ -95.86084, 35.37226 ], [ -95.86134, 35.38338 ], [ -95.86395, 35.38903 ], [ -95.86906, 35.391 ], [ -95.87538, 35.38973 ], [ -95.8753, 35.46348 ], [ -95.82313, 35.46387 ], [ -95.82252, 35.48763 ], [ -95.82205, 35.55162 ], [ -95.71269, 35.5517 ], [ -95.71278, 35.60945 ], [ -95.71282, 35.72578 ], [ -95.64209, 35.72598 ], [ -95.64207, 35.7204 ], [ -95.63323, 35.72628 ], [ -95.62961, 35.72451 ], [ -95.63053, 35.72151 ], [ -95.62854, 35.72325 ], [ -95.62638, 35.72234 ], [ -95.62248, 35.72677 ], [ -95.61861, 35.72602 ], [ -95.61594, 35.72923 ], [ -95.61676, 35.73106 ], [ -95.61221, 35.73403 ], [ -95.61323, 35.73987 ], [ -95.61208, 35.74506 ], [ -95.60832, 35.75036 ], [ -95.61087, 35.75447 ], [ -95.60329, 35.75557 ], [ -95.6004, 35.75793 ], [ -95.59804, 35.75463 ], [ -95.59608, 35.75456 ], [ -95.59445, 35.75701 ], [ -95.59094, 35.75752 ], [ -95.59201, 35.76276 ], [ -95.5903, 35.76559 ], [ -95.59808, 35.77145 ], [ -95.60149, 35.77188 ], [ -95.6076, 35.77451 ], [ -95.61156, 35.77726 ], [ -95.62291, 35.77806 ], [ -95.625, 35.77997 ], [ -95.63135, 35.78235 ], [ -95.63488, 35.78518 ], [ -95.63816, 35.78744 ], [ -95.63966, 35.79134 ], [ -95.63791, 35.79612 ], [ -95.63867, 35.7987 ], [ -95.64141, 35.80581 ], [ -95.63974, 35.80839 ], [ -95.64133, 35.81536 ], [ -95.6397, 35.82035 ], [ -95.64022, 35.82443 ], [ -95.64252, 35.83339 ], [ -95.64074, 35.83581 ], [ -95.64186, 35.83743 ], [ -95.6451, 35.84548 ], [ -95.64831, 35.84841 ], [ -95.65005, 35.8494 ], [ -95.65093, 35.85383 ], [ -95.65051, 35.85666 ], [ -95.65034, 35.86719 ], [ -95.64859, 35.86904 ], [ -95.64845, 35.86721 ], [ -95.64656, 35.86831 ], [ -95.6442, 35.875 ], [ -95.64272, 35.875 ], [ -95.6391, 35.9009 ], [ -95.5472, 35.9011 ], [ -95.54722, 35.93015 ], [ -95.52941, 35.93017 ], [ -95.52876, 35.93383 ], [ -95.52161, 35.93403 ], [ -95.5117, 35.94401 ], [ -95.51156, 35.9517 ], [ -95.50249, 35.95261 ], [ -95.49469, 35.95554 ], [ -95.49134, 35.94583 ], [ -95.48561, 35.94462 ], [ -95.48047, 35.94807 ], [ -95.47692, 35.94601 ], [ -95.48222, 35.94014 ], [ -95.48296, 35.93169 ], [ -95.48824, 35.92856 ], [ -95.47723, 35.90453 ], [ -95.47067, 35.90344 ], [ -95.46626, 35.9053 ], [ -95.46204, 35.90501 ], [ -95.43889, 35.89461 ], [ -95.42837, 35.89277 ], [ -95.4211, 35.88601 ], [ -95.41774, 35.88688 ], [ -95.41538, 35.88979 ], [ -95.41279, 35.89769 ], [ -95.40791, 35.89772 ], [ -95.4052, 35.89203 ], [ -95.39875, 35.88953 ], [ -95.39529, 35.88272 ], [ -95.38944, 35.87729 ], [ -95.38148, 35.85656 ], [ -95.38054, 35.85069 ], [ -95.38343, 35.8405 ], [ -95.38214, 35.83906 ], [ -95.37068, 35.8382 ], [ -95.36643, 35.83899 ], [ -95.36269, 35.84224 ], [ -95.35314, 35.84633 ], [ -95.32918, 35.85022 ], [ -95.32347, 35.84891 ], [ -95.3229, 35.83406 ], [ -95.32538, 35.82266 ], [ -95.32312, 35.81337 ] ] ] } },
{ "type": "Feature", "properties": { "HSA93": 37059, "HSANAME": "OK- NORMAN", "STATE": 37, "HRR93": 339, "HRR93_NAME": "OK- OKLAHOMA CITY", "Persons90": 104967, "hosp_cnt": 1, "HSA_label": "Norman" }, "geometry": { "type": "Polygon", "coordinates": [ [ [ -97.14184, 35.1776 ], [ -97.14198, 35.14514 ], [ -97.14171, 35.0726 ], [ -97.03241, 35.07224 ], [ -97.03323, 35.08185 ], [ -97.0361, 35.08671 ], [ -97.03935, 35.08694 ], [ -96.93115, 35.08711 ], [ -96.93102, 35.01478 ], [ -96.93288, 35.0013 ], [ -96.9346, 34.99881 ], [ -96.93157, 34.99127 ], [ -96.93169, 34.98734 ], [ -96.93366, 34.98737 ], [ -96.93369, 34.98569 ], [ -96.93111, 34.98576 ], [ -96.93124, 34.97831 ], [ -96.92903, 34.97649 ], [ -96.92951, 34.96444 ], [ -96.93029, 34.96429 ], [ -96.94106, 34.95852 ], [ -96.94659, 34.95809 ], [ -96.95428, 34.95333 ], [ -96.9595, 34.94325 ], [ -96.96488, 34.9397 ], [ -96.96986, 34.93134 ], [ -96.97461, 34.92884 ], [ -96.97851, 34.92403 ], [ -96.98228, 34.92166 ], [ -96.98745, 34.9212 ], [ -96.99179, 34.91771 ], [ -97.01563, 34.90727 ], [ -97.02565, 34.91225 ], [ -97.03551, 34.91281 ], [ -97.04291, 34.91513 ], [ -97.05232, 34.92121 ], [ -97.07149, 34.91978 ], [ -97.07287, 34.92064 ], [ -97.07495, 34.92234 ], [ -97.07945, 34.92888 ], [ -97.08535, 34.93127 ], [ -97.09652, 34.93084 ], [ -97.09943, 34.92946 ], [ -97.10572, 34.93282 ], [ -97.11649, 34.9351 ], [ -97.14197, 34.93167 ], [ -97.14489, 34.93078 ], [ -97.15322, 34.93274 ], [ -97.16596, 34.93267 ], [ -97.17486, 34.92969 ], [ -97.19633, 34.9284 ], [ -97.2061, 34.94002 ], [ -97.21267, 34.94495 ], [ -97.21746, 34.94561 ], [ -97.22189, 34.94091 ], [ -97.22915, 34.93791 ], [ -97.24539, 34.95037 ], [ -97.24978, 34.94919 ], [ -97.25366, 34.94514 ], [ -97.26129, 34.94537 ], [ -97.26621, 34.95019 ], [ -97.27303, 34.96241 ], [ -97.28225, 34.96114 ], [ -97.29929, 34.96411 ], [ -97.30529, 34.95489 ], [ -97.31092, 34.95321 ], [ -97.32308, 34.95441 ], [ -97.32926, 34.95686 ], [ -97.34125, 34.96442 ], [ -97.34262, 34.97334 ], [ -97.34799, 34.98023 ], [ -97.34663, 34.98732 ], [ -97.3416, 34.99017 ], [ -97.34119, 34.99364 ], [ -97.34647, 34.99872 ], [ -97.34443, 35.00064 ], [ -97.34554, 35.00453 ], [ -97.34873, 35.00643 ], [ -97.3548, 35.0286 ], [ -97.3564, 35.02879 ], [ -97.35766, 35.03347 ], [ -97.35225, 35.04534 ], [ -97.35173, 35.0497 ], [ -97.35121, 35.05939 ], [ -97.3544, 35.06804 ], [ -97.35241, 35.07224 ], [ -97.35304, 35.07504 ], [ -97.36, 35.08258 ], [ -97.36382, 35.08449 ], [ -97.37249, 35.08502 ], [ -97.38517, 35.08216 ], [ -97.39145, 35.08255 ], [ -97.39477, 35.07852 ], [ -97.54495, 35.07607 ], [ -97.56461, 35.05897 ], [ -97.56434, 35.01498 ], [ -97.57068, 35.01521 ], [ -97.61734, 35.0257 ], [ -97.63502, 35.03285 ], [ -97.63508, 35.02957 ], [ -97.67022, 35.02947 ], [ -97.67015, 35.04397 ], [ -97.67012, 35.20359 ], [ -97.65285, 35.20368 ], [ -97.65277, 35.1893 ], [ -97.6003, 35.18926 ], [ -97.6002, 35.18179 ], [ -97.57354, 35.1818 ], [ -97.57348, 35.17888 ], [ -97.56461, 35.17877 ], [ -97.56442, 35.18227 ], [ -97.5296, 35.1823 ], [ -97.52954, 35.18894 ], [ -97.49437, 35.18822 ], [ -97.49448, 35.1915 ], [ -97.51859, 35.20483 ], [ -97.5614, 35.2332 ], [ -97.563, 35.2522 ], [ -97.5571, 35.2687 ], [ -97.5652, 35.2906 ], [ -97.5121, 35.2906 ], [ -97.4875, 35.2906 ], [ -97.4408, 35.2907 ], [ -97.3351, 35.2905 ], [ -97.3356, 35.3051 ], [ -97.3, 35.3049 ], [ -97.3, 35.3194 ], [ -97.2647, 35.3194 ], [ -97.2648, 35.3061 ], [ -97.2549, 35.2972 ], [ -97.2521, 35.2966 ], [ -97.25, 35.2986 ], [ -97.2482, 35.2955 ], [ -97.2457, 35.2962 ], [ -97.2432, 35.2897 ], [ -97.14173, 35.28954 ], [ -97.1417, 35.2752 ], [ -97.1416, 35.23205 ], [ -97.14152, 35.2263 ], [ -97.1419, 35.19264 ], [ -97.14184, 35.1776 ] ] ] } },
{ "type": "Feature", "properties": { "HSA93": 37062, "HSANAME": "OK- OKEENE", "STATE": 37, "HRR93": 339, "HRR93_NAME": "OK- OKLAHOMA CITY", "Persons90": 4431, "hosp_cnt": 1, "HSA_label": "Okeene" }, "geometry": { "type": "Polygon", "coordinates": [ [ [ -98.47944, 36.05747 ], [ -98.51162, 36.05772 ], [ -98.51171, 35.97296 ], [ -98.51005, 35.97112 ], [ -98.49401, 35.97108 ], [ -98.49386, 35.91323 ], [ -98.5107, 35.9122 ], [ -98.52039, 35.9133 ], [ -98.63593, 35.91314 ], [ -98.63591, 35.8988 ], [ -98.63214, 35.89873 ], [ -98.63172, 35.85602 ], [ -98.73799, 35.85579 ], [ -98.73802, 35.84867 ], [ -98.7356, 35.84852 ], [ -98.73732, 35.84189 ], [ -98.74892, 35.85087 ], [ -98.75, 35.85124 ], [ -98.75, 35.84848 ], [ -98.75532, 35.84919 ], [ -98.76308, 35.85414 ], [ -98.76431, 35.85907 ], [ -98.76856, 35.86351 ], [ -98.77359, 35.875 ], [ -98.78462, 35.88477 ], [ -98.7971, 35.89313 ], [ -98.80456, 35.9045 ], [ -98.81272, 35.90835 ], [ -98.8138, 35.91877 ], [ -98.81059, 35.9408 ], [ -98.81198, 35.94501 ], [ -98.82324, 35.95679 ], [ -98.72516, 35.95682 ], [ -98.72519, 35.97129 ], [ -98.6895, 35.97111 ], [ -98.68953, 35.95678 ], [ -98.65356, 35.95661 ], [ -98.65361, 35.97102 ], [ -98.64524, 35.97117 ], [ -98.64437, 35.96964 ], [ -98.63984, 35.9695 ], [ -98.63583, 35.97115 ], [ -98.63603, 36.06491 ], [ -98.6365, 36.16486 ], [ -98.47678, 36.1649 ], [ -98.45912, 36.1649 ], [ -98.45897, 36.18754 ], [ -98.40774, 36.1876 ], [ -98.38846, 36.18764 ], [ -98.38846, 36.18946 ], [ -98.38694, 36.18984 ], [ -98.38708, 36.18712 ], [ -98.3816, 36.1884 ], [ -98.38194, 36.18631 ], [ -98.37872, 36.18611 ], [ -98.37939, 36.19027 ], [ -98.3777, 36.19089 ], [ -98.37193, 36.18707 ], [ -98.3706, 36.18345 ], [ -98.37066, 36.18785 ], [ -98.25153, 36.18841 ], [ -98.24242, 36.19634 ], [ -98.23871, 36.18934 ], [ -98.23831, 36.18151 ], [ -98.23384, 36.16804 ], [ -98.23034, 36.16492 ], [ -98.2102, 36.16485 ], [ -98.20999, 36.14697 ], [ -98.20982, 36.00031 ], [ -98.20952, 35.94205 ], [ -98.36088, 35.94193 ], [ -98.41455, 36.03859 ], [ -98.41478, 36.05713 ], [ -98.47944, 36.05747 ] ] ] } },
{ "type": "Feature", "properties": { "HSA93": 37063, "HSANAME": "OK- OKLAHOMA CITY", "STATE": 37, "HRR93": 339, "HRR93_NAME": "OK- OKLAHOMA CITY", "Persons90": 694209, "hosp_cnt": 13, "HSA_label": "Oklahoma City" }, "geometry": { "type": "MultiPolygon", "coordinates": [ [ [ [ -97.6736, 35.72594 ], [ -97.4779, 35.7253 ], [ -97.47757, 35.6383 ], [ -97.38566, 35.63798 ], [ -97.40406, 35.64862 ], [ -97.4213, 35.64669 ], [ -97.41302, 35.64925 ], [ -97.41242, 35.65149 ], [ -97.4113, 35.64938 ], [ -97.40429, 35.64973 ], [ -97.3891, 35.6454 ], [ -97.38733, 35.64592 ], [ -97.38726, 35.64898 ], [ -97.38429, 35.6472 ], [ -97.38045, 35.64842 ], [ -97.38182, 35.64547 ], [ -97.38086, 35.64504 ], [ -97.37693, 35.64582 ], [ -97.3757, 35.65054 ], [ -97.37427, 35.64584 ], [ -97.36798, 35.64837 ], [ -97.36312, 35.64749 ], [ -97.36376, 35.63667 ], [ -97.36106, 35.63288 ], [ -97.36424, 35.634 ], [ -97.36698, 35.63898 ], [ -97.36771, 35.62766 ], [ -97.36584, 35.62448 ], [ -97.36987, 35.6261 ], [ -97.3755, 35.6135 ], [ -97.375, 35.6095 ], [ -97.3891, 35.609 ], [ -97.3892, 35.6061 ], [ -97.3533, 35.613 ], [ -97.23008, 35.63802 ], [ -97.21755, 35.64749 ], [ -97.21109, 35.64976 ], [ -97.20354, 35.66128 ], [ -97.20346, 35.6669 ], [ -97.20738, 35.66696 ], [ -97.19971, 35.66891 ], [ -97.19434, 35.67322 ], [ -97.19406, 35.7245 ], [ -97.3359, 35.7251 ], [ -97.33556, 35.87007 ], [ -97.31765, 35.86998 ], [ -97.31779, 35.97069 ], [ -97.33561, 35.9708 ], [ -97.33433, 35.9717 ], [ -97.33469, 35.98067 ], [ -97.32633, 35.99125 ], [ -97.32151, 35.99379 ], [ -97.32112, 36.0 ], [ -97.31684, 36.01066 ], [ -97.31356, 36.01118 ], [ -97.31133, 36.0111 ], [ -97.30627, 36.01048 ], [ -97.30012, 36.00922 ], [ -97.29679, 36.00765 ], [ -97.29249, 36.00345 ], [ -97.29092, 36.00136 ], [ -97.28993, 36.0 ], [ -97.28991, 35.99967 ], [ -97.28724, 35.99616 ], [ -97.28561, 35.99309 ], [ -97.28504, 35.99174 ], [ -97.28436, 35.9849 ], [ -97.28532, 35.97973 ], [ -97.28464, 35.97488 ], [ -97.27656, 35.97259 ], [ -97.27009, 35.97275 ], [ -97.25877, 35.97343 ], [ -97.24286, 35.97213 ], [ -97.22088, 35.96452 ], [ -97.21968, 35.96358 ], [ -97.20916, 35.9514 ], [ -97.20775, 35.94771 ], [ -97.20553, 35.94591 ], [ -97.18924, 35.9411 ], [ -97.17207, 35.94095 ], [ -97.15884, 35.94467 ], [ -97.14517, 35.9521 ], [ -97.1402, 35.95764 ], [ -97.14021, 35.94176 ], [ -97.14098, 35.78208 ], [ -97.03432, 35.78227 ], [ -96.99966, 35.78256 ], [ -96.99959, 35.75346 ], [ -96.94643, 35.75378 ], [ -96.94666, 35.79729 ], [ -96.91123, 35.79724 ], [ -96.91131, 35.81174 ], [ -96.82279, 35.81126 ], [ -96.82261, 35.76815 ], [ -96.78262, 35.76749 ], [ -96.78234, 35.76398 ], [ -96.77737, 35.76359 ], [ -96.77805, 35.75302 ], [ -96.76474, 35.75285 ], [ -96.76466, 35.74009 ], [ -96.76464, 35.73773 ], [ -96.76053, 35.73512 ], [ -96.75203, 35.73518 ], [ -96.7513, 35.7312 ], [ -96.74709, 35.72839 ], [ -96.74754, 35.72587 ], [ -96.74473, 35.72459 ], [ -96.74439, 35.72154 ], [ -96.7424, 35.72143 ], [ -96.74406, 35.71882 ], [ -96.74212, 35.71797 ], [ -96.74391, 35.71747 ], [ -96.74357, 35.71376 ], [ -96.74523, 35.71213 ], [ -96.74335, 35.71037 ], [ -96.74475, 35.70975 ], [ -96.74048, 35.7066 ], [ -96.74217, 35.70504 ], [ -96.73961, 35.70227 ], [ -96.73341, 35.70028 ], [ -96.73338, 35.69506 ], [ -96.73327, 35.65885 ], [ -96.71813, 35.66059 ], [ -96.71544, 35.66623 ], [ -96.67968, 35.66638 ], [ -96.67934, 35.65689 ], [ -96.68857, 35.6364 ], [ -96.69092, 35.63423 ], [ -96.70491, 35.63807 ], [ -96.71515, 35.62736 ], [ -96.72269, 35.62674 ], [ -96.74005, 35.636 ], [ -96.74721, 35.62459 ], [ -96.75876, 35.61989 ], [ -96.76167, 35.62026 ], [ -96.75511, 35.62184 ], [ -96.75435, 35.62337 ], [ -96.75609, 35.62641 ], [ -96.75368, 35.62638 ], [ -96.75208, 35.62828 ], [ -96.75276, 35.62963 ], [ -96.74955, 35.63053 ], [ -96.75088, 35.63066 ], [ -96.75337, 35.63739 ], [ -96.7687, 35.63726 ], [ -96.76886, 35.65182 ], [ -96.83399, 35.65146 ], [ -96.8349, 35.64483 ], [ -96.85728, 35.6371 ], [ -96.85729, 35.6085 ], [ -96.83938, 35.60809 ], [ -96.83932, 35.5936 ], [ -96.96354, 35.59376 ], [ -96.96356, 35.5649 ], [ -97.05208, 35.56499 ], [ -97.05236, 35.57937 ], [ -97.07023, 35.57966 ], [ -97.07029, 35.5937 ], [ -97.10521, 35.59394 ], [ -97.10567, 35.60839 ], [ -97.14094, 35.60845 ], [ -97.14054, 35.5652 ], [ -97.21156, 35.56571 ], [ -97.21203, 35.55064 ], [ -97.2734, 35.5511 ], [ -97.2735, 35.5655 ], [ -97.2824, 35.5656 ], [ -97.2822, 35.5511 ], [ -97.3001, 35.5511 ], [ -97.30007, 35.54392 ], [ -97.3002, 35.5074 ], [ -97.3353, 35.5074 ], [ -97.3353, 35.4929 ], [ -97.3526, 35.4929 ], [ -97.3527, 35.5002 ], [ -97.3617, 35.5003 ], [ -97.3704, 35.5002 ], [ -97.3704, 35.493 ], [ -97.3882, 35.493 ], [ -97.3881, 35.5177 ], [ -97.3809, 35.5213 ], [ -97.3819, 35.522 ], [ -97.3752, 35.529 ], [ -97.3734, 35.5365 ], [ -97.4237, 35.5367 ], [ -97.4238, 35.4931 ], [ -97.4237, 35.4851 ], [ -97.4236, 35.4641 ], [ -97.4235, 35.4348 ], [ -97.4235, 35.4204 ], [ -97.4234, 35.41615 ], [ -97.41651, 35.41629 ], [ -97.4158, 35.41804 ], [ -97.4151, 35.41426 ], [ -97.41094, 35.41423 ], [ -97.41103, 35.41026 ], [ -97.40583, 35.41029 ], [ -97.4058, 35.4061 ], [ -97.3858, 35.406 ], [ -97.38541, 35.3946 ], [ -97.38537, 35.38818 ], [ -97.388, 35.3882 ], [ -97.3879, 35.3773 ], [ -97.2696, 35.3773 ], [ -97.2646, 35.3773 ], [ -97.2301, 35.3773 ], [ -97.2298, 35.4641 ], [ -97.21205, 35.46413 ], [ -97.19445, 35.4641 ], [ -97.19462, 35.43505 ], [ -97.17685, 35.43493 ], [ -97.17696, 35.42054 ], [ -97.14139, 35.42029 ], [ -97.125, 35.42024 ], [ -97.125, 35.43469 ], [ -97.14117, 35.43483 ], [ -97.14093, 35.464 ], [ -97.10634, 35.4635 ], [ -97.10475, 35.45548 ], [ -97.1073, 35.45326 ], [ -97.10033, 35.45127 ], [ -97.10016, 35.44905 ], [ -97.09649, 35.44882 ], [ -97.09521, 35.44614 ], [ -97.08832, 35.44551 ], [ -97.08183, 35.4418 ], [ -97.08141, 35.44061 ], [ -97.08452, 35.44102 ], [ -97.08357, 35.43944 ], [ -97.07349, 35.43543 ], [ -97.06916, 35.43596 ], [ -97.06745, 35.43443 ], [ -97.06706, 35.43067 ], [ -97.07044, 35.4285 ], [ -97.06977, 35.42751 ], [ -97.05951, 35.43104 ], [ -97.06085, 35.42591 ], [ -97.05688, 35.42612 ], [ -97.05425, 35.42225 ], [ -97.05268, 35.42275 ], [ -97.05274, 35.42767 ], [ -97.04997, 35.42662 ], [ -97.04829, 35.42852 ], [ -97.05059, 35.4287 ], [ -97.04659, 35.43017 ], [ -97.04577, 35.42946 ], [ -97.04757, 35.42799 ], [ -97.04653, 35.4265 ], [ -97.04057, 35.42559 ], [ -97.04519, 35.42376 ], [ -97.04413, 35.42213 ], [ -97.04572, 35.42131 ], [ -97.04404, 35.41998 ], [ -97.04684, 35.4159 ], [ -97.05431, 35.41153 ], [ -97.0486, 35.40945 ], [ -97.05034, 35.40656 ], [ -97.0453, 35.40707 ], [ -97.04469, 35.40594 ], [ -97.05632, 35.40574 ], [ -97.05403, 35.40276 ], [ -97.05402, 35.37609 ], [ -97.14153, 35.37617 ], [ -97.14173, 35.28954 ], [ -97.2432, 35.2897 ], [ -97.2457, 35.2962 ], [ -97.2482, 35.2955 ], [ -97.25, 35.2986 ], [ -97.2521, 35.2966 ], [ -97.2549, 35.2972 ], [ -97.2648, 35.3061 ], [ -97.2647, 35.3194 ], [ -97.3, 35.3194 ], [ -97.3, 35.3049 ], [ -97.3356, 35.3051 ], [ -97.3351, 35.2905 ], [ -97.4408, 35.2907 ], [ -97.4875, 35.2906 ], [ -97.5121, 35.2906 ], [ -97.5652, 35.2906 ], [ -97.5571, 35.2687 ], [ -97.563, 35.2522 ], [ -97.5614, 35.2332 ], [ -97.51859, 35.20483 ], [ -97.49448, 35.1915 ], [ -97.49437, 35.18822 ], [ -97.52954, 35.18894 ], [ -97.5296, 35.1823 ], [ -97.56442, 35.18227 ], [ -97.56461, 35.17877 ], [ -97.57348, 35.17888 ], [ -97.57354, 35.1818 ], [ -97.6002, 35.18179 ], [ -97.6003, 35.18926 ], [ -97.65277, 35.1893 ], [ -97.65285, 35.20368 ], [ -97.67012, 35.20359 ], [ -97.67062, 35.20361 ], [ -97.88221, 35.20355 ], [ -97.88279, 35.20356 ], [ -97.88279, 35.31967 ], [ -97.8786, 35.31965 ], [ -97.87889, 35.33242 ], [ -97.86685, 35.3368 ], [ -97.86328, 35.34202 ], [ -97.85702, 35.34461 ], [ -97.85504, 35.34136 ], [ -97.84306, 35.334 ], [ -97.83278, 35.33499 ], [ -97.83027, 35.33581 ], [ -97.83038, 35.40603 ], [ -97.83043, 35.53686 ], [ -97.81253, 35.53702 ], [ -97.81213, 35.55122 ], [ -97.81594, 35.55125 ], [ -97.81581, 35.63472 ], [ -97.82365, 35.63829 ], [ -97.82374, 35.64549 ], [ -97.81584, 35.64611 ], [ -97.81579, 35.65312 ], [ -97.83379, 35.6529 ], [ -97.83354, 35.69653 ], [ -97.81581, 35.69642 ], [ -97.8159, 35.72574 ], [ -98.11807, 35.72529 ], [ -98.20682, 35.7251 ], [ -98.20664, 35.79756 ], [ -97.89641, 35.7984 ], [ -97.89632, 35.81292 ], [ -97.83375, 35.81286 ], [ -97.83362, 35.82731 ], [ -97.78045, 35.82721 ], [ -97.78063, 35.85616 ], [ -97.7273, 35.85641 ], [ -97.72757, 35.89794 ], [ -97.71268, 35.89811 ], [ -97.71435, 35.88864 ], [ -97.71303, 35.88533 ], [ -97.7027, 35.88822 ], [ -97.69544, 35.87924 ], [ -97.69623, 35.87077 ], [ -97.70074, 35.85986 ], [ -97.69637, 35.85498 ], [ -97.69192, 35.85272 ], [ -97.68358, 35.85267 ], [ -97.67886, 35.85552 ], [ -97.67405, 35.86122 ], [ -97.67395, 35.81325 ], [ -97.67384, 35.78392 ], [ -97.6736, 35.72594 ] ] ], [ [ [ -98.63181, 35.63849 ], [ -98.82703, 35.63834 ], [ -98.82691, 35.71095 ], [ -98.84445, 35.71085 ], [ -98.84427, 35.81279 ], [ -98.70161, 35.81243 ], [ -98.63175, 35.81232 ], [ -98.63147, 35.74436 ], [ -98.625, 35.74281 ], [ -98.62168, 35.73873 ], [ -98.61654, 35.73672 ], [ -98.61564, 35.73171 ], [ -98.61797, 35.72754 ], [ -98.61648, 35.7249 ], [ -98.61112, 35.73017 ], [ -98.5964, 35.73385 ], [ -98.5962, 35.72512 ], [ -98.46113, 35.72506 ], [ -98.41911, 35.72517 ], [ -98.41908, 35.71069 ], [ -98.31278, 35.71067 ], [ -98.31291, 35.55147 ], [ -98.30796, 35.55146 ], [ -98.30788, 35.54135 ], [ -98.30638, 35.54099 ], [ -98.29466, 35.53043 ], [ -98.27734, 35.52766 ], [ -98.25292, 35.51597 ], [ -98.2482, 35.50028 ], [ -98.24288, 35.4951 ], [ -98.24226, 35.48802 ], [ -98.23826, 35.48502 ], [ -98.22915, 35.47065 ], [ -98.22557, 35.46801 ], [ -98.21022, 35.46327 ], [ -98.19273, 35.45296 ], [ -98.18451, 35.45279 ], [ -98.17793, 35.44969 ], [ -98.17468, 35.45071 ], [ -98.16781, 35.45779 ], [ -98.16189, 35.46032 ], [ -98.14437, 35.45374 ], [ -98.13762, 35.45 ], [ -98.12961, 35.43884 ], [ -98.12829, 35.43146 ], [ -98.12054, 35.42767 ], [ -98.11485, 35.41791 ], [ -98.09601, 35.41204 ], [ -98.08205, 35.41245 ], [ -98.06795, 35.40854 ], [ -98.05997, 35.40429 ], [ -98.05652, 35.40701 ], [ -98.05245, 35.40174 ], [ -98.05166, 35.39742 ], [ -98.05174, 35.39523 ], [ -98.05835, 35.387 ], [ -98.05867, 35.38294 ], [ -98.05723, 35.38096 ], [ -98.05172, 35.38023 ], [ -98.04865, 35.38631 ], [ -98.03305, 35.39126 ], [ -98.02556, 35.38388 ], [ -98.02482, 35.37888 ], [ -98.02321, 35.37776 ], [ -98.09564, 35.37767 ], [ -98.30045, 35.37719 ], [ -98.30336, 35.37147 ], [ -98.30775, 35.36842 ], [ -98.31035, 35.3643 ], [ -98.31421, 35.35168 ], [ -98.3213, 35.34188 ], [ -98.32418, 35.3406 ], [ -98.32538, 35.33075 ], [ -98.33569, 35.3196 ], [ -98.38072, 35.31942 ], [ -98.38667, 35.32098 ], [ -98.39181, 35.31952 ], [ -98.41191, 35.31973 ], [ -98.4119, 35.33427 ], [ -98.44714, 35.33411 ], [ -98.44711, 35.31962 ], [ -98.5, 35.31949 ], [ -98.5, 35.36281 ], [ -98.46473, 35.36283 ], [ -98.46489, 35.42045 ], [ -98.47368, 35.42054 ], [ -98.47374, 35.43504 ], [ -98.47372, 35.44956 ], [ -98.46484, 35.44951 ], [ -98.46476, 35.53663 ], [ -98.42415, 35.5365 ], [ -98.42545, 35.54119 ], [ -98.4247, 35.54603 ], [ -98.42963, 35.54974 ], [ -98.4293, 35.55142 ], [ -98.6228, 35.55155 ], [ -98.63172, 35.55157 ], [ -98.63181, 35.63849 ] ] ], [ [ [ -96.441, 35.4676 ], [ -96.4411, 35.29002 ], [ -96.44101, 35.23178 ], [ -96.44106, 35.11571 ], [ -96.49014, 35.11584 ], [ -96.49036, 35.01417 ], [ -96.50566, 35.01423 ], [ -96.50254, 35.01976 ], [ -96.50256, 35.02869 ], [ -96.54633, 35.02875 ], [ -96.54672, 34.99956 ], [ -96.59591, 35.00012 ], [ -96.5963, 35.00297 ], [ -96.60482, 35.00968 ], [ -96.60399, 35.01268 ], [ -96.60607, 35.01153 ], [ -96.61556, 35.01384 ], [ -96.61378, 35.01622 ], [ -96.61615, 35.01727 ], [ -96.61284, 35.02121 ], [ -96.6075, 35.02298 ], [ -96.6095, 35.02327 ], [ -96.60897, 35.02524 ], [ -96.60755, 35.02595 ], [ -96.60633, 35.02465 ], [ -96.60494, 35.02641 ], [ -96.60564, 35.03003 ], [ -96.61407, 35.03307 ], [ -96.61435, 35.03497 ], [ -96.61293, 35.03774 ], [ -96.60553, 35.03989 ], [ -96.60161, 35.04434 ], [ -96.59905, 35.04271 ], [ -96.59916, 35.04827 ], [ -96.59668, 35.04921 ], [ -96.59955, 35.05276 ], [ -96.60044, 35.05097 ], [ -96.6013, 35.05297 ], [ -96.59978, 35.05677 ], [ -96.59515, 35.05869 ], [ -96.59666, 35.06272 ], [ -96.59402, 35.06519 ], [ -96.59516, 35.06634 ], [ -96.59382, 35.06769 ], [ -96.59725, 35.06988 ], [ -96.59591, 35.06966 ], [ -96.5936, 35.07494 ], [ -96.5946, 35.0778 ], [ -96.59625, 35.07721 ], [ -96.60212, 35.08014 ], [ -96.60296, 35.08234 ], [ -96.60527, 35.0824 ], [ -96.6038, 35.08327 ], [ -96.60566, 35.08597 ], [ -96.6026, 35.08671 ], [ -96.60171, 35.08513 ], [ -96.59876, 35.08785 ], [ -96.60252, 35.08886 ], [ -96.60143, 35.09115 ], [ -96.60692, 35.09598 ], [ -96.6082, 35.0955 ], [ -96.60611, 35.08906 ], [ -96.61198, 35.08785 ], [ -96.61148, 35.08895 ], [ -96.61405, 35.08858 ], [ -96.61335, 35.09044 ], [ -96.61642, 35.09174 ], [ -96.61786, 35.09188 ], [ -96.6175, 35.09014 ], [ -96.62318, 35.09226 ], [ -96.62457, 35.09572 ], [ -96.62193, 35.09718 ], [ -96.62439, 35.09927 ], [ -96.62639, 35.09993 ], [ -96.62815, 35.09842 ], [ -96.62898, 35.10032 ], [ -96.64059, 35.09993 ], [ -96.63165, 35.10595 ], [ -96.6329, 35.10634 ], [ -96.63162, 35.1084 ], [ -96.63374, 35.11009 ], [ -96.63153, 35.11257 ], [ -96.62593, 35.11307 ], [ -96.62587, 35.13039 ], [ -96.61681, 35.13145 ], [ -96.61675, 35.17384 ], [ -96.63445, 35.17388 ], [ -96.63452, 35.18847 ], [ -96.6875, 35.18832 ], [ -96.68753, 35.17383 ], [ -96.73152, 35.17384 ], [ -96.73162, 35.18815 ], [ -96.7351, 35.1862 ], [ -96.73995, 35.18661 ], [ -96.74013, 35.20282 ], [ -96.75912, 35.20296 ], [ -96.75905, 35.21736 ], [ -96.77645, 35.2174 ], [ -96.77682, 35.2896 ], [ -96.77641, 35.4113 ], [ -96.77392, 35.40589 ], [ -96.77004, 35.40727 ], [ -96.76891, 35.41053 ], [ -96.76673, 35.40839 ], [ -96.76248, 35.40939 ], [ -96.75091, 35.40628 ], [ -96.74266, 35.40674 ], [ -96.73973, 35.40855 ], [ -96.74133, 35.41445 ], [ -96.73632, 35.41537 ], [ -96.7345, 35.4135 ], [ -96.73283, 35.41579 ], [ -96.73789, 35.41965 ], [ -96.72433, 35.42501 ], [ -96.72089, 35.42431 ], [ -96.71678, 35.42 ], [ -96.71658, 35.41771 ], [ -96.72038, 35.41373 ], [ -96.71943, 35.41199 ], [ -96.71105, 35.41563 ], [ -96.70666, 35.41474 ], [ -96.70543, 35.41655 ], [ -96.70316, 35.41659 ], [ -96.70022, 35.40945 ], [ -96.69136, 35.40854 ], [ -96.68968, 35.40703 ], [ -96.68974, 35.40375 ], [ -96.68171, 35.40588 ], [ -96.67758, 35.40204 ], [ -96.67548, 35.40432 ], [ -96.67425, 35.40039 ], [ -96.67067, 35.40142 ], [ -96.67048, 35.39993 ], [ -96.66435, 35.39862 ], [ -96.66061, 35.39512 ], [ -96.65379, 35.39537 ], [ -96.65197, 35.39168 ], [ -96.64412, 35.39303 ], [ -96.6362, 35.39919 ], [ -96.63372, 35.39328 ], [ -96.63081, 35.39239 ], [ -96.6265, 35.39918 ], [ -96.62341, 35.40088 ], [ -96.62458, 35.46266 ], [ -96.6214, 35.55172 ], [ -96.62036, 35.63894 ], [ -96.47628, 35.63897 ], [ -96.47664, 35.58096 ], [ -96.441, 35.58094 ], [ -96.44092, 35.55201 ], [ -96.40546, 35.55191 ], [ -96.40549, 35.55915 ], [ -96.38782, 35.55958 ], [ -96.38803, 35.53715 ], [ -96.37032, 35.53678 ], [ -96.37044, 35.50819 ], [ -96.37045, 35.49353 ], [ -96.34224, 35.49335 ], [ -96.3411, 35.49002 ], [ -96.33399, 35.48999 ], [ -96.33485, 35.4788 ], [ -96.35273, 35.47891 ], [ -96.35272, 35.45227 ], [ -96.41175, 35.4848 ], [ -96.42331, 35.48654 ], [ -96.42348, 35.47913 ], [ -96.44108, 35.47894 ], [ -96.4399, 35.47139 ], [ -96.441, 35.4676 ] ] ], [ [ [ -97.67405, 35.86122 ], [ -97.67532, 35.99871 ], [ -97.67553, 36.00035 ], [ -97.67532, 36.07273 ], [ -97.60649, 36.07253 ], [ -97.60249, 36.0711 ], [ -97.60644, 36.06975 ], [ -97.60565, 36.06828 ], [ -97.60322, 36.06947 ], [ -97.60156, 36.06821 ], [ -97.60223, 36.06448 ], [ -97.59451, 36.06327 ], [ -97.59544, 36.06606 ], [ -97.59403, 36.06622 ], [ -97.58334, 36.05947 ], [ -97.58416, 36.05622 ], [ -97.58086, 36.05588 ], [ -97.57756, 36.05906 ], [ -97.56817, 36.05489 ], [ -97.564, 36.05585 ], [ -97.56352, 36.05833 ], [ -97.56072, 36.05791 ], [ -97.55774, 36.06059 ], [ -97.5581, 36.05487 ], [ -97.55593, 36.05574 ], [ -97.55528, 36.05851 ], [ -97.55215, 36.0586 ], [ -97.54914, 36.05613 ], [ -97.54877, 36.051 ], [ -97.54341, 36.04898 ], [ -97.54274, 36.05008 ], [ -97.54527, 36.05297 ], [ -97.54276, 36.05386 ], [ -97.54181, 36.0504 ], [ -97.53887, 36.051 ], [ -97.53882, 36.04731 ], [ -97.53538, 36.04896 ], [ -97.53428, 36.04635 ], [ -97.5314, 36.04681 ], [ -97.5309, 36.04275 ], [ -97.52709, 36.04461 ], [ -97.52351, 36.0419 ], [ -97.51929, 36.0414 ], [ -97.5181, 36.04392 ], [ -97.51089, 36.03998 ], [ -97.51483, 36.04389 ], [ -97.51507, 36.07256 ], [ -97.52602, 36.07258 ], [ -97.52381, 36.07762 ], [ -97.53052, 36.08378 ], [ -97.52794, 36.09269 ], [ -97.52978, 36.09358 ], [ -97.53014, 36.09587 ], [ -97.52802, 36.10133 ], [ -97.53017, 36.10198 ], [ -97.53022, 36.10375 ], [ -97.52847, 36.1042 ], [ -97.52938, 36.10581 ], [ -97.52616, 36.10752 ], [ -97.52579, 36.11013 ], [ -97.5221, 36.11022 ], [ -97.51772, 36.11707 ], [ -97.51825, 36.12277 ], [ -97.51622, 36.12695 ], [ -97.51732, 36.12839 ], [ -97.51602, 36.13604 ], [ -97.51091, 36.13828 ], [ -97.50825, 36.1432 ], [ -97.5082, 36.14507 ], [ -97.51429, 36.14513 ], [ -97.51394, 36.1587 ], [ -97.51183, 36.16456 ], [ -97.5, 36.16456 ], [ -97.49607, 36.16453 ], [ -97.46042, 36.16442 ], [ -97.35356, 36.16425 ], [ -97.35369, 36.1591 ], [ -97.35349, 36.10104 ], [ -97.35358, 36.00683 ], [ -97.35355, 35.99954 ], [ -97.35355, 35.98489 ], [ -97.35649, 35.98437 ], [ -97.35992, 35.98987 ], [ -97.36535, 35.99121 ], [ -97.37238, 35.99014 ], [ -97.37642, 35.98329 ], [ -97.38012, 35.98141 ], [ -97.38755, 35.98255 ], [ -97.39258, 35.98632 ], [ -97.39846, 35.98796 ], [ -97.40578, 35.98429 ], [ -97.41936, 35.98335 ], [ -97.4226, 35.97974 ], [ -97.43877, 35.98706 ], [ -97.44843, 35.98695 ], [ -97.45243, 35.98388 ], [ -97.45533, 35.98624 ], [ -97.46037, 35.98539 ], [ -97.46561, 35.98745 ], [ -97.46725, 35.99136 ], [ -97.47536, 35.99592 ], [ -97.47793, 36.0 ], [ -97.47585, 36.00067 ], [ -97.48061, 36.00566 ], [ -97.48025, 36.0112 ], [ -97.48543, 36.01072 ], [ -97.48811, 36.01459 ], [ -97.48792, 35.98541 ], [ -97.49677, 35.98543 ], [ -97.49668, 35.94208 ], [ -97.47883, 35.94202 ], [ -97.47879, 35.91317 ], [ -97.4757, 35.91313 ], [ -97.47471, 35.91033 ], [ -97.47929, 35.90108 ], [ -97.48737, 35.90206 ], [ -97.49369, 35.89659 ], [ -97.49648, 35.89619 ], [ -97.5, 35.89761 ], [ -97.50588, 35.90454 ], [ -97.51767, 35.90813 ], [ -97.52793, 35.90101 ], [ -97.54753, 35.90254 ], [ -97.55432, 35.89448 ], [ -97.56684, 35.88899 ], [ -97.57997, 35.88983 ], [ -97.59329, 35.88679 ], [ -97.59547, 35.88042 ], [ -97.59955, 35.87993 ], [ -97.60714, 35.88435 ], [ -97.61385, 35.88519 ], [ -97.61366, 35.8786 ], [ -97.63016, 35.8775 ], [ -97.63604, 35.86918 ], [ -97.64569, 35.86478 ], [ -97.64691, 35.86045 ], [ -97.64901, 35.85872 ], [ -97.65616, 35.85885 ], [ -97.66138, 35.86404 ], [ -97.66809, 35.86667 ], [ -97.67129, 35.86537 ], [ -97.67405, 35.86122 ] ] ], [ [ [ -97.64213, 34.55213 ], [ -97.64875, 34.55598 ], [ -97.64637, 34.55848 ], [ -97.6494, 34.57197 ], [ -97.64622, 34.57817 ], [ -97.64658, 34.58214 ], [ -97.64516, 34.58365 ], [ -97.64679, 34.59015 ], [ -97.64574, 34.5948 ], [ -97.64394, 34.59508 ], [ -97.64471, 34.59789 ], [ -97.64202, 34.60103 ], [ -97.64047, 34.61154 ], [ -97.63648, 34.61369 ], [ -97.63268, 34.61868 ], [ -97.63289, 34.68114 ], [ -97.56245, 34.68107 ], [ -97.52777, 34.68098 ], [ -97.52623, 34.6993 ], [ -97.52792, 34.70732 ], [ -97.52651, 34.70927 ], [ -97.52744, 34.72456 ], [ -97.45714, 34.7245 ], [ -97.44857, 34.7245 ], [ -97.44842, 34.56483 ], [ -97.55049, 34.56501 ], [ -97.55469, 34.56623 ], [ -97.5625, 34.56504 ], [ -97.59735, 34.56499 ], [ -97.59782, 34.55044 ], [ -97.64179, 34.55051 ], [ -97.64213, 34.55213 ] ] ] ] } },
{ "type": "Feature", "properties": { "HSA93": 37064, "HSANAME": "OK- OKMULGEE", "STATE": 37, "HRR93": 340, "HRR93_NAME": "OK- TULSA", "Persons90": 21137, "hosp_cnt": 1, "HSA_label": "Okmulgee" }, "geometry": { "type": "Polygon", "coordinates": [ [ [ -95.87301, 35.55174 ], [ -95.87901, 35.55176 ], [ -95.87974, 35.5493 ], [ -95.88399, 35.54631 ], [ -95.88391, 35.54367 ], [ -95.88775, 35.53992 ], [ -95.88664, 35.52914 ], [ -95.88838, 35.52164 ], [ -95.89115, 35.52132 ], [ -95.89367, 35.51814 ], [ -95.8975, 35.51791 ], [ -95.89972, 35.5151 ], [ -95.90666, 35.51661 ], [ -95.90601, 35.52158 ], [ -95.90861, 35.52151 ], [ -95.91124, 35.52375 ], [ -95.90366, 35.52796 ], [ -95.90405, 35.53091 ], [ -95.90584, 35.53146 ], [ -95.90615, 35.52869 ], [ -95.91007, 35.52787 ], [ -95.91401, 35.5313 ], [ -95.91334, 35.5338 ], [ -95.9165, 35.5354 ], [ -95.91639, 35.53721 ], [ -95.91146, 35.53396 ], [ -95.90967, 35.5357 ], [ -95.91768, 35.55023 ], [ -95.91913, 35.55032 ], [ -95.92151, 35.54668 ], [ -95.92378, 35.54707 ], [ -95.91854, 35.55641 ], [ -95.92101, 35.55506 ], [ -95.92479, 35.557 ], [ -95.92165, 35.55874 ], [ -95.92274, 35.56078 ], [ -95.92817, 35.56041 ], [ -95.92574, 35.56355 ], [ -95.93053, 35.56339 ], [ -95.9296, 35.56837 ], [ -95.93271, 35.56881 ], [ -95.93588, 35.56668 ], [ -95.93431, 35.57018 ], [ -95.93812, 35.57069 ], [ -95.93834, 35.56634 ], [ -95.94148, 35.56803 ], [ -95.9447, 35.56659 ], [ -95.94753, 35.56782 ], [ -95.94582, 35.56947 ], [ -95.94713, 35.57032 ], [ -95.95699, 35.56814 ], [ -95.96083, 35.56572 ], [ -95.96147, 35.56654 ], [ -95.95895, 35.56789 ], [ -95.96164, 35.56894 ], [ -95.96581, 35.56762 ], [ -95.9634, 35.56597 ], [ -95.96382, 35.56418 ], [ -95.97416, 35.56921 ], [ -95.97503, 35.5685 ], [ -95.97242, 35.56581 ], [ -95.98037, 35.56686 ], [ -95.98789, 35.57809 ], [ -95.9845, 35.58127 ], [ -95.98769, 35.58276 ], [ -95.98562, 35.58626 ], [ -95.98733, 35.58733 ], [ -95.9896, 35.58598 ], [ -95.9931, 35.5868 ], [ -95.9948, 35.57726 ], [ -95.99752, 35.57829 ], [ -96.00074, 35.57579 ], [ -96.00379, 35.57824 ], [ -96.00565, 35.57456 ], [ -96.00817, 35.57541 ], [ -96.00713, 35.57385 ], [ -96.00965, 35.57246 ], [ -96.00907, 35.57044 ], [ -96.0112, 35.56784 ], [ -96.015, 35.56768 ], [ -96.0175, 35.56502 ], [ -96.02122, 35.56596 ], [ -96.02097, 35.56191 ], [ -96.02531, 35.55972 ], [ -96.03278, 35.55883 ], [ -96.03352, 35.55187 ], [ -96.06768, 35.55201 ], [ -96.06947, 35.55593 ], [ -96.08028, 35.55918 ], [ -96.10369, 35.55922 ], [ -96.10365, 35.56639 ], [ -96.10759, 35.56643 ], [ -96.11129, 35.55821 ], [ -96.11523, 35.55858 ], [ -96.11698, 35.55612 ], [ -96.1229, 35.5544 ], [ -96.13824, 35.5546 ], [ -96.13915, 35.55201 ], [ -96.19256, 35.55181 ], [ -96.19229, 35.639 ], [ -96.19235, 35.72612 ], [ -96.05929, 35.72625 ], [ -96.05135, 35.73065 ], [ -96.05096, 35.73355 ], [ -96.04782, 35.73369 ], [ -96.04746, 35.73593 ], [ -96.0459, 35.73629 ], [ -96.04626, 35.74081 ], [ -95.8726, 35.74027 ], [ -95.87253, 35.81163 ], [ -95.89033, 35.82056 ], [ -95.89028, 35.85638 ], [ -95.8197, 35.8558 ], [ -95.7659, 35.8563 ], [ -95.76595, 35.72561 ], [ -95.71282, 35.72578 ], [ -95.71278, 35.60945 ], [ -95.71269, 35.5517 ], [ -95.82205, 35.55162 ], [ -95.87301, 35.55174 ] ] ] } },
{ "type": "Feature", "properties": { "HSA93": 37065, "HSANAME": "OK- PAULS VALLEY", "STATE": 37, "HRR93": 339, "HRR93_NAME": "OK- OKLAHOMA CITY", "Persons90": 16680, "hosp_cnt": 1, "HSA_label": "Pauls Valley" }, "geometry": { "type": "Polygon", "coordinates": [ [ [ -97.19479, 34.50663 ], [ -97.19527, 34.47097 ], [ -97.19214, 34.46529 ], [ -97.19239, 34.456 ], [ -97.19842, 34.45318 ], [ -97.19999, 34.4491 ], [ -97.19925, 34.44397 ], [ -97.20137, 34.43905 ], [ -97.21906, 34.43566 ], [ -97.22343, 34.43721 ], [ -97.22539, 34.43531 ], [ -97.24051, 34.4318 ], [ -97.2478, 34.4348 ], [ -97.26834, 34.43293 ], [ -97.27549, 34.43424 ], [ -97.279, 34.4368 ], [ -97.28608, 34.43576 ], [ -97.31592, 34.44161 ], [ -97.33403, 34.44232 ], [ -97.34473, 34.43547 ], [ -97.34568, 34.42712 ], [ -97.34992, 34.42803 ], [ -97.35195, 34.43117 ], [ -97.35479, 34.43419 ], [ -97.37278, 34.43805 ], [ -97.38026, 34.42997 ], [ -97.39107, 34.42342 ], [ -97.39926, 34.4224 ], [ -97.39928, 34.41969 ], [ -97.45486, 34.41977 ], [ -97.45715, 34.41977 ], [ -97.45696, 34.43417 ], [ -97.45312, 34.43447 ], [ -97.45259, 34.44881 ], [ -97.5092, 34.44868 ], [ -97.5093, 34.4632 ], [ -97.56206, 34.46314 ], [ -97.56206, 34.50684 ], [ -97.5625, 34.56504 ], [ -97.55469, 34.56623 ], [ -97.55049, 34.56501 ], [ -97.44842, 34.56483 ], [ -97.44857, 34.7245 ], [ -97.34398, 34.7245 ], [ -97.34373, 34.7209 ], [ -97.33502, 34.72093 ], [ -97.33499, 34.73902 ], [ -97.35228, 34.73906 ], [ -97.35221, 34.76802 ], [ -97.30371, 34.76802 ], [ -97.33533, 34.7851 ], [ -97.33373, 34.79042 ], [ -97.33013, 34.79504 ], [ -97.33543, 34.79442 ], [ -97.34168, 34.80205 ], [ -97.342, 34.80493 ], [ -97.34162, 34.80775 ], [ -97.33688, 34.80741 ], [ -97.33585, 34.81167 ], [ -97.3178, 34.81162 ], [ -97.31775, 34.82619 ], [ -97.3353, 34.82623 ], [ -97.33536, 34.85515 ], [ -97.26508, 34.85507 ], [ -97.19472, 34.85504 ], [ -97.05428, 34.85483 ], [ -97.05479, 34.75525 ], [ -97.05676, 34.75298 ], [ -97.07224, 34.7528 ], [ -97.07329, 34.71511 ], [ -97.07223, 34.69489 ], [ -97.08981, 34.69484 ], [ -97.08977, 34.6659 ], [ -97.08962, 34.63696 ], [ -97.14237, 34.63695 ], [ -97.14207, 34.6225 ], [ -97.19913, 34.62265 ], [ -97.19439, 34.61683 ], [ -97.19844, 34.61296 ], [ -97.19802, 34.61028 ], [ -97.19581, 34.60703 ], [ -97.19041, 34.60534 ], [ -97.19246, 34.60144 ], [ -97.19016, 34.59641 ], [ -97.17397, 34.59489 ], [ -97.16649, 34.58755 ], [ -97.16754, 34.58583 ], [ -97.17408, 34.5861 ], [ -97.17182, 34.57938 ], [ -97.16384, 34.57456 ], [ -97.16606, 34.57214 ], [ -97.17396, 34.57388 ], [ -97.17544, 34.57043 ], [ -97.17287, 34.56498 ], [ -97.16694, 34.56295 ], [ -97.15702, 34.56391 ], [ -97.15777, 34.56208 ], [ -97.16419, 34.55905 ], [ -97.15743, 34.55141 ], [ -97.16276, 34.54731 ], [ -97.15974, 34.53559 ], [ -97.1608, 34.5333 ], [ -97.16465, 34.53255 ], [ -97.16494, 34.531 ], [ -97.15931, 34.52908 ], [ -97.15652, 34.52164 ], [ -97.14535, 34.52237 ], [ -97.14342, 34.52054 ], [ -97.1464, 34.51824 ], [ -97.15158, 34.51771 ], [ -97.15233, 34.51609 ], [ -97.14326, 34.50938 ], [ -97.14358, 34.50645 ], [ -97.19479, 34.50663 ] ] ] } },
{ "type": "Feature", "properties": { "HSA93": 37066, "HSANAME": "OK- PAWHUSKA", "STATE": 37, "HRR93": 340, "HRR93_NAME": "OK- TULSA", "Persons90": 7854, "hosp_cnt": 1, "HSA_label": "Pawhuska" }, "geometry": { "type": "Polygon", "coordinates": [ [ [ -96.27521, 36.59345 ], [ -96.27513, 36.59123 ], [ -96.27031, 36.59107 ], [ -96.26699, 36.58637 ], [ -96.26271, 36.58598 ], [ -96.254, 36.57891 ], [ -96.245, 36.57884 ], [ -96.24228, 36.58118 ], [ -96.23488, 36.58216 ], [ -96.22801, 36.57889 ], [ -96.22211, 36.57846 ], [ -96.21987, 36.57315 ], [ -96.21765, 36.57164 ], [ -96.22435, 36.56496 ], [ -96.23146, 36.5643 ], [ -96.23427, 36.56141 ], [ -96.24215, 36.56008 ], [ -96.24627, 36.55717 ], [ -96.24584, 36.55427 ], [ -96.25068, 36.55202 ], [ -96.25783, 36.54539 ], [ -96.27731, 36.53615 ], [ -96.30819, 36.53542 ], [ -96.30831, 36.50311 ], [ -96.31709, 36.50238 ], [ -96.31737, 36.46152 ], [ -96.32343, 36.45912 ], [ -96.32763, 36.45997 ], [ -96.33001, 36.45871 ], [ -96.33267, 36.45983 ], [ -96.33709, 36.46667 ], [ -96.34392, 36.46683 ], [ -96.34497, 36.47012 ], [ -96.34652, 36.47056 ], [ -96.35358, 36.46717 ], [ -96.35865, 36.46788 ], [ -96.36525, 36.46366 ], [ -96.36358, 36.46575 ], [ -96.36451, 36.46673 ], [ -96.36743, 36.46634 ], [ -96.36803, 36.46877 ], [ -96.3706, 36.46821 ], [ -96.37658, 36.47167 ], [ -96.37738, 36.46929 ], [ -96.3811, 36.46924 ], [ -96.38512, 36.46295 ], [ -96.40979, 36.46312 ], [ -96.41832, 36.45841 ], [ -96.42297, 36.46006 ], [ -96.4279, 36.4596 ], [ -96.4316, 36.46488 ], [ -96.43447, 36.46024 ], [ -96.43733, 36.4596 ], [ -96.43741, 36.4618 ], [ -96.44334, 36.46425 ], [ -96.44475, 36.46205 ], [ -96.44877, 36.46361 ], [ -96.44985, 36.46166 ], [ -96.45067, 36.46299 ], [ -96.45195, 36.46157 ], [ -96.4541, 36.46267 ], [ -96.46982, 36.45678 ], [ -96.47294, 36.45763 ], [ -96.47254, 36.45941 ], [ -96.47727, 36.45905 ], [ -96.48123, 36.45572 ], [ -96.49041, 36.45353 ], [ -96.49058, 36.45142 ], [ -96.49195, 36.46126 ], [ -96.49631, 36.46545 ], [ -96.49471, 36.48019 ], [ -96.5, 36.4844 ], [ -96.50655, 36.48682 ], [ -96.5072, 36.50041 ], [ -96.52015, 36.50678 ], [ -96.53112, 36.50736 ], [ -96.53605, 36.515 ], [ -96.54779, 36.52759 ], [ -96.55297, 36.52938 ], [ -96.55581, 36.54016 ], [ -96.55561, 36.5416 ], [ -96.54129, 36.54336 ], [ -96.53884, 36.55748 ], [ -96.54179, 36.56089 ], [ -96.54122, 36.56489 ], [ -96.53915, 36.56775 ], [ -96.53229, 36.56842 ], [ -96.51869, 36.58125 ], [ -96.51443, 36.58821 ], [ -96.51044, 36.60747 ], [ -96.49321, 36.60828 ], [ -96.49284, 36.62979 ], [ -96.4926, 36.65982 ], [ -96.49164, 36.66561 ], [ -96.48443, 36.66666 ], [ -96.48424, 36.68085 ], [ -96.47526, 36.6809 ], [ -96.47417, 36.73172 ], [ -96.48399, 36.74634 ], [ -96.48382, 36.75155 ], [ -96.48175, 36.75539 ], [ -96.49194, 36.76205 ], [ -96.4947, 36.76175 ], [ -96.49399, 36.76397 ], [ -96.49879, 36.76431 ], [ -96.49865, 36.76651 ], [ -96.50107, 36.76547 ], [ -96.5018, 36.76837 ], [ -96.53528, 36.76771 ], [ -96.53895, 36.76633 ], [ -96.54003, 36.7678 ], [ -96.5639, 36.76766 ], [ -96.5642, 36.84087 ], [ -96.56139, 36.84085 ], [ -96.56005, 36.843 ], [ -96.54643, 36.84841 ], [ -96.54576, 36.8467 ], [ -96.53759, 36.84526 ], [ -96.53434, 36.84256 ], [ -96.52995, 36.85084 ], [ -96.52203, 36.85812 ], [ -96.52115, 36.86173 ], [ -96.51103, 36.86754 ], [ -96.50984, 36.86962 ], [ -96.49235, 36.86951 ], [ -96.49228, 36.87902 ], [ -96.48787, 36.88347 ], [ -96.48154, 36.88483 ], [ -96.47884, 36.89179 ], [ -96.47536, 36.89495 ], [ -96.47007, 36.8944 ], [ -96.46217, 36.89733 ], [ -96.46038, 36.89601 ], [ -96.45802, 36.89697 ], [ -96.45351, 36.89589 ], [ -96.45084, 36.89916 ], [ -96.4479, 36.8999 ], [ -96.44864, 36.901 ], [ -96.44636, 36.90177 ], [ -96.44354, 36.90598 ], [ -96.42878, 36.90994 ], [ -96.43123, 36.92598 ], [ -96.42345, 36.93399 ], [ -96.42516, 36.9398 ], [ -96.4336, 36.94475 ], [ -96.43462, 36.95555 ], [ -96.43009, 36.96074 ], [ -96.42612, 36.9706 ], [ -96.41654, 36.97108 ], [ -96.41636, 36.99763 ], [ -96.41513, 36.99907 ], [ -96.31866, 36.99925 ], [ -96.23505, 36.99908 ], [ -96.09237, 36.99908 ], [ -96.00055, 36.99879 ], [ -96.00048, 36.87454 ], [ -96.0023, 36.87459 ], [ -96.00455, 36.87818 ], [ -96.00834, 36.8766 ], [ -96.01059, 36.87953 ], [ -96.01677, 36.87814 ], [ -96.02411, 36.88246 ], [ -96.02602, 36.87819 ], [ -96.03411, 36.88144 ], [ -96.03528, 36.87895 ], [ -96.04243, 36.87929 ], [ -96.04391, 36.87597 ], [ -96.04955, 36.87687 ], [ -96.05256, 36.87253 ], [ -96.05811, 36.86928 ], [ -96.06207, 36.86132 ], [ -96.06643, 36.85837 ], [ -96.06677, 36.85589 ], [ -96.07702, 36.85358 ], [ -96.08223, 36.84677 ], [ -96.08667, 36.84553 ], [ -96.09111, 36.85157 ], [ -96.10622, 36.85424 ], [ -96.10955, 36.84665 ], [ -96.10864, 36.84312 ], [ -96.1106, 36.8406 ], [ -96.10884, 36.83608 ], [ -96.10949, 36.83264 ], [ -96.12472, 36.83255 ], [ -96.1247, 36.82532 ], [ -96.14689, 36.82505 ], [ -96.15879, 36.81629 ], [ -96.16622, 36.81496 ], [ -96.17091, 36.80593 ], [ -96.1716, 36.79986 ], [ -96.18941, 36.78081 ], [ -96.18318, 36.77321 ], [ -96.18819, 36.76703 ], [ -96.20036, 36.76019 ], [ -96.20126, 36.7571 ], [ -96.20613, 36.75188 ], [ -96.2093, 36.74147 ], [ -96.20765, 36.73705 ], [ -96.20859, 36.73559 ], [ -96.20526, 36.73479 ], [ -96.20521, 36.72362 ], [ -96.19992, 36.7236 ], [ -96.19926, 36.71989 ], [ -96.19631, 36.71838 ], [ -96.1983, 36.70678 ], [ -96.19642, 36.70282 ], [ -96.19969, 36.70166 ], [ -96.20492, 36.6947 ], [ -96.20443, 36.68585 ], [ -96.19946, 36.68033 ], [ -96.19574, 36.67978 ], [ -96.19225, 36.6742 ], [ -96.1858, 36.67363 ], [ -96.18159, 36.67571 ], [ -96.17427, 36.67139 ], [ -96.1656, 36.67099 ], [ -96.16572, 36.66219 ], [ -96.16788, 36.65788 ], [ -96.17146, 36.65704 ], [ -96.17424, 36.654 ], [ -96.17507, 36.64791 ], [ -96.17978, 36.64235 ], [ -96.18004, 36.63713 ], [ -96.1741, 36.6299 ], [ -96.17396, 36.61814 ], [ -96.16947, 36.61596 ], [ -96.16922, 36.61262 ], [ -96.16601, 36.61171 ], [ -96.16497, 36.6034 ], [ -96.15932, 36.59873 ], [ -96.15998, 36.59324 ], [ -96.17365, 36.59299 ], [ -96.17394, 36.58519 ], [ -96.17601, 36.58396 ], [ -96.18739, 36.59704 ], [ -96.19476, 36.59716 ], [ -96.21227, 36.59318 ], [ -96.27521, 36.59345 ] ] ] } },
{ "type": "Feature", "properties": { "HSA93": 37067, "HSANAME": "OK- PAWNEE", "STATE": 37, "HRR93": 340, "HRR93_NAME": "OK- TULSA", "Persons90": 4209, "hosp_cnt": 1, "HSA_label": "Pawnee" }, "geometry": { "type": "Polygon", "coordinates": [ [ [ -96.81877, 36.15886 ], [ -96.81866, 36.18192 ], [ -96.81866, 36.24646 ], [ -96.92481, 36.24648 ], [ -96.92463, 36.33321 ], [ -97.03178, 36.33332 ], [ -97.03186, 36.35724 ], [ -97.0319, 36.36933 ], [ -97.03181, 36.38379 ], [ -97.03178, 36.39258 ], [ -97.03175, 36.49201 ], [ -97.03188, 36.50698 ], [ -97.01145, 36.50691 ], [ -97.01138, 36.50169 ], [ -97.00516, 36.48422 ], [ -96.98466, 36.47081 ], [ -96.98346, 36.4664 ], [ -96.96926, 36.46029 ], [ -96.96745, 36.45988 ], [ -96.95756, 36.4589 ], [ -96.95677, 36.45887 ], [ -96.95419, 36.45947 ], [ -96.95365, 36.4594 ], [ -96.95243, 36.45745 ], [ -96.94237, 36.45475 ], [ -96.94305, 36.45372 ], [ -96.92707, 36.45672 ], [ -96.91956, 36.46189 ], [ -96.93056, 36.45617 ], [ -96.93002, 36.45876 ], [ -96.92557, 36.45979 ], [ -96.92398, 36.46304 ], [ -96.92347, 36.46318 ], [ -96.92135, 36.46263 ], [ -96.91735, 36.46352 ], [ -96.91103, 36.4677 ], [ -96.89885, 36.46763 ], [ -96.89763, 36.46798 ], [ -96.89125, 36.47017 ], [ -96.88782, 36.47232 ], [ -96.87663, 36.46968 ], [ -96.88304, 36.46586 ], [ -96.88114, 36.46341 ], [ -96.8846, 36.46 ], [ -96.88007, 36.45838 ], [ -96.88078, 36.45664 ], [ -96.87865, 36.45547 ], [ -96.88117, 36.45389 ], [ -96.87962, 36.45288 ], [ -96.88081, 36.45176 ], [ -96.87673, 36.44924 ], [ -96.72862, 36.44916 ], [ -96.72733, 36.44516 ], [ -96.72484, 36.445 ], [ -96.72461, 36.44706 ], [ -96.72379, 36.44431 ], [ -96.72158, 36.44353 ], [ -96.72138, 36.4463 ], [ -96.71875, 36.44589 ], [ -96.7086, 36.43518 ], [ -96.69339, 36.42511 ], [ -96.68441, 36.42085 ], [ -96.67841, 36.42028 ], [ -96.67954, 36.41946 ], [ -96.63944, 36.42334 ], [ -96.63627, 36.42567 ], [ -96.62409, 36.41777 ], [ -96.62241, 36.41377 ], [ -96.62611, 36.41468 ], [ -96.61966, 36.40883 ], [ -96.6061, 36.40243 ], [ -96.60275, 36.38881 ], [ -96.60295, 36.38604 ], [ -96.60445, 36.38652 ], [ -96.60283, 36.38345 ], [ -96.60162, 36.38146 ], [ -96.59723, 36.37696 ], [ -96.58955, 36.37321 ], [ -96.58245, 36.3714 ], [ -96.57492, 36.37301 ], [ -96.56412, 36.38099 ], [ -96.55947, 36.38715 ], [ -96.55732, 36.38886 ], [ -96.53954, 36.4001 ], [ -96.53867, 36.39847 ], [ -96.53408, 36.39845 ], [ -96.53139, 36.3968 ], [ -96.53281, 36.39561 ], [ -96.52472, 36.39073 ], [ -96.52531, 36.38874 ], [ -96.51926, 36.37835 ], [ -96.52016, 36.36876 ], [ -96.53443, 36.35613 ], [ -96.5539, 36.35193 ], [ -96.56306, 36.34545 ], [ -96.57229, 36.33286 ], [ -96.5748, 36.32204 ], [ -96.57387, 36.31584 ], [ -96.58501, 36.3213 ], [ -96.58606, 36.32414 ], [ -96.59205, 36.32169 ], [ -96.59454, 36.32352 ], [ -96.59703, 36.32203 ], [ -96.60453, 36.32311 ], [ -96.60472, 36.32029 ], [ -96.60764, 36.32082 ], [ -96.60662, 36.31851 ], [ -96.60927, 36.31487 ], [ -96.6069, 36.31352 ], [ -96.60848, 36.31066 ], [ -96.62024, 36.31042 ], [ -96.62168, 36.30923 ], [ -96.62713, 36.31355 ], [ -96.63335, 36.31026 ], [ -96.63559, 36.30715 ], [ -96.64034, 36.30688 ], [ -96.64633, 36.3018 ], [ -96.64458, 36.29802 ], [ -96.64535, 36.29509 ], [ -96.64238, 36.29202 ], [ -96.64224, 36.28932 ], [ -96.63831, 36.289 ], [ -96.63852, 36.27538 ], [ -96.7104, 36.27539 ], [ -96.71061, 36.24632 ], [ -96.71239, 36.24574 ], [ -96.71288, 36.15952 ], [ -96.81877, 36.15886 ] ] ] } },
{ "type": "Feature", "properties": { "HSA93": 37068, "HSANAME": "OK- PERRY", "STATE": 37, "HRR93": 339, "HRR93_NAME": "OK- OKLAHOMA CITY", "Persons90": 7351, "hosp_cnt": 1, "HSA_label": "Perry" }, "geometry": { "type": "Polygon", "coordinates": [ [ [ -97.46022, 36.23211 ], [ -97.46084, 36.30377 ], [ -97.46112, 36.39049 ], [ -97.46116, 36.43376 ], [ -97.28253, 36.43422 ], [ -97.19288, 36.43468 ], [ -97.19285, 36.39265 ], [ -97.19285, 36.39118 ], [ -97.1749, 36.39116 ], [ -97.17499, 36.35507 ], [ -97.14822, 36.35493 ], [ -97.14754, 36.34779 ], [ -97.10356, 36.34786 ], [ -97.10342, 36.24644 ], [ -97.14076, 36.24632 ], [ -97.14044, 36.15917 ], [ -97.1761, 36.15913 ], [ -97.35369, 36.1591 ], [ -97.35356, 36.16425 ], [ -97.46042, 36.16442 ], [ -97.46022, 36.23211 ] ] ] } },
{ "type": "Feature", "properties": { "HSA93": 37069, "HSANAME": "OK- PONCA CITY", "STATE": 37, "HRR93": 339, "HRR93_NAME": "OK- OKLAHOMA CITY", "Persons90": 42465, "hosp_cnt": 1, "HSA_label": "Ponca City" }, "geometry": { "type": "Polygon", "coordinates": [ [ [ -96.9233, 36.70165 ], [ -96.92346, 36.68568 ], [ -96.91431, 36.68758 ], [ -96.88478, 36.68833 ], [ -96.86107, 36.69524 ], [ -96.83345, 36.69521 ], [ -96.8335, 36.68067 ], [ -96.83049, 36.67582 ], [ -96.8331, 36.6679 ], [ -96.83208, 36.66358 ], [ -96.83355, 36.65209 ], [ -96.79787, 36.65179 ], [ -96.79793, 36.63602 ], [ -96.79887, 36.63009 ], [ -96.81571, 36.6292 ], [ -96.8165, 36.59406 ], [ -96.85226, 36.59371 ], [ -96.85351, 36.59286 ], [ -96.85351, 36.57952 ], [ -96.87714, 36.57967 ], [ -96.88431, 36.59098 ], [ -96.88896, 36.59251 ], [ -96.90113, 36.60296 ], [ -96.90616, 36.60209 ], [ -96.90463, 36.60067 ], [ -96.90664, 36.59987 ], [ -96.9048, 36.59886 ], [ -96.90752, 36.59877 ], [ -96.90897, 36.59627 ], [ -96.91501, 36.59993 ], [ -96.92356, 36.60033 ], [ -96.93355, 36.59543 ], [ -96.94126, 36.59399 ], [ -96.94829, 36.58994 ], [ -96.96668, 36.58625 ], [ -96.99245, 36.5849 ], [ -97.00256, 36.58253 ], [ -97.03545, 36.58618 ], [ -97.05673, 36.59332 ], [ -97.05557, 36.58999 ], [ -97.04817, 36.58953 ], [ -97.03514, 36.58483 ], [ -97.00236, 36.58182 ], [ -96.99341, 36.58402 ], [ -96.97343, 36.58419 ], [ -96.95896, 36.58641 ], [ -96.9172, 36.59902 ], [ -96.90832, 36.59387 ], [ -96.90611, 36.59099 ], [ -96.90636, 36.58854 ], [ -96.88849, 36.57475 ], [ -96.89094, 36.57031 ], [ -96.88998, 36.56546 ], [ -96.89761, 36.55869 ], [ -96.89818, 36.55612 ], [ -96.90227, 36.55205 ], [ -96.91708, 36.5543 ], [ -96.9221, 36.55368 ], [ -96.93736, 36.54897 ], [ -96.94408, 36.5451 ], [ -96.95058, 36.53752 ], [ -96.95582, 36.53727 ], [ -96.95778, 36.53498 ], [ -96.96303, 36.53468 ], [ -96.97225, 36.5372 ], [ -96.99031, 36.53316 ], [ -96.99723, 36.52968 ], [ -97.00692, 36.52116 ], [ -97.00936, 36.51682 ], [ -97.01145, 36.50691 ], [ -97.03188, 36.50698 ], [ -97.03175, 36.49201 ], [ -97.03338, 36.49392 ], [ -97.03608, 36.49341 ], [ -97.03925, 36.49662 ], [ -97.03945, 36.49202 ], [ -97.04101, 36.49099 ], [ -97.04316, 36.4917 ], [ -97.04211, 36.49602 ], [ -97.0481, 36.49197 ], [ -97.0517, 36.49445 ], [ -97.05671, 36.49394 ], [ -97.05708, 36.49227 ], [ -97.05059, 36.49131 ], [ -97.06094, 36.48918 ], [ -97.06488, 36.49163 ], [ -97.06576, 36.49026 ], [ -97.06216, 36.48811 ], [ -97.06737, 36.48568 ], [ -97.06562, 36.48879 ], [ -97.06851, 36.48886 ], [ -97.06794, 36.4917 ], [ -97.06961, 36.49213 ], [ -97.06967, 36.48936 ], [ -97.07157, 36.48943 ], [ -97.07211, 36.49326 ], [ -97.07662, 36.49529 ], [ -97.08251, 36.49161 ], [ -97.08073, 36.48971 ], [ -97.08467, 36.48657 ], [ -97.08727, 36.48691 ], [ -97.08863, 36.4901 ], [ -97.09286, 36.48765 ], [ -97.09246, 36.48456 ], [ -97.09563, 36.48346 ], [ -97.10009, 36.48824 ], [ -97.10386, 36.48586 ], [ -97.10508, 36.48799 ], [ -97.10794, 36.48689 ], [ -97.11293, 36.48991 ], [ -97.11259, 36.48718 ], [ -97.1178, 36.48787 ], [ -97.11485, 36.48581 ], [ -97.11726, 36.48649 ], [ -97.11783, 36.4842 ], [ -97.1235, 36.48432 ], [ -97.125, 36.4857 ], [ -97.12811, 36.48404 ], [ -97.12839, 36.48608 ], [ -97.13086, 36.48649 ], [ -97.12961, 36.48933 ], [ -97.13211, 36.48954 ], [ -97.13103, 36.49182 ], [ -97.13587, 36.49439 ], [ -97.13485, 36.4964 ], [ -97.13709, 36.49865 ], [ -97.13536, 36.50029 ], [ -97.14151, 36.50285 ], [ -97.14446, 36.51261 ], [ -97.1482, 36.51478 ], [ -97.14712, 36.51757 ], [ -97.15336, 36.51966 ], [ -97.15506, 36.52554 ], [ -97.1586, 36.5277 ], [ -97.15826, 36.52962 ], [ -97.16478, 36.53651 ], [ -97.16538, 36.53875 ], [ -97.16311, 36.53907 ], [ -97.16282, 36.542 ], [ -97.16659, 36.54645 ], [ -97.16878, 36.54686 ], [ -97.16861, 36.54814 ], [ -97.17125, 36.54773 ], [ -97.1709, 36.55121 ], [ -97.17332, 36.55384 ], [ -97.1715, 36.55558 ], [ -97.17243, 36.56455 ], [ -97.19284, 36.56504 ], [ -97.19323, 36.57206 ], [ -97.1976, 36.56936 ], [ -97.19911, 36.56602 ], [ -97.20319, 36.56565 ], [ -97.2066, 36.58092 ], [ -97.20251, 36.58493 ], [ -97.19834, 36.58417 ], [ -97.19533, 36.58671 ], [ -97.19743, 36.588 ], [ -97.19502, 36.58985 ], [ -97.19715, 36.5917 ], [ -97.19638, 36.59328 ], [ -97.19224, 36.59292 ], [ -97.1925, 36.58857 ], [ -97.18974, 36.5869 ], [ -97.18452, 36.58916 ], [ -97.18379, 36.59395 ], [ -97.19128, 36.59395 ], [ -97.28249, 36.59374 ], [ -97.46132, 36.59342 ], [ -97.46214, 36.59342 ], [ -97.46199, 36.64321 ], [ -97.46196, 36.73834 ], [ -97.4443, 36.73848 ], [ -97.44439, 36.75295 ], [ -97.39016, 36.75306 ], [ -97.23199, 36.7532 ], [ -97.1567, 36.75332 ], [ -97.15644, 36.82572 ], [ -97.15633, 36.88365 ], [ -97.15596, 36.99897 ], [ -97.1474, 36.99908 ], [ -96.92521, 36.9991 ], [ -96.82248, 36.99915 ], [ -96.74953, 36.99896 ], [ -96.74972, 36.9413 ], [ -96.75184, 36.94123 ], [ -96.75216, 36.78202 ], [ -96.78835, 36.78194 ], [ -96.78838, 36.76752 ], [ -96.82228, 36.76752 ], [ -96.81852, 36.76363 ], [ -96.81775, 36.75895 ], [ -96.81983, 36.75274 ], [ -96.82633, 36.74531 ], [ -96.83379, 36.7434 ], [ -96.85332, 36.74608 ], [ -96.86838, 36.7535 ], [ -96.88827, 36.75176 ], [ -96.90712, 36.73581 ], [ -96.91111, 36.72469 ], [ -96.92024, 36.71772 ], [ -96.9233, 36.70165 ] ] ] } },
{ "type": "Feature", "properties": { "HSA93": 37070, "HSANAME": "OK- POTEAU", "STATE": 37, "HRR93": 16, "HRR93_NAME": "AR- FORT SMITH", "Persons90": 24528, "hosp_cnt": 2, "HSA_label": "Poteau" }, "geometry": { "type": "Polygon", "coordinates": [ [ [ -94.93737, 34.50679 ], [ -94.96676, 34.50701 ], [ -95.02367, 34.50708 ], [ -95.02676, 34.50841 ], [ -95.02776, 34.51099 ], [ -95.00931, 34.51644 ], [ -95.00936, 34.51999 ], [ -95.02311, 34.5242 ], [ -95.0293, 34.52446 ], [ -95.03414, 34.5238 ], [ -95.0386, 34.51878 ], [ -95.05102, 34.51794 ], [ -95.05096, 34.52146 ], [ -95.05412, 34.52194 ], [ -95.05824, 34.52815 ], [ -95.05738, 34.53495 ], [ -95.05492, 34.5387 ], [ -95.04299, 34.54704 ], [ -95.04247, 34.5499 ], [ -95.03032, 34.55418 ], [ -95.03552, 34.55681 ], [ -95.03568, 34.56142 ], [ -95.02957, 34.56196 ], [ -95.02262, 34.56867 ], [ -95.00454, 34.57299 ], [ -95.00301, 34.57633 ], [ -95.00545, 34.58048 ], [ -95.00307, 34.58336 ], [ -95.00843, 34.5884 ], [ -95.02197, 34.58722 ], [ -95.03052, 34.59116 ], [ -95.0403, 34.59185 ], [ -95.04578, 34.59583 ], [ -95.04547, 34.59906 ], [ -95.04838, 34.60027 ], [ -95.04597, 34.60364 ], [ -95.04785, 34.60712 ], [ -95.03941, 34.60874 ], [ -95.05234, 34.61245 ], [ -95.04647, 34.61802 ], [ -95.04082, 34.62019 ], [ -95.04037, 34.62289 ], [ -95.04203, 34.627 ], [ -95.04219, 34.65157 ], [ -95.01749, 34.6515 ], [ -95.01797, 34.65477 ], [ -95.02063, 34.65617 ], [ -95.01207, 34.65992 ], [ -95.01168, 34.6636 ], [ -95.01481, 34.66738 ], [ -95.02068, 34.66887 ], [ -95.02135, 34.67107 ], [ -95.01971, 34.67563 ], [ -95.01799, 34.67194 ], [ -95.01253, 34.67196 ], [ -95.01198, 34.67645 ], [ -95.01439, 34.67814 ], [ -95.01483, 34.68078 ], [ -95.05938, 34.68064 ], [ -95.05948, 34.73169 ], [ -95.09318, 34.75337 ], [ -95.09551, 34.76271 ], [ -95.0977, 34.76512 ], [ -95.10812, 34.7606 ], [ -95.10904, 34.7617 ], [ -95.11241, 34.76042 ], [ -95.11933, 34.78388 ], [ -95.09988, 34.78749 ], [ -95.08587, 34.78756 ], [ -95.08797, 34.78804 ], [ -95.08673, 34.79012 ], [ -95.09056, 34.79342 ], [ -95.08276, 34.79637 ], [ -95.05974, 34.79666 ], [ -95.05921, 34.83756 ], [ -95.05927, 34.85492 ], [ -94.99742, 34.85496 ], [ -94.99784, 34.94206 ], [ -94.9276, 34.94212 ], [ -94.92745, 34.99844 ], [ -94.91002, 35.00561 ], [ -94.87482, 35.0302 ], [ -94.86498, 35.04425 ], [ -94.86027, 35.04629 ], [ -94.85509, 35.0517 ], [ -94.85806, 35.05581 ], [ -94.85769, 35.05864 ], [ -94.85079, 35.06131 ], [ -94.84881, 35.0654 ], [ -94.84063, 35.06243 ], [ -94.8346, 35.05646 ], [ -94.8259, 35.03425 ], [ -94.81479, 35.02624 ], [ -94.80483, 35.02384 ], [ -94.79677, 35.02817 ], [ -94.78861, 35.02924 ], [ -94.78193, 35.03231 ], [ -94.77647, 35.03607 ], [ -94.76673, 35.04714 ], [ -94.76101, 35.05064 ], [ -94.75669, 35.05127 ], [ -94.75164, 35.05885 ], [ -94.74504, 35.06299 ], [ -94.72949, 35.06639 ], [ -94.71655, 35.07214 ], [ -94.70693, 35.07039 ], [ -94.70077, 35.07123 ], [ -94.68443, 35.06528 ], [ -94.68109, 35.06744 ], [ -94.67862, 35.07298 ], [ -94.67449, 35.07626 ], [ -94.67458, 35.07939 ], [ -94.67179, 35.07706 ], [ -94.67246, 35.08109 ], [ -94.66973, 35.08109 ], [ -94.66845, 35.08551 ], [ -94.6624, 35.09253 ], [ -94.66081, 35.09219 ], [ -94.66129, 35.09386 ], [ -94.65808, 35.09246 ], [ -94.65675, 35.08633 ], [ -94.65093, 35.08649 ], [ -94.65118, 35.08223 ], [ -94.64645, 35.07694 ], [ -94.64666, 35.10875 ], [ -94.63855, 35.10873 ], [ -94.63902, 35.11199 ], [ -94.64219, 35.1141 ], [ -94.6413, 35.11893 ], [ -94.6462, 35.11935 ], [ -94.64626, 35.1235 ], [ -94.65067, 35.12354 ], [ -94.65099, 35.13446 ], [ -94.65174, 35.13785 ], [ -94.65536, 35.13782 ], [ -94.65525, 35.14514 ], [ -94.66447, 35.14532 ], [ -94.66428, 35.15233 ], [ -94.65533, 35.15261 ], [ -94.65537, 35.15798 ], [ -94.65708, 35.16068 ], [ -94.6554, 35.16243 ], [ -94.65546, 35.17047 ], [ -94.65211, 35.17062 ], [ -94.65078, 35.17278 ], [ -94.65102, 35.18092 ], [ -94.64657, 35.18104 ], [ -94.63911, 35.1821 ], [ -94.63836, 35.18584 ], [ -94.64329, 35.18932 ], [ -94.63755, 35.19048 ], [ -94.62938, 35.18851 ], [ -94.62119, 35.19023 ], [ -94.61767, 35.18721 ], [ -94.61529, 35.18155 ], [ -94.60353, 35.18314 ], [ -94.59803, 35.18696 ], [ -94.59753, 35.18914 ], [ -94.59968, 35.19175 ], [ -94.59795, 35.19372 ], [ -94.59408, 35.19383 ], [ -94.59212, 35.18882 ], [ -94.58953, 35.18868 ], [ -94.58546, 35.19109 ], [ -94.58359, 35.19468 ], [ -94.5712, 35.20002 ], [ -94.56175, 35.20803 ], [ -94.55879, 35.20858 ], [ -94.55265, 35.20593 ], [ -94.54911, 35.20786 ], [ -94.55092, 35.20364 ], [ -94.5478, 35.19395 ], [ -94.5565, 35.18843 ], [ -94.55807, 35.18514 ], [ -94.55776, 35.17444 ], [ -94.54903, 35.17433 ], [ -94.54896, 35.16437 ], [ -94.57036, 35.15891 ], [ -94.57131, 35.15653 ], [ -94.56704, 35.15789 ], [ -94.569, 35.15571 ], [ -94.56222, 35.14951 ], [ -94.55553, 35.15015 ], [ -94.55508, 35.14289 ], [ -94.55918, 35.14142 ], [ -94.56955, 35.1321 ], [ -94.56894, 35.13073 ], [ -94.54959, 35.1305 ], [ -94.5489, 35.12896 ], [ -94.55464, 35.11894 ], [ -94.55202, 35.1166 ], [ -94.55222, 35.11397 ], [ -94.54954, 35.1142 ], [ -94.54077, 35.11992 ], [ -94.54026, 35.11605 ], [ -94.46947, 35.11626 ], [ -94.46924, 35.11248 ], [ -94.44363, 35.11239 ], [ -94.44128, 35.11108 ], [ -94.44293, 35.06241 ], [ -94.44614, 34.97092 ], [ -94.44694, 34.93262 ], [ -94.42933, 34.93129 ], [ -94.42212, 34.93587 ], [ -94.41659, 34.94361 ], [ -94.40919, 34.94961 ], [ -94.40026, 34.94779 ], [ -94.39181, 34.94351 ], [ -94.37629, 34.94847 ], [ -94.36736, 34.96219 ], [ -94.35993, 34.96196 ], [ -94.35038, 34.94889 ], [ -94.34615, 34.94748 ], [ -94.34692, 34.90069 ], [ -94.40869, 34.90257 ], [ -94.40892, 34.89544 ], [ -94.42682, 34.89598 ], [ -94.42716, 34.88869 ], [ -94.44889, 34.88911 ], [ -94.45074, 34.83059 ], [ -94.45434, 34.72886 ], [ -94.46013, 34.53458 ], [ -94.46093, 34.50735 ], [ -94.69686, 34.50714 ], [ -94.93737, 34.50679 ] ] ] } },
{ "type": "Feature", "properties": { "HSA93": 37071, "HSANAME": "OK- PRAGUE", "STATE": 37, "HRR93": 339, "HRR93_NAME": "OK- OKLAHOMA CITY", "Persons90": 4504, "hosp_cnt": 1, "HSA_label": "Prague" }, "geometry": { "type": "Polygon", "coordinates": [ [ [ -96.84132, 35.4635 ], [ -96.84127, 35.4778 ], [ -96.82361, 35.47788 ], [ -96.82351, 35.55027 ], [ -96.82177, 35.55034 ], [ -96.82186, 35.57932 ], [ -96.80415, 35.57936 ], [ -96.80415, 35.60806 ], [ -96.78214, 35.60829 ], [ -96.78195, 35.61532 ], [ -96.77782, 35.61814 ], [ -96.77715, 35.62315 ], [ -96.76167, 35.62026 ], [ -96.75876, 35.61989 ], [ -96.74721, 35.62459 ], [ -96.74005, 35.636 ], [ -96.72269, 35.62674 ], [ -96.71515, 35.62736 ], [ -96.70491, 35.63807 ], [ -96.69092, 35.63423 ], [ -96.68857, 35.6364 ], [ -96.67934, 35.65689 ], [ -96.67968, 35.66638 ], [ -96.67878, 35.67847 ], [ -96.64325, 35.69488 ], [ -96.63584, 35.69501 ], [ -96.63343, 35.69332 ], [ -96.62923, 35.68176 ], [ -96.63401, 35.67265 ], [ -96.64282, 35.66205 ], [ -96.63825, 35.65759 ], [ -96.62591, 35.65957 ], [ -96.6203, 35.65541 ], [ -96.62036, 35.63894 ], [ -96.6214, 35.55172 ], [ -96.62458, 35.46266 ], [ -96.84132, 35.4635 ] ] ] } },
{ "type": "Feature", "properties": { "HSA93": 37072, "HSANAME": "OK- PRYOR", "STATE": 37, "HRR93": 340, "HRR93_NAME": "OK- TULSA", "Persons90": 16607, "hosp_cnt": 1, "HSA_label": "Pryor" }, "geometry": { "type": "Polygon", "coordinates": [ [ [ -95.16847, 36.29503 ], [ -95.16775, 36.28805 ], [ -95.15544, 36.27252 ], [ -95.15026, 36.26346 ], [ -95.14866, 36.25 ], [ -95.15408, 36.24277 ], [ -95.15881, 36.23874 ], [ -95.18132, 36.22998 ], [ -95.19638, 36.23313 ], [ -95.20259, 36.23849 ], [ -95.21162, 36.23941 ], [ -95.22258, 36.23874 ], [ -95.24078, 36.23348 ], [ -95.24523, 36.22045 ], [ -95.24367, 36.20063 ], [ -95.24522, 36.19455 ], [ -95.25364, 36.18568 ], [ -95.27001, 36.18302 ], [ -95.27576, 36.17654 ], [ -95.29596, 36.17692 ], [ -95.30428, 36.18115 ], [ -95.30411, 36.18482 ], [ -95.30694, 36.18923 ], [ -95.30507, 36.19564 ], [ -95.31143, 36.20168 ], [ -95.31676, 36.20324 ], [ -95.32041, 36.20173 ], [ -95.3269, 36.20285 ], [ -95.32874, 36.20654 ], [ -95.3282, 36.20997 ], [ -95.33032, 36.21283 ], [ -95.33803, 36.20749 ], [ -95.34915, 36.2031 ], [ -95.35407, 36.20268 ], [ -95.35805, 36.20563 ], [ -95.36392, 36.20245 ], [ -95.36672, 36.20414 ], [ -95.36997, 36.21293 ], [ -95.37238, 36.21487 ], [ -95.37619, 36.21652 ], [ -95.37853, 36.21479 ], [ -95.37983, 36.21669 ], [ -95.39118, 36.22015 ], [ -95.39494, 36.21944 ], [ -95.39649, 36.22255 ], [ -95.3966, 36.22109 ], [ -95.40279, 36.22052 ], [ -95.40381, 36.22278 ], [ -95.40945, 36.22386 ], [ -95.4175, 36.23315 ], [ -95.42174, 36.23535 ], [ -95.42397, 36.23391 ], [ -95.42764, 36.23684 ], [ -95.43637, 36.23947 ], [ -95.4375, 36.24299 ], [ -95.4357, 36.24553 ], [ -95.43635, 36.24762 ], [ -95.43821, 36.24725 ], [ -95.4383, 36.24923 ], [ -95.43533, 36.25 ], [ -95.4351, 36.33616 ], [ -95.43543, 36.46667 ], [ -95.43526, 36.51006 ], [ -95.32778, 36.51017 ], [ -95.1453, 36.51028 ], [ -95.14732, 36.50836 ], [ -95.14435, 36.50707 ], [ -95.13227, 36.50966 ], [ -95.12552, 36.50784 ], [ -95.12391, 36.50377 ], [ -95.12946, 36.49657 ], [ -95.12671, 36.49274 ], [ -95.11572, 36.48864 ], [ -95.11244, 36.48208 ], [ -95.11644, 36.47796 ], [ -95.12787, 36.47344 ], [ -95.12878, 36.46338 ], [ -95.13973, 36.46153 ], [ -95.14577, 36.45884 ], [ -95.14556, 36.45397 ], [ -95.14132, 36.44667 ], [ -95.14103, 36.44242 ], [ -95.1629, 36.43554 ], [ -95.16736, 36.42972 ], [ -95.16912, 36.41843 ], [ -95.15737, 36.40642 ], [ -95.1376, 36.39559 ], [ -95.1291, 36.38723 ], [ -95.12277, 36.3765 ], [ -95.1222, 36.37015 ], [ -95.13691, 36.35435 ], [ -95.14584, 36.34883 ], [ -95.15912, 36.34399 ], [ -95.16815, 36.33601 ], [ -95.16891, 36.3329 ], [ -95.16575, 36.32502 ], [ -95.16448, 36.31389 ], [ -95.16847, 36.29503 ] ] ] } },
{ "type": "Feature", "properties": { "HSA93": 37073, "HSANAME": "OK- PURCELL", "STATE": 37, "HRR93": 339, "HRR93_NAME": "OK- OKLAHOMA CITY", "Persons90": 13719, "hosp_cnt": 1, "HSA_label": "Purcell" }, "geometry": { "type": "Polygon", "coordinates": [ [ [ -97.54088, 34.90599 ], [ -97.54791, 34.91484 ], [ -97.55455, 34.92792 ], [ -97.67009, 34.92771 ], [ -97.67022, 35.02947 ], [ -97.63508, 35.02957 ], [ -97.63502, 35.03285 ], [ -97.61734, 35.0257 ], [ -97.57068, 35.01521 ], [ -97.56434, 35.01498 ], [ -97.56461, 35.05897 ], [ -97.54495, 35.07607 ], [ -97.39477, 35.07852 ], [ -97.39145, 35.08255 ], [ -97.38517, 35.08216 ], [ -97.37249, 35.08502 ], [ -97.36382, 35.08449 ], [ -97.36, 35.08258 ], [ -97.35304, 35.07504 ], [ -97.35241, 35.07224 ], [ -97.3544, 35.06804 ], [ -97.35121, 35.05939 ], [ -97.35173, 35.0497 ], [ -97.35225, 35.04534 ], [ -97.35766, 35.03347 ], [ -97.3564, 35.02879 ], [ -97.3548, 35.0286 ], [ -97.34873, 35.00643 ], [ -97.34554, 35.00453 ], [ -97.34443, 35.00064 ], [ -97.34647, 34.99872 ], [ -97.34119, 34.99364 ], [ -97.3416, 34.99017 ], [ -97.34663, 34.98732 ], [ -97.34799, 34.98023 ], [ -97.34262, 34.97334 ], [ -97.34125, 34.96442 ], [ -97.32926, 34.95686 ], [ -97.32308, 34.95441 ], [ -97.31092, 34.95321 ], [ -97.30529, 34.95489 ], [ -97.29929, 34.96411 ], [ -97.28225, 34.96114 ], [ -97.27303, 34.96241 ], [ -97.26621, 34.95019 ], [ -97.26129, 34.94537 ], [ -97.25366, 34.94514 ], [ -97.24978, 34.94919 ], [ -97.24539, 34.95037 ], [ -97.22915, 34.93791 ], [ -97.22189, 34.94091 ], [ -97.21746, 34.94561 ], [ -97.21267, 34.94495 ], [ -97.2061, 34.94002 ], [ -97.19633, 34.9284 ], [ -97.17486, 34.92969 ], [ -97.16596, 34.93267 ], [ -97.15322, 34.93274 ], [ -97.14489, 34.93078 ], [ -97.14197, 34.93167 ], [ -97.11649, 34.9351 ], [ -97.10572, 34.93282 ], [ -97.09943, 34.92946 ], [ -97.09652, 34.93084 ], [ -97.08535, 34.93127 ], [ -97.07945, 34.92888 ], [ -97.07495, 34.92234 ], [ -97.07287, 34.92064 ], [ -97.07149, 34.91978 ], [ -97.05232, 34.92121 ], [ -97.04291, 34.91513 ], [ -97.03551, 34.91281 ], [ -97.02565, 34.91225 ], [ -97.01563, 34.90727 ], [ -96.99179, 34.91771 ], [ -96.98745, 34.9212 ], [ -96.98228, 34.92166 ], [ -96.97851, 34.92403 ], [ -96.97461, 34.92884 ], [ -96.96986, 34.93134 ], [ -96.96488, 34.9397 ], [ -96.9595, 34.94325 ], [ -96.95428, 34.95333 ], [ -96.94659, 34.95809 ], [ -96.94106, 34.95852 ], [ -96.93029, 34.96429 ], [ -96.93053, 34.85448 ], [ -96.93233, 34.85439 ], [ -97.05428, 34.85483 ], [ -97.19472, 34.85504 ], [ -97.26508, 34.85507 ], [ -97.33536, 34.85515 ], [ -97.3353, 34.82623 ], [ -97.31775, 34.82619 ], [ -97.3178, 34.81162 ], [ -97.33585, 34.81167 ], [ -97.33688, 34.80741 ], [ -97.34162, 34.80775 ], [ -97.342, 34.80493 ], [ -97.34168, 34.80205 ], [ -97.33543, 34.79442 ], [ -97.33013, 34.79504 ], [ -97.33373, 34.79042 ], [ -97.33533, 34.7851 ], [ -97.30371, 34.76802 ], [ -97.35221, 34.76802 ], [ -97.35228, 34.73906 ], [ -97.33499, 34.73902 ], [ -97.33502, 34.72093 ], [ -97.34373, 34.7209 ], [ -97.34398, 34.7245 ], [ -97.44857, 34.7245 ], [ -97.45714, 34.7245 ], [ -97.4572, 34.8552 ], [ -97.4959, 34.85513 ], [ -97.51543, 34.86619 ], [ -97.51674, 34.875 ], [ -97.53118, 34.88651 ], [ -97.53507, 34.89792 ], [ -97.54088, 34.90599 ] ] ] } },
{ "type": "Feature", "properties": { "HSA93": 37074, "HSANAME": "OK- SALLISAW", "STATE": 37, "HRR93": 16, "HRR93_NAME": "AR- FORT SMITH", "Persons90": 17429, "hosp_cnt": 1, "HSA_label": "Sallisaw" }, "geometry": { "type": "Polygon", "coordinates": [ [ [ -94.8307, 35.41411 ], [ -94.82868, 35.4128 ], [ -94.82958, 35.41181 ], [ -94.83271, 35.41216 ], [ -94.83387, 35.4102 ], [ -94.83624, 35.41158 ], [ -94.84029, 35.40655 ], [ -94.85185, 35.40535 ], [ -94.85779, 35.40312 ], [ -94.86493, 35.39502 ], [ -94.86533, 35.38651 ], [ -94.86237, 35.37424 ], [ -94.85383, 35.36402 ], [ -94.86214, 35.35818 ], [ -94.87219, 35.35443 ], [ -94.90175, 35.34661 ], [ -94.91423, 35.34743 ], [ -94.91848, 35.35032 ], [ -94.91904, 35.35405 ], [ -94.91301, 35.36025 ], [ -94.89439, 35.37291 ], [ -94.89207, 35.38425 ], [ -94.89925, 35.39551 ], [ -94.90446, 35.39874 ], [ -94.92027, 35.39301 ], [ -94.92552, 35.39275 ], [ -94.93401, 35.39541 ], [ -94.93829, 35.3965 ], [ -94.9511, 35.40824 ], [ -94.96573, 35.40662 ], [ -94.9866, 35.40829 ], [ -95.00628, 35.41451 ], [ -95.0197, 35.4249 ], [ -95.0235, 35.4302 ], [ -95.0244, 35.4362 ], [ -95.0231, 35.4494 ], [ -95.0247, 35.453 ], [ -95.0318, 35.4562 ], [ -95.0497, 35.4588 ], [ -95.061, 35.465 ], [ -95.0653, 35.4647 ], [ -95.077, 35.4587 ], [ -95.0838, 35.4603 ], [ -95.0881, 35.4647 ], [ -95.0922, 35.4796 ], [ -95.09688, 35.48658 ], [ -95.08716, 35.48982 ], [ -95.0791, 35.49056 ], [ -95.08039, 35.5162 ], [ -95.06544, 35.51913 ], [ -95.06146, 35.52291 ], [ -95.05796, 35.52332 ], [ -95.05763, 35.52731 ], [ -95.04466, 35.53348 ], [ -95.07066, 35.53327 ], [ -95.07724, 35.5354 ], [ -95.07401, 35.54077 ], [ -95.07629, 35.55193 ], [ -95.05605, 35.55161 ], [ -95.05611, 35.57035 ], [ -95.06805, 35.57204 ], [ -95.09032, 35.55885 ], [ -95.09157, 35.56274 ], [ -95.09343, 35.56315 ], [ -95.09298, 35.56524 ], [ -95.08965, 35.56936 ], [ -95.08553, 35.57041 ], [ -95.082, 35.57348 ], [ -95.08447, 35.57469 ], [ -95.09192, 35.57355 ], [ -95.09176, 35.57895 ], [ -95.12728, 35.55705 ], [ -95.12723, 35.6388 ], [ -95.01819, 35.63837 ], [ -94.82873, 35.63853 ], [ -94.80707, 35.63851 ], [ -94.67671, 35.63824 ], [ -94.62957, 35.63821 ], [ -94.62861, 35.63136 ], [ -94.62349, 35.62607 ], [ -94.62299, 35.6232 ], [ -94.61359, 35.61975 ], [ -94.61325, 35.6165 ], [ -94.60932, 35.61057 ], [ -94.61339, 35.60992 ], [ -94.61403, 35.6055 ], [ -94.61944, 35.60555 ], [ -94.62121, 35.60161 ], [ -94.62053, 35.59701 ], [ -94.62611, 35.59463 ], [ -94.63049, 35.59513 ], [ -94.6301, 35.59122 ], [ -94.63248, 35.59115 ], [ -94.63231, 35.58549 ], [ -94.63935, 35.57547 ], [ -94.63563, 35.56853 ], [ -94.62633, 35.56413 ], [ -94.62086, 35.55726 ], [ -94.61987, 35.54343 ], [ -94.6243, 35.54263 ], [ -94.62429, 35.53825 ], [ -94.62418, 35.53599 ], [ -94.61995, 35.53583 ], [ -94.61967, 35.51082 ], [ -94.62937, 35.50664 ], [ -94.62946, 35.5008 ], [ -94.6342, 35.4983 ], [ -94.63372, 35.49585 ], [ -94.63543, 35.49553 ], [ -94.63591, 35.49328 ], [ -94.64251, 35.49464 ], [ -94.64517, 35.49196 ], [ -94.64433, 35.49054 ], [ -94.64803, 35.48736 ], [ -94.64778, 35.48537 ], [ -94.6501, 35.48514 ], [ -94.64666, 35.48179 ], [ -94.65397, 35.47815 ], [ -94.65361, 35.47653 ], [ -94.65095, 35.47671 ], [ -94.65769, 35.47078 ], [ -94.65963, 35.46643 ], [ -94.65633, 35.45999 ], [ -94.6587, 35.4614 ], [ -94.66153, 35.45952 ], [ -94.67331, 35.45975 ], [ -94.67762, 35.46087 ], [ -94.67801, 35.46291 ], [ -94.68003, 35.46332 ], [ -94.72564, 35.46336 ], [ -94.72567, 35.43653 ], [ -94.72882, 35.4314 ], [ -94.74317, 35.44069 ], [ -94.74339, 35.43666 ], [ -94.75157, 35.43721 ], [ -94.76276, 35.43222 ], [ -94.77124, 35.43467 ], [ -94.80017, 35.42032 ], [ -94.80408, 35.42073 ], [ -94.8052, 35.41762 ], [ -94.81027, 35.41598 ], [ -94.81192, 35.41699 ], [ -94.81208, 35.41482 ], [ -94.81367, 35.4158 ], [ -94.81936, 35.41266 ], [ -94.8307, 35.41411 ] ] ] } },
{ "type": "Feature", "properties": { "HSA93": 37075, "HSANAME": "OK- SAPULPA", "STATE": 37, "HRR93": 340, "HRR93_NAME": "OK- TULSA", "Persons90": 24409, "hosp_cnt": 1, "HSA_label": "Sapulpa" }, "geometry": { "type": "Polygon", "coordinates": [ [ [ -96.17231, 35.91157 ], [ -96.17589, 35.91173 ], [ -96.17766, 35.91502 ], [ -96.17639, 35.91843 ], [ -96.17698, 35.92612 ], [ -96.18308, 35.92665 ], [ -96.203, 35.93292 ], [ -96.20697, 35.93722 ], [ -96.20847, 35.95392 ], [ -96.19538, 35.96727 ], [ -96.19155, 35.98447 ], [ -96.18738, 35.98843 ], [ -96.1903, 35.98842 ], [ -96.19021, 36.00282 ], [ -96.19914, 36.00291 ], [ -96.19916, 36.01028 ], [ -96.17235, 36.01031 ], [ -96.17237, 36.01698 ], [ -96.19009, 36.01704 ], [ -96.19017, 36.07579 ], [ -96.17587, 36.07572 ], [ -96.1725, 36.0757 ], [ -96.17104, 36.07567 ], [ -96.1688, 36.0757 ], [ -96.165, 36.0757 ], [ -96.1544, 36.0757 ], [ -96.1007, 36.0754 ], [ -96.092, 36.0755 ], [ -96.0875, 36.0755 ], [ -96.0814, 36.0755 ], [ -96.0796, 36.0755 ], [ -96.08679, 36.0722 ], [ -96.08976, 36.05356 ], [ -96.0971, 36.0465 ], [ -96.078, 36.0466 ], [ -96.0868, 36.032 ], [ -96.06619, 36.03181 ], [ -96.06418, 36.03622 ], [ -96.05894, 36.03127 ], [ -96.05756, 36.02424 ], [ -96.05246, 36.02227 ], [ -96.05368, 36.01848 ], [ -96.05224, 36.01803 ], [ -96.04484, 36.02416 ], [ -96.0349, 36.01917 ], [ -96.03334, 36.022 ], [ -96.0294, 36.015 ], [ -96.0291, 35.9807 ], [ -96.0289, 35.959 ], [ -96.07421, 35.95869 ], [ -96.07374, 35.94992 ], [ -96.0824, 35.94996 ], [ -96.0825, 35.9446 ], [ -96.11711, 35.94508 ], [ -96.125, 35.9431 ], [ -96.12684, 35.93922 ], [ -96.125, 35.93503 ], [ -96.13089, 35.9359 ], [ -96.13033, 35.93217 ], [ -96.13227, 35.93247 ], [ -96.13393, 35.93039 ], [ -96.13233, 35.92883 ], [ -96.13633, 35.92824 ], [ -96.13369, 35.9238 ], [ -96.1363, 35.92153 ], [ -96.13693, 35.91563 ], [ -96.15403, 35.91564 ], [ -96.1544, 35.90808 ], [ -96.16455, 35.9087 ], [ -96.17231, 35.90715 ], [ -96.17231, 35.91157 ] ] ] } },
{ "type": "Feature", "properties": { "HSA93": 37076, "HSANAME": "OK- SAYRE", "STATE": 37, "HRR93": 339, "HRR93_NAME": "OK- OKLAHOMA CITY", "Persons90": 6891, "hosp_cnt": 1, "HSA_label": "Sayre" }, "geometry": { "type": "Polygon", "coordinates": [ [ [ -99.711, 35.11673 ], [ -99.78246, 35.11673 ], [ -99.78257, 35.03006 ], [ -99.88819, 35.03021 ], [ -100.0, 35.03033 ], [ -100.0, 35.15358 ], [ -100.0, 35.18265 ], [ -100.0, 35.29862 ], [ -100.0, 35.29954 ], [ -100.0, 35.42229 ], [ -100.0, 35.44648 ], [ -100.0, 35.54768 ], [ -99.99934, 35.54668 ], [ -99.98718, 35.54767 ], [ -99.97948, 35.55236 ], [ -99.97931, 35.55101 ], [ -99.9753, 35.55088 ], [ -99.97031, 35.55239 ], [ -99.9461, 35.55249 ], [ -99.92811, 35.54548 ], [ -99.92649, 35.54784 ], [ -99.91189, 35.54946 ], [ -99.90906, 35.54738 ], [ -99.90396, 35.54973 ], [ -99.89617, 35.54607 ], [ -99.87818, 35.54732 ], [ -99.87571, 35.53838 ], [ -99.82273, 35.53817 ], [ -99.82336, 35.42224 ], [ -99.7841, 35.42215 ], [ -99.71718, 35.42185 ], [ -99.71706, 35.5378 ], [ -99.64189, 35.53764 ], [ -99.64096, 35.53416 ], [ -99.63359, 35.53649 ], [ -99.62738, 35.53175 ], [ -99.6194, 35.53037 ], [ -99.61306, 35.51936 ], [ -99.61255, 35.51153 ], [ -99.60389, 35.50367 ], [ -99.58524, 35.50118 ], [ -99.57922, 35.50215 ], [ -99.57592, 35.50396 ], [ -99.57673, 35.5065 ], [ -99.57522, 35.5089 ], [ -99.57534, 35.42164 ], [ -99.59288, 35.42155 ], [ -99.59307, 35.4043 ], [ -99.59892, 35.40112 ], [ -99.59941, 35.39499 ], [ -99.60448, 35.39131 ], [ -99.60397, 35.38852 ], [ -99.60831, 35.38721 ], [ -99.60898, 35.38318 ], [ -99.60045, 35.38046 ], [ -99.60039, 35.37794 ], [ -99.59519, 35.37304 ], [ -99.59354, 35.36762 ], [ -99.58968, 35.36471 ], [ -99.58766, 35.36056 ], [ -99.58861, 35.35958 ], [ -99.58523, 35.35887 ], [ -99.58501, 35.35663 ], [ -99.58825, 35.35259 ], [ -99.58313, 35.35065 ], [ -99.58349, 35.34877 ], [ -99.57922, 35.34327 ], [ -99.58061, 35.34014 ], [ -99.57396, 35.33771 ], [ -99.57631, 35.33519 ], [ -99.57407, 35.33114 ], [ -99.57645, 35.32834 ], [ -99.57186, 35.3266 ], [ -99.57195, 35.32436 ], [ -99.57404, 35.32216 ], [ -99.57902, 35.32179 ], [ -99.57751, 35.31891 ], [ -99.57365, 35.31719 ], [ -99.5727, 35.3143 ], [ -99.57611, 35.31206 ], [ -99.57806, 35.31252 ], [ -99.57971, 35.30993 ], [ -99.57393, 35.30491 ], [ -99.57686, 35.30377 ], [ -99.57552, 35.30139 ], [ -99.57703, 35.30143 ], [ -99.57761, 35.29811 ], [ -99.57957, 35.29891 ], [ -99.58328, 35.29527 ], [ -99.58106, 35.29133 ], [ -99.36423, 35.29139 ], [ -99.36413, 35.21893 ], [ -99.36393, 35.20439 ], [ -99.35971, 35.20434 ], [ -99.35972, 35.11663 ], [ -99.4089, 35.11644 ], [ -99.40893, 35.11446 ], [ -99.41551, 35.11171 ], [ -99.4226, 35.11444 ], [ -99.4303, 35.10816 ], [ -99.44066, 35.10979 ], [ -99.44359, 35.1134 ], [ -99.44029, 35.11649 ], [ -99.4394, 35.1184 ], [ -99.44467, 35.12598 ], [ -99.45194, 35.13023 ], [ -99.45115, 35.13336 ], [ -99.44584, 35.13611 ], [ -99.44464, 35.13937 ], [ -99.46054, 35.14875 ], [ -99.46259, 35.15154 ], [ -99.47685, 35.15641 ], [ -99.47881, 35.15589 ], [ -99.47824, 35.1522 ], [ -99.47394, 35.14846 ], [ -99.474, 35.14315 ], [ -99.47807, 35.13774 ], [ -99.48069, 35.13678 ], [ -99.4859, 35.13879 ], [ -99.4939, 35.14723 ], [ -99.50097, 35.16561 ], [ -99.50372, 35.16783 ], [ -99.5191, 35.1585 ], [ -99.52369, 35.15866 ], [ -99.52606, 35.16117 ], [ -99.53321, 35.16315 ], [ -99.53637, 35.16126 ], [ -99.54128, 35.1622 ], [ -99.54828, 35.16015 ], [ -99.54811, 35.15731 ], [ -99.55271, 35.1549 ], [ -99.5533, 35.15687 ], [ -99.55821, 35.15696 ], [ -99.56663, 35.15994 ], [ -99.57192, 35.15602 ], [ -99.57221, 35.16028 ], [ -99.65931, 35.16017 ], [ -99.66065, 35.13875 ], [ -99.65706, 35.13289 ], [ -99.65943, 35.13074 ], [ -99.65935, 35.11673 ], [ -99.711, 35.11673 ] ] ] } },
{ "type": "Feature", "properties": { "HSA93": 37077, "HSANAME": "OK- SEILING", "STATE": 37, "HRR93": 339, "HRR93_NAME": "OK- OKLAHOMA CITY", "Persons90": 4758, "hosp_cnt": 1, "HSA_label": "Seiling" }, "geometry": { "type": "Polygon", "coordinates": [ [ [ -98.82324, 35.95679 ], [ -98.81198, 35.94501 ], [ -98.81059, 35.9408 ], [ -98.8138, 35.91877 ], [ -98.81272, 35.90835 ], [ -98.80456, 35.9045 ], [ -98.7971, 35.89313 ], [ -98.78462, 35.88477 ], [ -98.77359, 35.875 ], [ -98.76856, 35.86351 ], [ -98.76431, 35.85907 ], [ -98.76308, 35.85414 ], [ -98.75532, 35.84919 ], [ -98.75, 35.84848 ], [ -98.75, 35.85124 ], [ -98.74892, 35.85087 ], [ -98.73732, 35.84189 ], [ -98.72315, 35.82422 ], [ -98.71438, 35.81996 ], [ -98.7042, 35.81895 ], [ -98.70161, 35.81243 ], [ -98.84427, 35.81279 ], [ -98.87978, 35.81271 ], [ -98.87977, 35.87047 ], [ -98.93294, 35.8703 ], [ -98.93289, 35.88471 ], [ -98.98669, 35.88488 ], [ -98.98664, 35.85575 ], [ -99.00447, 35.85572 ], [ -99.00422, 35.81234 ], [ -99.1103, 35.81237 ], [ -99.11048, 35.85004 ], [ -99.11224, 35.85604 ], [ -99.10998, 35.86209 ], [ -99.1166, 35.86229 ], [ -99.12611, 35.86637 ], [ -99.12873, 35.86618 ], [ -99.12862, 35.86458 ], [ -99.14412, 35.86289 ], [ -99.15405, 35.86571 ], [ -99.16547, 35.86381 ], [ -99.174, 35.86773 ], [ -99.18024, 35.86789 ], [ -99.19051, 35.87449 ], [ -99.19909, 35.87325 ], [ -99.20461, 35.88086 ], [ -99.21207, 35.88512 ], [ -99.21733, 35.88589 ], [ -99.22158, 35.88273 ], [ -99.23357, 35.88827 ], [ -99.23987, 35.88813 ], [ -99.25188, 35.89573 ], [ -99.25773, 35.90453 ], [ -99.256, 35.91334 ], [ -99.25698, 35.91664 ], [ -99.25542, 35.93801 ], [ -99.25722, 35.94506 ], [ -99.25479, 35.94957 ], [ -99.26028, 35.95473 ], [ -99.26022, 35.96098 ], [ -99.26723, 35.97014 ], [ -99.26712, 35.96137 ], [ -99.27269, 35.98018 ], [ -99.27607, 35.98453 ], [ -99.27683, 35.98817 ], [ -99.28449, 35.99678 ], [ -99.29098, 35.99981 ], [ -99.28829, 36.0 ], [ -99.29646, 36.00387 ], [ -99.30472, 36.00197 ], [ -99.32056, 36.00352 ], [ -99.3273, 36.00387 ], [ -99.33161, 36.00224 ], [ -99.33736, 36.00371 ], [ -99.34297, 36.00636 ], [ -99.34553, 36.01192 ], [ -99.3532, 36.01554 ], [ -99.35864, 36.01389 ], [ -99.36219, 36.01464 ], [ -99.3678, 36.01171 ], [ -99.38063, 36.01268 ], [ -99.38064, 36.01288 ], [ -99.38178, 36.16426 ], [ -99.22505, 36.16319 ], [ -99.06169, 36.16225 ], [ -98.95549, 36.16153 ], [ -98.95561, 36.18835 ], [ -98.95557, 36.24664 ], [ -98.96051, 36.24673 ], [ -98.95996, 36.50688 ], [ -98.84328, 36.50621 ], [ -98.81909, 36.47096 ], [ -98.80745, 36.46071 ], [ -98.78498, 36.45052 ], [ -98.76267, 36.4468 ], [ -98.76021, 36.43993 ], [ -98.76974, 36.43419 ], [ -98.77563, 36.43421 ], [ -98.77875, 36.42645 ], [ -98.78303, 36.42428 ], [ -98.7836, 36.41901 ], [ -98.787, 36.41846 ], [ -98.78706, 36.41553 ], [ -98.78244, 36.4172 ], [ -98.78417, 36.41306 ], [ -98.78338, 36.40713 ], [ -98.7846, 36.40454 ], [ -98.78763, 36.40239 ], [ -98.78766, 36.39966 ], [ -98.79619, 36.39579 ], [ -98.79571, 36.39408 ], [ -98.79862, 36.39444 ], [ -98.79974, 36.39156 ], [ -98.79953, 36.37683 ], [ -98.79557, 36.37598 ], [ -98.79254, 36.36956 ], [ -98.78198, 36.36179 ], [ -98.78197, 36.24763 ], [ -98.77844, 36.24321 ], [ -98.77813, 36.17334 ], [ -98.7768, 36.17118 ], [ -98.77785, 36.16738 ], [ -98.77562, 36.16637 ], [ -98.7739, 36.16264 ], [ -98.6365, 36.16486 ], [ -98.63603, 36.06491 ], [ -98.63583, 35.97115 ], [ -98.63984, 35.9695 ], [ -98.64437, 35.96964 ], [ -98.64524, 35.97117 ], [ -98.65361, 35.97102 ], [ -98.65356, 35.95661 ], [ -98.68953, 35.95678 ], [ -98.6895, 35.97111 ], [ -98.72519, 35.97129 ], [ -98.72516, 35.95682 ], [ -98.82324, 35.95679 ] ] ] } },
{ "type": "Feature", "properties": { "HSA93": 37079, "HSANAME": "OK- SHATTUCK", "STATE": 37, "HRR93": 339, "HRR93_NAME": "OK- OKLAHOMA CITY", "Persons90": 5461, "hosp_cnt": 1, "HSA_label": "Shattuck" }, "geometry": { "type": "Polygon", "coordinates": [ [ [ -99.80601, 36.41567 ], [ -99.8057, 36.40837 ], [ -99.80301, 36.40209 ], [ -99.80907, 36.3987 ], [ -99.80941, 36.39644 ], [ -99.80655, 36.39158 ], [ -99.80131, 36.39026 ], [ -99.80233, 36.38609 ], [ -99.79984, 36.37936 ], [ -99.79636, 36.37974 ], [ -99.79265, 36.37587 ], [ -99.79478, 36.37175 ], [ -99.7937, 36.36974 ], [ -99.77703, 36.36699 ], [ -99.76638, 36.36172 ], [ -99.76429, 36.35579 ], [ -99.75753, 36.35523 ], [ -99.75518, 36.35038 ], [ -99.74932, 36.34547 ], [ -99.74776, 36.34225 ], [ -99.73538, 36.33463 ], [ -99.73304, 36.33387 ], [ -99.73074, 36.33683 ], [ -99.7265, 36.33795 ], [ -99.73083, 36.33307 ], [ -99.72375, 36.32428 ], [ -99.72426, 36.31904 ], [ -99.71925, 36.31558 ], [ -99.7152, 36.30351 ], [ -99.7116, 36.2988 ], [ -99.70996, 36.29314 ], [ -99.70546, 36.28863 ], [ -99.70475, 36.2846 ], [ -99.70116, 36.28185 ], [ -99.69638, 36.28082 ], [ -99.69607, 36.27744 ], [ -99.69333, 36.27552 ], [ -99.60496, 36.27578 ], [ -99.6044, 36.24659 ], [ -99.59543, 36.24666 ], [ -99.59557, 36.16402 ], [ -99.38178, 36.16426 ], [ -99.38064, 36.01288 ], [ -99.42176, 36.01188 ], [ -99.44614, 36.00694 ], [ -99.46287, 36.0 ], [ -99.46955, 35.99121 ], [ -99.47713, 35.9856 ], [ -99.48681, 35.985 ], [ -99.49601, 35.97764 ], [ -99.49858, 35.97346 ], [ -99.49958, 35.96807 ], [ -99.50501, 35.95773 ], [ -99.50565, 35.94886 ], [ -99.50855, 35.94581 ], [ -99.50886, 35.93918 ], [ -99.51351, 35.92762 ], [ -99.52431, 35.91982 ], [ -99.53735, 35.90737 ], [ -99.5503, 35.89873 ], [ -99.55154, 35.89468 ], [ -99.54933, 35.886 ], [ -99.55575, 35.87672 ], [ -99.5581, 35.86594 ], [ -99.56153, 35.86333 ], [ -99.57698, 35.85954 ], [ -99.60139, 35.85583 ], [ -99.61056, 35.84741 ], [ -99.62017, 35.84191 ], [ -99.63459, 35.84306 ], [ -99.6556, 35.85058 ], [ -99.6851, 35.8517 ], [ -99.71671, 35.85972 ], [ -99.7222, 35.86214 ], [ -99.72829, 35.86959 ], [ -99.73799, 35.875 ], [ -99.74604, 35.88192 ], [ -99.7529, 35.88258 ], [ -99.7607, 35.8807 ], [ -99.76664, 35.8826 ], [ -99.77675, 35.88906 ], [ -99.77977, 35.89743 ], [ -99.78522, 35.89957 ], [ -99.78927, 35.90445 ], [ -99.79608, 35.90682 ], [ -99.801, 35.9106 ], [ -99.80192, 35.92035 ], [ -99.80982, 35.92884 ], [ -99.81032, 35.93169 ], [ -99.807, 35.9405 ], [ -99.80932, 35.94532 ], [ -99.80896, 35.95541 ], [ -99.8019, 35.97156 ], [ -99.80555, 35.98378 ], [ -99.80453, 35.9884 ], [ -99.80701, 35.99131 ], [ -99.80905, 36.0 ], [ -99.81342, 36.00303 ], [ -99.8246, 36.00565 ], [ -99.83755, 36.00675 ], [ -99.85115, 36.00508 ], [ -99.85698, 36.00178 ], [ -99.87188, 35.98867 ], [ -99.88688, 35.98807 ], [ -99.89298, 35.98525 ], [ -99.89465, 35.97708 ], [ -99.90788, 35.96659 ], [ -99.91105, 35.96188 ], [ -99.91214, 35.95494 ], [ -99.91088, 35.94598 ], [ -99.90531, 35.9395 ], [ -99.908, 35.92808 ], [ -99.91854, 35.92177 ], [ -99.92475, 35.91362 ], [ -99.95834, 35.90043 ], [ -99.97031, 35.8894 ], [ -99.98504, 35.88401 ], [ -100.0, 35.8809 ], [ -100.0, 36.05564 ], [ -100.5398, 36.05645 ], [ -100.54631, 36.0565 ], [ -100.54562, 36.21529 ], [ -100.54196, 36.21684 ], [ -100.5334, 36.21293 ], [ -100.53662, 36.20773 ], [ -100.53397, 36.20498 ], [ -100.52527, 36.21018 ], [ -100.51982, 36.20883 ], [ -100.51967, 36.21283 ], [ -100.51586, 36.21814 ], [ -100.51272, 36.21974 ], [ -100.50407, 36.21887 ], [ -100.49553, 36.21559 ], [ -100.49486, 36.21834 ], [ -100.49709, 36.22198 ], [ -100.50049, 36.2234 ], [ -100.5, 36.2244 ], [ -100.49353, 36.22501 ], [ -100.49032, 36.22954 ], [ -100.4826, 36.22824 ], [ -100.4778, 36.22879 ], [ -100.47438, 36.23131 ], [ -100.47037, 36.23067 ], [ -100.46944, 36.23516 ], [ -100.47433, 36.23852 ], [ -100.47136, 36.24077 ], [ -100.46226, 36.24299 ], [ -100.45469, 36.24269 ], [ -100.44858, 36.24013 ], [ -100.44389, 36.24098 ], [ -100.44454, 36.24503 ], [ -100.45096, 36.24457 ], [ -100.45279, 36.24636 ], [ -100.45223, 36.24833 ], [ -100.44875, 36.24917 ], [ -100.44793, 36.25498 ], [ -100.44406, 36.25745 ], [ -100.4325, 36.25365 ], [ -100.42948, 36.24313 ], [ -100.42657, 36.23848 ], [ -100.4158, 36.24192 ], [ -100.40958, 36.24207 ], [ -100.39952, 36.24736 ], [ -100.3894, 36.24411 ], [ -100.38711, 36.2385 ], [ -100.38426, 36.23653 ], [ -100.3818, 36.2365 ], [ -100.37812, 36.23943 ], [ -100.37779, 36.23387 ], [ -100.37615, 36.23199 ], [ -100.36574, 36.23068 ], [ -100.36501, 36.22826 ], [ -100.34952, 36.23085 ], [ -100.31954, 36.2307 ], [ -100.32027, 36.22321 ], [ -100.31824, 36.20544 ], [ -100.32067, 36.20157 ], [ -100.25647, 36.20156 ], [ -100.25583, 36.20754 ], [ -100.24929, 36.21381 ], [ -100.24968, 36.21933 ], [ -100.24582, 36.22233 ], [ -100.24585, 36.22558 ], [ -100.24399, 36.22743 ], [ -100.24541, 36.23094 ], [ -100.24029, 36.23488 ], [ -100.2269, 36.23717 ], [ -100.23863, 36.23678 ], [ -100.24428, 36.23453 ], [ -100.25872, 36.23847 ], [ -100.27546, 36.2385 ], [ -100.27572, 36.43387 ], [ -100.29364, 36.43398 ], [ -100.29431, 36.43035 ], [ -100.30856, 36.43736 ], [ -100.31046, 36.44044 ], [ -100.3148, 36.44214 ], [ -100.32075, 36.4413 ], [ -100.32072, 36.43589 ], [ -100.32219, 36.43401 ], [ -100.32975, 36.43401 ], [ -100.32978, 36.43892 ], [ -100.33576, 36.43788 ], [ -100.34349, 36.44262 ], [ -100.34462, 36.44413 ], [ -100.34106, 36.44431 ], [ -100.34109, 36.44864 ], [ -100.3492, 36.45466 ], [ -100.34782, 36.46054 ], [ -100.34963, 36.46402 ], [ -100.34807, 36.4657 ], [ -100.34912, 36.47057 ], [ -100.34558, 36.47327 ], [ -100.34224, 36.47282 ], [ -100.34958, 36.48209 ], [ -100.35492, 36.4844 ], [ -100.35656, 36.48818 ], [ -100.35433, 36.49404 ], [ -100.34908, 36.49789 ], [ -100.3427, 36.49738 ], [ -100.34072, 36.49944 ], [ -100.32373, 36.49965 ], [ -100.25312, 36.49977 ], [ -100.00326, 36.49961 ], [ -100.00259, 36.59316 ], [ -99.83737, 36.59327 ], [ -99.83761, 36.53646 ], [ -99.80203, 36.53641 ], [ -99.80197, 36.42104 ], [ -99.80545, 36.41995 ], [ -99.80397, 36.41764 ], [ -99.80576, 36.41766 ], [ -99.80601, 36.41567 ] ] ] } },
{ "type": "Feature", "properties": { "HSA93": 37080, "HSANAME": "OK- SHAWNEE", "STATE": 37, "HRR93": 339, "HRR93_NAME": "OK- OKLAHOMA CITY", "Persons90": 62480, "hosp_cnt": 2, "HSA_label": "Shawnee" }, "geometry": { "type": "Polygon", "coordinates": [ [ [ -96.77508, 35.01402 ], [ -96.77537, 34.92698 ], [ -96.77542, 34.92121 ], [ -96.77544, 34.91885 ], [ -96.77486, 34.90014 ], [ -96.77968, 34.89877 ], [ -96.78742, 34.89971 ], [ -96.79879, 34.90632 ], [ -96.79791, 34.92991 ], [ -96.80523, 34.93817 ], [ -96.81557, 34.94566 ], [ -96.82119, 34.94603 ], [ -96.83048, 34.94183 ], [ -96.84108, 34.93372 ], [ -96.85208, 34.92869 ], [ -96.85819, 34.92965 ], [ -96.87602, 34.92595 ], [ -96.8851, 34.92617 ], [ -96.88861, 34.9274 ], [ -96.89934, 34.94327 ], [ -96.9044, 34.94687 ], [ -96.91166, 34.95868 ], [ -96.92398, 34.96373 ], [ -96.92951, 34.96444 ], [ -96.92903, 34.97649 ], [ -96.93124, 34.97831 ], [ -96.93111, 34.98576 ], [ -96.93369, 34.98569 ], [ -96.93366, 34.98737 ], [ -96.93169, 34.98734 ], [ -96.93157, 34.99127 ], [ -96.9346, 34.99881 ], [ -96.93288, 35.0013 ], [ -96.93102, 35.01478 ], [ -96.93115, 35.08711 ], [ -97.03935, 35.08694 ], [ -97.0361, 35.08671 ], [ -97.03323, 35.08185 ], [ -97.03241, 35.07224 ], [ -97.14171, 35.0726 ], [ -97.14198, 35.14514 ], [ -97.14184, 35.1776 ], [ -97.1419, 35.19264 ], [ -97.14152, 35.2263 ], [ -97.1416, 35.23205 ], [ -97.1417, 35.2752 ], [ -97.14173, 35.28954 ], [ -97.14153, 35.37617 ], [ -97.05402, 35.37609 ], [ -97.05403, 35.40276 ], [ -97.05632, 35.40574 ], [ -97.04469, 35.40594 ], [ -97.0453, 35.40707 ], [ -97.05034, 35.40656 ], [ -97.0486, 35.40945 ], [ -97.05431, 35.41153 ], [ -97.04684, 35.4159 ], [ -97.04404, 35.41998 ], [ -97.04572, 35.42131 ], [ -97.04413, 35.42213 ], [ -97.04519, 35.42376 ], [ -97.04057, 35.42559 ], [ -97.04653, 35.4265 ], [ -97.04757, 35.42799 ], [ -97.04577, 35.42946 ], [ -97.04659, 35.43017 ], [ -97.05059, 35.4287 ], [ -97.04829, 35.42852 ], [ -97.04997, 35.42662 ], [ -97.05274, 35.42767 ], [ -97.05268, 35.42275 ], [ -97.05425, 35.42225 ], [ -97.05688, 35.42612 ], [ -97.06085, 35.42591 ], [ -97.05951, 35.43104 ], [ -97.06977, 35.42751 ], [ -97.07044, 35.4285 ], [ -97.06706, 35.43067 ], [ -97.06745, 35.43443 ], [ -97.06916, 35.43596 ], [ -97.07349, 35.43543 ], [ -97.08357, 35.43944 ], [ -97.08452, 35.44102 ], [ -97.08141, 35.44061 ], [ -97.08183, 35.4418 ], [ -97.08832, 35.44551 ], [ -97.09521, 35.44614 ], [ -97.09649, 35.44882 ], [ -97.10016, 35.44905 ], [ -97.10033, 35.45127 ], [ -97.1073, 35.45326 ], [ -97.10475, 35.45548 ], [ -97.10634, 35.4635 ], [ -97.14093, 35.464 ], [ -97.14054, 35.5652 ], [ -97.14094, 35.60845 ], [ -97.10567, 35.60839 ], [ -97.10521, 35.59394 ], [ -97.07029, 35.5937 ], [ -97.07023, 35.57966 ], [ -97.05236, 35.57937 ], [ -97.05208, 35.56499 ], [ -96.96356, 35.5649 ], [ -96.96354, 35.59376 ], [ -96.83932, 35.5936 ], [ -96.83938, 35.60809 ], [ -96.85729, 35.6085 ], [ -96.85728, 35.6371 ], [ -96.8349, 35.64483 ], [ -96.83399, 35.65146 ], [ -96.76886, 35.65182 ], [ -96.7687, 35.63726 ], [ -96.75337, 35.63739 ], [ -96.75088, 35.63066 ], [ -96.74955, 35.63053 ], [ -96.75276, 35.62963 ], [ -96.75208, 35.62828 ], [ -96.75368, 35.62638 ], [ -96.75609, 35.62641 ], [ -96.75435, 35.62337 ], [ -96.75511, 35.62184 ], [ -96.76167, 35.62026 ], [ -96.77715, 35.62315 ], [ -96.77782, 35.61814 ], [ -96.78195, 35.61532 ], [ -96.78214, 35.60829 ], [ -96.80415, 35.60806 ], [ -96.80415, 35.57936 ], [ -96.82186, 35.57932 ], [ -96.82177, 35.55034 ], [ -96.82351, 35.55027 ], [ -96.82361, 35.47788 ], [ -96.84127, 35.4778 ], [ -96.84132, 35.4635 ], [ -96.62458, 35.46266 ], [ -96.62341, 35.40088 ], [ -96.6265, 35.39918 ], [ -96.63081, 35.39239 ], [ -96.63372, 35.39328 ], [ -96.6362, 35.39919 ], [ -96.64412, 35.39303 ], [ -96.65197, 35.39168 ], [ -96.65379, 35.39537 ], [ -96.66061, 35.39512 ], [ -96.66435, 35.39862 ], [ -96.67048, 35.39993 ], [ -96.67067, 35.40142 ], [ -96.67425, 35.40039 ], [ -96.67548, 35.40432 ], [ -96.67758, 35.40204 ], [ -96.68171, 35.40588 ], [ -96.68974, 35.40375 ], [ -96.68968, 35.40703 ], [ -96.69136, 35.40854 ], [ -96.70022, 35.40945 ], [ -96.70316, 35.41659 ], [ -96.70543, 35.41655 ], [ -96.70666, 35.41474 ], [ -96.71105, 35.41563 ], [ -96.71943, 35.41199 ], [ -96.72038, 35.41373 ], [ -96.71658, 35.41771 ], [ -96.71678, 35.42 ], [ -96.72089, 35.42431 ], [ -96.72433, 35.42501 ], [ -96.73789, 35.41965 ], [ -96.73283, 35.41579 ], [ -96.7345, 35.4135 ], [ -96.73632, 35.41537 ], [ -96.74133, 35.41445 ], [ -96.73973, 35.40855 ], [ -96.74266, 35.40674 ], [ -96.75091, 35.40628 ], [ -96.76248, 35.40939 ], [ -96.76673, 35.40839 ], [ -96.76891, 35.41053 ], [ -96.77004, 35.40727 ], [ -96.77392, 35.40589 ], [ -96.77641, 35.4113 ], [ -96.77682, 35.2896 ], [ -96.77645, 35.2174 ], [ -96.75905, 35.21736 ], [ -96.75912, 35.20296 ], [ -96.74013, 35.20282 ], [ -96.73995, 35.18661 ], [ -96.7351, 35.1862 ], [ -96.73162, 35.18815 ], [ -96.73152, 35.17384 ], [ -96.68753, 35.17383 ], [ -96.6875, 35.18832 ], [ -96.63452, 35.18847 ], [ -96.63445, 35.17388 ], [ -96.61675, 35.17384 ], [ -96.61681, 35.13145 ], [ -96.62587, 35.13039 ], [ -96.62593, 35.11307 ], [ -96.63153, 35.11257 ], [ -96.63374, 35.11009 ], [ -96.63162, 35.1084 ], [ -96.6329, 35.10634 ], [ -96.63165, 35.10595 ], [ -96.64059, 35.09993 ], [ -96.62898, 35.10032 ], [ -96.62815, 35.09842 ], [ -96.62639, 35.09993 ], [ -96.62439, 35.09927 ], [ -96.62193, 35.09718 ], [ -96.62457, 35.09572 ], [ -96.62318, 35.09226 ], [ -96.6175, 35.09014 ], [ -96.61786, 35.09188 ], [ -96.61642, 35.09174 ], [ -96.61335, 35.09044 ], [ -96.61405, 35.08858 ], [ -96.61148, 35.08895 ], [ -96.61198, 35.08785 ], [ -96.60611, 35.08906 ], [ -96.6082, 35.0955 ], [ -96.60692, 35.09598 ], [ -96.60143, 35.09115 ], [ -96.60252, 35.08886 ], [ -96.59876, 35.08785 ], [ -96.60171, 35.08513 ], [ -96.6026, 35.08671 ], [ -96.60566, 35.08597 ], [ -96.6038, 35.08327 ], [ -96.60527, 35.0824 ], [ -96.60296, 35.08234 ], [ -96.60212, 35.08014 ], [ -96.59625, 35.07721 ], [ -96.5946, 35.0778 ], [ -96.5936, 35.07494 ], [ -96.59591, 35.06966 ], [ -96.59725, 35.06988 ], [ -96.59382, 35.06769 ], [ -96.59516, 35.06634 ], [ -96.59402, 35.06519 ], [ -96.59666, 35.06272 ], [ -96.59515, 35.05869 ], [ -96.59978, 35.05677 ], [ -96.6013, 35.05297 ], [ -96.60044, 35.05097 ], [ -96.59955, 35.05276 ], [ -96.59668, 35.04921 ], [ -96.59916, 35.04827 ], [ -96.59905, 35.04271 ], [ -96.60161, 35.04434 ], [ -96.60553, 35.03989 ], [ -96.61293, 35.03774 ], [ -96.61435, 35.03497 ], [ -96.61407, 35.03307 ], [ -96.60564, 35.03003 ], [ -96.60494, 35.02641 ], [ -96.60633, 35.02465 ], [ -96.60755, 35.02595 ], [ -96.60897, 35.02524 ], [ -96.6095, 35.02327 ], [ -96.6075, 35.02298 ], [ -96.61284, 35.02121 ], [ -96.61835, 35.02219 ], [ -96.61863, 35.02723 ], [ -96.62611, 35.02967 ], [ -96.63062, 35.02269 ], [ -96.62901, 35.02125 ], [ -96.63085, 35.01999 ], [ -96.63694, 35.02352 ], [ -96.63685, 35.02824 ], [ -96.64158, 35.03188 ], [ -96.64358, 35.03675 ], [ -96.64431, 35.03547 ], [ -96.64587, 35.03705 ], [ -96.64798, 35.03589 ], [ -96.65238, 35.03078 ], [ -96.65589, 35.03113 ], [ -96.65625, 35.03442 ], [ -96.66501, 35.03765 ], [ -96.66593, 35.03637 ], [ -96.6681, 35.03836 ], [ -96.66821, 35.04003 ], [ -96.66451, 35.04177 ], [ -96.66426, 35.04331 ], [ -96.66073, 35.04317 ], [ -96.66259, 35.0448 ], [ -96.66214, 35.04663 ], [ -96.66997, 35.0477 ], [ -96.67194, 35.0513 ], [ -96.67812, 35.05379 ], [ -96.67801, 35.05569 ], [ -96.68107, 35.05496 ], [ -96.68653, 35.05837 ], [ -96.69786, 35.05842 ], [ -96.7, 35.05988 ], [ -96.70025, 35.06449 ], [ -96.70549, 35.06831 ], [ -96.71122, 35.06961 ], [ -96.71392, 35.06668 ], [ -96.71623, 35.06709 ], [ -96.71776, 35.06391 ], [ -96.72108, 35.06583 ], [ -96.71955, 35.06737 ], [ -96.72294, 35.06814 ], [ -96.72779, 35.07499 ], [ -96.73208, 35.07325 ], [ -96.74121, 35.07629 ], [ -96.74522, 35.07491 ], [ -96.75257, 35.07729 ], [ -96.75572, 35.07665 ], [ -96.75822, 35.08038 ], [ -96.75705, 35.08288 ], [ -96.75964, 35.0843 ], [ -96.77514, 35.08201 ], [ -96.77508, 35.01402 ] ] ] } },
{ "type": "Feature", "properties": { "HSA93": 37081, "HSANAME": "OK- STIGLER", "STATE": 37, "HRR93": 16, "HRR93_NAME": "AR- FORT SMITH", "Persons90": 11865, "hosp_cnt": 1, "HSA_label": "Stigler" }, "geometry": { "type": "Polygon", "coordinates": [ [ [ -95.22111, 35.27272 ], [ -95.20592, 35.28797 ], [ -95.20256, 35.29929 ], [ -95.19895, 35.3035 ], [ -95.19386, 35.30521 ], [ -95.1877, 35.30485 ], [ -95.17835, 35.30091 ], [ -95.17472, 35.3021 ], [ -95.17152, 35.30546 ], [ -95.17022, 35.31001 ], [ -95.17094, 35.31533 ], [ -95.18265, 35.33861 ], [ -95.17693, 35.34853 ], [ -95.17188, 35.35208 ], [ -95.16542, 35.35297 ], [ -95.15759, 35.35084 ], [ -95.15026, 35.34578 ], [ -95.14399, 35.34853 ], [ -95.14143, 35.35697 ], [ -95.14722, 35.36107 ], [ -95.15554, 35.36274 ], [ -95.15937, 35.36513 ], [ -95.16134, 35.36688 ], [ -95.16053, 35.36926 ], [ -95.1368, 35.3802 ], [ -95.1297, 35.3787 ], [ -95.12366, 35.37257 ], [ -95.12047, 35.37237 ], [ -95.1154, 35.3775 ], [ -95.1024, 35.3968 ], [ -95.0858, 35.4058 ], [ -95.0827, 35.4128 ], [ -95.0802, 35.4318 ], [ -95.07839, 35.43476 ], [ -95.0686, 35.4488 ], [ -95.0497, 35.4588 ], [ -95.0318, 35.4562 ], [ -95.0247, 35.453 ], [ -95.0231, 35.4494 ], [ -95.0244, 35.4362 ], [ -95.0235, 35.4302 ], [ -95.0197, 35.4249 ], [ -95.00628, 35.41451 ], [ -94.9866, 35.40829 ], [ -94.96573, 35.40662 ], [ -94.9511, 35.40824 ], [ -94.93829, 35.3965 ], [ -94.93401, 35.39541 ], [ -94.95889, 35.38227 ], [ -94.9544, 35.37251 ], [ -94.95174, 35.35431 ], [ -94.97628, 35.34525 ], [ -94.9805, 35.34621 ], [ -94.98418, 35.34445 ], [ -94.9886, 35.34609 ], [ -94.98721, 35.34421 ], [ -94.98964, 35.34185 ], [ -94.99548, 35.34284 ], [ -94.99911, 35.33842 ], [ -95.00308, 35.33691 ], [ -95.00486, 35.33792 ], [ -95.00679, 35.33636 ], [ -95.00718, 35.33817 ], [ -95.00854, 35.33786 ], [ -95.00877, 35.30708 ], [ -95.02179, 35.29504 ], [ -95.01738, 35.29026 ], [ -95.01682, 35.28376 ], [ -95.00671, 35.28553 ], [ -94.99913, 35.28165 ], [ -94.98871, 35.27963 ], [ -94.97831, 35.28133 ], [ -94.96709, 35.28567 ], [ -94.95015, 35.28192 ], [ -94.95051, 35.27952 ], [ -94.94709, 35.27946 ], [ -94.94651, 35.27798 ], [ -94.95409, 35.2759 ], [ -94.95583, 35.27816 ], [ -94.95837, 35.27793 ], [ -94.96433, 35.26842 ], [ -94.9644, 35.26364 ], [ -94.96773, 35.26321 ], [ -94.96981, 35.259 ], [ -94.96456, 35.25615 ], [ -94.96596, 35.25426 ], [ -94.96855, 35.25463 ], [ -94.97109, 35.25154 ], [ -94.96774, 35.25217 ], [ -94.96734, 35.25045 ], [ -94.9627, 35.25347 ], [ -94.96122, 35.25137 ], [ -94.96385, 35.25128 ], [ -94.96332, 35.2482 ], [ -94.96776, 35.24155 ], [ -94.97313, 35.24413 ], [ -94.97811, 35.24192 ], [ -94.98525, 35.24132 ], [ -94.98444, 35.24002 ], [ -94.98654, 35.23871 ], [ -94.98455, 35.23478 ], [ -94.98591, 35.23208 ], [ -94.9896, 35.2323 ], [ -94.98957, 35.22951 ], [ -94.99352, 35.23101 ], [ -94.99213, 35.22918 ], [ -94.99334, 35.22726 ], [ -94.99415, 35.22937 ], [ -94.99826, 35.22688 ], [ -94.99836, 35.22333 ], [ -94.99507, 35.2237 ], [ -94.99502, 35.22141 ], [ -94.98924, 35.21943 ], [ -94.98871, 35.216 ], [ -94.99264, 35.21268 ], [ -94.99421, 35.21349 ], [ -94.99429, 35.21202 ], [ -94.9972, 35.21205 ], [ -94.99725, 35.20838 ], [ -95.00079, 35.20588 ], [ -95.00394, 35.20612 ], [ -95.00463, 35.2076 ], [ -95.0078, 35.20616 ], [ -95.00802, 35.20784 ], [ -95.01064, 35.20739 ], [ -95.01376, 35.2103 ], [ -95.01472, 35.20829 ], [ -95.02172, 35.20599 ], [ -95.02075, 35.20349 ], [ -95.02423, 35.20235 ], [ -95.02594, 35.19907 ], [ -95.02978, 35.20269 ], [ -95.03163, 35.20059 ], [ -95.03308, 35.201 ], [ -95.03313, 35.20432 ], [ -95.03617, 35.20235 ], [ -95.03678, 35.20608 ], [ -95.0403, 35.20633 ], [ -95.04055, 35.2035 ], [ -95.04671, 35.20022 ], [ -95.04842, 35.20077 ], [ -95.04713, 35.20276 ], [ -95.04939, 35.2037 ], [ -95.05087, 35.20286 ], [ -95.04909, 35.20112 ], [ -95.05165, 35.20036 ], [ -95.05581, 35.2021 ], [ -95.0553, 35.19977 ], [ -95.05784, 35.2005 ], [ -95.06348, 35.19631 ], [ -95.0615, 35.19491 ], [ -95.06119, 35.19239 ], [ -95.06468, 35.19393 ], [ -95.06423, 35.19095 ], [ -95.0685, 35.19205 ], [ -95.06852, 35.18868 ], [ -95.06585, 35.18818 ], [ -95.06688, 35.18557 ], [ -95.0731, 35.18186 ], [ -95.076, 35.18328 ], [ -95.07878, 35.18227 ], [ -95.0797, 35.17797 ], [ -95.08277, 35.17593 ], [ -95.08171, 35.17451 ], [ -95.08469, 35.1724 ], [ -95.08469, 35.1706 ], [ -95.08171, 35.16986 ], [ -95.08338, 35.16728 ], [ -95.0974, 35.16544 ], [ -95.09885, 35.16208 ], [ -95.10184, 35.16416 ], [ -95.10983, 35.1604 ], [ -95.11351, 35.16154 ], [ -95.1139, 35.15422 ], [ -95.11931, 35.15394 ], [ -95.12037, 35.15593 ], [ -95.12173, 35.15435 ], [ -95.12776, 35.15557 ], [ -95.12874, 35.15117 ], [ -95.13267, 35.15136 ], [ -95.13373, 35.15275 ], [ -95.14519, 35.15079 ], [ -95.14795, 35.14859 ], [ -95.14887, 35.14493 ], [ -95.14664, 35.14406 ], [ -95.14623, 35.14026 ], [ -95.14422, 35.13893 ], [ -95.14556, 35.13719 ], [ -95.14366, 35.13605 ], [ -95.14562, 35.13222 ], [ -95.143, 35.13041 ], [ -95.14331, 35.12751 ], [ -95.14758, 35.12151 ], [ -95.1522, 35.12268 ], [ -95.1587, 35.11245 ], [ -95.15246, 35.10759 ], [ -95.1465, 35.1099 ], [ -95.14104, 35.1088 ], [ -95.13981, 35.11079 ], [ -95.13262, 35.11374 ], [ -95.12816, 35.11134 ], [ -95.12778, 35.10754 ], [ -95.13065, 35.10587 ], [ -95.12688, 35.10225 ], [ -95.12103, 35.10348 ], [ -95.12091, 35.09052 ], [ -95.11645, 35.08489 ], [ -95.11625, 35.08162 ], [ -95.14208, 35.07439 ], [ -95.14634, 35.07249 ], [ -95.15091, 35.06668 ], [ -95.16005, 35.067 ], [ -95.17731, 35.06016 ], [ -95.17913, 35.0578 ], [ -95.32318, 35.05815 ], [ -95.34916, 35.05818 ], [ -95.34919, 35.0292 ], [ -95.5074, 35.0291 ], [ -95.50752, 34.94889 ], [ -95.51544, 34.94797 ], [ -95.51702, 34.94605 ], [ -95.52233, 34.94511 ], [ -95.52697, 34.94637 ], [ -95.5359, 34.94351 ], [ -95.54162, 34.94498 ], [ -95.54443, 34.9437 ], [ -95.54693, 34.94475 ], [ -95.55219, 34.94322 ], [ -95.57082, 34.9436 ], [ -95.57269, 34.94241 ], [ -95.5797, 34.94591 ], [ -95.58899, 34.94711 ], [ -95.60626, 34.94932 ], [ -95.60467, 34.9595 ], [ -95.60752, 34.96905 ], [ -95.60967, 34.96974 ], [ -95.61798, 34.96653 ], [ -95.62399, 34.96756 ], [ -95.62942, 34.97963 ], [ -95.63848, 34.98849 ], [ -95.63884, 34.99246 ], [ -95.63548, 34.99671 ], [ -95.63588, 35.0 ], [ -95.64671, 35.00581 ], [ -95.64846, 35.01188 ], [ -95.64688, 35.01517 ], [ -95.63384, 35.02661 ], [ -95.63221, 35.02917 ], [ -95.63262, 35.03379 ], [ -95.65155, 35.03839 ], [ -95.66586, 35.05112 ], [ -95.6655, 35.09434 ], [ -95.63336, 35.11083 ], [ -95.6139, 35.12997 ], [ -95.60443, 35.14211 ], [ -95.59692, 35.16405 ], [ -95.59935, 35.16877 ], [ -95.59978, 35.17665 ], [ -95.60191, 35.18066 ], [ -95.60731, 35.1834 ], [ -95.60864, 35.18905 ], [ -95.59649, 35.19528 ], [ -95.59249, 35.20014 ], [ -95.59891, 35.20665 ], [ -95.59402, 35.21451 ], [ -95.59594, 35.22334 ], [ -95.586, 35.234 ], [ -95.5701, 35.2454 ], [ -95.543, 35.2518 ], [ -95.5256, 35.2609 ], [ -95.5147, 35.2631 ], [ -95.5127, 35.2671 ], [ -95.5174, 35.27529 ], [ -95.5189, 35.2803 ], [ -95.5178, 35.2831 ], [ -95.511, 35.2899 ], [ -95.5073, 35.2968 ], [ -95.5025, 35.3001 ], [ -95.4886, 35.3004 ], [ -95.4614, 35.2929 ], [ -95.451, 35.29592 ], [ -95.4302, 35.3029 ], [ -95.4132, 35.3217 ], [ -95.3973, 35.3271 ], [ -95.3855, 35.326 ], [ -95.3735, 35.3154 ], [ -95.35781, 35.30639 ], [ -95.353, 35.3016 ], [ -95.35196, 35.29073 ], [ -95.34964, 35.2903 ], [ -95.3444, 35.293 ], [ -95.34033, 35.29498 ], [ -95.3328, 35.2984 ], [ -95.3152, 35.30222 ], [ -95.3007, 35.3013 ], [ -95.2868, 35.2943 ], [ -95.2711, 35.28025 ], [ -95.26191, 35.2689 ], [ -95.24819, 35.26278 ], [ -95.24047, 35.26221 ], [ -95.22888, 35.26701 ], [ -95.22111, 35.27272 ] ] ] } },
{ "type": "Feature", "properties": { "HSA93": 37082, "HSANAME": "OK- STILLWATER", "STATE": 37, "HRR93": 340, "HRR93_NAME": "OK- TULSA", "Persons90": 57092, "hosp_cnt": 1, "HSA_label": "Stillwater" }, "geometry": { "type": "Polygon", "coordinates": [ [ [ -96.92481, 36.24648 ], [ -96.81866, 36.24646 ], [ -96.81866, 36.18192 ], [ -96.81877, 36.15886 ], [ -96.71288, 36.15952 ], [ -96.64158, 36.15977 ], [ -96.62114, 36.15986 ], [ -96.62255, 36.047 ], [ -96.63098, 36.05262 ], [ -96.6387, 36.05315 ], [ -96.64187, 36.04831 ], [ -96.64203, 36.03897 ], [ -96.64376, 36.03421 ], [ -96.65021, 36.02301 ], [ -96.65853, 36.01804 ], [ -96.66641, 36.01764 ], [ -96.67159, 36.02285 ], [ -96.68983, 36.03113 ], [ -96.69411, 36.03479 ], [ -96.69223, 36.04333 ], [ -96.69719, 36.05808 ], [ -96.69469, 36.07625 ], [ -96.69773, 36.07976 ], [ -96.69918, 36.08626 ], [ -96.70694, 36.08968 ], [ -96.70897, 36.09237 ], [ -96.71599, 36.09331 ], [ -96.72472, 36.09244 ], [ -96.73048, 36.08966 ], [ -96.74534, 36.07563 ], [ -96.74529, 36.06977 ], [ -96.74057, 36.05776 ], [ -96.74163, 36.05274 ], [ -96.75511, 36.05114 ], [ -96.76623, 36.05323 ], [ -96.7846, 36.05381 ], [ -96.8098, 36.0518 ], [ -96.81479, 36.05393 ], [ -96.82586, 36.06327 ], [ -96.83173, 36.06584 ], [ -96.83644, 36.06573 ], [ -96.84494, 36.06178 ], [ -96.84541, 36.05478 ], [ -96.82498, 36.04769 ], [ -96.81683, 36.04207 ], [ -96.81252, 36.03577 ], [ -96.80977, 36.02112 ], [ -96.81036, 36.01435 ], [ -96.81307, 36.0111 ], [ -96.82145, 36.00843 ], [ -96.82247, 36.00749 ], [ -96.81766, 36.00422 ], [ -96.81999, 35.99961 ], [ -96.82183, 36.00083 ], [ -96.83752, 36.00035 ], [ -96.83765, 35.98547 ], [ -96.87373, 35.98562 ], [ -96.87367, 35.94206 ], [ -96.81999, 35.94212 ], [ -96.82007, 35.89844 ], [ -96.823, 35.89847 ], [ -96.82279, 35.81126 ], [ -96.91131, 35.81174 ], [ -96.91123, 35.79724 ], [ -96.94666, 35.79729 ], [ -96.94643, 35.75378 ], [ -96.99959, 35.75346 ], [ -96.99966, 35.78256 ], [ -97.03432, 35.78227 ], [ -97.14098, 35.78208 ], [ -97.14021, 35.94176 ], [ -97.1402, 35.95764 ], [ -97.14517, 35.9521 ], [ -97.15884, 35.94467 ], [ -97.17207, 35.94095 ], [ -97.18924, 35.9411 ], [ -97.20553, 35.94591 ], [ -97.20775, 35.94771 ], [ -97.20916, 35.9514 ], [ -97.21968, 35.96358 ], [ -97.22088, 35.96452 ], [ -97.24286, 35.97213 ], [ -97.25877, 35.97343 ], [ -97.27009, 35.97275 ], [ -97.27656, 35.97259 ], [ -97.28464, 35.97488 ], [ -97.28532, 35.97973 ], [ -97.28436, 35.9849 ], [ -97.28504, 35.99174 ], [ -97.28561, 35.99309 ], [ -97.28724, 35.99616 ], [ -97.28991, 35.99967 ], [ -97.28993, 36.0 ], [ -97.29092, 36.00136 ], [ -97.29249, 36.00345 ], [ -97.29679, 36.00765 ], [ -97.30012, 36.00922 ], [ -97.30627, 36.01048 ], [ -97.31133, 36.0111 ], [ -97.31356, 36.01118 ], [ -97.31684, 36.01066 ], [ -97.32418, 36.00931 ], [ -97.33151, 36.00645 ], [ -97.33556, 36.00087 ], [ -97.33601, 35.99974 ], [ -97.34047, 35.99271 ], [ -97.35355, 35.98489 ], [ -97.35355, 35.99954 ], [ -97.35358, 36.00683 ], [ -97.35349, 36.10104 ], [ -97.35369, 36.1591 ], [ -97.1761, 36.15913 ], [ -97.14044, 36.15917 ], [ -97.14076, 36.24632 ], [ -97.10342, 36.24644 ], [ -97.10356, 36.34786 ], [ -97.14754, 36.34779 ], [ -97.14822, 36.35493 ], [ -97.17499, 36.35507 ], [ -97.1749, 36.39116 ], [ -97.19285, 36.39118 ], [ -97.19285, 36.39265 ], [ -97.19288, 36.43468 ], [ -97.28253, 36.43422 ], [ -97.28249, 36.59374 ], [ -97.19128, 36.59395 ], [ -97.18379, 36.59395 ], [ -97.18452, 36.58916 ], [ -97.18974, 36.5869 ], [ -97.1925, 36.58857 ], [ -97.19224, 36.59292 ], [ -97.19638, 36.59328 ], [ -97.19715, 36.5917 ], [ -97.19502, 36.58985 ], [ -97.19743, 36.588 ], [ -97.19533, 36.58671 ], [ -97.19834, 36.58417 ], [ -97.20251, 36.58493 ], [ -97.2066, 36.58092 ], [ -97.20319, 36.56565 ], [ -97.19911, 36.56602 ], [ -97.1976, 36.56936 ], [ -97.19323, 36.57206 ], [ -97.19284, 36.56504 ], [ -97.17243, 36.56455 ], [ -97.1715, 36.55558 ], [ -97.17332, 36.55384 ], [ -97.1709, 36.55121 ], [ -97.17125, 36.54773 ], [ -97.16861, 36.54814 ], [ -97.16878, 36.54686 ], [ -97.16659, 36.54645 ], [ -97.16282, 36.542 ], [ -97.16311, 36.53907 ], [ -97.16538, 36.53875 ], [ -97.16478, 36.53651 ], [ -97.15826, 36.52962 ], [ -97.1586, 36.5277 ], [ -97.15506, 36.52554 ], [ -97.15336, 36.51966 ], [ -97.14712, 36.51757 ], [ -97.1482, 36.51478 ], [ -97.14446, 36.51261 ], [ -97.14151, 36.50285 ], [ -97.13536, 36.50029 ], [ -97.13709, 36.49865 ], [ -97.13485, 36.4964 ], [ -97.13587, 36.49439 ], [ -97.13103, 36.49182 ], [ -97.13211, 36.48954 ], [ -97.12961, 36.48933 ], [ -97.13086, 36.48649 ], [ -97.12839, 36.48608 ], [ -97.12811, 36.48404 ], [ -97.125, 36.4857 ], [ -97.1235, 36.48432 ], [ -97.11783, 36.4842 ], [ -97.11726, 36.48649 ], [ -97.11485, 36.48581 ], [ -97.1178, 36.48787 ], [ -97.11259, 36.48718 ], [ -97.11293, 36.48991 ], [ -97.10794, 36.48689 ], [ -97.10508, 36.48799 ], [ -97.10386, 36.48586 ], [ -97.10009, 36.48824 ], [ -97.09563, 36.48346 ], [ -97.09246, 36.48456 ], [ -97.09286, 36.48765 ], [ -97.08863, 36.4901 ], [ -97.08727, 36.48691 ], [ -97.08467, 36.48657 ], [ -97.08073, 36.48971 ], [ -97.08251, 36.49161 ], [ -97.07662, 36.49529 ], [ -97.07211, 36.49326 ], [ -97.07157, 36.48943 ], [ -97.06967, 36.48936 ], [ -97.06961, 36.49213 ], [ -97.06794, 36.4917 ], [ -97.06851, 36.48886 ], [ -97.06562, 36.48879 ], [ -97.06737, 36.48568 ], [ -97.06216, 36.48811 ], [ -97.06576, 36.49026 ], [ -97.06488, 36.49163 ], [ -97.06094, 36.48918 ], [ -97.05059, 36.49131 ], [ -97.05708, 36.49227 ], [ -97.05671, 36.49394 ], [ -97.0517, 36.49445 ], [ -97.0481, 36.49197 ], [ -97.04211, 36.49602 ], [ -97.04316, 36.4917 ], [ -97.04101, 36.49099 ], [ -97.03945, 36.49202 ], [ -97.03925, 36.49662 ], [ -97.03608, 36.49341 ], [ -97.03338, 36.49392 ], [ -97.03175, 36.49201 ], [ -97.03178, 36.39258 ], [ -97.03181, 36.38379 ], [ -97.0319, 36.36933 ], [ -97.03186, 36.35724 ], [ -97.03178, 36.33332 ], [ -96.92463, 36.33321 ], [ -96.92481, 36.24648 ] ] ] } },
{ "type": "Feature", "properties": { "HSA93": 37083, "HSANAME": "OK- STROUD", "STATE": 37, "HRR93": 339, "HRR93_NAME": "OK- OKLAHOMA CITY", "Persons90": 4898, "hosp_cnt": 1, "HSA_label": "Stroud" }, "geometry": { "type": "Polygon", "coordinates": [ [ [ -96.73327, 35.65885 ], [ -96.73338, 35.69506 ], [ -96.73341, 35.70028 ], [ -96.73961, 35.70227 ], [ -96.74217, 35.70504 ], [ -96.74048, 35.7066 ], [ -96.74475, 35.70975 ], [ -96.74335, 35.71037 ], [ -96.74523, 35.71213 ], [ -96.74357, 35.71376 ], [ -96.74391, 35.71747 ], [ -96.74212, 35.71797 ], [ -96.74406, 35.71882 ], [ -96.7424, 35.72143 ], [ -96.74439, 35.72154 ], [ -96.74473, 35.72459 ], [ -96.74754, 35.72587 ], [ -96.74709, 35.72839 ], [ -96.7513, 35.7312 ], [ -96.75203, 35.73518 ], [ -96.76053, 35.73512 ], [ -96.76464, 35.73773 ], [ -96.76466, 35.74009 ], [ -96.76474, 35.75285 ], [ -96.77805, 35.75302 ], [ -96.77737, 35.76359 ], [ -96.78234, 35.76398 ], [ -96.78262, 35.76749 ], [ -96.82261, 35.76815 ], [ -96.82279, 35.81126 ], [ -96.823, 35.89847 ], [ -96.82007, 35.89844 ], [ -96.81999, 35.94212 ], [ -96.6208, 35.94145 ], [ -96.61917, 35.91546 ], [ -96.61936, 35.77017 ], [ -96.61958, 35.75209 ], [ -96.61966, 35.75 ], [ -96.6203, 35.65541 ], [ -96.62591, 35.65957 ], [ -96.63825, 35.65759 ], [ -96.64282, 35.66205 ], [ -96.63401, 35.67265 ], [ -96.62923, 35.68176 ], [ -96.63343, 35.69332 ], [ -96.63584, 35.69501 ], [ -96.64325, 35.69488 ], [ -96.67878, 35.67847 ], [ -96.67968, 35.66638 ], [ -96.71544, 35.66623 ], [ -96.71813, 35.66059 ], [ -96.73327, 35.65885 ] ] ] } },
{ "type": "Feature", "properties": { "HSA93": 37084, "HSANAME": "OK- SULPHUR", "STATE": 37, "HRR93": 339, "HRR93_NAME": "OK- OKLAHOMA CITY", "Persons90": 7018, "hosp_cnt": 1, "HSA_label": "Sulphur" }, "geometry": { "type": "Polygon", "coordinates": [ [ [ -97.03045, 34.33478 ], [ -97.03922, 34.33745 ], [ -97.04253, 34.34245 ], [ -97.04232, 34.34452 ], [ -97.03107, 34.35118 ], [ -97.03492, 34.35529 ], [ -97.03456, 34.36052 ], [ -97.03843, 34.36595 ], [ -97.03342, 34.37286 ], [ -97.03613, 34.375 ], [ -97.03625, 34.37533 ], [ -97.03894, 34.37918 ], [ -97.04093, 34.38661 ], [ -97.03806, 34.38645 ], [ -97.03635, 34.38824 ], [ -97.0359, 34.39479 ], [ -97.0377, 34.39834 ], [ -97.03247, 34.40278 ], [ -97.03476, 34.41111 ], [ -97.03869, 34.41464 ], [ -97.04056, 34.41945 ], [ -97.036, 34.42579 ], [ -97.03443, 34.43135 ], [ -97.02845, 34.43673 ], [ -97.02435, 34.43815 ], [ -97.02727, 34.4422 ], [ -97.04107, 34.45264 ], [ -97.04155, 34.45927 ], [ -97.03837, 34.46638 ], [ -97.03131, 34.47278 ], [ -97.03165, 34.47968 ], [ -97.0335, 34.48138 ], [ -97.03272, 34.48386 ], [ -97.02918, 34.4847 ], [ -97.03034, 34.48649 ], [ -97.02281, 34.49274 ], [ -97.02154, 34.49626 ], [ -97.02444, 34.49691 ], [ -97.02668, 34.49961 ], [ -97.03019, 34.49967 ], [ -97.03023, 34.50176 ], [ -97.0373, 34.50182 ], [ -97.03725, 34.50619 ], [ -97.07196, 34.50621 ], [ -97.07209, 34.63689 ], [ -96.93216, 34.63664 ], [ -96.93213, 34.59301 ], [ -96.93208, 34.53386 ], [ -96.90663, 34.51967 ], [ -96.90143, 34.51945 ], [ -96.89609, 34.52498 ], [ -96.88727, 34.5256 ], [ -96.88365, 34.52774 ], [ -96.87886, 34.52705 ], [ -96.875, 34.5245 ], [ -96.86394, 34.52356 ], [ -96.86083, 34.51746 ], [ -96.85902, 34.51749 ], [ -96.85897, 34.50604 ], [ -96.88053, 34.5058 ], [ -96.88072, 34.33289 ], [ -96.93317, 34.33257 ], [ -97.02872, 34.33251 ], [ -97.03045, 34.33478 ] ] ] } },
{ "type": "Feature", "properties": { "HSA93": 37085, "HSANAME": "OK- TAHLEQUAH", "STATE": 37, "HRR93": 340, "HRR93_NAME": "OK- TULSA", "Persons90": 30153, "hosp_cnt": 2, "HSA_label": "Tahlequah" }, "geometry": { "type": "Polygon", "coordinates": [ [ [ -95.12728, 35.81271 ], [ -95.22896, 35.81301 ], [ -95.2317, 35.81301 ], [ -95.26544, 35.81317 ], [ -95.26752, 35.81594 ], [ -95.26626, 35.82034 ], [ -95.25544, 35.82458 ], [ -95.25225, 35.82831 ], [ -95.25292, 35.83386 ], [ -95.23122, 35.8511 ], [ -95.22926, 35.85484 ], [ -95.22726, 35.86207 ], [ -95.22748, 35.86397 ], [ -95.23208, 35.8725 ], [ -95.25746, 35.8772 ], [ -95.27986, 35.90166 ], [ -95.28059, 35.90278 ], [ -95.28291, 35.90941 ], [ -95.28158, 35.91683 ], [ -95.27546, 35.92439 ], [ -95.26977, 35.92854 ], [ -95.26967, 35.94733 ], [ -95.27272, 35.9551 ], [ -95.27858, 35.96181 ], [ -95.27798, 35.96522 ], [ -95.27197, 35.97351 ], [ -95.25195, 35.98775 ], [ -95.2382, 35.9879 ], [ -95.2385, 35.9914 ], [ -95.2342, 35.9912 ], [ -95.23403, 36.00218 ], [ -95.23006, 36.00222 ], [ -95.23006, 36.00382 ], [ -95.23001, 36.00916 ], [ -95.22523, 36.0091 ], [ -95.2251, 36.03974 ], [ -95.20773, 36.03978 ], [ -95.20771, 36.07461 ], [ -95.13351, 36.07448 ], [ -95.13371, 36.06871 ], [ -95.13582, 36.06702 ], [ -95.13589, 36.05017 ], [ -95.13736, 36.04607 ], [ -95.13166, 36.04701 ], [ -95.12721, 36.04186 ], [ -95.12278, 36.03998 ], [ -95.12134, 36.03657 ], [ -95.11531, 36.03643 ], [ -95.11061, 36.04023 ], [ -95.10576, 36.04129 ], [ -95.10424, 36.04543 ], [ -95.0822, 36.0456 ], [ -95.08385, 35.9805 ], [ -95.08277, 35.95908 ], [ -95.07658, 35.9602 ], [ -95.07069, 35.9578 ], [ -95.0594, 35.96043 ], [ -95.04609, 35.96098 ], [ -95.03054, 35.96759 ], [ -95.02905, 35.96945 ], [ -95.02913, 35.97348 ], [ -94.95389, 35.97348 ], [ -94.95195, 35.97474 ], [ -94.95119, 35.97891 ], [ -94.94592, 35.98078 ], [ -94.93612, 35.97959 ], [ -94.92677, 35.98207 ], [ -94.92412, 35.98195 ], [ -94.92377, 35.9771 ], [ -94.917, 35.97687 ], [ -94.91782, 35.98129 ], [ -94.91553, 35.98481 ], [ -94.91426, 35.99271 ], [ -94.91852, 35.99772 ], [ -94.92237, 36.00831 ], [ -94.92, 36.01128 ], [ -94.91834, 36.02 ], [ -94.91952, 36.02937 ], [ -94.91808, 36.032 ], [ -94.91569, 36.0328 ], [ -94.90639, 36.03168 ], [ -94.90478, 36.03552 ], [ -94.90255, 36.036 ], [ -94.90551, 36.04816 ], [ -94.90424, 36.05182 ], [ -94.8971, 36.05324 ], [ -94.89457, 36.05097 ], [ -94.88788, 36.05365 ], [ -94.88329, 36.05818 ], [ -94.88376, 36.06358 ], [ -94.87851, 36.07104 ], [ -94.86517, 36.06914 ], [ -94.86204, 36.07306 ], [ -94.85844, 36.07469 ], [ -94.85395, 36.07293 ], [ -94.84967, 36.0751 ], [ -94.8471, 36.08023 ], [ -94.83602, 36.08591 ], [ -94.83557, 36.08886 ], [ -94.82587, 36.09828 ], [ -94.81682, 36.10148 ], [ -94.8147, 36.11068 ], [ -94.80915, 36.11648 ], [ -94.805, 36.10796 ], [ -94.80116, 36.10505 ], [ -94.79706, 36.10447 ], [ -94.79705, 36.10314 ], [ -94.79705, 36.04532 ], [ -94.79698, 35.90079 ], [ -94.80711, 35.90084 ], [ -94.80722, 35.81291 ], [ -94.80755, 35.73676 ], [ -94.80707, 35.63851 ], [ -94.82873, 35.63853 ], [ -95.01819, 35.63837 ], [ -95.12723, 35.6388 ], [ -95.1274, 35.64525 ], [ -95.12724, 35.71356 ], [ -95.12748, 35.7645 ], [ -95.12732, 35.79776 ], [ -95.12728, 35.81271 ] ] ] } },
{ "type": "Feature", "properties": { "HSA93": 37087, "HSANAME": "OK- TISHOMINGO", "STATE": 37, "HRR93": 339, "HRR93_NAME": "OK- OKLAHOMA CITY", "Persons90": 9144, "hosp_cnt": 1, "HSA_label": "Tishomingo" }, "geometry": { "type": "Polygon", "coordinates": [ [ [ -96.41527, 34.15725 ], [ -96.45363, 34.15725 ], [ -96.45357, 34.11431 ], [ -96.48707, 34.11413 ], [ -96.58508, 34.11436 ], [ -96.58683, 34.11774 ], [ -96.58197, 34.11848 ], [ -96.58207, 34.12419 ], [ -96.58731, 34.12462 ], [ -96.58983, 34.12694 ], [ -96.59988, 34.13463 ], [ -96.60055, 34.13787 ], [ -96.59841, 34.1403 ], [ -96.60272, 34.14554 ], [ -96.6047, 34.14446 ], [ -96.60655, 34.13978 ], [ -96.61036, 34.13967 ], [ -96.61352, 34.14189 ], [ -96.61305, 34.1429 ], [ -96.61251, 34.14431 ], [ -96.60893, 34.14414 ], [ -96.60737, 34.14551 ], [ -96.6095, 34.14679 ], [ -96.61238, 34.1461 ], [ -96.61453, 34.14997 ], [ -96.61773, 34.15139 ], [ -96.62024, 34.15058 ], [ -96.62129, 34.15338 ], [ -96.6199, 34.15526 ], [ -96.61941, 34.16081 ], [ -96.6217, 34.16215 ], [ -96.625, 34.16043 ], [ -96.62854, 34.15364 ], [ -96.64088, 34.1583 ], [ -96.63999, 34.16296 ], [ -96.63651, 34.16439 ], [ -96.63832, 34.16801 ], [ -96.6431, 34.16797 ], [ -96.64917, 34.16269 ], [ -96.65587, 34.1611 ], [ -96.66301, 34.16779 ], [ -96.6652, 34.16871 ], [ -96.66747, 34.16666 ], [ -96.66969, 34.17216 ], [ -96.75227, 34.17245 ], [ -96.74881, 34.18134 ], [ -96.74423, 34.18794 ], [ -96.73685, 34.19258 ], [ -96.73384, 34.19632 ], [ -96.73155, 34.20167 ], [ -96.73305, 34.20518 ], [ -96.73955, 34.20593 ], [ -96.74283, 34.20362 ], [ -96.73791, 34.20342 ], [ -96.73662, 34.20137 ], [ -96.73816, 34.19762 ], [ -96.74092, 34.19694 ], [ -96.74408, 34.19138 ], [ -96.74776, 34.19288 ], [ -96.74889, 34.19502 ], [ -96.75116, 34.19312 ], [ -96.75771, 34.19468 ], [ -96.76094, 34.19819 ], [ -96.76625, 34.19699 ], [ -96.76652, 34.20214 ], [ -96.76336, 34.20715 ], [ -96.76759, 34.2096 ], [ -96.76959, 34.21419 ], [ -96.78175, 34.225 ], [ -96.80047, 34.21849 ], [ -96.80558, 34.21811 ], [ -96.80838, 34.21386 ], [ -96.81409, 34.21036 ], [ -96.81599, 34.21089 ], [ -96.81737, 34.21559 ], [ -96.8191, 34.21601 ], [ -96.81931, 34.21247 ], [ -96.82239, 34.20722 ], [ -96.82596, 34.20696 ], [ -96.82949, 34.20437 ], [ -96.83606, 34.20392 ], [ -96.8371, 34.1978 ], [ -96.83236, 34.1951 ], [ -96.83165, 34.19315 ], [ -96.84349, 34.19276 ], [ -96.84248, 34.18721 ], [ -96.84676, 34.18581 ], [ -96.85006, 34.18729 ], [ -96.85139, 34.19108 ], [ -96.84721, 34.21323 ], [ -96.86753, 34.21941 ], [ -96.86684, 34.2244 ], [ -96.87211, 34.22399 ], [ -96.87368, 34.22591 ], [ -96.87077, 34.22982 ], [ -96.87123, 34.23131 ], [ -96.87846, 34.23159 ], [ -96.87902, 34.24022 ], [ -96.88283, 34.24137 ], [ -96.88534, 34.24436 ], [ -96.89193, 34.24135 ], [ -96.90071, 34.23988 ], [ -96.90623, 34.23377 ], [ -96.91363, 34.22012 ], [ -96.91975, 34.2182 ], [ -96.92577, 34.21294 ], [ -96.93326, 34.21487 ], [ -96.93312, 34.28167 ], [ -96.93317, 34.33257 ], [ -96.88072, 34.33289 ], [ -96.88053, 34.5058 ], [ -96.85897, 34.50604 ], [ -96.82886, 34.5059 ], [ -96.827, 34.5059 ], [ -96.63425, 34.5056 ], [ -96.51359, 34.5053 ], [ -96.51351, 34.41954 ], [ -96.40706, 34.41845 ], [ -96.40687, 34.34589 ], [ -96.40701, 34.27328 ], [ -96.40737, 34.15722 ], [ -96.41527, 34.15725 ] ] ] } },
{ "type": "Feature", "properties": { "HSA93": 37088, "HSANAME": "OK- TULSA", "STATE": 37, "HRR93": 340, "HRR93_NAME": "OK- TULSA", "Persons90": 668418, "hosp_cnt": 12, "HSA_label": "Tulsa" }, "geometry": { "type": "MultiPolygon", "coordinates": [ [ [ [ -96.19235, 35.72612 ], [ -96.19229, 35.639 ], [ -96.19256, 35.55181 ], [ -96.13915, 35.55201 ], [ -96.13824, 35.5546 ], [ -96.1229, 35.5544 ], [ -96.11698, 35.55612 ], [ -96.11523, 35.55858 ], [ -96.11129, 35.55821 ], [ -96.10759, 35.56643 ], [ -96.10365, 35.56639 ], [ -96.10369, 35.55922 ], [ -96.08028, 35.55918 ], [ -96.06947, 35.55593 ], [ -96.06768, 35.55201 ], [ -96.03352, 35.55187 ], [ -96.03278, 35.55883 ], [ -96.02531, 35.55972 ], [ -96.02097, 35.56191 ], [ -96.02122, 35.56596 ], [ -96.0175, 35.56502 ], [ -96.015, 35.56768 ], [ -96.0112, 35.56784 ], [ -96.00907, 35.57044 ], [ -96.00965, 35.57246 ], [ -96.00713, 35.57385 ], [ -96.00817, 35.57541 ], [ -96.00565, 35.57456 ], [ -96.00379, 35.57824 ], [ -96.00074, 35.57579 ], [ -95.99752, 35.57829 ], [ -95.9948, 35.57726 ], [ -95.9931, 35.5868 ], [ -95.9896, 35.58598 ], [ -95.98733, 35.58733 ], [ -95.98562, 35.58626 ], [ -95.98769, 35.58276 ], [ -95.9845, 35.58127 ], [ -95.98789, 35.57809 ], [ -95.98037, 35.56686 ], [ -95.97242, 35.56581 ], [ -95.97503, 35.5685 ], [ -95.97416, 35.56921 ], [ -95.96382, 35.56418 ], [ -95.9634, 35.56597 ], [ -95.96581, 35.56762 ], [ -95.96164, 35.56894 ], [ -95.95895, 35.56789 ], [ -95.96147, 35.56654 ], [ -95.96083, 35.56572 ], [ -95.95699, 35.56814 ], [ -95.94713, 35.57032 ], [ -95.94582, 35.56947 ], [ -95.94753, 35.56782 ], [ -95.9447, 35.56659 ], [ -95.94148, 35.56803 ], [ -95.93834, 35.56634 ], [ -95.93812, 35.57069 ], [ -95.93431, 35.57018 ], [ -95.93588, 35.56668 ], [ -95.93271, 35.56881 ], [ -95.9296, 35.56837 ], [ -95.93053, 35.56339 ], [ -95.92574, 35.56355 ], [ -95.92817, 35.56041 ], [ -95.92274, 35.56078 ], [ -95.92165, 35.55874 ], [ -95.92479, 35.557 ], [ -95.92101, 35.55506 ], [ -95.91854, 35.55641 ], [ -95.92378, 35.54707 ], [ -95.92151, 35.54668 ], [ -95.91913, 35.55032 ], [ -95.91768, 35.55023 ], [ -95.90967, 35.5357 ], [ -95.91146, 35.53396 ], [ -95.91639, 35.53721 ], [ -95.9165, 35.5354 ], [ -95.91334, 35.5338 ], [ -95.91401, 35.5313 ], [ -95.91007, 35.52787 ], [ -95.90615, 35.52869 ], [ -95.90584, 35.53146 ], [ -95.90405, 35.53091 ], [ -95.90366, 35.52796 ], [ -95.91124, 35.52375 ], [ -95.90861, 35.52151 ], [ -95.90601, 35.52158 ], [ -95.90666, 35.51661 ], [ -95.89972, 35.5151 ], [ -95.8975, 35.51791 ], [ -95.89367, 35.51814 ], [ -95.89115, 35.52132 ], [ -95.88838, 35.52164 ], [ -95.88664, 35.52914 ], [ -95.88775, 35.53992 ], [ -95.88391, 35.54367 ], [ -95.88399, 35.54631 ], [ -95.87974, 35.5493 ], [ -95.87901, 35.55176 ], [ -95.87301, 35.55174 ], [ -95.82205, 35.55162 ], [ -95.82252, 35.48763 ], [ -95.82313, 35.46387 ], [ -95.8753, 35.46348 ], [ -95.87538, 35.38973 ], [ -95.87535, 35.37659 ], [ -95.98103, 35.37673 ], [ -95.9811, 35.2898 ], [ -95.98105, 35.26038 ], [ -95.96796, 35.26244 ], [ -95.94431, 35.26311 ], [ -95.92447, 35.26901 ], [ -95.89543, 35.26059 ], [ -95.84841, 35.26031 ], [ -95.8397, 35.26091 ], [ -95.8281, 35.26734 ], [ -95.7868, 35.26761 ], [ -95.77647, 35.27084 ], [ -95.76908, 35.26919 ], [ -95.76894, 35.25234 ], [ -95.76405, 35.24953 ], [ -95.76147, 35.25062 ], [ -95.7626, 35.24832 ], [ -95.76073, 35.24774 ], [ -95.76237, 35.24621 ], [ -95.76056, 35.24475 ], [ -95.76108, 35.24337 ], [ -95.75845, 35.24097 ], [ -95.75069, 35.23935 ], [ -95.74852, 35.23538 ], [ -95.74914, 35.23324 ], [ -95.75255, 35.23286 ], [ -95.75206, 35.23005 ], [ -95.75569, 35.22653 ], [ -95.75304, 35.22403 ], [ -95.75097, 35.21688 ], [ -95.75141, 35.20336 ], [ -95.76488, 35.20242 ], [ -95.76395, 35.19951 ], [ -95.76153, 35.198 ], [ -95.77025, 35.18167 ], [ -95.7832, 35.1945 ], [ -95.793, 35.1972 ], [ -95.8081, 35.1953 ], [ -95.825, 35.187 ], [ -95.837, 35.1844 ], [ -95.8475, 35.1883 ], [ -95.8565, 35.1865 ], [ -95.8689, 35.1868 ], [ -95.87424, 35.18018 ], [ -95.8881, 35.1556 ], [ -95.90055, 35.14636 ], [ -95.9077, 35.1434 ], [ -95.9231, 35.1426 ], [ -95.9525, 35.1513 ], [ -95.9674, 35.1525 ], [ -95.98343, 35.15146 ], [ -95.99, 35.15074 ], [ -96.0, 35.15355 ], [ -96.00733, 35.15981 ], [ -96.01366, 35.15828 ], [ -96.01533, 35.16188 ], [ -96.02087, 35.16556 ], [ -96.02889, 35.17525 ], [ -96.03661, 35.18154 ], [ -96.04004, 35.18081 ], [ -96.04115, 35.17465 ], [ -96.04503, 35.17001 ], [ -96.05127, 35.17125 ], [ -96.05824, 35.16887 ], [ -96.06504, 35.17553 ], [ -96.06838, 35.17127 ], [ -96.07203, 35.17042 ], [ -96.07072, 35.16921 ], [ -96.07552, 35.17097 ], [ -96.0771, 35.16953 ], [ -96.07496, 35.16919 ], [ -96.07504, 35.16733 ], [ -96.07908, 35.16633 ], [ -96.07872, 35.16404 ], [ -96.0829, 35.16394 ], [ -96.08368, 35.16083 ], [ -96.0883, 35.1606 ], [ -96.0883, 35.15948 ], [ -96.10594, 35.15957 ], [ -96.10617, 35.16332 ], [ -96.11575, 35.16325 ], [ -96.13107, 35.16661 ], [ -96.13318, 35.17391 ], [ -96.14045, 35.17391 ], [ -96.14567, 35.17403 ], [ -96.15194, 35.17788 ], [ -96.15386, 35.17561 ], [ -96.16172, 35.18289 ], [ -96.16894, 35.1798 ], [ -96.17702, 35.18129 ], [ -96.17691, 35.18829 ], [ -96.18605, 35.18831 ], [ -96.16344, 35.23127 ], [ -96.15495, 35.24033 ], [ -96.12616, 35.28986 ], [ -96.28191, 35.29001 ], [ -96.4411, 35.29002 ], [ -96.441, 35.4676 ], [ -96.4399, 35.47139 ], [ -96.44108, 35.47894 ], [ -96.42348, 35.47913 ], [ -96.42331, 35.48654 ], [ -96.41175, 35.4848 ], [ -96.35272, 35.45227 ], [ -96.35273, 35.47891 ], [ -96.33485, 35.4788 ], [ -96.33399, 35.48999 ], [ -96.3411, 35.49002 ], [ -96.34224, 35.49335 ], [ -96.37045, 35.49353 ], [ -96.37044, 35.50819 ], [ -96.37032, 35.53678 ], [ -96.38803, 35.53715 ], [ -96.38782, 35.55958 ], [ -96.40549, 35.55915 ], [ -96.40546, 35.55191 ], [ -96.44092, 35.55201 ], [ -96.441, 35.58094 ], [ -96.47664, 35.58096 ], [ -96.47628, 35.63897 ], [ -96.62036, 35.63894 ], [ -96.6203, 35.65541 ], [ -96.61966, 35.75 ], [ -96.61958, 35.75209 ], [ -96.61936, 35.77017 ], [ -96.54334, 35.80492 ], [ -96.45813, 35.82796 ], [ -96.45802, 35.8362 ], [ -96.45599, 35.83682 ], [ -96.45271, 35.84236 ], [ -96.45821, 35.84259 ], [ -96.45814, 35.87762 ], [ -96.462, 35.88801 ], [ -96.46616, 35.89323 ], [ -96.46878, 35.89365 ], [ -96.47014, 35.89748 ], [ -96.47181, 35.89794 ], [ -96.47177, 35.90099 ], [ -96.42026, 35.90099 ], [ -96.41382, 35.89879 ], [ -96.40482, 35.89938 ], [ -96.40254, 35.90101 ], [ -96.33011, 35.90099 ], [ -96.29374, 35.9147 ], [ -96.19189, 35.98843 ], [ -96.31385, 35.98834 ], [ -96.32869, 35.9867 ], [ -96.34882, 35.98962 ], [ -96.36485, 35.99886 ], [ -96.37819, 36.00293 ], [ -96.45851, 36.00297 ], [ -96.45925, 36.01967 ], [ -96.47814, 36.04589 ], [ -96.49376, 36.07628 ], [ -96.49652, 36.07639 ], [ -96.49552, 36.14569 ], [ -96.48496, 36.1636 ], [ -96.55256, 36.1635 ], [ -96.62103, 36.16349 ], [ -96.62114, 36.15986 ], [ -96.64158, 36.15977 ], [ -96.71288, 36.15952 ], [ -96.71239, 36.24574 ], [ -96.71061, 36.24632 ], [ -96.7104, 36.27539 ], [ -96.63852, 36.27538 ], [ -96.63831, 36.289 ], [ -96.64224, 36.28932 ], [ -96.64238, 36.29202 ], [ -96.64535, 36.29509 ], [ -96.64458, 36.29802 ], [ -96.64633, 36.3018 ], [ -96.64034, 36.30688 ], [ -96.63559, 36.30715 ], [ -96.63335, 36.31026 ], [ -96.62713, 36.31355 ], [ -96.62168, 36.30923 ], [ -96.62024, 36.31042 ], [ -96.60848, 36.31066 ], [ -96.6069, 36.31352 ], [ -96.60927, 36.31487 ], [ -96.60662, 36.31851 ], [ -96.60764, 36.32082 ], [ -96.60472, 36.32029 ], [ -96.60453, 36.32311 ], [ -96.59703, 36.32203 ], [ -96.59454, 36.32352 ], [ -96.59205, 36.32169 ], [ -96.58606, 36.32414 ], [ -96.58501, 36.3213 ], [ -96.57387, 36.31584 ], [ -96.56425, 36.30435 ], [ -96.55786, 36.3002 ], [ -96.53836, 36.29599 ], [ -96.52428, 36.29537 ], [ -96.51472, 36.29687 ], [ -96.49967, 36.30634 ], [ -96.49855, 36.31237 ], [ -96.49487, 36.31532 ], [ -96.49281, 36.32017 ], [ -96.48196, 36.32874 ], [ -96.47294, 36.33181 ], [ -96.47198, 36.33048 ], [ -96.47101, 36.33226 ], [ -96.46097, 36.33167 ], [ -96.45701, 36.32888 ], [ -96.45766, 36.32773 ], [ -96.45444, 36.32913 ], [ -96.45546, 36.32767 ], [ -96.45223, 36.32314 ], [ -96.45201, 36.32114 ], [ -96.45458, 36.32348 ], [ -96.45475, 36.31831 ], [ -96.4567, 36.31622 ], [ -96.45475, 36.31682 ], [ -96.45404, 36.31515 ], [ -96.45543, 36.31375 ], [ -96.45729, 36.31453 ], [ -96.4526, 36.30366 ], [ -96.45308, 36.30222 ], [ -96.45642, 36.30279 ], [ -96.45571, 36.30128 ], [ -96.45998, 36.30389 ], [ -96.46292, 36.30391 ], [ -96.46312, 36.30251 ], [ -96.4606, 36.30251 ], [ -96.45305, 36.29549 ], [ -96.45104, 36.29661 ], [ -96.44853, 36.29446 ], [ -96.44053, 36.29416 ], [ -96.44898, 36.29316 ], [ -96.44802, 36.2902 ], [ -96.44522, 36.29146 ], [ -96.43988, 36.2875 ], [ -96.4418, 36.28533 ], [ -96.43682, 36.28661 ], [ -96.43685, 36.28247 ], [ -96.44027, 36.28013 ], [ -96.43722, 36.28034 ], [ -96.43583, 36.27771 ], [ -96.43453, 36.28414 ], [ -96.43072, 36.27851 ], [ -96.42642, 36.27661 ], [ -96.4284, 36.27389 ], [ -96.42758, 36.27318 ], [ -96.42363, 36.27528 ], [ -96.42233, 36.27345 ], [ -96.4219, 36.27494 ], [ -96.41973, 36.27492 ], [ -96.41015, 36.27301 ], [ -96.40777, 36.27134 ], [ -96.40961, 36.27116 ], [ -96.40749, 36.26915 ], [ -96.40622, 36.2702 ], [ -96.3913, 36.26289 ], [ -96.38359, 36.25506 ], [ -96.38842, 36.25669 ], [ -96.38732, 36.2528 ], [ -96.38585, 36.25376 ], [ -96.3823, 36.25234 ], [ -96.38167, 36.24965 ], [ -96.37896, 36.25344 ], [ -96.37771, 36.2496 ], [ -96.37684, 36.25174 ], [ -96.3725, 36.2469 ], [ -96.36732, 36.24481 ], [ -96.3738, 36.24248 ], [ -96.37014, 36.23925 ], [ -96.3707, 36.237 ], [ -96.37297, 36.23809 ], [ -96.374, 36.23496 ], [ -96.38075, 36.23343 ], [ -96.38383, 36.23064 ], [ -96.38513, 36.23247 ], [ -96.38725, 36.2292 ], [ -96.38971, 36.22922 ], [ -96.39044, 36.23115 ], [ -96.39109, 36.22943 ], [ -96.39273, 36.23051 ], [ -96.3953, 36.22724 ], [ -96.39909, 36.22941 ], [ -96.39793, 36.22783 ], [ -96.39991, 36.22788 ], [ -96.39598, 36.2268 ], [ -96.39488, 36.22259 ], [ -96.39059, 36.22485 ], [ -96.39115, 36.22801 ], [ -96.387, 36.22808 ], [ -96.38703, 36.22568 ], [ -96.38468, 36.2279 ], [ -96.37985, 36.22753 ], [ -96.37739, 36.23048 ], [ -96.3755, 36.2278 ], [ -96.37114, 36.23118 ], [ -96.36982, 36.22825 ], [ -96.36916, 36.23209 ], [ -96.36733, 36.23096 ], [ -96.36688, 36.23311 ], [ -96.36112, 36.2358 ], [ -96.36214, 36.23229 ], [ -96.35958, 36.23359 ], [ -96.35124, 36.22874 ], [ -96.3408, 36.2259 ], [ -96.34153, 36.22348 ], [ -96.3375, 36.22472 ], [ -96.33661, 36.22238 ], [ -96.32866, 36.22442 ], [ -96.32248, 36.22332 ], [ -96.3149, 36.2259 ], [ -96.31019, 36.22356 ], [ -96.30361, 36.22615 ], [ -96.29963, 36.22517 ], [ -96.3017, 36.22018 ], [ -96.29618, 36.22493 ], [ -96.28928, 36.22481 ], [ -96.28796, 36.2232 ], [ -96.28658, 36.22459 ], [ -96.28202, 36.22382 ], [ -96.28509, 36.22023 ], [ -96.28253, 36.2201 ], [ -96.28243, 36.22226 ], [ -96.27842, 36.22343 ], [ -96.27834, 36.21823 ], [ -96.27609, 36.22303 ], [ -96.27395, 36.22219 ], [ -96.2745, 36.21834 ], [ -96.27266, 36.21797 ], [ -96.27395, 36.21938 ], [ -96.27234, 36.22197 ], [ -96.26626, 36.22111 ], [ -96.26664, 36.21968 ], [ -96.26508, 36.21978 ], [ -96.26315, 36.21697 ], [ -96.26418, 36.22069 ], [ -96.25754, 36.21956 ], [ -96.25734, 36.21545 ], [ -96.25606, 36.21849 ], [ -96.2541, 36.21755 ], [ -96.25058, 36.20995 ], [ -96.2521, 36.20854 ], [ -96.25133, 36.20582 ], [ -96.25271, 36.20233 ], [ -96.25473, 36.20062 ], [ -96.25631, 36.20374 ], [ -96.2571, 36.2017 ], [ -96.25955, 36.2017 ], [ -96.26474, 36.20522 ], [ -96.26658, 36.20482 ], [ -96.26136, 36.2012 ], [ -96.2673, 36.1987 ], [ -96.25857, 36.20059 ], [ -96.25634, 36.19661 ], [ -96.26066, 36.1917 ], [ -96.2628, 36.1923 ], [ -96.26179, 36.19008 ], [ -96.26397, 36.18795 ], [ -96.26826, 36.18895 ], [ -96.26559, 36.18611 ], [ -96.2682, 36.18252 ], [ -96.27359, 36.1879 ], [ -96.26954, 36.18169 ], [ -96.27074, 36.18031 ], [ -96.27209, 36.1817 ], [ -96.27556, 36.17666 ], [ -96.27736, 36.17675 ], [ -96.27648, 36.17542 ], [ -96.27784, 36.17536 ], [ -96.27798, 36.17127 ], [ -96.28388, 36.17729 ], [ -96.28298, 36.17959 ], [ -96.28442, 36.18071 ], [ -96.28282, 36.18214 ], [ -96.27887, 36.18223 ], [ -96.2782, 36.1805 ], [ -96.2738, 36.18148 ], [ -96.27415, 36.18378 ], [ -96.28124, 36.18572 ], [ -96.28786, 36.18309 ], [ -96.29038, 36.18042 ], [ -96.28885, 36.18596 ], [ -96.29334, 36.17984 ], [ -96.29384, 36.18345 ], [ -96.29502, 36.18254 ], [ -96.29474, 36.18454 ], [ -96.2959, 36.1834 ], [ -96.29694, 36.18453 ], [ -96.2936, 36.18906 ], [ -96.29085, 36.18993 ], [ -96.29182, 36.19391 ], [ -96.29406, 36.19036 ], [ -96.29894, 36.19305 ], [ -96.29586, 36.19032 ], [ -96.29842, 36.18795 ], [ -96.30146, 36.1893 ], [ -96.30763, 36.19588 ], [ -96.30723, 36.20038 ], [ -96.30942, 36.19818 ], [ -96.30682, 36.20558 ], [ -96.3083, 36.20548 ], [ -96.30996, 36.20032 ], [ -96.31252, 36.19816 ], [ -96.31353, 36.20227 ], [ -96.3116, 36.208 ], [ -96.31408, 36.20614 ], [ -96.3155, 36.20859 ], [ -96.31417, 36.20427 ], [ -96.31605, 36.19831 ], [ -96.32296, 36.19566 ], [ -96.3256, 36.1962 ], [ -96.32419, 36.19458 ], [ -96.32814, 36.19308 ], [ -96.33077, 36.19323 ], [ -96.33053, 36.19551 ], [ -96.33349, 36.19809 ], [ -96.33345, 36.19192 ], [ -96.3377, 36.1895 ], [ -96.3382, 36.1941 ], [ -96.33968, 36.18908 ], [ -96.34066, 36.19089 ], [ -96.34164, 36.18823 ], [ -96.34893, 36.1904 ], [ -96.3484, 36.19639 ], [ -96.35037, 36.19572 ], [ -96.35299, 36.20217 ], [ -96.35404, 36.19824 ], [ -96.35122, 36.19496 ], [ -96.3522, 36.1916 ], [ -96.35676, 36.19268 ], [ -96.36236, 36.19828 ], [ -96.36522, 36.19799 ], [ -96.36501, 36.20105 ], [ -96.36698, 36.19814 ], [ -96.36806, 36.19949 ], [ -96.36686, 36.20172 ], [ -96.36851, 36.20056 ], [ -96.36994, 36.2022 ], [ -96.36991, 36.20811 ], [ -96.37186, 36.20827 ], [ -96.37022, 36.19766 ], [ -96.37954, 36.19945 ], [ -96.38089, 36.2032 ], [ -96.38208, 36.19917 ], [ -96.39139, 36.19881 ], [ -96.39235, 36.20231 ], [ -96.39422, 36.20332 ], [ -96.39687, 36.20119 ], [ -96.39343, 36.19742 ], [ -96.39459, 36.19582 ], [ -96.40133, 36.19612 ], [ -96.39945, 36.19099 ], [ -96.3936, 36.18735 ], [ -96.39253, 36.18485 ], [ -96.39276, 36.18254 ], [ -96.39524, 36.18284 ], [ -96.39296, 36.18025 ], [ -96.39417, 36.17751 ], [ -96.39703, 36.17632 ], [ -96.39364, 36.17419 ], [ -96.39248, 36.17737 ], [ -96.39028, 36.17799 ], [ -96.38867, 36.17618 ], [ -96.38912, 36.17359 ], [ -96.38703, 36.17515 ], [ -96.3817, 36.17018 ], [ -96.38224, 36.16853 ], [ -96.3795, 36.16912 ], [ -96.38137, 36.16707 ], [ -96.37835, 36.16629 ], [ -96.37581, 36.16757 ], [ -96.37543, 36.16288 ], [ -96.3679, 36.1626 ], [ -96.36633, 36.16471 ], [ -96.36842, 36.16436 ], [ -96.36726, 36.16567 ], [ -96.36981, 36.16412 ], [ -96.37673, 36.17391 ], [ -96.3753, 36.17682 ], [ -96.36914, 36.1753 ], [ -96.37441, 36.17798 ], [ -96.3769, 36.177 ], [ -96.37876, 36.17816 ], [ -96.37899, 36.17633 ], [ -96.38065, 36.17823 ], [ -96.38105, 36.17691 ], [ -96.38435, 36.17988 ], [ -96.38435, 36.1802 ], [ -96.38356, 36.18137 ], [ -96.38367, 36.18313 ], [ -96.38331, 36.17933 ], [ -96.38119, 36.17906 ], [ -96.38125, 36.17968 ], [ -96.38361, 36.18423 ], [ -96.38502, 36.18469 ], [ -96.3827, 36.19075 ], [ -96.37929, 36.18968 ], [ -96.37988, 36.19208 ], [ -96.37374, 36.19322 ], [ -96.37366, 36.19137 ], [ -96.37127, 36.1928 ], [ -96.36709, 36.19092 ], [ -96.3675, 36.1885 ], [ -96.36558, 36.18981 ], [ -96.36391, 36.18744 ], [ -96.36273, 36.18834 ], [ -96.36277, 36.18629 ], [ -96.36116, 36.1864 ], [ -96.3623, 36.18541 ], [ -96.35831, 36.18447 ], [ -96.35542, 36.18215 ], [ -96.35577, 36.18087 ], [ -96.35379, 36.18108 ], [ -96.35325, 36.17889 ], [ -96.34966, 36.17967 ], [ -96.34786, 36.17802 ], [ -96.3401, 36.18174 ], [ -96.31794, 36.18491 ], [ -96.3162, 36.1864 ], [ -96.31721, 36.18455 ], [ -96.31418, 36.18603 ], [ -96.31295, 36.18873 ], [ -96.31208, 36.18605 ], [ -96.30886, 36.1903 ], [ -96.30631, 36.18894 ], [ -96.30874, 36.18503 ], [ -96.30533, 36.18707 ], [ -96.30202, 36.1823 ], [ -96.30006, 36.17749 ], [ -96.30153, 36.17576 ], [ -96.29908, 36.17406 ], [ -96.30142, 36.17062 ], [ -96.30994, 36.16942 ], [ -96.31284, 36.16951 ], [ -96.31231, 36.17091 ], [ -96.31597, 36.16904 ], [ -96.31703, 36.17133 ], [ -96.32033, 36.16933 ], [ -96.32242, 36.1731 ], [ -96.32315, 36.16957 ], [ -96.32674, 36.16984 ], [ -96.32712, 36.17106 ], [ -96.32822, 36.17006 ], [ -96.32762, 36.17245 ], [ -96.3299, 36.1731 ], [ -96.33038, 36.17613 ], [ -96.32918, 36.17733 ], [ -96.33137, 36.17767 ], [ -96.33073, 36.17094 ], [ -96.3322, 36.16963 ], [ -96.33757, 36.17016 ], [ -96.3418, 36.1686 ], [ -96.33459, 36.1686 ], [ -96.33478, 36.16572 ], [ -96.33697, 36.16381 ], [ -96.33456, 36.1641 ], [ -96.3339, 36.1626 ], [ -96.317, 36.1624 ], [ -96.31612, 36.16387 ], [ -96.30646, 36.16336 ], [ -96.29751, 36.1681 ], [ -96.2931, 36.17341 ], [ -96.29146, 36.18056 ], [ -96.2899, 36.1764 ], [ -96.28729, 36.1763 ], [ -96.28686, 36.1744 ], [ -96.2847, 36.17442 ], [ -96.2827, 36.1715 ], [ -96.28677, 36.16954 ], [ -96.28951, 36.17156 ], [ -96.28747, 36.16835 ], [ -96.29323, 36.16621 ], [ -96.29541, 36.16719 ], [ -96.30003, 36.16275 ], [ -96.29973, 36.16481 ], [ -96.3031, 36.1623 ], [ -96.2976, 36.1622 ], [ -96.268, 36.1619 ], [ -96.26992, 36.16754 ], [ -96.2689, 36.1736 ], [ -96.2639, 36.1797 ], [ -96.24923, 36.18977 ], [ -96.24368, 36.19688 ], [ -96.24254, 36.20465 ], [ -96.24606, 36.2146 ], [ -96.25, 36.2199 ], [ -96.25634, 36.2256 ], [ -96.26382, 36.22712 ], [ -96.29018, 36.22679 ], [ -96.30604, 36.22824 ], [ -96.32187, 36.22614 ], [ -96.33631, 36.22876 ], [ -96.35118, 36.2374 ], [ -96.36227, 36.25 ], [ -96.38881, 36.26833 ], [ -96.40101, 36.27339 ], [ -96.42213, 36.27738 ], [ -96.42941, 36.28177 ], [ -96.43508, 36.28792 ], [ -96.43762, 36.29381 ], [ -96.44109, 36.31222 ], [ -96.45307, 36.32945 ], [ -96.45739, 36.3326 ], [ -96.46305, 36.33395 ], [ -96.48313, 36.33112 ], [ -96.49608, 36.31902 ], [ -96.50193, 36.30742 ], [ -96.50591, 36.30348 ], [ -96.51084, 36.30007 ], [ -96.51962, 36.29708 ], [ -96.54022, 36.297 ], [ -96.55216, 36.29989 ], [ -96.56056, 36.30426 ], [ -96.57318, 36.31565 ], [ -96.57139, 36.33349 ], [ -96.55643, 36.34989 ], [ -96.53893, 36.35383 ], [ -96.53667, 36.35472 ], [ -96.53363, 36.35603 ], [ -96.53056, 36.35843 ], [ -96.52892, 36.35935 ], [ -96.51959, 36.3683 ], [ -96.51828, 36.37696 ], [ -96.52562, 36.3935 ], [ -96.52616, 36.39404 ], [ -96.52678, 36.39459 ], [ -96.53468, 36.39923 ], [ -96.53759, 36.40028 ], [ -96.54042, 36.40034 ], [ -96.5482, 36.3963 ], [ -96.55732, 36.38886 ], [ -96.55947, 36.38715 ], [ -96.56906, 36.37778 ], [ -96.57517, 36.37426 ], [ -96.58494, 36.37358 ], [ -96.59328, 36.3761 ], [ -96.58659, 36.38261 ], [ -96.58549, 36.39193 ], [ -96.56533, 36.392 ], [ -96.55803, 36.39724 ], [ -96.55664, 36.40058 ], [ -96.54232, 36.40628 ], [ -96.53982, 36.41179 ], [ -96.53376, 36.41552 ], [ -96.52187, 36.41639 ], [ -96.5174, 36.41339 ], [ -96.51344, 36.40542 ], [ -96.48325, 36.40538 ], [ -96.48099, 36.40792 ], [ -96.47312, 36.41149 ], [ -96.47117, 36.41348 ], [ -96.47403, 36.41543 ], [ -96.47357, 36.41927 ], [ -96.47774, 36.42694 ], [ -96.47865, 36.44117 ], [ -96.48772, 36.44577 ], [ -96.49058, 36.45142 ], [ -96.49041, 36.45353 ], [ -96.48123, 36.45572 ], [ -96.47727, 36.45905 ], [ -96.47254, 36.45941 ], [ -96.47294, 36.45763 ], [ -96.46982, 36.45678 ], [ -96.4541, 36.46267 ], [ -96.45195, 36.46157 ], [ -96.45067, 36.46299 ], [ -96.44985, 36.46166 ], [ -96.44877, 36.46361 ], [ -96.44475, 36.46205 ], [ -96.44334, 36.46425 ], [ -96.43741, 36.4618 ], [ -96.43733, 36.4596 ], [ -96.43447, 36.46024 ], [ -96.4316, 36.46488 ], [ -96.4279, 36.4596 ], [ -96.42297, 36.46006 ], [ -96.41832, 36.45841 ], [ -96.40979, 36.46312 ], [ -96.38512, 36.46295 ], [ -96.3811, 36.46924 ], [ -96.37738, 36.46929 ], [ -96.37658, 36.47167 ], [ -96.3706, 36.46821 ], [ -96.36803, 36.46877 ], [ -96.36743, 36.46634 ], [ -96.36451, 36.46673 ], [ -96.36358, 36.46575 ], [ -96.36525, 36.46366 ], [ -96.35865, 36.46788 ], [ -96.35358, 36.46717 ], [ -96.34652, 36.47056 ], [ -96.34497, 36.47012 ], [ -96.34392, 36.46683 ], [ -96.33709, 36.46667 ], [ -96.33267, 36.45983 ], [ -96.33001, 36.45871 ], [ -96.32763, 36.45997 ], [ -96.32343, 36.45912 ], [ -96.31737, 36.46152 ], [ -96.31746, 36.43383 ], [ -96.2952, 36.43376 ], [ -96.2845, 36.4266 ], [ -96.28079, 36.42669 ], [ -96.2646, 36.42082 ], [ -96.26199, 36.42403 ], [ -96.25613, 36.42487 ], [ -96.24568, 36.42265 ], [ -96.24344, 36.41913 ], [ -96.23965, 36.41755 ], [ -96.2341, 36.41685 ], [ -96.2285, 36.41973 ], [ -96.2236, 36.41907 ], [ -96.21935, 36.42065 ], [ -96.21712, 36.42397 ], [ -96.19888, 36.42482 ], [ -96.18408, 36.43031 ], [ -96.17836, 36.43001 ], [ -96.17365, 36.43507 ], [ -96.16963, 36.43541 ], [ -96.16513, 36.43813 ], [ -96.15556, 36.43937 ], [ -96.15103, 36.43751 ], [ -96.14338, 36.44147 ], [ -96.13758, 36.44027 ], [ -96.13532, 36.43487 ], [ -96.13215, 36.43361 ], [ -96.12452, 36.43682 ], [ -96.11607, 36.43755 ], [ -96.10874, 36.43378 ], [ -96.10183, 36.43378 ], [ -96.09713, 36.43555 ], [ -96.09082, 36.44449 ], [ -96.08269, 36.44097 ], [ -96.07185, 36.43976 ], [ -96.0623, 36.44063 ], [ -96.05446, 36.44417 ], [ -96.04163, 36.43383 ], [ -96.03079, 36.43396 ], [ -96.03094, 36.44838 ], [ -96.00081, 36.44855 ], [ -96.00084, 36.44343 ], [ -95.99175, 36.44366 ], [ -95.991, 36.45112 ], [ -95.98216, 36.45059 ], [ -95.98092, 36.45249 ], [ -95.92025, 36.45262 ], [ -95.92036, 36.48149 ], [ -95.88401, 36.48164 ], [ -95.88413, 36.51077 ], [ -95.85124, 36.51057 ], [ -95.84246, 36.50882 ], [ -95.84328, 36.51103 ], [ -95.85022, 36.51155 ], [ -95.84895, 36.51355 ], [ -95.84243, 36.51478 ], [ -95.84181, 36.51698 ], [ -95.84439, 36.52014 ], [ -95.85357, 36.52089 ], [ -95.84986, 36.52281 ], [ -95.85415, 36.53082 ], [ -95.84905, 36.54407 ], [ -95.85058, 36.54942 ], [ -95.84659, 36.55569 ], [ -95.84701, 36.55871 ], [ -95.8431, 36.56421 ], [ -95.84577, 36.5667 ], [ -95.85094, 36.57825 ], [ -95.85329, 36.57885 ], [ -95.85576, 36.57667 ], [ -95.85865, 36.57672 ], [ -95.86351, 36.58083 ], [ -95.855, 36.58305 ], [ -95.81223, 36.58302 ], [ -95.81219, 36.59743 ], [ -95.80936, 36.59739 ], [ -95.57968, 36.59754 ], [ -95.58261, 36.59447 ], [ -95.58945, 36.59616 ], [ -95.59015, 36.5936 ], [ -95.58411, 36.58662 ], [ -95.58208, 36.57815 ], [ -95.57442, 36.57335 ], [ -95.58101, 36.57098 ], [ -95.59632, 36.5614 ], [ -95.60247, 36.53932 ], [ -95.60639, 36.53554 ], [ -95.60697, 36.52784 ], [ -95.61021, 36.52453 ], [ -95.66833, 36.52469 ], [ -95.66839, 36.51014 ], [ -95.72934, 36.51018 ], [ -95.7296, 36.50784 ], [ -95.74432, 36.52472 ], [ -95.76535, 36.52477 ], [ -95.76768, 36.52267 ], [ -95.76865, 36.51629 ], [ -95.77055, 36.5146 ], [ -95.76947, 36.51064 ], [ -95.81214, 36.51039 ], [ -95.81196, 36.42333 ], [ -95.79407, 36.42344 ], [ -95.79405, 36.39436 ], [ -95.81065, 36.39426 ], [ -95.80607, 36.39159 ], [ -95.80426, 36.38846 ], [ -95.80002, 36.38665 ], [ -95.80149, 36.38196 ], [ -95.78966, 36.37805 ], [ -95.7863, 36.3807 ], [ -95.7846, 36.38031 ], [ -95.78555, 36.37432 ], [ -95.77408, 36.37342 ], [ -95.77514, 36.37622 ], [ -95.77405, 36.37871 ], [ -95.77578, 36.38144 ], [ -95.77396, 36.38226 ], [ -95.75813, 36.38064 ], [ -95.74922, 36.38194 ], [ -95.7392, 36.37841 ], [ -95.73226, 36.37742 ], [ -95.71316, 36.37857 ], [ -95.71037, 36.37302 ], [ -95.71056, 36.36874 ], [ -95.7156, 36.36233 ], [ -95.71703, 36.35249 ], [ -95.71901, 36.35169 ], [ -95.7217, 36.35363 ], [ -95.72286, 36.35093 ], [ -95.71848, 36.34926 ], [ -95.71655, 36.3389 ], [ -95.70569, 36.33931 ], [ -95.69904, 36.3378 ], [ -95.69534, 36.32468 ], [ -95.68978, 36.31664 ], [ -95.69747, 36.30897 ], [ -95.70395, 36.29907 ], [ -95.6927, 36.29324 ], [ -95.67978, 36.28348 ], [ -95.67893, 36.27993 ], [ -95.68151, 36.27178 ], [ -95.68952, 36.26246 ], [ -95.69808, 36.26629 ], [ -95.70259, 36.27188 ], [ -95.71188, 36.27338 ], [ -95.72114, 36.26988 ], [ -95.72645, 36.26969 ], [ -95.73251, 36.26552 ], [ -95.74206, 36.26662 ], [ -95.7436, 36.2652 ], [ -95.74287, 36.26382 ], [ -95.73315, 36.25593 ], [ -95.73393, 36.24985 ], [ -95.73307, 36.24501 ], [ -95.73061, 36.24232 ], [ -95.72622, 36.24146 ], [ -95.72234, 36.24497 ], [ -95.71982, 36.24203 ], [ -95.7286, 36.22396 ], [ -95.72763, 36.21114 ], [ -95.72289, 36.2082 ], [ -95.71597, 36.20973 ], [ -95.708, 36.2047 ], [ -95.70154, 36.19699 ], [ -95.69985, 36.18873 ], [ -95.68817, 36.19323 ], [ -95.67627, 36.19378 ], [ -95.66148, 36.20034 ], [ -95.6539, 36.20141 ], [ -95.63694, 36.21316 ], [ -95.62591, 36.2234 ], [ -95.60641, 36.22569 ], [ -95.60389, 36.2257 ], [ -95.60154, 36.22847 ], [ -95.59747, 36.22676 ], [ -95.59688, 36.22841 ], [ -95.60041, 36.2303 ], [ -95.5945, 36.23051 ], [ -95.59473, 36.232 ], [ -95.59739, 36.23221 ], [ -95.59634, 36.23431 ], [ -95.59298, 36.23525 ], [ -95.59309, 36.2328 ], [ -95.59016, 36.23196 ], [ -95.58538, 36.23413 ], [ -95.58406, 36.23358 ], [ -95.58476, 36.23262 ], [ -95.58117, 36.23244 ], [ -95.58357, 36.2318 ], [ -95.58312, 36.23061 ], [ -95.58035, 36.2304 ], [ -95.56629, 36.23608 ], [ -95.55959, 36.23658 ], [ -95.55917, 36.24024 ], [ -95.55479, 36.24267 ], [ -95.55259, 36.2407 ], [ -95.54979, 36.24132 ], [ -95.54615, 36.23839 ], [ -95.54776, 36.23656 ], [ -95.54273, 36.23358 ], [ -95.5355, 36.23541 ], [ -95.53499, 36.23331 ], [ -95.53301, 36.23461 ], [ -95.52977, 36.23271 ], [ -95.52479, 36.23434 ], [ -95.52075, 36.23122 ], [ -95.51002, 36.22921 ], [ -95.50347, 36.23199 ], [ -95.4965, 36.23056 ], [ -95.43972, 36.2357 ], [ -95.43972, 36.24924 ], [ -95.4383, 36.24923 ], [ -95.43821, 36.24725 ], [ -95.43635, 36.24762 ], [ -95.4357, 36.24553 ], [ -95.4375, 36.24299 ], [ -95.43637, 36.23947 ], [ -95.42764, 36.23684 ], [ -95.42397, 36.23391 ], [ -95.42174, 36.23535 ], [ -95.4175, 36.23315 ], [ -95.40945, 36.22386 ], [ -95.40381, 36.22278 ], [ -95.40279, 36.22052 ], [ -95.3966, 36.22109 ], [ -95.39649, 36.22255 ], [ -95.39494, 36.21944 ], [ -95.39118, 36.22015 ], [ -95.37983, 36.21669 ], [ -95.37853, 36.21479 ], [ -95.37619, 36.21652 ], [ -95.37238, 36.21487 ], [ -95.36997, 36.21293 ], [ -95.36672, 36.20414 ], [ -95.36392, 36.20245 ], [ -95.35805, 36.20563 ], [ -95.35407, 36.20268 ], [ -95.34915, 36.2031 ], [ -95.33803, 36.20749 ], [ -95.33032, 36.21283 ], [ -95.3282, 36.20997 ], [ -95.32874, 36.20654 ], [ -95.3269, 36.20285 ], [ -95.32041, 36.20173 ], [ -95.31676, 36.20324 ], [ -95.31143, 36.20168 ], [ -95.30507, 36.19564 ], [ -95.30694, 36.18923 ], [ -95.30411, 36.18482 ], [ -95.30428, 36.18115 ], [ -95.29596, 36.17692 ], [ -95.27576, 36.17654 ], [ -95.27001, 36.18302 ], [ -95.25364, 36.18568 ], [ -95.24522, 36.19455 ], [ -95.24367, 36.20063 ], [ -95.24523, 36.22045 ], [ -95.24078, 36.23348 ], [ -95.22258, 36.23874 ], [ -95.21162, 36.23941 ], [ -95.20259, 36.23849 ], [ -95.19638, 36.23313 ], [ -95.18132, 36.22998 ], [ -95.15881, 36.23874 ], [ -95.15408, 36.24277 ], [ -95.14866, 36.25 ], [ -95.15026, 36.26346 ], [ -95.15544, 36.27252 ], [ -95.16775, 36.28805 ], [ -95.16847, 36.29503 ], [ -95.16448, 36.31389 ], [ -95.16575, 36.32502 ], [ -95.16891, 36.3329 ], [ -95.16815, 36.33601 ], [ -95.15912, 36.34399 ], [ -95.14584, 36.34883 ], [ -95.13691, 36.35435 ], [ -95.1222, 36.37015 ], [ -95.12277, 36.3765 ], [ -95.1291, 36.38723 ], [ -95.1376, 36.39559 ], [ -95.15737, 36.40642 ], [ -95.16912, 36.41843 ], [ -95.16736, 36.42972 ], [ -95.1629, 36.43554 ], [ -95.14103, 36.44242 ], [ -95.14132, 36.44667 ], [ -95.14556, 36.45397 ], [ -95.14577, 36.45884 ], [ -95.13973, 36.46153 ], [ -95.12878, 36.46338 ], [ -95.12787, 36.47344 ], [ -95.11644, 36.47796 ], [ -95.11244, 36.48208 ], [ -95.11572, 36.48864 ], [ -95.12671, 36.49274 ], [ -95.12946, 36.49657 ], [ -95.12391, 36.50377 ], [ -95.12552, 36.50784 ], [ -95.13227, 36.50966 ], [ -95.14435, 36.50707 ], [ -95.14732, 36.50836 ], [ -95.1453, 36.51028 ], [ -95.00548, 36.5097 ], [ -95.00548, 36.49154 ], [ -95.00551, 36.47701 ], [ -94.9967, 36.47033 ], [ -94.99537, 36.46721 ], [ -94.99279, 36.46712 ], [ -94.9908, 36.46376 ], [ -94.98783, 36.46529 ], [ -94.97714, 36.46065 ], [ -94.97391, 36.46072 ], [ -94.96357, 36.45454 ], [ -94.95186, 36.44487 ], [ -94.95211, 36.42303 ], [ -94.94889, 36.42243 ], [ -94.94478, 36.41863 ], [ -94.96329, 36.40216 ], [ -94.97635, 36.41093 ], [ -94.9825, 36.41237 ], [ -95.00546, 36.40599 ], [ -95.00544, 36.39995 ], [ -95.00572, 36.2638 ], [ -94.99312, 36.26322 ], [ -94.98846, 36.26562 ], [ -94.98351, 36.26373 ], [ -94.97159, 36.26371 ], [ -94.96588, 36.26545 ], [ -94.96526, 36.2638 ], [ -94.95158, 36.26307 ], [ -94.94191, 36.26506 ], [ -94.93894, 36.26369 ], [ -94.9399, 36.26564 ], [ -94.93631, 36.26602 ], [ -94.93459, 36.26843 ], [ -94.92834, 36.26669 ], [ -94.92393, 36.27108 ], [ -94.92277, 36.26891 ], [ -94.91689, 36.27193 ], [ -94.91095, 36.28472 ], [ -94.89425, 36.28394 ], [ -94.89328, 36.27918 ], [ -94.89956, 36.26767 ], [ -94.89777, 36.24918 ], [ -94.90348, 36.24106 ], [ -94.9021, 36.23687 ], [ -94.90422, 36.23394 ], [ -94.9042, 36.21152 ], [ -94.90415, 36.18223 ], [ -94.90032, 36.17414 ], [ -94.89769, 36.17231 ], [ -94.88688, 36.17251 ], [ -94.88524, 36.177 ], [ -94.88656, 36.18014 ], [ -94.88063, 36.18107 ], [ -94.86911, 36.17855 ], [ -94.86818, 36.17619 ], [ -94.86397, 36.17462 ], [ -94.86318, 36.17599 ], [ -94.82691, 36.17603 ], [ -94.82385, 36.176 ], [ -94.82382, 36.16966 ], [ -94.82266, 36.169 ], [ -94.8261, 36.16142 ], [ -94.79705, 36.16131 ], [ -94.79706, 36.10447 ], [ -94.80116, 36.10505 ], [ -94.805, 36.10796 ], [ -94.80915, 36.11648 ], [ -94.8147, 36.11068 ], [ -94.81682, 36.10148 ], [ -94.82587, 36.09828 ], [ -94.83557, 36.08886 ], [ -94.83602, 36.08591 ], [ -94.8471, 36.08023 ], [ -94.84967, 36.0751 ], [ -94.85395, 36.07293 ], [ -94.85844, 36.07469 ], [ -94.86204, 36.07306 ], [ -94.86517, 36.06914 ], [ -94.87851, 36.07104 ], [ -94.88376, 36.06358 ], [ -94.88329, 36.05818 ], [ -94.88788, 36.05365 ], [ -94.89457, 36.05097 ], [ -94.8971, 36.05324 ], [ -94.90424, 36.05182 ], [ -94.90551, 36.04816 ], [ -94.90255, 36.036 ], [ -94.90478, 36.03552 ], [ -94.90639, 36.03168 ], [ -94.91569, 36.0328 ], [ -94.91808, 36.032 ], [ -94.91952, 36.02937 ], [ -94.91834, 36.02 ], [ -94.92, 36.01128 ], [ -94.92237, 36.00831 ], [ -94.91852, 35.99772 ], [ -94.91426, 35.99271 ], [ -94.91553, 35.98481 ], [ -94.91782, 35.98129 ], [ -94.917, 35.97687 ], [ -94.92377, 35.9771 ], [ -94.92412, 35.98195 ], [ -94.92677, 35.98207 ], [ -94.93612, 35.97959 ], [ -94.94592, 35.98078 ], [ -94.95119, 35.97891 ], [ -94.95195, 35.97474 ], [ -94.95389, 35.97348 ], [ -95.02913, 35.97348 ], [ -95.02905, 35.96945 ], [ -95.03054, 35.96759 ], [ -95.04609, 35.96098 ], [ -95.0594, 35.96043 ], [ -95.07069, 35.9578 ], [ -95.07658, 35.9602 ], [ -95.08277, 35.95908 ], [ -95.08385, 35.9805 ], [ -95.0822, 36.0456 ], [ -95.10424, 36.04543 ], [ -95.10576, 36.04129 ], [ -95.11061, 36.04023 ], [ -95.11531, 36.03643 ], [ -95.12134, 36.03657 ], [ -95.12278, 36.03998 ], [ -95.12721, 36.04186 ], [ -95.13166, 36.04701 ], [ -95.13736, 36.04607 ], [ -95.13589, 36.05017 ], [ -95.13582, 36.06702 ], [ -95.13371, 36.06871 ], [ -95.13351, 36.07448 ], [ -95.20771, 36.07461 ], [ -95.25392, 36.07474 ], [ -95.2552, 36.07472 ], [ -95.26183, 36.07478 ], [ -95.43987, 36.07513 ], [ -95.57127, 36.07518 ], [ -95.54479, 36.06411 ], [ -95.53711, 36.05829 ], [ -95.52834, 36.05491 ], [ -95.52286, 36.04883 ], [ -95.52325, 36.03997 ], [ -95.53045, 36.02834 ], [ -95.52701, 36.01701 ], [ -95.53244, 36.01058 ], [ -95.54792, 36.00528 ], [ -95.55951, 35.99517 ], [ -95.56006, 35.98987 ], [ -95.56321, 35.98628 ], [ -95.55674, 35.98145 ], [ -95.56498, 35.96816 ], [ -95.56248, 35.96677 ], [ -95.54994, 35.97362 ], [ -95.53551, 35.97609 ], [ -95.53664, 35.96863 ], [ -95.5311, 35.96561 ], [ -95.52709, 35.95981 ], [ -95.51216, 35.95605 ], [ -95.5, 35.95698 ], [ -95.49469, 35.95554 ], [ -95.50249, 35.95261 ], [ -95.51156, 35.9517 ], [ -95.5117, 35.94401 ], [ -95.52161, 35.93403 ], [ -95.52876, 35.93383 ], [ -95.52941, 35.93017 ], [ -95.54722, 35.93015 ], [ -95.5472, 35.9011 ], [ -95.6391, 35.9009 ], [ -95.64272, 35.875 ], [ -95.6442, 35.875 ], [ -95.64656, 35.86831 ], [ -95.64845, 35.86721 ], [ -95.64859, 35.86904 ], [ -95.65034, 35.86719 ], [ -95.65051, 35.85666 ], [ -95.65093, 35.85383 ], [ -95.65005, 35.8494 ], [ -95.64831, 35.84841 ], [ -95.6451, 35.84548 ], [ -95.64186, 35.83743 ], [ -95.64074, 35.83581 ], [ -95.64252, 35.83339 ], [ -95.64022, 35.82443 ], [ -95.6397, 35.82035 ], [ -95.64133, 35.81536 ], [ -95.63974, 35.80839 ], [ -95.64141, 35.80581 ], [ -95.63867, 35.7987 ], [ -95.63791, 35.79612 ], [ -95.63966, 35.79134 ], [ -95.63816, 35.78744 ], [ -95.63488, 35.78518 ], [ -95.63135, 35.78235 ], [ -95.625, 35.77997 ], [ -95.62291, 35.77806 ], [ -95.61156, 35.77726 ], [ -95.6076, 35.77451 ], [ -95.60149, 35.77188 ], [ -95.59808, 35.77145 ], [ -95.5903, 35.76559 ], [ -95.59201, 35.76276 ], [ -95.59094, 35.75752 ], [ -95.59445, 35.75701 ], [ -95.59608, 35.75456 ], [ -95.59804, 35.75463 ], [ -95.6004, 35.75793 ], [ -95.60329, 35.75557 ], [ -95.61087, 35.75447 ], [ -95.60832, 35.75036 ], [ -95.61208, 35.74506 ], [ -95.61323, 35.73987 ], [ -95.61221, 35.73403 ], [ -95.61676, 35.73106 ], [ -95.61594, 35.72923 ], [ -95.61861, 35.72602 ], [ -95.62248, 35.72677 ], [ -95.62638, 35.72234 ], [ -95.62854, 35.72325 ], [ -95.63053, 35.72151 ], [ -95.62961, 35.72451 ], [ -95.63323, 35.72628 ], [ -95.64207, 35.7204 ], [ -95.64209, 35.72598 ], [ -95.71282, 35.72578 ], [ -95.76595, 35.72561 ], [ -95.7659, 35.8563 ], [ -95.8197, 35.8558 ], [ -95.89028, 35.85638 ], [ -95.89033, 35.82056 ], [ -95.87253, 35.81163 ], [ -95.8726, 35.74027 ], [ -96.04626, 35.74081 ], [ -96.0459, 35.73629 ], [ -96.04746, 35.73593 ], [ -96.04782, 35.73369 ], [ -96.05096, 35.73355 ], [ -96.05135, 35.73065 ], [ -96.05929, 35.72625 ], [ -96.19235, 35.72612 ] ], [ [ -96.0294, 36.015 ], [ -96.03334, 36.022 ], [ -96.0349, 36.01917 ], [ -96.04484, 36.02416 ], [ -96.05224, 36.01803 ], [ -96.05368, 36.01848 ], [ -96.05246, 36.02227 ], [ -96.05756, 36.02424 ], [ -96.05894, 36.03127 ], [ -96.06418, 36.03622 ], [ -96.06619, 36.03181 ], [ -96.0868, 36.032 ], [ -96.078, 36.0466 ], [ -96.0971, 36.0465 ], [ -96.08976, 36.05356 ], [ -96.08679, 36.0722 ], [ -96.0796, 36.0755 ], [ -96.0814, 36.0755 ], [ -96.0875, 36.0755 ], [ -96.092, 36.0755 ], [ -96.1007, 36.0754 ], [ -96.1544, 36.0757 ], [ -96.165, 36.0757 ], [ -96.1688, 36.0757 ], [ -96.17104, 36.07567 ], [ -96.1725, 36.0757 ], [ -96.17587, 36.07572 ], [ -96.19017, 36.07579 ], [ -96.19009, 36.01704 ], [ -96.17237, 36.01698 ], [ -96.17235, 36.01031 ], [ -96.19916, 36.01028 ], [ -96.19914, 36.00291 ], [ -96.19021, 36.00282 ], [ -96.1903, 35.98842 ], [ -96.18738, 35.98843 ], [ -96.19155, 35.98447 ], [ -96.19538, 35.96727 ], [ -96.20847, 35.95392 ], [ -96.20697, 35.93722 ], [ -96.203, 35.93292 ], [ -96.18308, 35.92665 ], [ -96.17698, 35.92612 ], [ -96.17639, 35.91843 ], [ -96.17766, 35.91502 ], [ -96.17589, 35.91173 ], [ -96.17231, 35.91157 ], [ -96.17231, 35.90715 ], [ -96.16455, 35.9087 ], [ -96.1544, 35.90808 ], [ -96.15403, 35.91564 ], [ -96.13693, 35.91563 ], [ -96.1363, 35.92153 ], [ -96.13369, 35.9238 ], [ -96.13633, 35.92824 ], [ -96.13233, 35.92883 ], [ -96.13393, 35.93039 ], [ -96.13227, 35.93247 ], [ -96.13033, 35.93217 ], [ -96.13089, 35.9359 ], [ -96.125, 35.93503 ], [ -96.12684, 35.93922 ], [ -96.125, 35.9431 ], [ -96.11711, 35.94508 ], [ -96.0825, 35.9446 ], [ -96.0824, 35.94996 ], [ -96.07374, 35.94992 ], [ -96.07421, 35.95869 ], [ -96.0289, 35.959 ], [ -96.0291, 35.9807 ], [ -96.0294, 36.015 ] ] ], [ [ [ -95.1453, 36.51028 ], [ -95.32778, 36.51017 ], [ -95.3281, 36.56803 ], [ -95.36035, 36.54978 ], [ -95.38171, 36.54392 ], [ -95.38182, 36.55363 ], [ -95.39075, 36.55363 ], [ -95.39072, 36.56819 ], [ -95.39523, 36.56912 ], [ -95.39988, 36.56805 ], [ -95.40015, 36.59753 ], [ -95.43126, 36.59746 ], [ -95.43164, 36.65575 ], [ -95.43153, 36.7134 ], [ -95.4315, 36.82588 ], [ -95.41262, 36.83419 ], [ -95.41353, 36.83801 ], [ -95.40792, 36.84064 ], [ -95.40732, 36.84325 ], [ -95.40208, 36.84741 ], [ -95.40182, 36.85121 ], [ -95.39715, 36.85359 ], [ -95.39527, 36.85634 ], [ -95.39034, 36.85746 ], [ -95.3853, 36.85645 ], [ -95.37571, 36.86061 ], [ -95.36804, 36.86111 ], [ -95.36516, 36.85766 ], [ -95.36234, 36.85715 ], [ -95.35089, 36.86263 ], [ -95.34152, 36.85946 ], [ -95.34146, 36.84393 ], [ -95.3414, 36.82954 ], [ -95.28768, 36.82968 ], [ -95.28711, 36.80508 ], [ -95.28862, 36.80059 ], [ -95.19723, 36.80075 ], [ -95.19729, 36.7862 ], [ -95.17933, 36.78597 ], [ -95.17925, 36.75727 ], [ -95.17932, 36.65577 ], [ -95.23317, 36.65565 ], [ -95.23327, 36.62651 ], [ -95.17924, 36.62673 ], [ -95.17936, 36.59776 ], [ -95.17596, 36.59778 ], [ -95.18662, 36.58182 ], [ -95.17902, 36.58135 ], [ -95.17981, 36.58005 ], [ -95.17763, 36.57991 ], [ -95.17819, 36.57776 ], [ -95.17672, 36.57733 ], [ -95.17161, 36.57906 ], [ -95.16735, 36.57829 ], [ -95.169, 36.58106 ], [ -95.1648, 36.57991 ], [ -95.16406, 36.58362 ], [ -95.16145, 36.58456 ], [ -95.1562, 36.5833 ], [ -95.15682, 36.58117 ], [ -95.15444, 36.58007 ], [ -95.15609, 36.57716 ], [ -95.15158, 36.57224 ], [ -95.15152, 36.56698 ], [ -95.14826, 36.56201 ], [ -95.15096, 36.54862 ], [ -95.1479, 36.54553 ], [ -95.13934, 36.54177 ], [ -95.14527, 36.53026 ], [ -95.14334, 36.52747 ], [ -95.13824, 36.52689 ], [ -95.13702, 36.52309 ], [ -95.13413, 36.52119 ], [ -95.14145, 36.51623 ], [ -95.1453, 36.51028 ] ] ] ] } },
{ "type": "Feature", "properties": { "HSA93": 37089, "HSANAME": "OK- VINITA", "STATE": 37, "HRR93": 340, "HRR93_NAME": "OK- TULSA", "Persons90": 8987, "hosp_cnt": 1, "HSA_label": "Vinita" }, "geometry": { "type": "Polygon", "coordinates": [ [ [ -95.17672, 36.57733 ], [ -95.17819, 36.57776 ], [ -95.17763, 36.57991 ], [ -95.17981, 36.58005 ], [ -95.17902, 36.58135 ], [ -95.18662, 36.58182 ], [ -95.17596, 36.59778 ], [ -95.17936, 36.59776 ], [ -95.17924, 36.62673 ], [ -95.23327, 36.62651 ], [ -95.23317, 36.65565 ], [ -95.17932, 36.65577 ], [ -95.17925, 36.75727 ], [ -95.12545, 36.75746 ], [ -95.12543, 36.75043 ], [ -95.08926, 36.75039 ], [ -95.08918, 36.74311 ], [ -95.07192, 36.7425 ], [ -95.07132, 36.72858 ], [ -95.03518, 36.72874 ], [ -95.03517, 36.74323 ], [ -94.9993, 36.74312 ], [ -94.99933, 36.67061 ], [ -94.99936, 36.59789 ], [ -95.00545, 36.59737 ], [ -95.00548, 36.5097 ], [ -95.1453, 36.51028 ], [ -95.14145, 36.51623 ], [ -95.13413, 36.52119 ], [ -95.13702, 36.52309 ], [ -95.13824, 36.52689 ], [ -95.14334, 36.52747 ], [ -95.14527, 36.53026 ], [ -95.13934, 36.54177 ], [ -95.1479, 36.54553 ], [ -95.15096, 36.54862 ], [ -95.14826, 36.56201 ], [ -95.15152, 36.56698 ], [ -95.15158, 36.57224 ], [ -95.15609, 36.57716 ], [ -95.15444, 36.58007 ], [ -95.15682, 36.58117 ], [ -95.1562, 36.5833 ], [ -95.16145, 36.58456 ], [ -95.16406, 36.58362 ], [ -95.1648, 36.57991 ], [ -95.169, 36.58106 ], [ -95.16735, 36.57829 ], [ -95.17161, 36.57906 ], [ -95.17672, 36.57733 ] ] ] } },
{ "type": "Feature", "properties": { "HSA93": 37090, "HSANAME": "OK- WAGONER", "STATE": 37, "HRR93": 340, "HRR93_NAME": "OK- TULSA", "Persons90": 13813, "hosp_cnt": 1, "HSA_label": "Wagoner" }, "geometry": { "type": "MultiPolygon", "coordinates": [ [ [ [ -95.47067, 35.90344 ], [ -95.47723, 35.90453 ], [ -95.48824, 35.92856 ], [ -95.48296, 35.93169 ], [ -95.48222, 35.94014 ], [ -95.47692, 35.94601 ], [ -95.48047, 35.94807 ], [ -95.48561, 35.94462 ], [ -95.49134, 35.94583 ], [ -95.49469, 35.95554 ], [ -95.5, 35.95698 ], [ -95.51216, 35.95605 ], [ -95.52709, 35.95981 ], [ -95.5311, 35.96561 ], [ -95.53664, 35.96863 ], [ -95.53551, 35.97609 ], [ -95.54994, 35.97362 ], [ -95.56248, 35.96677 ], [ -95.56498, 35.96816 ], [ -95.55674, 35.98145 ], [ -95.56321, 35.98628 ], [ -95.56006, 35.98987 ], [ -95.55951, 35.99517 ], [ -95.54792, 36.00528 ], [ -95.53244, 36.01058 ], [ -95.52701, 36.01701 ], [ -95.53045, 36.02834 ], [ -95.52325, 36.03997 ], [ -95.52286, 36.04883 ], [ -95.52834, 36.05491 ], [ -95.53711, 36.05829 ], [ -95.54479, 36.06411 ], [ -95.57127, 36.07518 ], [ -95.43987, 36.07513 ], [ -95.26183, 36.07478 ], [ -95.26875, 36.06443 ], [ -95.26663, 36.07176 ], [ -95.26877, 36.07098 ], [ -95.26886, 36.06867 ], [ -95.27199, 36.06583 ], [ -95.27605, 36.06711 ], [ -95.2738, 36.06473 ], [ -95.27881, 36.06146 ], [ -95.28166, 36.05606 ], [ -95.28626, 36.0532 ], [ -95.29032, 36.05466 ], [ -95.28913, 36.05311 ], [ -95.29105, 36.05251 ], [ -95.2926, 36.05412 ], [ -95.29122, 36.05684 ], [ -95.29339, 36.05652 ], [ -95.29376, 36.05892 ], [ -95.30032, 36.06215 ], [ -95.29911, 36.05881 ], [ -95.29652, 36.05732 ], [ -95.29773, 36.05473 ], [ -95.30182, 36.05398 ], [ -95.29615, 36.05354 ], [ -95.29376, 36.05162 ], [ -95.3019, 36.04235 ], [ -95.31002, 36.03796 ], [ -95.31253, 36.04004 ], [ -95.31287, 36.03862 ], [ -95.31523, 36.03901 ], [ -95.31574, 36.04089 ], [ -95.31842, 36.03803 ], [ -95.32146, 36.04011 ], [ -95.32121, 36.03771 ], [ -95.32397, 36.03626 ], [ -95.32867, 36.03871 ], [ -95.33158, 36.03844 ], [ -95.33144, 36.04008 ], [ -95.33003, 36.03921 ], [ -95.32679, 36.04134 ], [ -95.33102, 36.04752 ], [ -95.33127, 36.05027 ], [ -95.32735, 36.05137 ], [ -95.33017, 36.0532 ], [ -95.32941, 36.05503 ], [ -95.33099, 36.05821 ], [ -95.33226, 36.0545 ], [ -95.33885, 36.05425 ], [ -95.34069, 36.05562 ], [ -95.34195, 36.05056 ], [ -95.34745, 36.05274 ], [ -95.34897, 36.0507 ], [ -95.35678, 36.05102 ], [ -95.35988, 36.04953 ], [ -95.35644, 36.05019 ], [ -95.35562, 36.04848 ], [ -95.35801, 36.04676 ], [ -95.35641, 36.04676 ], [ -95.35283, 36.04971 ], [ -95.34942, 36.04944 ], [ -95.34567, 36.05155 ], [ -95.34443, 36.04814 ], [ -95.34178, 36.04793 ], [ -95.34009, 36.05352 ], [ -95.33423, 36.05281 ], [ -95.33389, 36.05144 ], [ -95.33677, 36.04976 ], [ -95.33516, 36.04848 ], [ -95.33646, 36.04736 ], [ -95.33366, 36.04613 ], [ -95.33448, 36.0442 ], [ -95.3331, 36.04235 ], [ -95.33688, 36.03876 ], [ -95.33507, 36.03651 ], [ -95.33197, 36.0359 ], [ -95.33583, 36.03269 ], [ -95.33797, 36.03379 ], [ -95.33794, 36.03136 ], [ -95.34025, 36.03116 ], [ -95.34456, 36.02598 ], [ -95.33724, 36.02889 ], [ -95.33036, 36.03457 ], [ -95.32811, 36.03384 ], [ -95.32819, 36.03253 ], [ -95.31794, 36.03558 ], [ -95.31794, 36.0323 ], [ -95.31487, 36.03466 ], [ -95.31112, 36.02221 ], [ -95.30216, 36.01365 ], [ -95.31117, 36.01269 ], [ -95.31413, 36.0101 ], [ -95.30301, 36.01278 ], [ -95.29929, 36.01232 ], [ -95.29712, 36.0063 ], [ -95.29684, 36.01024 ], [ -95.2814, 36.00685 ], [ -95.26346, 36.00684 ], [ -95.25248, 35.99962 ], [ -95.25465, 35.99727 ], [ -95.25384, 35.99532 ], [ -95.2562, 35.99441 ], [ -95.26004, 35.98798 ], [ -95.26105, 35.9905 ], [ -95.26663, 35.98807 ], [ -95.27169, 35.99089 ], [ -95.27124, 35.98817 ], [ -95.26854, 35.98775 ], [ -95.26773, 35.98594 ], [ -95.27333, 35.97958 ], [ -95.27854, 35.97812 ], [ -95.28564, 35.97993 ], [ -95.28254, 35.97826 ], [ -95.28234, 35.97654 ], [ -95.29074, 35.97336 ], [ -95.29868, 35.97389 ], [ -95.29488, 35.97496 ], [ -95.29482, 35.98004 ], [ -95.30155, 35.97892 ], [ -95.30282, 35.97673 ], [ -95.3042, 35.97874 ], [ -95.30743, 35.97744 ], [ -95.30797, 35.97904 ], [ -95.31169, 35.98021 ], [ -95.30997, 35.98433 ], [ -95.31276, 35.98169 ], [ -95.31529, 35.98281 ], [ -95.31557, 35.98812 ], [ -95.31923, 35.98359 ], [ -95.32523, 35.98753 ], [ -95.33041, 35.98766 ], [ -95.33044, 35.99588 ], [ -95.33225, 35.99151 ], [ -95.33543, 35.99513 ], [ -95.33588, 35.98629 ], [ -95.33458, 35.98283 ], [ -95.33635, 35.97993 ], [ -95.34322, 35.97773 ], [ -95.3477, 35.98314 ], [ -95.34792, 35.97962 ], [ -95.34999, 35.97841 ], [ -95.35971, 35.97749 ], [ -95.35101, 35.97589 ], [ -95.34971, 35.97394 ], [ -95.34629, 35.97646 ], [ -95.34322, 35.97434 ], [ -95.3381, 35.97407 ], [ -95.33021, 35.97906 ], [ -95.32177, 35.98176 ], [ -95.3205, 35.9792 ], [ -95.31568, 35.97938 ], [ -95.31318, 35.97464 ], [ -95.31059, 35.97544 ], [ -95.30394, 35.97229 ], [ -95.30403, 35.96993 ], [ -95.3087, 35.96647 ], [ -95.30448, 35.96645 ], [ -95.31112, 35.96128 ], [ -95.31366, 35.96185 ], [ -95.3145, 35.95878 ], [ -95.3199, 35.9578 ], [ -95.32185, 35.95326 ], [ -95.32669, 35.95262 ], [ -95.32933, 35.94974 ], [ -95.32781, 35.94697 ], [ -95.33063, 35.94337 ], [ -95.33803, 35.94395 ], [ -95.33383, 35.94138 ], [ -95.33138, 35.93751 ], [ -95.32922, 35.93772 ], [ -95.33071, 35.93905 ], [ -95.33037, 35.94141 ], [ -95.32815, 35.94182 ], [ -95.32882, 35.93983 ], [ -95.32691, 35.93994 ], [ -95.30428, 35.95777 ], [ -95.30144, 35.95706 ], [ -95.3009, 35.95906 ], [ -95.28922, 35.96192 ], [ -95.28471, 35.95951 ], [ -95.27512, 35.94262 ], [ -95.2783, 35.936 ], [ -95.28053, 35.93561 ], [ -95.2818, 35.93497 ], [ -95.28053, 35.93195 ], [ -95.28222, 35.92765 ], [ -95.28681, 35.92566 ], [ -95.29238, 35.92628 ], [ -95.2995, 35.92351 ], [ -95.30001, 35.92024 ], [ -95.30274, 35.9179 ], [ -95.30569, 35.91786 ], [ -95.30907, 35.9217 ], [ -95.31489, 35.92014 ], [ -95.32257, 35.92159 ], [ -95.32941, 35.91779 ], [ -95.33307, 35.91991 ], [ -95.33338, 35.91547 ], [ -95.32477, 35.91701 ], [ -95.31942, 35.91165 ], [ -95.3154, 35.91069 ], [ -95.32181, 35.9098 ], [ -95.32212, 35.90792 ], [ -95.32606, 35.90579 ], [ -95.31956, 35.90598 ], [ -95.3188, 35.90158 ], [ -95.31745, 35.90662 ], [ -95.3103, 35.90826 ], [ -95.31101, 35.90435 ], [ -95.30909, 35.90325 ], [ -95.31019, 35.89696 ], [ -95.30403, 35.90385 ], [ -95.3004, 35.90135 ], [ -95.30026, 35.90682 ], [ -95.2986, 35.90868 ], [ -95.29264, 35.91032 ], [ -95.28704, 35.90916 ], [ -95.28482, 35.90423 ], [ -95.27292, 35.89198 ], [ -95.27197, 35.89031 ], [ -95.27332, 35.88905 ], [ -95.27011, 35.88853 ], [ -95.27008, 35.88464 ], [ -95.27273, 35.8823 ], [ -95.28173, 35.88013 ], [ -95.28108, 35.87903 ], [ -95.27284, 35.87949 ], [ -95.27211, 35.87809 ], [ -95.27504, 35.87546 ], [ -95.27341, 35.87301 ], [ -95.27477, 35.87154 ], [ -95.28683, 35.8693 ], [ -95.28315, 35.86706 ], [ -95.27977, 35.86745 ], [ -95.27575, 35.86541 ], [ -95.27077, 35.86658 ], [ -95.26971, 35.86349 ], [ -95.26661, 35.86298 ], [ -95.2667, 35.86543 ], [ -95.26428, 35.86367 ], [ -95.26383, 35.86509 ], [ -95.25753, 35.86641 ], [ -95.25044, 35.87122 ], [ -95.2426, 35.87305 ], [ -95.2379, 35.87191 ], [ -95.22906, 35.86447 ], [ -95.22842, 35.86177 ], [ -95.23145, 35.8519 ], [ -95.23254, 35.85089 ], [ -95.23681, 35.84842 ], [ -95.2474, 35.83857 ], [ -95.25266, 35.83478 ], [ -95.25311, 35.83425 ], [ -95.25395, 35.83121 ], [ -95.25317, 35.82775 ], [ -95.25418, 35.82617 ], [ -95.26706, 35.82135 ], [ -95.26883, 35.81578 ], [ -95.26717, 35.81319 ], [ -95.28732, 35.81327 ], [ -95.32312, 35.81337 ], [ -95.32538, 35.82266 ], [ -95.3229, 35.83406 ], [ -95.32347, 35.84891 ], [ -95.32918, 35.85022 ], [ -95.35314, 35.84633 ], [ -95.36269, 35.84224 ], [ -95.36643, 35.83899 ], [ -95.37068, 35.8382 ], [ -95.38214, 35.83906 ], [ -95.38343, 35.8405 ], [ -95.38054, 35.85069 ], [ -95.38148, 35.85656 ], [ -95.38944, 35.87729 ], [ -95.39529, 35.88272 ], [ -95.39875, 35.88953 ], [ -95.4052, 35.89203 ], [ -95.40791, 35.89772 ], [ -95.41279, 35.89769 ], [ -95.41538, 35.88979 ], [ -95.41774, 35.88688 ], [ -95.4211, 35.88601 ], [ -95.42837, 35.89277 ], [ -95.43889, 35.89461 ], [ -95.46204, 35.90501 ], [ -95.46626, 35.9053 ], [ -95.47067, 35.90344 ] ] ], [ [ [ -95.30824, 36.02711 ], [ -95.30839, 36.03036 ], [ -95.30483, 36.03317 ], [ -95.30472, 36.03175 ], [ -95.30337, 36.03198 ], [ -95.30309, 36.03432 ], [ -95.30013, 36.03516 ], [ -95.29976, 36.0329 ], [ -95.29785, 36.03571 ], [ -95.29269, 36.03455 ], [ -95.28539, 36.03555 ], [ -95.28815, 36.03683 ], [ -95.28857, 36.03901 ], [ -95.29165, 36.0386 ], [ -95.2802, 36.04397 ], [ -95.27707, 36.04853 ], [ -95.27659, 36.04665 ], [ -95.27245, 36.04862 ], [ -95.27407, 36.04825 ], [ -95.27251, 36.05022 ], [ -95.27487, 36.04871 ], [ -95.27431, 36.05114 ], [ -95.26954, 36.0556 ], [ -95.26611, 36.0545 ], [ -95.26661, 36.05658 ], [ -95.26827, 36.05647 ], [ -95.26334, 36.06081 ], [ -95.25651, 36.07168 ], [ -95.24837, 36.07003 ], [ -95.25166, 36.07273 ], [ -95.25499, 36.07294 ], [ -95.25392, 36.07474 ], [ -95.20771, 36.07461 ], [ -95.20773, 36.03978 ], [ -95.2251, 36.03974 ], [ -95.22523, 36.0091 ], [ -95.23001, 36.00916 ], [ -95.23006, 36.00382 ], [ -95.2366, 36.00661 ], [ -95.2413, 36.00503 ], [ -95.24074, 36.00624 ], [ -95.2433, 36.00578 ], [ -95.24319, 36.00743 ], [ -95.24547, 36.00816 ], [ -95.24533, 36.01018 ], [ -95.24649, 36.00805 ], [ -95.2568, 36.01281 ], [ -95.25708, 36.01432 ], [ -95.25249, 36.01563 ], [ -95.25119, 36.01943 ], [ -95.2445, 36.02075 ], [ -95.24746, 36.0229 ], [ -95.25474, 36.01741 ], [ -95.2595, 36.02282 ], [ -95.25897, 36.01824 ], [ -95.26139, 36.01668 ], [ -95.269, 36.01582 ], [ -95.27272, 36.01717 ], [ -95.27906, 36.01477 ], [ -95.28495, 36.01566 ], [ -95.28559, 36.01433 ], [ -95.29374, 36.01756 ], [ -95.2963, 36.022 ], [ -95.29833, 36.02024 ], [ -95.30083, 36.02084 ], [ -95.30824, 36.02711 ] ] ] ] } },
{ "type": "Feature", "properties": { "HSA93": 37091, "HSANAME": "OK- WATONGA", "STATE": 37, "HRR93": 339, "HRR93_NAME": "OK- OKLAHOMA CITY", "Persons90": 5448, "hosp_cnt": 1, "HSA_label": "Watonga" }, "geometry": { "type": "Polygon", "coordinates": [ [ [ -98.63175, 35.81232 ], [ -98.70161, 35.81243 ], [ -98.7042, 35.81895 ], [ -98.71438, 35.81996 ], [ -98.72315, 35.82422 ], [ -98.73732, 35.84189 ], [ -98.7356, 35.84852 ], [ -98.73802, 35.84867 ], [ -98.73799, 35.85579 ], [ -98.63172, 35.85602 ], [ -98.63214, 35.89873 ], [ -98.63591, 35.8988 ], [ -98.63593, 35.91314 ], [ -98.52039, 35.9133 ], [ -98.5107, 35.9122 ], [ -98.49386, 35.91323 ], [ -98.49401, 35.97108 ], [ -98.51005, 35.97112 ], [ -98.51171, 35.97296 ], [ -98.51162, 36.05772 ], [ -98.47944, 36.05747 ], [ -98.41478, 36.05713 ], [ -98.41455, 36.03859 ], [ -98.36088, 35.94193 ], [ -98.20952, 35.94205 ], [ -98.20965, 35.89863 ], [ -98.20647, 35.89859 ], [ -98.20652, 35.87004 ], [ -98.20654, 35.82655 ], [ -98.20664, 35.79756 ], [ -98.20682, 35.7251 ], [ -98.31303, 35.72516 ], [ -98.31291, 35.718 ], [ -98.31278, 35.71067 ], [ -98.41908, 35.71069 ], [ -98.41911, 35.72517 ], [ -98.46113, 35.72506 ], [ -98.5962, 35.72512 ], [ -98.5964, 35.73385 ], [ -98.61112, 35.73017 ], [ -98.61648, 35.7249 ], [ -98.61797, 35.72754 ], [ -98.61564, 35.73171 ], [ -98.61654, 35.73672 ], [ -98.62168, 35.73873 ], [ -98.625, 35.74281 ], [ -98.63147, 35.74436 ], [ -98.63175, 35.81232 ] ] ] } },
{ "type": "Feature", "properties": { "HSA93": 37092, "HSANAME": "OK- WAURIKA", "STATE": 37, "HRR93": 336, "HRR93_NAME": "OK- LAWTON", "Persons90": 4232, "hosp_cnt": 1, "HSA_label": "Waurika" }, "geometry": { "type": "Polygon", "coordinates": [ [ [ -97.77211, 34.15833 ], [ -97.7196, 34.15829 ], [ -97.71956, 34.07117 ], [ -97.73492, 34.07105 ], [ -97.73506, 34.02758 ], [ -97.70018, 34.0274 ], [ -97.70015, 34.01288 ], [ -97.67012, 34.01302 ], [ -97.66902, 34.0099 ], [ -97.67325, 34.0 ], [ -97.67094, 33.99805 ], [ -97.67419, 33.99647 ], [ -97.67298, 33.9921 ], [ -97.67264, 33.99083 ], [ -97.68571, 33.98779 ], [ -97.69281, 33.9836 ], [ -97.69888, 33.97561 ], [ -97.70385, 33.96324 ], [ -97.70938, 33.9549 ], [ -97.72498, 33.94095 ], [ -97.73342, 33.93629 ], [ -97.75084, 33.93688 ], [ -97.76274, 33.93405 ], [ -97.75953, 33.92511 ], [ -97.75909, 33.91872 ], [ -97.76346, 33.91414 ], [ -97.77236, 33.91428 ], [ -97.77799, 33.91953 ], [ -97.78396, 33.91729 ], [ -97.78583, 33.91333 ], [ -97.78003, 33.90473 ], [ -97.77938, 33.89914 ], [ -97.78097, 33.89427 ], [ -97.78435, 33.89053 ], [ -97.78767, 33.89179 ], [ -97.79209, 33.89899 ], [ -97.79448, 33.89986 ], [ -97.7986, 33.89844 ], [ -97.80132, 33.89578 ], [ -97.80127, 33.88504 ], [ -97.80511, 33.87707 ], [ -97.80863, 33.87661 ], [ -97.81354, 33.88183 ], [ -97.81733, 33.88089 ], [ -97.81893, 33.87899 ], [ -97.81862, 33.8739 ], [ -97.82043, 33.8688 ], [ -97.83078, 33.86156 ], [ -97.83402, 33.85757 ], [ -97.84347, 33.85672 ], [ -97.86545, 33.84929 ], [ -97.875, 33.84962 ], [ -97.88841, 33.85662 ], [ -97.89643, 33.85789 ], [ -97.90955, 33.86712 ], [ -97.92827, 33.87409 ], [ -97.93469, 33.87834 ], [ -97.93316, 33.88277 ], [ -97.89172, 33.88194 ], [ -97.89161, 33.94021 ], [ -97.94165, 33.94021 ], [ -97.94171, 33.93135 ], [ -97.94839, 33.93381 ], [ -97.9527, 33.93246 ], [ -97.95415, 33.93768 ], [ -97.96311, 33.93614 ], [ -97.97086, 33.93703 ], [ -97.97375, 33.94019 ], [ -97.97386, 33.94273 ], [ -97.96004, 33.95183 ], [ -97.94564, 33.9883 ], [ -97.94616, 33.99064 ], [ -97.95801, 33.99075 ], [ -97.97386, 34.00662 ], [ -97.99055, 33.99878 ], [ -98.01479, 33.99404 ], [ -98.02736, 33.99326 ], [ -98.0478, 33.99438 ], [ -98.08252, 34.00232 ], [ -98.08651, 34.00415 ], [ -98.08849, 34.00708 ], [ -98.08208, 34.00974 ], [ -98.08371, 34.01427 ], [ -98.10278, 34.02852 ], [ -98.10594, 34.0336 ], [ -98.1052, 34.03667 ], [ -98.1022, 34.03887 ], [ -98.0983, 34.03876 ], [ -98.09205, 34.03383 ], [ -98.08872, 34.03374 ], [ -98.08349, 34.03656 ], [ -98.08215, 34.03933 ], [ -98.08716, 34.04401 ], [ -98.10086, 34.05026 ], [ -98.11771, 34.06697 ], [ -98.11989, 34.07203 ], [ -98.12072, 34.08117 ], [ -98.11207, 34.09099 ], [ -98.10226, 34.09994 ], [ -98.0948, 34.1111 ], [ -98.09034, 34.12189 ], [ -98.08991, 34.13009 ], [ -98.09299, 34.13233 ], [ -98.10203, 34.13183 ], [ -98.10286, 34.1351 ], [ -98.10024, 34.14339 ], [ -98.10286, 34.14823 ], [ -98.10915, 34.15402 ], [ -98.12306, 34.15445 ], [ -98.13232, 34.149 ], [ -98.13875, 34.14178 ], [ -98.13891, 34.18819 ], [ -98.13887, 34.24633 ], [ -98.13863, 34.28969 ], [ -97.7545, 34.28915 ], [ -97.75444, 34.24572 ], [ -97.77221, 34.24566 ], [ -97.7721, 34.18591 ], [ -97.77072, 34.17981 ], [ -97.77219, 34.175 ], [ -97.77211, 34.15833 ] ] ] } },
{ "type": "Feature", "properties": { "HSA93": 37093, "HSANAME": "OK- WEATHERFORD", "STATE": 37, "HRR93": 339, "HRR93_NAME": "OK- OKLAHOMA CITY", "Persons90": 14284, "hosp_cnt": 1, "HSA_label": "Weatherford" }, "geometry": { "type": "Polygon", "coordinates": [ [ [ -98.6228, 35.55155 ], [ -98.4293, 35.55142 ], [ -98.42963, 35.54974 ], [ -98.4247, 35.54603 ], [ -98.42545, 35.54119 ], [ -98.42415, 35.5365 ], [ -98.46476, 35.53663 ], [ -98.46484, 35.44951 ], [ -98.47372, 35.44956 ], [ -98.47374, 35.43504 ], [ -98.47368, 35.42054 ], [ -98.46489, 35.42045 ], [ -98.46473, 35.36283 ], [ -98.5, 35.36281 ], [ -98.5, 35.31949 ], [ -98.5, 35.29056 ], [ -98.623, 35.29077 ], [ -98.72904, 35.2908 ], [ -98.72901, 35.34874 ], [ -98.72905, 35.37753 ], [ -98.62301, 35.37724 ], [ -98.62288, 35.46437 ], [ -98.8349, 35.465 ], [ -98.83439, 35.55148 ], [ -98.84473, 35.55161 ], [ -98.84462, 35.56579 ], [ -98.8446, 35.58051 ], [ -98.88023, 35.58046 ], [ -98.88016, 35.63847 ], [ -98.82703, 35.63834 ], [ -98.63181, 35.63849 ], [ -98.63172, 35.55157 ], [ -98.6228, 35.55155 ] ] ] } },
{ "type": "Feature", "properties": { "HSA93": 37094, "HSANAME": "OK- WETUMKA", "STATE": 37, "HRR93": 339, "HRR93_NAME": "OK- OKLAHOMA CITY", "Persons90": 2181, "hosp_cnt": 1, "HSA_label": "Wetumka" }, "geometry": { "type": "Polygon", "coordinates": [ [ [ -96.41875, 35.23366 ], [ -96.44101, 35.23178 ], [ -96.4411, 35.29002 ], [ -96.28191, 35.29001 ], [ -96.12616, 35.28986 ], [ -96.15495, 35.24033 ], [ -96.16344, 35.23127 ], [ -96.18605, 35.18831 ], [ -96.30758, 35.18849 ], [ -96.31074, 35.19663 ], [ -96.30988, 35.19823 ], [ -96.31233, 35.19837 ], [ -96.31203, 35.19949 ], [ -96.31894, 35.2023 ], [ -96.31668, 35.1966 ], [ -96.32293, 35.19825 ], [ -96.32627, 35.19596 ], [ -96.32825, 35.19869 ], [ -96.32836, 35.19626 ], [ -96.33508, 35.19811 ], [ -96.33478, 35.19919 ], [ -96.33701, 35.19832 ], [ -96.33676, 35.20038 ], [ -96.34264, 35.20067 ], [ -96.34518, 35.20621 ], [ -96.34897, 35.20768 ], [ -96.35146, 35.21095 ], [ -96.35932, 35.21207 ], [ -96.36208, 35.21019 ], [ -96.36278, 35.21243 ], [ -96.36613, 35.21447 ], [ -96.36524, 35.2163 ], [ -96.36956, 35.21785 ], [ -96.36886, 35.21918 ], [ -96.37377, 35.22181 ], [ -96.38551, 35.2222 ], [ -96.39338, 35.22067 ], [ -96.39561, 35.22237 ], [ -96.39695, 35.2212 ], [ -96.40065, 35.22388 ], [ -96.40113, 35.22761 ], [ -96.40417, 35.22876 ], [ -96.40316, 35.22963 ], [ -96.40447, 35.23086 ], [ -96.40626, 35.22951 ], [ -96.40874, 35.2313 ], [ -96.41125, 35.231 ], [ -96.41086, 35.23237 ], [ -96.41875, 35.23366 ] ] ] } },
{ "type": "Feature", "properties": { "HSA93": 37096, "HSANAME": "OK- WILBURTON", "STATE": 37, "HRR93": 16, "HRR93_NAME": "AR- FORT SMITH", "Persons90": 5866, "hosp_cnt": 1, "HSA_label": "Wilburton" }, "geometry": { "type": "Polygon", "coordinates": [ [ [ -95.47325, 34.81082 ], [ -95.51376, 34.8316 ], [ -95.51371, 34.8547 ], [ -95.50727, 34.85471 ], [ -95.50752, 34.94889 ], [ -95.5074, 35.0291 ], [ -95.34919, 35.0292 ], [ -95.34916, 35.05818 ], [ -95.32318, 35.05815 ], [ -95.31826, 35.04981 ], [ -95.31456, 35.03853 ], [ -95.30465, 35.02834 ], [ -95.30418, 35.02417 ], [ -95.33022, 35.00606 ], [ -95.33324, 35.00289 ], [ -95.33305, 34.99904 ], [ -95.32861, 34.99955 ], [ -95.31192, 34.99257 ], [ -95.30396, 34.99111 ], [ -95.29234, 34.99727 ], [ -95.28171, 34.99497 ], [ -95.28046, 34.98976 ], [ -95.26764, 34.98332 ], [ -95.2633, 34.9786 ], [ -95.26672, 34.9759 ], [ -95.26948, 34.96986 ], [ -95.27285, 34.96906 ], [ -95.2746, 34.97206 ], [ -95.27985, 34.97069 ], [ -95.27889, 34.96713 ], [ -95.27713, 34.96633 ], [ -95.27844, 34.95997 ], [ -95.2865, 34.9624 ], [ -95.28828, 34.96013 ], [ -95.29356, 34.95974 ], [ -95.2984, 34.95711 ], [ -95.30025, 34.95249 ], [ -95.29332, 34.94992 ], [ -95.29654, 34.94427 ], [ -95.29615, 34.93564 ], [ -95.29021, 34.93351 ], [ -95.27295, 34.93174 ], [ -95.26855, 34.92915 ], [ -95.24882, 34.92869 ], [ -95.23809, 34.92679 ], [ -95.2138, 34.9317 ], [ -95.21277, 34.92472 ], [ -95.21782, 34.92291 ], [ -95.2156, 34.91998 ], [ -95.21718, 34.91821 ], [ -95.21732, 34.91288 ], [ -95.2149, 34.91112 ], [ -95.21515, 34.9021 ], [ -95.21715, 34.90194 ], [ -95.21706, 34.89832 ], [ -95.24163, 34.89755 ], [ -95.24741, 34.89984 ], [ -95.26129, 34.89822 ], [ -95.28555, 34.89823 ], [ -95.28505, 34.89342 ], [ -95.27107, 34.89195 ], [ -95.27019, 34.89047 ], [ -95.26385, 34.88932 ], [ -95.26196, 34.88707 ], [ -95.25527, 34.88545 ], [ -95.25291, 34.88146 ], [ -95.24422, 34.87567 ], [ -95.24345, 34.86919 ], [ -95.25556, 34.86917 ], [ -95.25896, 34.86413 ], [ -95.27818, 34.86148 ], [ -95.28379, 34.85445 ], [ -95.28945, 34.8531 ], [ -95.28851, 34.84979 ], [ -95.29306, 34.84729 ], [ -95.29234, 34.84528 ], [ -95.2957, 34.84129 ], [ -95.29071, 34.83472 ], [ -95.29221, 34.83282 ], [ -95.30914, 34.8325 ], [ -95.31117, 34.83037 ], [ -95.32058, 34.83355 ], [ -95.32641, 34.82866 ], [ -95.32302, 34.8233 ], [ -95.34109, 34.82002 ], [ -95.34456, 34.81693 ], [ -95.34342, 34.81308 ], [ -95.34822, 34.81008 ], [ -95.35066, 34.81148 ], [ -95.35369, 34.80901 ], [ -95.35649, 34.80891 ], [ -95.36168, 34.81413 ], [ -95.36341, 34.82033 ], [ -95.36902, 34.82058 ], [ -95.37582, 34.81669 ], [ -95.38178, 34.81802 ], [ -95.38496, 34.81489 ], [ -95.39084, 34.81574 ], [ -95.38918, 34.81915 ], [ -95.39169, 34.82074 ], [ -95.39173, 34.81855 ], [ -95.40308, 34.81844 ], [ -95.40066, 34.82565 ], [ -95.41457, 34.82428 ], [ -95.42268, 34.82149 ], [ -95.4186, 34.81645 ], [ -95.4216, 34.81375 ], [ -95.42409, 34.81387 ], [ -95.42446, 34.81151 ], [ -95.47325, 34.81082 ] ] ] } },
{ "type": "Feature", "properties": { "HSA93": 37097, "HSANAME": "OK- WOODWARD", "STATE": 37, "HRR93": 339, "HRR93_NAME": "OK- OKLAHOMA CITY", "Persons90": 22097, "hosp_cnt": 1, "HSA_label": "Woodward" }, "geometry": { "type": "Polygon", "coordinates": [ [ [ -99.60496, 36.27578 ], [ -99.69333, 36.27552 ], [ -99.69607, 36.27744 ], [ -99.69638, 36.28082 ], [ -99.70116, 36.28185 ], [ -99.70475, 36.2846 ], [ -99.70546, 36.28863 ], [ -99.70996, 36.29314 ], [ -99.7116, 36.2988 ], [ -99.7152, 36.30351 ], [ -99.71925, 36.31558 ], [ -99.72426, 36.31904 ], [ -99.72375, 36.32428 ], [ -99.73083, 36.33307 ], [ -99.7265, 36.33795 ], [ -99.73074, 36.33683 ], [ -99.73304, 36.33387 ], [ -99.73538, 36.33463 ], [ -99.74776, 36.34225 ], [ -99.74932, 36.34547 ], [ -99.75518, 36.35038 ], [ -99.75753, 36.35523 ], [ -99.76429, 36.35579 ], [ -99.76638, 36.36172 ], [ -99.77703, 36.36699 ], [ -99.7937, 36.36974 ], [ -99.79478, 36.37175 ], [ -99.79265, 36.37587 ], [ -99.79636, 36.37974 ], [ -99.79984, 36.37936 ], [ -99.80233, 36.38609 ], [ -99.80131, 36.39026 ], [ -99.80655, 36.39158 ], [ -99.80941, 36.39644 ], [ -99.80907, 36.3987 ], [ -99.80301, 36.40209 ], [ -99.8057, 36.40837 ], [ -99.80601, 36.41567 ], [ -99.80576, 36.41766 ], [ -99.80397, 36.41764 ], [ -99.80545, 36.41995 ], [ -99.80197, 36.42104 ], [ -99.80203, 36.53641 ], [ -99.83761, 36.53646 ], [ -99.83737, 36.59327 ], [ -100.00259, 36.59316 ], [ -100.00339, 36.79698 ], [ -100.01095, 36.79488 ], [ -100.01735, 36.79941 ], [ -100.02119, 36.79994 ], [ -100.02233, 36.79598 ], [ -100.01909, 36.79186 ], [ -100.02157, 36.78874 ], [ -100.02834, 36.79083 ], [ -100.03267, 36.79042 ], [ -100.03938, 36.79457 ], [ -100.04477, 36.79473 ], [ -100.06202, 36.78937 ], [ -100.06509, 36.78644 ], [ -100.07013, 36.78825 ], [ -100.07548, 36.78632 ], [ -100.07855, 36.78765 ], [ -100.0886, 36.7836 ], [ -100.08885, 36.77364 ], [ -100.09124, 36.7713 ], [ -100.10715, 36.76846 ], [ -100.11938, 36.76408 ], [ -100.12916, 36.77152 ], [ -100.12748, 36.77422 ], [ -100.12919, 36.77679 ], [ -100.12753, 36.7794 ], [ -100.12915, 36.78178 ], [ -100.12741, 36.78533 ], [ -100.12858, 36.78961 ], [ -100.13333, 36.79245 ], [ -100.13116, 36.79586 ], [ -100.1356, 36.79781 ], [ -100.13432, 36.79936 ], [ -100.13537, 36.80193 ], [ -100.13412, 36.802 ], [ -100.13671, 36.80353 ], [ -100.13486, 36.809 ], [ -100.13947, 36.80985 ], [ -100.14527, 36.81949 ], [ -100.14517, 36.84823 ], [ -100.15138, 36.84827 ], [ -100.15115, 36.90626 ], [ -100.17527, 36.90627 ], [ -100.17633, 36.90272 ], [ -100.18727, 36.89967 ], [ -100.18579, 36.90256 ], [ -100.18941, 36.90086 ], [ -100.19363, 36.90185 ], [ -100.19582, 36.89798 ], [ -100.19861, 36.89876 ], [ -100.20537, 36.89186 ], [ -100.29577, 36.89214 ], [ -100.29579, 36.9453 ], [ -100.30075, 36.94928 ], [ -100.30009, 36.95624 ], [ -100.30514, 36.96355 ], [ -100.30691, 36.97003 ], [ -100.31339, 36.9746 ], [ -100.31393, 36.9877 ], [ -100.31596, 36.99532 ], [ -100.31278, 37.00174 ], [ -100.26957, 37.00186 ], [ -100.08907, 37.00228 ], [ -100.00215, 37.00168 ], [ -99.90449, 37.00162 ], [ -99.77385, 37.00081 ], [ -99.77317, 36.93289 ], [ -99.7643, 36.93254 ], [ -99.76418, 36.81212 ], [ -99.74585, 36.81234 ], [ -99.74597, 36.79396 ], [ -99.7436, 36.78347 ], [ -99.7457, 36.77614 ], [ -99.74556, 36.76879 ], [ -99.68195, 36.76872 ], [ -99.68307, 36.69553 ], [ -99.67459, 36.69557 ], [ -99.64064, 36.69612 ], [ -99.64052, 36.67347 ], [ -99.63461, 36.65838 ], [ -99.59686, 36.60414 ], [ -99.592, 36.59279 ], [ -99.29955, 36.59506 ], [ -99.29487, 36.59509 ], [ -99.2948, 36.81954 ], [ -99.29329, 36.80524 ], [ -99.27825, 36.79679 ], [ -99.26983, 36.7897 ], [ -99.25286, 36.78535 ], [ -99.22945, 36.78813 ], [ -99.21738, 36.78678 ], [ -99.21018, 36.79066 ], [ -99.20535, 36.7911 ], [ -99.18244, 36.78724 ], [ -99.1649, 36.79061 ], [ -99.13948, 36.78301 ], [ -99.12789, 36.76938 ], [ -99.12618, 36.76254 ], [ -99.10737, 36.75042 ], [ -99.10351, 36.74454 ], [ -99.09707, 36.74203 ], [ -99.09535, 36.73672 ], [ -99.08411, 36.72155 ], [ -99.07531, 36.71696 ], [ -99.06253, 36.716 ], [ -99.05817, 36.71273 ], [ -99.04919, 36.69966 ], [ -99.04397, 36.69492 ], [ -99.04806, 36.68679 ], [ -99.04043, 36.68025 ], [ -99.03877, 36.67368 ], [ -99.03541, 36.66874 ], [ -99.02378, 36.66156 ], [ -99.02193, 36.65815 ], [ -99.02454, 36.65122 ], [ -99.02217, 36.6424 ], [ -99.01258, 36.64021 ], [ -99.00971, 36.63324 ], [ -98.9999, 36.62942 ], [ -98.98843, 36.61558 ], [ -98.97354, 36.60148 ], [ -98.9596, 36.59896 ], [ -98.95996, 36.50688 ], [ -98.96051, 36.24673 ], [ -98.95557, 36.24664 ], [ -98.95561, 36.18835 ], [ -98.95549, 36.16153 ], [ -99.06169, 36.16225 ], [ -99.22505, 36.16319 ], [ -99.38178, 36.16426 ], [ -99.59557, 36.16402 ], [ -99.59543, 36.24666 ], [ -99.6044, 36.24659 ], [ -99.60496, 36.27578 ] ] ] } },
{ "type": "Feature", "properties": { "HSA93": 37101, "HSANAME": "OK- STILWELL", "STATE": 37, "HRR93": 340, "HRR93_NAME": "OK- TULSA", "Persons90": 11923, "hosp_cnt": 1, "HSA_label": "Stilwell" }, "geometry": { "type": "Polygon", "coordinates": [ [ [ -94.80722, 35.81291 ], [ -94.80711, 35.90084 ], [ -94.79698, 35.90079 ], [ -94.71437, 35.90068 ], [ -94.70692, 35.92046 ], [ -94.69887, 35.92586 ], [ -94.6978, 35.92827 ], [ -94.69057, 35.92987 ], [ -94.68758, 35.93289 ], [ -94.6846, 35.94322 ], [ -94.68861, 35.94788 ], [ -94.68395, 35.9513 ], [ -94.67396, 35.95105 ], [ -94.66821, 35.95324 ], [ -94.66554, 35.95304 ], [ -94.6645, 35.94958 ], [ -94.66019, 35.95137 ], [ -94.65177, 35.95081 ], [ -94.65045, 35.9493 ], [ -94.65214, 35.94697 ], [ -94.6491, 35.94159 ], [ -94.64156, 35.93433 ], [ -94.63714, 35.93288 ], [ -94.63557, 35.92899 ], [ -94.62969, 35.92452 ], [ -94.62361, 35.92404 ], [ -94.62037, 35.91985 ], [ -94.61569, 35.91717 ], [ -94.60885, 35.91697 ], [ -94.59962, 35.91345 ], [ -94.59655, 35.91452 ], [ -94.59205, 35.90969 ], [ -94.58301, 35.9039 ], [ -94.57961, 35.905 ], [ -94.57176, 35.90324 ], [ -94.57052, 35.90757 ], [ -94.56765, 35.90718 ], [ -94.55496, 35.91158 ], [ -94.54863, 35.91045 ], [ -94.54373, 35.91398 ], [ -94.54148, 35.91304 ], [ -94.53351, 35.9159 ], [ -94.52982, 35.91354 ], [ -94.52946, 35.90908 ], [ -94.52763, 35.90665 ], [ -94.51801, 35.90598 ], [ -94.50741, 35.84582 ], [ -94.49291, 35.75908 ], [ -94.47243, 35.63847 ], [ -94.62957, 35.63821 ], [ -94.67671, 35.63824 ], [ -94.80707, 35.63851 ], [ -94.80755, 35.73676 ], [ -94.80722, 35.81291 ] ] ] } },
{ "type": "Feature", "properties": { "HSA93": 45006, "HSANAME": "TX- AMARILLO", "STATE": 45, "HRR93": 383, "HRR93_NAME": "TX- AMARILLO", "Persons90": 257216, "hosp_cnt": 10, "HSA_label": "Amarillo" }, "geometry": { "type": "Polygon", "coordinates": [ [ [ -103.00174, 36.89746 ], [ -103.00189, 37.00019 ], [ -102.98649, 36.99851 ], [ -102.86497, 36.99957 ], [ -102.84151, 36.99958 ], [ -102.81414, 37.00076 ], [ -102.77809, 36.99922 ], [ -102.75938, 37.0 ], [ -102.69767, 36.99513 ], [ -102.26989, 36.9943 ], [ -102.25512, 36.99424 ], [ -102.2556, 36.98253 ], [ -102.26236, 36.98306 ], [ -102.26235, 36.96524 ], [ -102.29354, 36.96529 ], [ -102.30167, 36.95834 ], [ -102.32539, 36.95843 ], [ -102.33904, 36.95223 ], [ -102.34631, 36.95477 ], [ -102.373, 36.95379 ], [ -102.36723, 36.94389 ], [ -102.36539, 36.94254 ], [ -102.36355, 36.94451 ], [ -102.36546, 36.93874 ], [ -102.37759, 36.93134 ], [ -102.38167, 36.93036 ], [ -102.38685, 36.93357 ], [ -102.3987, 36.92826 ], [ -102.39222, 36.92327 ], [ -102.38865, 36.92254 ], [ -102.38876, 36.84921 ], [ -102.39135, 36.84916 ], [ -102.39172, 36.76244 ], [ -102.33727, 36.76261 ], [ -102.33726, 36.63196 ], [ -102.31926, 36.63191 ], [ -102.31898, 36.625 ], [ -102.31904, 36.61754 ], [ -102.32798, 36.61748 ], [ -102.33169, 36.60479 ], [ -102.32216, 36.60315 ], [ -102.31519, 36.59702 ], [ -102.3056, 36.59281 ], [ -102.30634, 36.58692 ], [ -102.29091, 36.58986 ], [ -102.28699, 36.58604 ], [ -102.2774, 36.5907 ], [ -102.2719, 36.5858 ], [ -102.26253, 36.58795 ], [ -102.25522, 36.58364 ], [ -102.24838, 36.58248 ], [ -102.24722, 36.57939 ], [ -102.25094, 36.5727 ], [ -102.25044, 36.57067 ], [ -102.24719, 36.57062 ], [ -102.24744, 36.50367 ], [ -102.24361, 36.50066 ], [ -102.16201, 36.5003 ], [ -102.16256, 36.05522 ], [ -102.16234, 35.62747 ], [ -102.16228, 35.61999 ], [ -101.67185, 35.62001 ], [ -101.62235, 35.62015 ], [ -101.62238, 35.62401 ], [ -101.62244, 35.67782 ], [ -101.62242, 35.69316 ], [ -101.62302, 36.05537 ], [ -101.62306, 36.08735 ], [ -101.62348, 36.4995 ], [ -101.50766, 36.49954 ], [ -101.35829, 36.49955 ], [ -101.08472, 36.49922 ], [ -101.08469, 36.48854 ], [ -101.08528, 36.05754 ], [ -101.0853, 36.05524 ], [ -101.08549, 35.91577 ], [ -101.08564, 35.62522 ], [ -101.29253, 35.62478 ], [ -101.2921, 35.61832 ], [ -101.29027, 35.61587 ], [ -101.29067, 35.61079 ], [ -101.29437, 35.6069 ], [ -101.29305, 35.60356 ], [ -101.29742, 35.59612 ], [ -101.29594, 35.59424 ], [ -101.29796, 35.59239 ], [ -101.29776, 35.58996 ], [ -101.3023, 35.58976 ], [ -101.30155, 35.58657 ], [ -101.2986, 35.58554 ], [ -101.30054, 35.58461 ], [ -101.3046, 35.5858 ], [ -101.30096, 35.5822 ], [ -101.30253, 35.57451 ], [ -101.30054, 35.57431 ], [ -101.30326, 35.57202 ], [ -101.3023, 35.57087 ], [ -101.30412, 35.56829 ], [ -101.30079, 35.56776 ], [ -101.30284, 35.56554 ], [ -101.29987, 35.56533 ], [ -101.30054, 35.56222 ], [ -101.29883, 35.5621 ], [ -101.2983, 35.55927 ], [ -101.30006, 35.55732 ], [ -101.30239, 35.55776 ], [ -101.30146, 35.55537 ], [ -101.30393, 35.55464 ], [ -101.30197, 35.55311 ], [ -101.30435, 35.5505 ], [ -101.302, 35.55103 ], [ -101.30368, 35.54752 ], [ -101.30298, 35.54363 ], [ -101.30441, 35.54448 ], [ -101.3041, 35.54226 ], [ -101.30835, 35.54013 ], [ -101.30905, 35.5337 ], [ -101.31099, 35.53223 ], [ -101.30928, 35.53061 ], [ -101.30782, 35.5217 ], [ -101.30427, 35.5188 ], [ -101.29984, 35.51948 ], [ -101.29601, 35.51772 ], [ -101.29811, 35.50458 ], [ -101.30296, 35.49811 ], [ -101.2991, 35.49333 ], [ -101.30047, 35.48833 ], [ -101.29947, 35.48638 ], [ -101.30106, 35.48396 ], [ -101.30033, 35.4822 ], [ -101.30397, 35.47975 ], [ -101.30374, 35.47808 ], [ -101.30044, 35.4773 ], [ -101.30075, 35.47503 ], [ -101.30193, 35.46954 ], [ -101.30461, 35.46746 ], [ -101.30377, 35.46476 ], [ -101.30503, 35.46281 ], [ -101.30352, 35.46212 ], [ -101.30735, 35.45569 ], [ -101.30903, 35.4434 ], [ -101.31037, 35.44255 ], [ -101.31046, 35.35516 ], [ -101.08565, 35.35718 ], [ -101.08585, 35.18209 ], [ -100.90755, 35.18314 ], [ -100.90368, 35.17666 ], [ -100.9012, 35.1536 ], [ -100.89491, 35.13412 ], [ -100.8942, 35.12149 ], [ -100.89021, 35.12677 ], [ -100.88564, 35.12539 ], [ -100.87848, 35.12582 ], [ -100.87664, 35.12914 ], [ -100.87183, 35.12989 ], [ -100.87248, 35.13518 ], [ -100.86885, 35.13654 ], [ -100.8688, 35.13928 ], [ -100.87215, 35.1491 ], [ -100.87634, 35.15536 ], [ -100.87241, 35.15584 ], [ -100.87208, 35.16195 ], [ -100.86369, 35.16207 ], [ -100.85959, 35.16431 ], [ -100.85661, 35.1615 ], [ -100.85638, 35.15834 ], [ -100.8474, 35.15681 ], [ -100.84515, 35.15864 ], [ -100.83943, 35.17073 ], [ -100.83271, 35.17087 ], [ -100.81861, 35.17545 ], [ -100.81355, 35.18316 ], [ -100.82079, 35.18319 ], [ -100.80706, 35.1904 ], [ -100.79576, 35.19995 ], [ -100.78109, 35.20704 ], [ -100.77344, 35.21412 ], [ -100.77749, 35.21975 ], [ -100.78622, 35.2247 ], [ -100.78906, 35.22827 ], [ -100.79057, 35.23693 ], [ -100.79595, 35.24425 ], [ -100.79629, 35.24849 ], [ -100.80039, 35.2492 ], [ -100.81301, 35.2457 ], [ -100.82738, 35.24544 ], [ -100.82514, 35.25104 ], [ -100.81373, 35.26036 ], [ -100.81395, 35.28307 ], [ -100.79667, 35.28371 ], [ -100.79533, 35.28493 ], [ -100.76897, 35.28481 ], [ -100.76899, 35.28752 ], [ -100.76403, 35.28574 ], [ -100.76166, 35.27931 ], [ -100.75686, 35.27608 ], [ -100.7484, 35.2807 ], [ -100.73363, 35.28185 ], [ -100.72536, 35.28712 ], [ -100.7066, 35.2852 ], [ -100.70238, 35.28799 ], [ -100.69409, 35.28852 ], [ -100.68532, 35.29218 ], [ -100.67834, 35.29131 ], [ -100.65896, 35.30084 ], [ -100.6558, 35.30622 ], [ -100.64572, 35.30484 ], [ -100.64074, 35.30846 ], [ -100.63915, 35.31395 ], [ -100.63222, 35.31425 ], [ -100.62713, 35.3182 ], [ -100.61798, 35.3196 ], [ -100.61329, 35.32759 ], [ -100.60285, 35.33023 ], [ -100.59469, 35.33601 ], [ -100.57921, 35.33853 ], [ -100.57809, 35.34169 ], [ -100.57949, 35.34782 ], [ -100.56776, 35.3524 ], [ -100.56974, 35.35911 ], [ -100.56479, 35.36527 ], [ -100.56519, 35.37079 ], [ -100.55912, 35.37333 ], [ -100.55585, 35.37959 ], [ -100.53839, 35.38829 ], [ -100.53857, 35.1831 ], [ -100.53924, 34.99386 ], [ -100.53234, 34.99563 ], [ -100.52936, 34.99939 ], [ -100.50826, 35.0 ], [ -100.50556, 35.00253 ], [ -100.5067, 35.01103 ], [ -100.5, 35.01447 ], [ -100.48493, 35.01352 ], [ -100.47376, 35.00973 ], [ -100.4554, 35.00909 ], [ -100.44913, 35.01259 ], [ -100.43666, 35.01381 ], [ -100.42024, 35.02015 ], [ -100.4022, 35.03265 ], [ -100.39251, 35.03352 ], [ -100.38196, 35.03042 ], [ -100.3623, 35.01668 ], [ -100.35823, 35.0181 ], [ -100.34086, 35.01527 ], [ -100.33749, 35.00487 ], [ -100.33159, 35.00373 ], [ -100.32889, 34.9969 ], [ -100.32469, 34.99323 ], [ -100.31197, 34.99456 ], [ -100.31016, 34.99351 ], [ -100.3258, 34.98778 ], [ -100.33229, 34.99449 ], [ -100.33963, 34.9939 ], [ -100.34979, 34.98498 ], [ -100.35095, 34.98201 ], [ -100.34766, 34.96692 ], [ -100.35484, 34.9603 ], [ -100.35928, 34.95134 ], [ -100.35925, 34.94575 ], [ -100.36286, 34.94289 ], [ -100.36319, 34.89257 ], [ -100.36005, 34.89257 ], [ -100.35875, 34.89097 ], [ -100.35652, 34.87634 ], [ -100.35929, 34.86857 ], [ -100.35832, 34.86475 ], [ -100.3534, 34.86381 ], [ -100.35148, 34.85861 ], [ -100.35195, 34.84863 ], [ -100.3505, 34.84705 ], [ -100.35417, 34.8459 ], [ -100.36061, 34.83997 ], [ -100.36428, 34.84088 ], [ -100.37161, 34.84637 ], [ -100.37303, 34.84433 ], [ -100.371, 34.84278 ], [ -100.3757, 34.83877 ], [ -100.38975, 34.84791 ], [ -100.40114, 34.84645 ], [ -100.40661, 34.84812 ], [ -100.41114, 34.84758 ], [ -100.41345, 34.84464 ], [ -100.41761, 34.84641 ], [ -100.42467, 34.8449 ], [ -100.4267, 34.843 ], [ -100.43447, 34.84442 ], [ -100.43842, 34.84339 ], [ -100.44325, 34.84675 ], [ -100.44339, 34.85005 ], [ -100.44703, 34.85655 ], [ -100.45298, 34.85841 ], [ -100.45497, 34.85303 ], [ -100.45847, 34.85213 ], [ -100.46948, 34.85806 ], [ -100.47645, 34.85568 ], [ -100.47886, 34.84139 ], [ -100.48172, 34.8385 ], [ -100.48999, 34.83776 ], [ -100.49343, 34.83259 ], [ -100.50296, 34.83318 ], [ -100.50385, 34.82812 ], [ -100.50838, 34.82925 ], [ -100.5104, 34.82792 ], [ -100.51576, 34.83051 ], [ -100.51624, 34.82723 ], [ -100.51838, 34.82657 ], [ -100.51885, 34.82426 ], [ -100.52404, 34.82495 ], [ -100.52574, 34.81821 ], [ -100.53379, 34.81792 ], [ -100.5354, 34.81359 ], [ -100.54004, 34.81565 ], [ -100.5403, 34.74767 ], [ -100.65489, 34.74801 ], [ -100.64806, 34.74161 ], [ -100.64814, 34.73615 ], [ -100.64661, 34.73447 ], [ -100.64171, 34.73351 ], [ -100.63822, 34.73081 ], [ -100.63178, 34.73227 ], [ -100.6261, 34.72895 ], [ -100.62632, 34.72391 ], [ -100.62235, 34.71645 ], [ -100.6161, 34.71333 ], [ -100.61377, 34.70887 ], [ -100.60429, 34.70594 ], [ -100.60442, 34.69951 ], [ -100.59938, 34.6982 ], [ -100.59655, 34.69401 ], [ -100.60153, 34.68685 ], [ -100.60001, 34.68179 ], [ -100.60336, 34.67672 ], [ -100.59945, 34.67221 ], [ -100.60069, 34.6685 ], [ -100.59745, 34.6664 ], [ -100.60135, 34.65953 ], [ -100.60221, 34.65346 ], [ -100.60068, 34.64979 ], [ -100.60173, 34.6467 ], [ -100.59885, 34.64139 ], [ -100.6006, 34.63889 ], [ -100.5989, 34.63537 ], [ -100.59926, 34.63134 ], [ -100.60078, 34.62737 ], [ -100.604, 34.62643 ], [ -100.60513, 34.62388 ], [ -100.61079, 34.6236 ], [ -100.61452, 34.61721 ], [ -100.61685, 34.61689 ], [ -100.61731, 34.60656 ], [ -100.61307, 34.607 ], [ -100.61421, 34.60421 ], [ -100.61163, 34.6013 ], [ -100.6093, 34.60123 ], [ -100.60883, 34.59807 ], [ -100.60191, 34.59725 ], [ -100.60326, 34.59459 ], [ -100.59963, 34.59175 ], [ -100.60096, 34.58896 ], [ -100.59625, 34.58246 ], [ -100.5942, 34.58177 ], [ -100.58105, 34.58745 ], [ -100.5638, 34.58796 ], [ -100.5566, 34.59371 ], [ -100.55073, 34.59174 ], [ -100.54608, 34.59391 ], [ -100.54251, 34.59174 ], [ -100.53556, 34.5916 ], [ -100.53536, 34.59444 ], [ -100.53057, 34.59561 ], [ -100.51183, 34.58974 ], [ -100.50659, 34.59434 ], [ -100.50371, 34.59193 ], [ -100.50338, 34.58611 ], [ -100.49883, 34.58332 ], [ -100.49316, 34.58797 ], [ -100.48362, 34.58884 ], [ -100.46889, 34.58468 ], [ -100.45875, 34.57893 ], [ -100.45472, 34.57779 ], [ -100.4503, 34.57909 ], [ -100.44484, 34.57726 ], [ -100.43691, 34.57152 ], [ -100.4411, 34.56297 ], [ -100.43955, 34.55745 ], [ -100.44765, 34.55579 ], [ -100.46481, 34.56063 ], [ -100.46352, 34.55919 ], [ -100.46357, 34.55312 ], [ -100.45502, 34.55285 ], [ -100.45485, 34.54511 ], [ -100.44915, 34.54516 ], [ -100.44922, 34.54173 ], [ -100.44499, 34.54163 ], [ -100.41717, 34.517 ], [ -100.41555, 34.51695 ], [ -100.41666, 34.407 ], [ -100.37644, 34.40615 ], [ -100.37855, 34.3428 ], [ -100.37585, 34.34241 ], [ -100.37541, 34.33969 ], [ -100.36896, 34.33941 ], [ -100.36984, 34.33508 ], [ -100.37335, 34.33456 ], [ -100.37468, 34.33275 ], [ -100.37451, 34.3287 ], [ -100.3727, 34.32762 ], [ -100.37377, 34.32194 ], [ -100.37176, 34.32045 ], [ -100.37251, 34.3185 ], [ -100.37032, 34.31273 ], [ -100.41739, 34.31346 ], [ -100.51694, 34.31404 ], [ -100.60612, 34.31411 ], [ -100.94574, 34.3127 ], [ -100.94476, 34.63011 ], [ -100.94452, 34.74823 ], [ -101.09032, 34.74819 ], [ -101.27913, 34.74821 ], [ -101.47111, 34.74741 ], [ -101.471, 34.65173 ], [ -101.47129, 34.53456 ], [ -101.47409, 34.5303 ], [ -101.4773, 34.52975 ], [ -101.47774, 34.52519 ], [ -101.48142, 34.52494 ], [ -101.48363, 34.52261 ], [ -101.48739, 34.52487 ], [ -101.49174, 34.52375 ], [ -101.49472, 34.52505 ], [ -101.49832, 34.52161 ], [ -101.49954, 34.52246 ], [ -101.49926, 34.52624 ], [ -101.50334, 34.52514 ], [ -101.50473, 34.52167 ], [ -101.50318, 34.5199 ], [ -101.51322, 34.5137 ], [ -101.51134, 34.50997 ], [ -101.51289, 34.50697 ], [ -101.51823, 34.50681 ], [ -101.52462, 34.51016 ], [ -101.52746, 34.50982 ], [ -101.52705, 34.50515 ], [ -101.53001, 34.50148 ], [ -101.53479, 34.50201 ], [ -101.53469, 34.49961 ], [ -101.53936, 34.5 ], [ -101.54213, 34.4969 ], [ -101.54932, 34.49635 ], [ -101.55728, 34.49168 ], [ -101.55985, 34.49278 ], [ -101.56596, 34.49094 ], [ -101.56748, 34.48877 ], [ -101.57481, 34.49152 ], [ -101.57578, 34.49815 ], [ -101.58183, 34.49895 ], [ -101.58407, 34.49744 ], [ -101.58139, 34.49648 ], [ -101.5815, 34.4928 ], [ -101.58479, 34.48934 ], [ -101.58777, 34.49062 ], [ -101.58774, 34.49378 ], [ -101.59092, 34.49252 ], [ -101.59656, 34.49332 ], [ -101.60365, 34.48992 ], [ -101.60472, 34.48739 ], [ -101.6072, 34.48862 ], [ -101.61038, 34.48539 ], [ -101.61395, 34.48693 ], [ -101.62807, 34.48413 ], [ -101.62995, 34.48221 ], [ -101.62929, 34.47997 ], [ -101.64579, 34.48036 ], [ -101.64696, 34.47592 ], [ -101.65138, 34.4743 ], [ -101.6516, 34.47256 ], [ -101.6579, 34.46892 ], [ -101.66371, 34.4615 ], [ -101.66951, 34.46031 ], [ -101.67601, 34.45656 ], [ -101.68148, 34.45812 ], [ -101.68424, 34.45468 ], [ -101.68803, 34.45473 ], [ -101.70049, 34.44649 ], [ -101.70529, 34.44681 ], [ -101.71687, 34.44239 ], [ -101.73308, 34.44218 ], [ -101.74213, 34.44669 ], [ -101.75072, 34.44473 ], [ -101.75481, 34.446 ], [ -101.75396, 34.44661 ], [ -101.76208, 34.45348 ], [ -101.765, 34.452 ], [ -101.76269, 34.44167 ], [ -101.80783, 34.44171 ], [ -101.81537, 34.44507 ], [ -101.88546, 34.44536 ], [ -101.88555, 34.43057 ], [ -101.91993, 34.43088 ], [ -101.9199, 34.45651 ], [ -101.99008, 34.45641 ], [ -101.99173, 34.45032 ], [ -101.99776, 34.44926 ], [ -101.99794, 34.64694 ], [ -101.99803, 34.74813 ], [ -101.6288, 34.74759 ], [ -101.62703, 34.88762 ], [ -101.62577, 34.93617 ], [ -101.63455, 34.93617 ], [ -101.65112, 34.94026 ], [ -101.65895, 34.94342 ], [ -101.66654, 34.95029 ], [ -101.67102, 34.96208 ], [ -101.671, 34.9649 ], [ -101.66868, 34.96706 ], [ -101.67135, 34.96839 ], [ -101.67546, 34.96716 ], [ -101.67663, 34.96874 ], [ -101.67366, 34.97659 ], [ -101.68094, 34.98634 ], [ -101.68063, 34.99895 ], [ -101.68914, 35.00257 ], [ -101.69078, 35.00958 ], [ -101.69532, 35.01328 ], [ -101.69537, 35.01672 ], [ -101.69913, 35.02221 ], [ -101.70197, 35.02331 ], [ -101.70216, 35.02544 ], [ -101.69999, 35.02759 ], [ -101.70806, 35.03031 ], [ -101.71057, 35.03709 ], [ -101.71443, 35.03738 ], [ -101.71741, 35.04354 ], [ -101.72078, 35.04432 ], [ -101.72128, 35.04635 ], [ -101.7241, 35.0477 ], [ -101.72332, 35.05136 ], [ -101.72808, 35.05264 ], [ -101.72836, 35.05615 ], [ -101.73106, 35.05766 ], [ -101.73515, 35.05619 ], [ -101.73796, 35.0585 ], [ -101.74005, 35.05829 ], [ -101.74202, 35.05749 ], [ -101.74225, 35.05468 ], [ -101.7482, 35.05504 ], [ -101.7492, 35.05266 ], [ -101.74433, 35.05142 ], [ -101.74928, 35.04705 ], [ -101.75205, 35.04807 ], [ -101.75199, 35.05097 ], [ -101.75348, 35.05154 ], [ -101.75788, 35.04317 ], [ -101.75457, 35.04197 ], [ -101.75499, 35.03978 ], [ -101.76323, 35.04161 ], [ -101.76349, 35.04136 ], [ -101.76345, 35.03954 ], [ -101.76371, 35.03907 ], [ -101.76494, 35.03629 ], [ -101.76773, 35.03394 ], [ -101.76741, 35.0339 ], [ -101.7649, 35.03563 ], [ -101.76409, 35.03819 ], [ -101.7627, 35.03924 ], [ -101.76329, 35.0364 ], [ -101.76912, 35.02611 ], [ -101.77666, 35.02187 ], [ -101.78165, 35.02276 ], [ -101.79367, 35.02932 ], [ -101.79677, 35.03726 ], [ -101.80849, 35.04693 ], [ -101.81212, 35.0469 ], [ -101.81232, 35.04489 ], [ -101.83096, 35.04501 ], [ -101.83085, 35.04746 ], [ -101.83262, 35.04826 ], [ -101.83507, 35.04239 ], [ -101.84507, 35.03268 ], [ -101.84748, 35.03212 ], [ -101.84528, 35.03732 ], [ -101.84732, 35.04229 ], [ -101.84743, 35.05787 ], [ -101.86525, 35.0578 ], [ -101.86535, 35.04326 ], [ -101.88318, 35.04306 ], [ -101.91874, 35.04306 ], [ -101.91874, 35.05767 ], [ -101.95401, 35.05783 ], [ -101.95418, 35.01419 ], [ -101.98172, 35.01413 ], [ -101.98418, 35.01936 ], [ -101.98706, 35.02015 ], [ -101.98681, 35.01887 ], [ -101.98871, 35.01852 ], [ -101.99057, 35.02011 ], [ -101.99942, 35.01855 ], [ -102.00211, 35.02179 ], [ -102.00756, 35.02184 ], [ -102.01296, 35.03012 ], [ -102.01816, 35.03141 ], [ -102.01777, 35.03351 ], [ -102.01916, 35.03404 ], [ -102.0181, 35.03468 ], [ -102.0201, 35.03544 ], [ -102.02052, 35.03919 ], [ -102.02291, 35.03972 ], [ -102.02669, 35.03676 ], [ -102.02996, 35.03953 ], [ -102.053, 35.04386 ], [ -102.06011, 35.04179 ], [ -102.06893, 35.03471 ], [ -102.07474, 35.03288 ], [ -102.07625, 35.03064 ], [ -102.07872, 35.03105 ], [ -102.07903, 35.02823 ], [ -102.08904, 35.0256 ], [ -102.09035, 35.02354 ], [ -102.09452, 35.02455 ], [ -102.10635, 35.03393 ], [ -102.11097, 35.03008 ], [ -102.11583, 35.03095 ], [ -102.11569, 35.02756 ], [ -102.11873, 35.02612 ], [ -102.1255, 35.02826 ], [ -102.12891, 35.0271 ], [ -102.12975, 35.02916 ], [ -102.13717, 35.03104 ], [ -102.13929, 35.03319 ], [ -102.14165, 35.03282 ], [ -102.1441, 35.03566 ], [ -102.15492, 35.03562 ], [ -102.1621, 35.03237 ], [ -102.1648, 35.03292 ], [ -102.1655, 35.02988 ], [ -102.16724, 35.03044 ], [ -102.16837, 34.74736 ], [ -102.44176, 34.74639 ], [ -102.44288, 34.67603 ], [ -102.49555, 34.67665 ], [ -102.49534, 34.6916 ], [ -102.51339, 34.69183 ], [ -102.51356, 34.68432 ], [ -102.52471, 34.68451 ], [ -102.5247, 34.74687 ], [ -103.04227, 34.7473 ], [ -103.04219, 34.95404 ], [ -103.04188, 35.18309 ], [ -103.04176, 35.39484 ], [ -103.04107, 35.58637 ], [ -103.04892, 35.58888 ], [ -103.05042, 35.58786 ], [ -103.05109, 35.58605 ], [ -103.04874, 35.58468 ], [ -103.04827, 35.57671 ], [ -103.05132, 35.57419 ], [ -103.0518, 35.56339 ], [ -103.06836, 35.54736 ], [ -103.06914, 35.54118 ], [ -103.07611, 35.54155 ], [ -103.07821, 35.53969 ], [ -103.09023, 35.548 ], [ -103.096, 35.54832 ], [ -103.09615, 35.55132 ], [ -103.11289, 35.53339 ], [ -103.11908, 35.53657 ], [ -103.12343, 35.54659 ], [ -103.13661, 35.53723 ], [ -103.14484, 35.53432 ], [ -103.19236, 35.53403 ], [ -103.20249, 35.53216 ], [ -103.20383, 35.53431 ], [ -103.23797, 35.53435 ], [ -103.24078, 35.53659 ], [ -103.24683, 35.54854 ], [ -103.26507, 35.5487 ], [ -103.27659, 35.56215 ], [ -103.27952, 35.5586 ], [ -103.2832, 35.54639 ], [ -103.28331, 35.54108 ], [ -103.29012, 35.53412 ], [ -103.29698, 35.53776 ], [ -103.3092, 35.5352 ], [ -103.31869, 35.5233 ], [ -103.32488, 35.51888 ], [ -103.32541, 35.51301 ], [ -103.32964, 35.5121 ], [ -103.34025, 35.51404 ], [ -103.34143, 35.51459 ], [ -103.34089, 35.51758 ], [ -103.345, 35.51991 ], [ -103.3586, 35.5158 ], [ -103.36476, 35.5196 ], [ -103.37947, 35.5204 ], [ -103.37881, 35.65243 ], [ -103.37478, 35.65241 ], [ -103.37448, 35.73997 ], [ -103.37444, 35.99858 ], [ -103.36442, 35.99866 ], [ -103.36452, 36.07218 ], [ -103.35226, 36.07197 ], [ -103.34651, 36.07037 ], [ -103.344, 36.06792 ], [ -103.34036, 36.07028 ], [ -103.33557, 36.06959 ], [ -103.33565, 36.06371 ], [ -103.33314, 36.0611 ], [ -103.33052, 36.06222 ], [ -103.32925, 36.06634 ], [ -103.32711, 36.06689 ], [ -103.32333, 36.06584 ], [ -103.32158, 36.06176 ], [ -103.31845, 36.06096 ], [ -103.30979, 36.06389 ], [ -103.30435, 36.06261 ], [ -103.3043, 36.06465 ], [ -103.29482, 36.06517 ], [ -103.29217, 36.06767 ], [ -103.28831, 36.06519 ], [ -103.29068, 36.06267 ], [ -103.28825, 36.0619 ], [ -103.28467, 36.06311 ], [ -103.28199, 36.06656 ], [ -103.27596, 36.06876 ], [ -103.27449, 36.07222 ], [ -103.26575, 36.07029 ], [ -103.2585, 36.07423 ], [ -103.251, 36.07475 ], [ -103.24314, 36.07224 ], [ -103.23719, 36.07947 ], [ -103.23874, 36.08254 ], [ -103.23364, 36.08105 ], [ -103.23522, 36.07739 ], [ -103.23268, 36.07757 ], [ -103.22777, 36.07128 ], [ -103.22427, 36.07039 ], [ -103.22041, 36.07584 ], [ -103.21454, 36.0795 ], [ -103.21127, 36.0773 ], [ -103.2146, 36.07192 ], [ -103.21189, 36.06922 ], [ -103.20349, 36.0711 ], [ -103.19954, 36.06996 ], [ -103.18784, 36.07406 ], [ -103.18448, 36.06627 ], [ -103.18649, 36.06201 ], [ -103.18265, 36.05789 ], [ -103.17704, 36.05666 ], [ -103.16982, 36.06009 ], [ -103.16664, 36.05482 ], [ -103.15903, 36.04926 ], [ -103.13645, 36.04776 ], [ -103.13152, 36.04089 ], [ -103.13268, 36.03725 ], [ -103.1302, 36.03709 ], [ -103.12068, 36.04192 ], [ -103.11419, 36.04064 ], [ -103.11199, 36.03854 ], [ -103.10612, 36.02384 ], [ -103.10793, 36.02007 ], [ -103.10646, 36.0167 ], [ -103.09964, 36.01332 ], [ -103.08941, 36.01364 ], [ -103.0851, 36.01195 ], [ -103.09036, 36.00093 ], [ -103.08258, 35.99608 ], [ -103.0805, 35.99262 ], [ -103.09075, 35.98955 ], [ -103.09472, 35.98591 ], [ -103.09362, 35.98323 ], [ -103.0883, 35.98156 ], [ -103.08562, 35.98738 ], [ -103.08252, 35.98797 ], [ -103.07506, 35.98227 ], [ -103.07252, 35.97012 ], [ -103.06165, 35.96961 ], [ -103.05121, 35.96055 ], [ -103.04049, 35.96442 ], [ -103.04034, 36.0552 ], [ -103.04072, 36.17367 ], [ -103.22073, 36.17314 ], [ -103.22116, 36.18774 ], [ -103.22118, 36.24555 ], [ -103.23896, 36.24566 ], [ -103.23874, 36.28449 ], [ -103.2298, 36.28563 ], [ -103.2291, 36.28795 ], [ -103.22603, 36.28819 ], [ -103.22955, 36.29234 ], [ -103.23546, 36.28859 ], [ -103.23639, 36.29211 ], [ -103.24358, 36.29559 ], [ -103.24465, 36.29737 ], [ -103.24384, 36.30179 ], [ -103.24698, 36.30522 ], [ -103.24966, 36.31406 ], [ -103.25346, 36.3179 ], [ -103.25568, 36.31802 ], [ -103.25, 36.32486 ], [ -103.23854, 36.32933 ], [ -103.23832, 36.33785 ], [ -103.24227, 36.34304 ], [ -103.23911, 36.34357 ], [ -103.23314, 36.34898 ], [ -103.22655, 36.34772 ], [ -103.21656, 36.34841 ], [ -103.21427, 36.34578 ], [ -103.20533, 36.34328 ], [ -103.20156, 36.34475 ], [ -103.19571, 36.34207 ], [ -103.1862, 36.34331 ], [ -103.1832, 36.34221 ], [ -103.17898, 36.33646 ], [ -103.1755, 36.33472 ], [ -103.16297, 36.33495 ], [ -103.15137, 36.33222 ], [ -103.15197, 36.33378 ], [ -103.14653, 36.33323 ], [ -103.13022, 36.3177 ], [ -103.11281, 36.30763 ], [ -103.11286, 36.28941 ], [ -103.04102, 36.2899 ], [ -103.04144, 36.50041 ], [ -103.00195, 36.50037 ], [ -103.00216, 36.56383 ], [ -103.00172, 36.662 ], [ -103.00171, 36.7194 ], [ -103.00174, 36.89746 ] ] ] } },
{ "type": "Feature", "properties": { "HSA93": 45027, "HSANAME": "TX- BONHAM", "STATE": 45, "HRR93": 391, "HRR93_NAME": "TX- DALLAS", "Persons90": 13808, "hosp_cnt": 1, "HSA_label": "Bonham" }, "geometry": { "type": "Polygon", "coordinates": [ [ [ -95.99291, 33.67732 ], [ -95.99419, 33.6748 ], [ -95.9931, 33.67155 ], [ -95.98644, 33.66848 ], [ -95.97951, 33.66057 ], [ -95.98255, 33.657 ], [ -95.98427, 33.64855 ], [ -95.98659, 33.64759 ], [ -95.98829, 33.64223 ], [ -95.985, 33.63207 ], [ -95.98754, 33.62435 ], [ -95.97921, 33.61251 ], [ -95.98306, 33.60526 ], [ -95.9845, 33.59948 ], [ -95.98372, 33.59135 ], [ -95.98559, 33.58946 ], [ -95.9844, 33.58235 ], [ -95.98521, 33.56534 ], [ -95.96774, 33.56434 ], [ -95.96648, 33.55622 ], [ -95.95117, 33.55574 ], [ -95.95122, 33.54945 ], [ -95.95147, 33.54004 ], [ -95.95589, 33.53928 ], [ -95.95655, 33.52692 ], [ -95.96264, 33.52706 ], [ -95.96308, 33.52095 ], [ -95.96518, 33.52072 ], [ -95.96564, 33.50563 ], [ -95.96247, 33.50518 ], [ -95.96255, 33.48922 ], [ -95.95802, 33.48684 ], [ -95.9666, 33.48176 ], [ -95.96678, 33.4786 ], [ -95.96602, 33.47638 ], [ -95.96252, 33.47453 ], [ -95.96274, 33.47269 ], [ -95.96009, 33.47228 ], [ -95.95763, 33.46768 ], [ -95.9508, 33.46263 ], [ -95.95145, 33.45422 ], [ -95.96279, 33.45244 ], [ -95.97174, 33.45472 ], [ -96.01076, 33.45531 ], [ -96.05926, 33.44218 ], [ -96.06963, 33.44912 ], [ -96.07686, 33.46116 ], [ -96.08383, 33.46633 ], [ -96.08317, 33.47112 ], [ -96.08006, 33.47119 ], [ -96.07889, 33.47387 ], [ -96.07905, 33.5 ], [ -96.08679, 33.50042 ], [ -96.08809, 33.49817 ], [ -96.10725, 33.49881 ], [ -96.1074, 33.50112 ], [ -96.11435, 33.50105 ], [ -96.12078, 33.50974 ], [ -96.12862, 33.514 ], [ -96.1299, 33.51798 ], [ -96.13842, 33.52082 ], [ -96.14217, 33.51389 ], [ -96.14275, 33.49418 ], [ -96.13654, 33.48796 ], [ -96.14652, 33.48814 ], [ -96.14644, 33.49192 ], [ -96.16285, 33.49273 ], [ -96.16185, 33.48265 ], [ -96.1641, 33.45857 ], [ -96.18253, 33.45961 ], [ -96.20443, 33.46016 ], [ -96.21342, 33.46038 ], [ -96.21118, 33.46876 ], [ -96.21431, 33.47552 ], [ -96.23688, 33.4623 ], [ -96.25998, 33.46351 ], [ -96.26861, 33.46113 ], [ -96.27276, 33.4623 ], [ -96.2783, 33.46741 ], [ -96.28404, 33.46771 ], [ -96.28641, 33.46874 ], [ -96.28677, 33.47062 ], [ -96.29089, 33.46986 ], [ -96.29791, 33.47627 ], [ -96.30097, 33.47751 ], [ -96.30253, 33.47617 ], [ -96.30214, 33.48987 ], [ -96.30468, 33.49012 ], [ -96.30457, 33.49237 ], [ -96.27862, 33.48849 ], [ -96.2779, 33.52117 ], [ -96.28416, 33.523 ], [ -96.28353, 33.52659 ], [ -96.2785, 33.52703 ], [ -96.27782, 33.52861 ], [ -96.27724, 33.53522 ], [ -96.28003, 33.53825 ], [ -96.28016, 33.54335 ], [ -96.27297, 33.54463 ], [ -96.27054, 33.55033 ], [ -96.27151, 33.56212 ], [ -96.24953, 33.56401 ], [ -96.24911, 33.57097 ], [ -96.24695, 33.57068 ], [ -96.24698, 33.5769 ], [ -96.26109, 33.5764 ], [ -96.26297, 33.57846 ], [ -96.2586, 33.58737 ], [ -96.25973, 33.59785 ], [ -96.255, 33.59826 ], [ -96.25671, 33.61078 ], [ -96.25436, 33.61389 ], [ -96.25058, 33.61419 ], [ -96.24906, 33.622 ], [ -96.25671, 33.62367 ], [ -96.25507, 33.6275 ], [ -96.25608, 33.62861 ], [ -96.25539, 33.6316 ], [ -96.25731, 33.63167 ], [ -96.2575, 33.63391 ], [ -96.26163, 33.63781 ], [ -96.26108, 33.64527 ], [ -96.26277, 33.64831 ], [ -96.25951, 33.65536 ], [ -96.25989, 33.65916 ], [ -96.26555, 33.66509 ], [ -96.26662, 33.66805 ], [ -96.26563, 33.67137 ], [ -96.27056, 33.67769 ], [ -96.27121, 33.68538 ], [ -96.27625, 33.68689 ], [ -96.27731, 33.68902 ], [ -96.27953, 33.68843 ], [ -96.28251, 33.69621 ], [ -96.28637, 33.69944 ], [ -96.28615, 33.70443 ], [ -96.28434, 33.70512 ], [ -96.28963, 33.70651 ], [ -96.28571, 33.70942 ], [ -96.29004, 33.71004 ], [ -96.29234, 33.71242 ], [ -96.2936, 33.7105 ], [ -96.29464, 33.71112 ], [ -96.29267, 33.7159 ], [ -96.29806, 33.71384 ], [ -96.29916, 33.71805 ], [ -96.30595, 33.71494 ], [ -96.30817, 33.71567 ], [ -96.30631, 33.72579 ], [ -96.30798, 33.73392 ], [ -96.30441, 33.7458 ], [ -96.29899, 33.75771 ], [ -96.29461, 33.76467 ], [ -96.29181, 33.76648 ], [ -96.28597, 33.76577 ], [ -96.27701, 33.76963 ], [ -96.26964, 33.7683 ], [ -96.24799, 33.75914 ], [ -96.22876, 33.74792 ], [ -96.22026, 33.74729 ], [ -96.18857, 33.75554 ], [ -96.1778, 33.76042 ], [ -96.16919, 33.77003 ], [ -96.16264, 33.7858 ], [ -96.16346, 33.78763 ], [ -96.1605, 33.79581 ], [ -96.1617, 33.79961 ], [ -96.15956, 33.81145 ], [ -96.15646, 33.81322 ], [ -96.16351, 33.81295 ], [ -96.17004, 33.80088 ], [ -96.17547, 33.80222 ], [ -96.17871, 33.81045 ], [ -96.17563, 33.81453 ], [ -96.17109, 33.81463 ], [ -96.16625, 33.81777 ], [ -96.15904, 33.8185 ], [ -96.15051, 33.81689 ], [ -96.14853, 33.8191 ], [ -96.15137, 33.83185 ], [ -96.14989, 33.83576 ], [ -96.14627, 33.8382 ], [ -96.13865, 33.83906 ], [ -96.1308, 33.83734 ], [ -96.12756, 33.8398 ], [ -96.12269, 33.83987 ], [ -96.10974, 33.8323 ], [ -96.0991, 33.83037 ], [ -96.09719, 33.83263 ], [ -96.09738, 33.83784 ], [ -96.10109, 33.84562 ], [ -96.09984, 33.84787 ], [ -96.08437, 33.84656 ], [ -96.04858, 33.83637 ], [ -96.03438, 33.84316 ], [ -96.03025, 33.85516 ], [ -96.02671, 33.85738 ], [ -96.02215, 33.85694 ], [ -96.01929, 33.8534 ], [ -96.02284, 33.84403 ], [ -96.02248, 33.84099 ], [ -96.0168, 33.84136 ], [ -96.00504, 33.84541 ], [ -95.99658, 33.8538 ], [ -95.99462, 33.86173 ], [ -96.0, 33.86286 ], [ -96.00373, 33.86831 ], [ -96.00432, 33.87061 ], [ -96.00162, 33.87365 ], [ -95.98467, 33.86571 ], [ -95.98381, 33.86002 ], [ -95.98579, 33.85683 ], [ -95.98471, 33.85281 ], [ -95.98161, 33.85265 ], [ -95.96979, 33.85707 ], [ -95.95608, 33.85857 ], [ -95.95136, 33.85692 ], [ -95.94102, 33.86152 ], [ -95.93507, 33.875 ], [ -95.93695, 33.88455 ], [ -95.93495, 33.887 ], [ -95.91571, 33.88105 ], [ -95.87915, 33.85895 ], [ -95.85922, 33.85236 ], [ -95.84353, 33.83885 ], [ -95.85027, 33.83538 ], [ -95.85507, 33.8272 ], [ -95.85418, 33.824 ], [ -95.85671, 33.82242 ], [ -95.85904, 33.82601 ], [ -95.86222, 33.82253 ], [ -95.86666, 33.8223 ], [ -95.87081, 33.825 ], [ -95.86982, 33.82115 ], [ -95.86219, 33.81807 ], [ -95.86545, 33.81699 ], [ -95.86479, 33.81479 ], [ -95.86805, 33.81202 ], [ -95.86995, 33.81403 ], [ -95.8728, 33.81296 ], [ -95.87099, 33.81026 ], [ -95.87211, 33.80405 ], [ -95.87463, 33.80398 ], [ -95.87419, 33.80144 ], [ -95.87825, 33.802 ], [ -95.87697, 33.79937 ], [ -95.87968, 33.79932 ], [ -95.88009, 33.79717 ], [ -95.88193, 33.79671 ], [ -95.88007, 33.79419 ], [ -95.88388, 33.78946 ], [ -95.88772, 33.79065 ], [ -95.88953, 33.78616 ], [ -95.89222, 33.78578 ], [ -95.88945, 33.78209 ], [ -95.89238, 33.78088 ], [ -95.89008, 33.78035 ], [ -95.88981, 33.77845 ], [ -95.89164, 33.77927 ], [ -95.89249, 33.77774 ], [ -95.89488, 33.77783 ], [ -95.89644, 33.77426 ], [ -95.90231, 33.77067 ], [ -95.9011, 33.76982 ], [ -95.90135, 33.76419 ], [ -95.90366, 33.76211 ], [ -95.90999, 33.76168 ], [ -95.91533, 33.75879 ], [ -95.91922, 33.75923 ], [ -95.91963, 33.75788 ], [ -95.92092, 33.75875 ], [ -95.9258, 33.75463 ], [ -95.92804, 33.7558 ], [ -95.92859, 33.7542 ], [ -95.93131, 33.75378 ], [ -95.93539, 33.75651 ], [ -95.93783, 33.75564 ], [ -95.93791, 33.75738 ], [ -95.9427, 33.75722 ], [ -95.94432, 33.75871 ], [ -95.94303, 33.75564 ], [ -95.94654, 33.75628 ], [ -95.94624, 33.7544 ], [ -95.94818, 33.75527 ], [ -95.94807, 33.75365 ], [ -95.95043, 33.75362 ], [ -95.95352, 33.75 ], [ -95.95734, 33.74906 ], [ -95.96041, 33.74413 ], [ -95.97723, 33.6928 ], [ -95.98125, 33.68829 ], [ -95.98089, 33.68542 ], [ -95.983, 33.68574 ], [ -95.98174, 33.6832 ], [ -95.99291, 33.67732 ] ] ] } },
{ "type": "Feature", "properties": { "HSA93": 45028, "HSANAME": "TX- BOWIE", "STATE": 45, "HRR93": 420, "HRR93_NAME": "TX- WICHITA FALLS", "Persons90": 9790, "hosp_cnt": 1, "HSA_label": "Bowie" }, "geometry": { "type": "Polygon", "coordinates": [ [ [ -97.79192, 33.68726 ], [ -97.78526, 33.69562 ], [ -97.77659, 33.72061 ], [ -97.75217, 33.72067 ], [ -97.7317, 33.74422 ], [ -97.72544, 33.7442 ], [ -97.7251, 33.75568 ], [ -97.71078, 33.75436 ], [ -97.71091, 33.74718 ], [ -97.70532, 33.74689 ], [ -97.70557, 33.73399 ], [ -97.7023, 33.7334 ], [ -97.70211, 33.7265 ], [ -97.66707, 33.72452 ], [ -97.66582, 33.72194 ], [ -97.66916, 33.71489 ], [ -97.66821, 33.70767 ], [ -97.66944, 33.70256 ], [ -97.6678, 33.69498 ], [ -97.66945, 33.68197 ], [ -97.66301, 33.68172 ], [ -97.66288, 33.66587 ], [ -97.65893, 33.66321 ], [ -97.65461, 33.65675 ], [ -97.66055, 33.65096 ], [ -97.67403, 33.65116 ], [ -97.68044, 33.65368 ], [ -97.69739, 33.65396 ], [ -97.70481, 33.65781 ], [ -97.71259, 33.65797 ], [ -97.70295, 33.65055 ], [ -97.70286, 33.6281 ], [ -97.69894, 33.62246 ], [ -97.71709, 33.60707 ], [ -97.72254, 33.61117 ], [ -97.72736, 33.60601 ], [ -97.74077, 33.60642 ], [ -97.74816, 33.60419 ], [ -97.75876, 33.60605 ], [ -97.76017, 33.59815 ], [ -97.75527, 33.59567 ], [ -97.75634, 33.58981 ], [ -97.75472, 33.58857 ], [ -97.76018, 33.58362 ], [ -97.7555, 33.5776 ], [ -97.74907, 33.57668 ], [ -97.7463, 33.57439 ], [ -97.74554, 33.57114 ], [ -97.73817, 33.56867 ], [ -97.73768, 33.56388 ], [ -97.73349, 33.55935 ], [ -97.73026, 33.55866 ], [ -97.72454, 33.54313 ], [ -97.7186, 33.53727 ], [ -97.71209, 33.53507 ], [ -97.70235, 33.5373 ], [ -97.69603, 33.53446 ], [ -97.69125, 33.52896 ], [ -97.68633, 33.52603 ], [ -97.67946, 33.52683 ], [ -97.67976, 33.52429 ], [ -97.67216, 33.52048 ], [ -97.67011, 33.51581 ], [ -97.66595, 33.51185 ], [ -97.65576, 33.50735 ], [ -97.64174, 33.4918 ], [ -97.63032, 33.48293 ], [ -97.61828, 33.47748 ], [ -97.61399, 33.4737 ], [ -97.61142, 33.46699 ], [ -97.61497, 33.46108 ], [ -97.61253, 33.4515 ], [ -97.60482, 33.4445 ], [ -97.59201, 33.43646 ], [ -97.58537, 33.436 ], [ -97.58149, 33.43388 ], [ -97.72081, 33.43378 ], [ -97.79336, 33.43374 ], [ -97.81727, 33.43373 ], [ -97.91788, 33.43376 ], [ -97.97865, 33.43364 ], [ -97.9786, 33.46702 ], [ -97.97849, 33.72737 ], [ -97.97344, 33.73053 ], [ -97.96903, 33.73037 ], [ -97.9554, 33.73571 ], [ -97.94019, 33.73278 ], [ -97.9355, 33.73567 ], [ -97.93267, 33.73413 ], [ -97.9301, 33.73594 ], [ -97.93128, 33.73745 ], [ -97.92683, 33.7423 ], [ -97.91212, 33.71528 ], [ -97.91083, 33.70751 ], [ -97.91215, 33.69798 ], [ -97.90933, 33.68504 ], [ -97.90509, 33.67544 ], [ -97.89353, 33.67938 ], [ -97.88127, 33.68714 ], [ -97.86692, 33.68668 ], [ -97.8565, 33.68446 ], [ -97.81751, 33.6841 ], [ -97.79192, 33.68726 ] ] ] } },
{ "type": "Feature", "properties": { "HSA93": 45041, "HSANAME": "TX- CANADIAN", "STATE": 45, "HRR93": 383, "HRR93_NAME": "TX- AMARILLO", "Persons90": 3720, "hosp_cnt": 1, "HSA_label": "Canadian" }, "geometry": { "type": "Polygon", "coordinates": [ [ [ -100.33968, 35.61946 ], [ -100.5398, 35.61925 ], [ -100.54087, 35.75 ], [ -100.53913, 35.93207 ], [ -100.5398, 36.05645 ], [ -100.0, 36.05564 ], [ -100.0, 35.8809 ], [ -100.0, 35.74521 ], [ -100.0, 35.61907 ], [ -100.33968, 35.61946 ] ] ] } },
{ "type": "Feature", "properties": { "HSA93": 45042, "HSANAME": "TX- CANYON", "STATE": 45, "HRR93": 383, "HRR93_NAME": "TX- AMARILLO", "Persons90": 14389, "hosp_cnt": 1, "HSA_label": "Canyon" }, "geometry": { "type": "Polygon", "coordinates": [ [ [ -101.99803, 34.74813 ], [ -102.16837, 34.74736 ], [ -102.16724, 35.03044 ], [ -102.1655, 35.02988 ], [ -102.1648, 35.03292 ], [ -102.1621, 35.03237 ], [ -102.15492, 35.03562 ], [ -102.1441, 35.03566 ], [ -102.14165, 35.03282 ], [ -102.13929, 35.03319 ], [ -102.13717, 35.03104 ], [ -102.12975, 35.02916 ], [ -102.12891, 35.0271 ], [ -102.1255, 35.02826 ], [ -102.11873, 35.02612 ], [ -102.11569, 35.02756 ], [ -102.11583, 35.03095 ], [ -102.11097, 35.03008 ], [ -102.10635, 35.03393 ], [ -102.09452, 35.02455 ], [ -102.09035, 35.02354 ], [ -102.08904, 35.0256 ], [ -102.07903, 35.02823 ], [ -102.07872, 35.03105 ], [ -102.07625, 35.03064 ], [ -102.07474, 35.03288 ], [ -102.06893, 35.03471 ], [ -102.06011, 35.04179 ], [ -102.053, 35.04386 ], [ -102.02996, 35.03953 ], [ -102.02669, 35.03676 ], [ -102.02291, 35.03972 ], [ -102.02052, 35.03919 ], [ -102.0201, 35.03544 ], [ -102.0181, 35.03468 ], [ -102.01916, 35.03404 ], [ -102.01777, 35.03351 ], [ -102.01816, 35.03141 ], [ -102.01296, 35.03012 ], [ -102.00756, 35.02184 ], [ -102.00211, 35.02179 ], [ -101.99942, 35.01855 ], [ -101.99057, 35.02011 ], [ -101.98871, 35.01852 ], [ -101.98681, 35.01887 ], [ -101.98706, 35.02015 ], [ -101.98418, 35.01936 ], [ -101.98172, 35.01413 ], [ -101.95418, 35.01419 ], [ -101.95401, 35.05783 ], [ -101.91874, 35.05767 ], [ -101.91874, 35.04306 ], [ -101.88318, 35.04306 ], [ -101.86535, 35.04326 ], [ -101.86525, 35.0578 ], [ -101.84743, 35.05787 ], [ -101.84732, 35.04229 ], [ -101.84528, 35.03732 ], [ -101.84748, 35.03212 ], [ -101.84507, 35.03268 ], [ -101.83507, 35.04239 ], [ -101.83262, 35.04826 ], [ -101.83085, 35.04746 ], [ -101.83096, 35.04501 ], [ -101.81232, 35.04489 ], [ -101.81212, 35.0469 ], [ -101.80849, 35.04693 ], [ -101.79677, 35.03726 ], [ -101.79367, 35.02932 ], [ -101.78165, 35.02276 ], [ -101.77666, 35.02187 ], [ -101.76912, 35.02611 ], [ -101.76329, 35.0364 ], [ -101.7627, 35.03924 ], [ -101.76409, 35.03819 ], [ -101.7649, 35.03563 ], [ -101.76741, 35.0339 ], [ -101.76773, 35.03394 ], [ -101.76494, 35.03629 ], [ -101.76371, 35.03907 ], [ -101.76345, 35.03954 ], [ -101.76349, 35.04136 ], [ -101.76323, 35.04161 ], [ -101.75499, 35.03978 ], [ -101.75457, 35.04197 ], [ -101.75788, 35.04317 ], [ -101.75348, 35.05154 ], [ -101.75199, 35.05097 ], [ -101.75205, 35.04807 ], [ -101.74928, 35.04705 ], [ -101.74433, 35.05142 ], [ -101.7492, 35.05266 ], [ -101.7482, 35.05504 ], [ -101.74225, 35.05468 ], [ -101.74202, 35.05749 ], [ -101.74005, 35.05829 ], [ -101.73796, 35.0585 ], [ -101.73515, 35.05619 ], [ -101.73106, 35.05766 ], [ -101.72836, 35.05615 ], [ -101.72808, 35.05264 ], [ -101.72332, 35.05136 ], [ -101.7241, 35.0477 ], [ -101.72128, 35.04635 ], [ -101.72078, 35.04432 ], [ -101.71741, 35.04354 ], [ -101.71443, 35.03738 ], [ -101.71057, 35.03709 ], [ -101.70806, 35.03031 ], [ -101.69999, 35.02759 ], [ -101.70216, 35.02544 ], [ -101.70197, 35.02331 ], [ -101.69913, 35.02221 ], [ -101.69537, 35.01672 ], [ -101.69532, 35.01328 ], [ -101.69078, 35.00958 ], [ -101.68914, 35.00257 ], [ -101.68063, 34.99895 ], [ -101.68094, 34.98634 ], [ -101.67366, 34.97659 ], [ -101.67663, 34.96874 ], [ -101.67546, 34.96716 ], [ -101.67135, 34.96839 ], [ -101.66868, 34.96706 ], [ -101.671, 34.9649 ], [ -101.67102, 34.96208 ], [ -101.66654, 34.95029 ], [ -101.65895, 34.94342 ], [ -101.65112, 34.94026 ], [ -101.63455, 34.93617 ], [ -101.62577, 34.93617 ], [ -101.62703, 34.88762 ], [ -101.6288, 34.74759 ], [ -101.99803, 34.74813 ] ] ] } },
{ "type": "Feature", "properties": { "HSA93": 45048, "HSANAME": "TX- CHILDRESS", "STATE": 45, "HRR93": 383, "HRR93_NAME": "TX- AMARILLO", "Persons90": 8122, "hosp_cnt": 1, "HSA_label": "Childress" }, "geometry": { "type": "Polygon", "coordinates": [ [ [ -99.99734, 34.31176 ], [ -99.99724, 34.22428 ], [ -100.00567, 34.2256 ], [ -100.00696, 34.23091 ], [ -100.00613, 34.23687 ], [ -100.00941, 34.24188 ], [ -100.02235, 34.23891 ], [ -100.03694, 34.23871 ], [ -100.04243, 34.2279 ], [ -100.04665, 34.22971 ], [ -100.0481, 33.83589 ], [ -100.14187, 33.8358 ], [ -100.13864, 33.82627 ], [ -100.13975, 33.8254 ], [ -100.1415, 33.8263 ], [ -100.14054, 33.82781 ], [ -100.14252, 33.82774 ], [ -100.14156, 33.82861 ], [ -100.14403, 33.82767 ], [ -100.14449, 33.82983 ], [ -100.14806, 33.83019 ], [ -100.14984, 33.83221 ], [ -100.15577, 33.82937 ], [ -100.15536, 33.83175 ], [ -100.15654, 33.83191 ], [ -100.16217, 33.82965 ], [ -100.16203, 33.82814 ], [ -100.16483, 33.82974 ], [ -100.16598, 33.82731 ], [ -100.16796, 33.828 ], [ -100.1684, 33.82486 ], [ -100.1723, 33.8217 ], [ -100.17158, 33.82024 ], [ -100.174, 33.82117 ], [ -100.17268, 33.81785 ], [ -100.17598, 33.81652 ], [ -100.17674, 33.81746 ], [ -100.17716, 33.81417 ], [ -100.18146, 33.81444 ], [ -100.18289, 33.81646 ], [ -100.18701, 33.81808 ], [ -100.1886, 33.81701 ], [ -100.18931, 33.81884 ], [ -100.1923, 33.81937 ], [ -100.19282, 33.81767 ], [ -100.20314, 33.81307 ], [ -100.20745, 33.814 ], [ -100.20835, 33.81235 ], [ -100.21749, 33.81105 ], [ -100.2215, 33.80504 ], [ -100.22514, 33.80378 ], [ -100.22588, 33.80064 ], [ -100.23713, 33.79178 ], [ -100.23625, 33.79077 ], [ -100.23803, 33.78538 ], [ -100.24222, 33.78181 ], [ -100.25476, 33.78637 ], [ -100.25849, 33.77673 ], [ -100.26889, 33.77304 ], [ -100.27585, 33.78033 ], [ -100.28214, 33.77838 ], [ -100.28592, 33.77518 ], [ -100.28987, 33.78003 ], [ -100.30899, 33.77275 ], [ -100.30208, 33.76705 ], [ -100.31815, 33.76616 ], [ -100.31823, 33.75679 ], [ -100.32536, 33.75525 ], [ -100.34105, 33.76038 ], [ -100.33407, 33.82836 ], [ -100.33052, 33.83585 ], [ -100.51829, 33.83557 ], [ -100.5178, 33.96388 ], [ -100.5171, 34.27772 ], [ -100.51694, 34.31404 ], [ -100.41739, 34.31346 ], [ -100.37032, 34.31273 ], [ -100.37251, 34.3185 ], [ -100.37176, 34.32045 ], [ -100.37377, 34.32194 ], [ -100.3727, 34.32762 ], [ -100.37451, 34.3287 ], [ -100.37468, 34.33275 ], [ -100.37335, 34.33456 ], [ -100.36984, 34.33508 ], [ -100.36896, 34.33941 ], [ -100.37541, 34.33969 ], [ -100.37585, 34.34241 ], [ -100.37855, 34.3428 ], [ -100.37644, 34.40615 ], [ -100.41666, 34.407 ], [ -100.41555, 34.51695 ], [ -100.4155, 34.74747 ], [ -100.15237, 34.74711 ], [ -100.15299, 34.67421 ], [ -100.04725, 34.67432 ], [ -100.02707, 34.68153 ], [ -100.0, 34.68175 ], [ -100.0, 34.56045 ], [ -99.99712, 34.56051 ], [ -99.99734, 34.31176 ] ] ] } },
{ "type": "Feature", "properties": { "HSA93": 45049, "HSANAME": "TX- CHILLICOTHE", "STATE": 45, "HRR93": 420, "HRR93_NAME": "TX- WICHITA FALLS", "Persons90": 1186, "hosp_cnt": 1, "HSA_label": "Chillicothe" }, "geometry": { "type": "Polygon", "coordinates": [ [ [ -99.61677, 34.08293 ], [ -99.61295, 34.10054 ], [ -99.61294, 34.1083 ], [ -99.6076, 34.1217 ], [ -99.61107, 34.13737 ], [ -99.60727, 34.15067 ], [ -99.61366, 34.15081 ], [ -99.60758, 34.35679 ], [ -99.59586, 34.35656 ], [ -99.59551, 34.36811 ], [ -99.59148, 34.36822 ], [ -99.60079, 34.37305 ], [ -99.59966, 34.37461 ], [ -99.58585, 34.38733 ], [ -99.58416, 34.39113 ], [ -99.584, 34.40808 ], [ -99.57969, 34.41658 ], [ -99.574, 34.41821 ], [ -99.56477, 34.41793 ], [ -99.54887, 34.41264 ], [ -99.54116, 34.41317 ], [ -99.52942, 34.41138 ], [ -99.51502, 34.41426 ], [ -99.50654, 34.40944 ], [ -99.49863, 34.4091 ], [ -99.48685, 34.39788 ], [ -99.47445, 34.39594 ], [ -99.47524, 34.08534 ], [ -99.47865, 34.07559 ], [ -99.48947, 34.0656 ], [ -99.49261, 34.06617 ], [ -99.49434, 34.06979 ], [ -99.49932, 34.07114 ], [ -99.50607, 34.07721 ], [ -99.51419, 34.07387 ], [ -99.53178, 34.07481 ], [ -99.53646, 34.07186 ], [ -99.53828, 34.0671 ], [ -99.53699, 34.06561 ], [ -99.5377, 34.06309 ], [ -99.54813, 34.05569 ], [ -99.55273, 34.0611 ], [ -99.5658, 34.06048 ], [ -99.57167, 34.06252 ], [ -99.575, 34.06934 ], [ -99.58444, 34.0794 ], [ -99.59645, 34.08288 ], [ -99.61677, 34.08293 ] ] ] } },
{ "type": "Feature", "properties": { "HSA93": 45051, "HSANAME": "TX- CLARKSVILLE", "STATE": 45, "HRR93": 391, "HRR93_NAME": "TX- DALLAS", "Persons90": 8941, "hosp_cnt": 1, "HSA_label": "Clarksville" }, "geometry": { "type": "Polygon", "coordinates": [ [ [ -94.8288, 33.37971 ], [ -94.82994, 33.38266 ], [ -94.83041, 33.3893 ], [ -94.83437, 33.39079 ], [ -94.84029, 33.38818 ], [ -94.84332, 33.39031 ], [ -94.84354, 33.3929 ], [ -94.85181, 33.39541 ], [ -94.85119, 33.39825 ], [ -94.86031, 33.39894 ], [ -94.86096, 33.40182 ], [ -94.86553, 33.40494 ], [ -94.86424, 33.40702 ], [ -94.86621, 33.40892 ], [ -94.86984, 33.40972 ], [ -94.87107, 33.40752 ], [ -94.8786, 33.4117 ], [ -94.88616, 33.40947 ], [ -94.88731, 33.41197 ], [ -94.89004, 33.40989 ], [ -94.89373, 33.41062 ], [ -94.89605, 33.40861 ], [ -94.90102, 33.40918 ], [ -94.9017, 33.40794 ], [ -94.90004, 33.4068 ], [ -94.90184, 33.40561 ], [ -94.9023, 33.40772 ], [ -94.9043, 33.40618 ], [ -94.91115, 33.40946 ], [ -94.91287, 33.40788 ], [ -94.91293, 33.40456 ], [ -94.91871, 33.42549 ], [ -94.91852, 33.44494 ], [ -94.92308, 33.44899 ], [ -94.93578, 33.45172 ], [ -94.94253, 33.45501 ], [ -94.98154, 33.4578 ], [ -94.98706, 33.46251 ], [ -94.98882, 33.46963 ], [ -94.99784, 33.47359 ], [ -95.01222, 33.48803 ], [ -95.03501, 33.49584 ], [ -95.05491, 33.49971 ], [ -95.06551, 33.50343 ], [ -95.08571, 33.50629 ], [ -95.09038, 33.50364 ], [ -95.09956, 33.50338 ], [ -95.10337, 33.49925 ], [ -95.1055, 33.49936 ], [ -95.1041, 33.49815 ], [ -95.10632, 33.49615 ], [ -95.1073, 33.49849 ], [ -95.11318, 33.49938 ], [ -95.11339, 33.49716 ], [ -95.11637, 33.498 ], [ -95.11796, 33.49574 ], [ -95.12167, 33.49473 ], [ -95.12702, 33.49661 ], [ -95.12995, 33.49569 ], [ -95.13585, 33.49922 ], [ -95.14043, 33.5 ], [ -95.14333, 33.50396 ], [ -95.14092, 33.50595 ], [ -95.143, 33.50664 ], [ -95.1424, 33.50831 ], [ -95.1448, 33.50851 ], [ -95.14365, 33.50938 ], [ -95.15142, 33.51406 ], [ -95.1515, 33.5155 ], [ -95.15481, 33.51442 ], [ -95.15688, 33.51646 ], [ -95.15573, 33.52507 ], [ -95.15882, 33.5267 ], [ -95.16371, 33.53719 ], [ -95.17159, 33.54145 ], [ -95.17353, 33.54596 ], [ -95.17262, 33.5474 ], [ -95.18829, 33.55423 ], [ -95.19272, 33.55205 ], [ -95.19691, 33.55391 ], [ -95.19833, 33.55255 ], [ -95.20112, 33.55516 ], [ -95.19948, 33.55636 ], [ -95.20117, 33.55631 ], [ -95.20137, 33.55869 ], [ -95.20678, 33.56 ], [ -95.20695, 33.56148 ], [ -95.20837, 33.56064 ], [ -95.2108, 33.56283 ], [ -95.21285, 33.56031 ], [ -95.21622, 33.56425 ], [ -95.21387, 33.56732 ], [ -95.21444, 33.57076 ], [ -95.21623, 33.57112 ], [ -95.20484, 33.57786 ], [ -95.1794, 33.58695 ], [ -95.13734, 33.60769 ], [ -95.13583, 33.61884 ], [ -95.13309, 33.61969 ], [ -95.1352, 33.62443 ], [ -95.13421, 33.62678 ], [ -95.137, 33.62815 ], [ -95.13877, 33.63173 ], [ -95.1382, 33.6345 ], [ -95.14167, 33.63805 ], [ -95.13989, 33.6415 ], [ -95.14112, 33.64629 ], [ -95.14534, 33.64895 ], [ -95.14323, 33.65227 ], [ -95.14479, 33.6552 ], [ -95.1424, 33.66331 ], [ -95.14752, 33.6637 ], [ -95.14803, 33.68508 ], [ -95.14652, 33.7048 ], [ -95.16041, 33.70382 ], [ -95.16104, 33.71539 ], [ -95.15733, 33.71591 ], [ -95.15298, 33.72076 ], [ -95.14889, 33.71968 ], [ -95.1453, 33.72168 ], [ -95.14492, 33.72355 ], [ -95.13486, 33.72662 ], [ -95.13363, 33.72877 ], [ -95.13313, 33.72643 ], [ -95.13045, 33.7268 ], [ -95.12677, 33.73032 ], [ -95.12549, 33.73456 ], [ -95.11819, 33.73628 ], [ -95.11269, 33.74029 ], [ -95.10956, 33.73962 ], [ -95.10904, 33.73715 ], [ -95.10234, 33.73568 ], [ -95.09984, 33.73363 ], [ -95.09092, 33.73301 ], [ -95.09155, 33.73166 ], [ -95.08862, 33.7288 ], [ -95.08119, 33.72791 ], [ -95.08086, 33.73011 ], [ -95.0824, 33.731 ], [ -95.08092, 33.73228 ], [ -95.08273, 33.73542 ], [ -95.085, 33.73569 ], [ -95.085, 33.7383 ], [ -95.08718, 33.74004 ], [ -95.08109, 33.74085 ], [ -95.08065, 33.74316 ], [ -95.08558, 33.75955 ], [ -95.05581, 33.7601 ], [ -95.05595, 33.77302 ], [ -95.04772, 33.77205 ], [ -95.04665, 33.77011 ], [ -95.03826, 33.7685 ], [ -95.03574, 33.76541 ], [ -95.03314, 33.76475 ], [ -95.02025, 33.7647 ], [ -95.00906, 33.76973 ], [ -95.00339, 33.76654 ], [ -94.99955, 33.76862 ], [ -94.9891, 33.76851 ], [ -94.98337, 33.76194 ], [ -94.97237, 33.76062 ], [ -94.96713, 33.75629 ], [ -94.95899, 33.76113 ], [ -94.95784, 33.76506 ], [ -94.9599, 33.77049 ], [ -94.95694, 33.77184 ], [ -94.95502, 33.77049 ], [ -94.9508, 33.77121 ], [ -94.94995, 33.77539 ], [ -94.95291, 33.77789 ], [ -94.95305, 33.78858 ], [ -94.94943, 33.78893 ], [ -94.94954, 33.80134 ], [ -94.9477, 33.8024 ], [ -94.94386, 33.79781 ], [ -94.93887, 33.79518 ], [ -94.93182, 33.79729 ], [ -94.92763, 33.79653 ], [ -94.92174, 33.7915 ], [ -94.91124, 33.7783 ], [ -94.90206, 33.77618 ], [ -94.87579, 33.75685 ], [ -94.87362, 33.75795 ], [ -94.87435, 33.76951 ], [ -94.87219, 33.77068 ], [ -94.86811, 33.76904 ], [ -94.86599, 33.76574 ], [ -94.86673, 33.76175 ], [ -94.87591, 33.75539 ], [ -94.87691, 33.75302 ], [ -94.87445, 33.74906 ], [ -94.86959, 33.74595 ], [ -94.84908, 33.73948 ], [ -94.82772, 33.74095 ], [ -94.82824, 33.73501 ], [ -94.82271, 33.73262 ], [ -94.81987, 33.73472 ], [ -94.82283, 33.74742 ], [ -94.83063, 33.75797 ], [ -94.82928, 33.764 ], [ -94.82508, 33.76842 ], [ -94.82049, 33.76886 ], [ -94.81617, 33.76386 ], [ -94.81662, 33.75411 ], [ -94.81478, 33.75081 ], [ -94.81368, 33.75203 ], [ -94.81198, 33.74762 ], [ -94.81681, 33.7399 ], [ -94.81181, 33.73515 ], [ -94.80322, 33.73263 ], [ -94.77986, 33.74436 ], [ -94.77612, 33.75638 ], [ -94.77198, 33.76025 ], [ -94.76852, 33.76089 ], [ -94.76032, 33.75855 ], [ -94.7572, 33.7542 ], [ -94.75874, 33.74842 ], [ -94.76504, 33.74599 ], [ -94.7766, 33.74633 ], [ -94.78842, 33.73556 ], [ -94.78229, 33.73002 ], [ -94.76848, 33.72688 ], [ -94.76039, 33.72695 ], [ -94.75244, 33.73455 ], [ -94.74756, 33.72497 ], [ -94.75753, 33.71771 ], [ -94.75569, 33.71496 ], [ -94.75109, 33.71344 ], [ -94.74564, 33.71605 ], [ -94.74488, 33.7228 ], [ -94.74188, 33.72658 ], [ -94.73497, 33.72651 ], [ -94.73216, 33.72183 ], [ -94.73592, 33.71597 ], [ -94.74103, 33.71325 ], [ -94.75286, 33.71064 ], [ -94.75299, 33.70602 ], [ -94.74589, 33.70291 ], [ -94.74605, 33.62113 ], [ -94.74672, 33.32882 ], [ -94.74927, 33.32693 ], [ -94.74963, 33.32352 ], [ -94.75404, 33.31786 ], [ -94.76146, 33.31734 ], [ -94.76195, 33.31878 ], [ -94.75996, 33.32091 ], [ -94.76375, 33.32277 ], [ -94.76476, 33.32075 ], [ -94.76733, 33.32192 ], [ -94.77245, 33.32016 ], [ -94.77355, 33.31821 ], [ -94.77797, 33.3195 ], [ -94.78124, 33.3186 ], [ -94.78039, 33.32044 ], [ -94.77584, 33.32089 ], [ -94.7838, 33.32371 ], [ -94.78195, 33.32731 ], [ -94.77905, 33.32784 ], [ -94.78017, 33.33068 ], [ -94.77671, 33.33264 ], [ -94.77968, 33.33349 ], [ -94.78101, 33.33762 ], [ -94.78276, 33.33487 ], [ -94.78423, 33.33734 ], [ -94.78814, 33.33665 ], [ -94.7892, 33.33778 ], [ -94.7871, 33.33876 ], [ -94.78751, 33.34261 ], [ -94.7826, 33.3419 ], [ -94.78166, 33.34414 ], [ -94.78541, 33.34314 ], [ -94.7856, 33.34948 ], [ -94.78966, 33.34481 ], [ -94.79045, 33.34857 ], [ -94.79722, 33.34827 ], [ -94.79493, 33.3526 ], [ -94.79119, 33.35237 ], [ -94.79092, 33.35585 ], [ -94.79414, 33.35573 ], [ -94.79463, 33.35374 ], [ -94.79736, 33.35516 ], [ -94.79474, 33.35754 ], [ -94.79468, 33.35997 ], [ -94.79572, 33.36144 ], [ -94.79995, 33.36148 ], [ -94.80082, 33.3654 ], [ -94.80442, 33.36458 ], [ -94.80789, 33.36577 ], [ -94.80857, 33.36352 ], [ -94.81029, 33.36499 ], [ -94.81324, 33.36256 ], [ -94.81485, 33.36299 ], [ -94.81381, 33.36405 ], [ -94.81529, 33.36661 ], [ -94.81204, 33.36686 ], [ -94.81166, 33.36833 ], [ -94.8151, 33.36966 ], [ -94.81589, 33.37151 ], [ -94.8113, 33.37206 ], [ -94.8125, 33.37546 ], [ -94.8288, 33.37971 ] ] ] } },
{ "type": "Feature", "properties": { "HSA93": 45065, "HSANAME": "TX- CROSBYTON", "STATE": 45, "HRR93": 400, "HRR93_NAME": "TX- LUBBOCK", "Persons90": 2860, "hosp_cnt": 1, "HSA_label": "Crosbyton" }, "geometry": { "type": "Polygon", "coordinates": [ [ [ -101.03996, 33.68398 ], [ -101.03954, 33.63164 ], [ -101.03838, 33.39712 ], [ -101.20006, 33.39681 ], [ -101.20107, 33.44127 ], [ -101.1987, 33.45093 ], [ -101.20138, 33.45709 ], [ -101.20267, 33.49179 ], [ -101.23134, 33.50982 ], [ -101.23982, 33.51687 ], [ -101.24157, 33.52426 ], [ -101.23753, 33.52939 ], [ -101.28978, 33.52943 ], [ -101.28964, 33.66004 ], [ -101.30694, 33.66011 ], [ -101.30702, 33.67499 ], [ -101.29845, 33.67508 ], [ -101.29828, 33.69635 ], [ -101.30059, 33.69635 ], [ -101.30052, 33.75431 ], [ -101.33528, 33.75447 ], [ -101.33526, 33.83216 ], [ -101.04074, 33.83354 ], [ -100.84691, 33.83445 ], [ -100.84644, 33.76618 ], [ -100.925, 33.76596 ], [ -100.92894, 33.76376 ], [ -100.93149, 33.75991 ], [ -100.93174, 33.75369 ], [ -100.93347, 33.75208 ], [ -100.93372, 33.73746 ], [ -100.93997, 33.73746 ], [ -100.94013, 33.72336 ], [ -100.95986, 33.72335 ], [ -100.96039, 33.72951 ], [ -100.983, 33.73086 ], [ -100.98307, 33.67443 ], [ -100.99645, 33.68388 ], [ -101.03996, 33.68398 ] ] ] } },
{ "type": "Feature", "properties": { "HSA93": 45072, "HSANAME": "TX- DENISON", "STATE": 45, "HRR93": 391, "HRR93_NAME": "TX- DALLAS", "Persons90": 38505, "hosp_cnt": 1, "HSA_label": "Denison" }, "geometry": { "type": "Polygon", "coordinates": [ [ [ -96.61976, 33.70139 ], [ -96.62929, 33.70206 ], [ -96.64464, 33.70871 ], [ -96.66581, 33.7097 ], [ -96.66513, 33.73066 ], [ -96.66511, 33.73228 ], [ -96.68102, 33.73275 ], [ -96.68114, 33.73116 ], [ -96.68248, 33.7312 ], [ -96.68332, 33.70962 ], [ -96.73845, 33.71177 ], [ -96.74219, 33.71373 ], [ -96.74256, 33.71494 ], [ -96.74845, 33.71505 ], [ -96.74855, 33.71966 ], [ -96.74707, 33.72156 ], [ -96.75, 33.72374 ], [ -96.74871, 33.72483 ], [ -96.74983, 33.72621 ], [ -96.75356, 33.72817 ], [ -96.75293, 33.72961 ], [ -96.77186, 33.72962 ], [ -96.77912, 33.73362 ], [ -96.7752, 33.74229 ], [ -96.7737, 33.75153 ], [ -96.7774, 33.75546 ], [ -96.79307, 33.76337 ], [ -96.79553, 33.7757 ], [ -96.8065, 33.7999 ], [ -96.8045, 33.81232 ], [ -96.80525, 33.81877 ], [ -96.79605, 33.84686 ], [ -96.78656, 33.86514 ], [ -96.78029, 33.86 ], [ -96.77649, 33.84187 ], [ -96.7691, 33.82737 ], [ -96.76131, 33.8243 ], [ -96.74576, 33.8256 ], [ -96.71053, 33.83202 ], [ -96.70418, 33.83492 ], [ -96.69799, 33.84044 ], [ -96.69043, 33.84986 ], [ -96.68445, 33.8628 ], [ -96.68193, 33.87378 ], [ -96.68319, 33.88412 ], [ -96.68067, 33.8961 ], [ -96.67317, 33.91218 ], [ -96.66691, 33.91684 ], [ -96.65793, 33.91574 ], [ -96.62802, 33.89438 ], [ -96.58823, 33.89488 ], [ -96.58701, 33.8974 ], [ -96.59084, 33.90313 ], [ -96.58226, 33.9082 ], [ -96.58068, 33.91533 ], [ -96.58667, 33.91557 ], [ -96.59064, 33.91913 ], [ -96.5829, 33.91902 ], [ -96.58032, 33.92321 ], [ -96.56093, 33.93026 ], [ -96.54651, 33.93223 ], [ -96.53946, 33.94207 ], [ -96.53494, 33.94554 ], [ -96.52596, 33.95051 ], [ -96.52415, 33.95012 ], [ -96.52429, 33.94816 ], [ -96.52201, 33.94834 ], [ -96.52072, 33.95161 ], [ -96.51802, 33.95127 ], [ -96.51429, 33.95646 ], [ -96.50907, 33.95705 ], [ -96.50948, 33.95953 ], [ -96.51107, 33.9593 ], [ -96.51228, 33.96157 ], [ -96.50903, 33.96559 ], [ -96.50768, 33.97232 ], [ -96.50034, 33.9753 ], [ -96.50034, 33.96882 ], [ -96.50034, 33.94002 ], [ -96.48249, 33.93975 ], [ -96.46135, 33.93973 ], [ -96.45794, 33.93337 ], [ -96.45821, 33.9312 ], [ -96.45483, 33.93003 ], [ -96.44945, 33.92353 ], [ -96.44428, 33.9225 ], [ -96.44222, 33.91964 ], [ -96.44291, 33.91854 ], [ -96.43731, 33.91655 ], [ -96.4355, 33.91316 ], [ -96.4369, 33.91277 ], [ -96.4369, 33.91039 ], [ -96.43402, 33.90785 ], [ -96.43621, 33.90466 ], [ -96.43289, 33.90084 ], [ -96.43325, 33.89752 ], [ -96.43004, 33.89537 ], [ -96.42993, 33.89146 ], [ -96.42743, 33.8926 ], [ -96.42592, 33.8893 ], [ -96.41738, 33.88257 ], [ -96.41576, 33.88232 ], [ -96.41288, 33.88504 ], [ -96.41369, 33.88258 ], [ -96.40898, 33.88245 ], [ -96.40756, 33.87952 ], [ -96.40221, 33.8808 ], [ -96.40202, 33.8784 ], [ -96.39905, 33.87813 ], [ -96.39828, 33.8747 ], [ -96.39342, 33.87349 ], [ -96.39386, 33.871 ], [ -96.39194, 33.8715 ], [ -96.39148, 33.86981 ], [ -96.38703, 33.86768 ], [ -96.38475, 33.86813 ], [ -96.38404, 33.86559 ], [ -96.381, 33.86486 ], [ -96.38229, 33.8633 ], [ -96.38075, 33.86188 ], [ -96.37839, 33.86188 ], [ -96.37749, 33.85968 ], [ -96.3733, 33.85955 ], [ -96.37132, 33.85712 ], [ -96.36962, 33.85843 ], [ -96.36905, 33.85616 ], [ -96.36754, 33.85687 ], [ -96.36539, 33.85021 ], [ -96.36347, 33.85094 ], [ -96.36295, 33.84955 ], [ -96.36125, 33.85143 ], [ -96.36032, 33.84989 ], [ -96.35686, 33.8498 ], [ -96.35576, 33.8515 ], [ -96.35225, 33.8498 ], [ -96.35162, 33.85239 ], [ -96.34932, 33.85024 ], [ -96.34789, 33.85196 ], [ -96.34962, 33.8526 ], [ -96.34712, 33.85418 ], [ -96.34498, 33.85358 ], [ -96.34476, 33.8518 ], [ -96.34073, 33.85274 ], [ -96.33291, 33.84951 ], [ -96.3351, 33.84745 ], [ -96.33266, 33.84257 ], [ -96.3277, 33.84335 ], [ -96.32652, 33.84164 ], [ -96.32482, 33.84326 ], [ -96.32103, 33.84088 ], [ -96.31755, 33.84262 ], [ -96.31442, 33.84131 ], [ -96.31357, 33.83912 ], [ -96.31039, 33.84106 ], [ -96.30704, 33.83925 ], [ -96.30471, 33.84294 ], [ -96.29892, 33.84454 ], [ -96.29801, 33.84388 ], [ -96.29958, 33.84136 ], [ -96.29722, 33.84223 ], [ -96.29645, 33.84035 ], [ -96.29481, 33.84175 ], [ -96.29503, 33.83985 ], [ -96.29017, 33.84028 ], [ -96.28929, 33.84273 ], [ -96.28161, 33.84135 ], [ -96.28293, 33.83925 ], [ -96.27884, 33.83842 ], [ -96.27772, 33.83881 ], [ -96.27906, 33.84023 ], [ -96.27599, 33.83943 ], [ -96.27558, 33.84149 ], [ -96.27368, 33.83927 ], [ -96.27023, 33.8403 ], [ -96.2679, 33.83803 ], [ -96.26847, 33.83689 ], [ -96.26611, 33.83727 ], [ -96.26403, 33.83453 ], [ -96.26247, 33.83645 ], [ -96.25792, 33.83267 ], [ -96.25096, 33.83289 ], [ -96.24732, 33.83201 ], [ -96.24011, 33.83702 ], [ -96.23802, 33.83629 ], [ -96.23693, 33.83851 ], [ -96.23166, 33.83787 ], [ -96.23174, 33.84119 ], [ -96.22689, 33.84048 ], [ -96.22459, 33.84561 ], [ -96.22555, 33.8477 ], [ -96.2199, 33.84859 ], [ -96.2194, 33.85015 ], [ -96.21809, 33.84932 ], [ -96.21746, 33.85504 ], [ -96.2148, 33.85646 ], [ -96.21578, 33.858 ], [ -96.21381, 33.85923 ], [ -96.20999, 33.85608 ], [ -96.20541, 33.85745 ], [ -96.20418, 33.85505 ], [ -96.20122, 33.85674 ], [ -96.20042, 33.85967 ], [ -96.19844, 33.85914 ], [ -96.19776, 33.85658 ], [ -96.19474, 33.85713 ], [ -96.19534, 33.85887 ], [ -96.19142, 33.85779 ], [ -96.19181, 33.8596 ], [ -96.1901, 33.85999 ], [ -96.18873, 33.85953 ], [ -96.18912, 33.8577 ], [ -96.18684, 33.85713 ], [ -96.18522, 33.85956 ], [ -96.18357, 33.85576 ], [ -96.1782, 33.85699 ], [ -96.17499, 33.8525 ], [ -96.1717, 33.85351 ], [ -96.16722, 33.85175 ], [ -96.16569, 33.85346 ], [ -96.16116, 33.85248 ], [ -96.15705, 33.8541 ], [ -96.15661, 33.85266 ], [ -96.15916, 33.85037 ], [ -96.15609, 33.84794 ], [ -96.14657, 33.84961 ], [ -96.14989, 33.83576 ], [ -96.15137, 33.83185 ], [ -96.14853, 33.8191 ], [ -96.15051, 33.81689 ], [ -96.15904, 33.8185 ], [ -96.16625, 33.81777 ], [ -96.17109, 33.81463 ], [ -96.17563, 33.81453 ], [ -96.17871, 33.81045 ], [ -96.17547, 33.80222 ], [ -96.17004, 33.80088 ], [ -96.16351, 33.81295 ], [ -96.15646, 33.81322 ], [ -96.15956, 33.81145 ], [ -96.1617, 33.79961 ], [ -96.1605, 33.79581 ], [ -96.16346, 33.78763 ], [ -96.16264, 33.7858 ], [ -96.16919, 33.77003 ], [ -96.1778, 33.76042 ], [ -96.18857, 33.75554 ], [ -96.22026, 33.74729 ], [ -96.22876, 33.74792 ], [ -96.24799, 33.75914 ], [ -96.26964, 33.7683 ], [ -96.27701, 33.76963 ], [ -96.28597, 33.76577 ], [ -96.29181, 33.76648 ], [ -96.29461, 33.76467 ], [ -96.29899, 33.75771 ], [ -96.30441, 33.7458 ], [ -96.30798, 33.73392 ], [ -96.30631, 33.72579 ], [ -96.30817, 33.71567 ], [ -96.31197, 33.7062 ], [ -96.32084, 33.695 ], [ -96.33266, 33.69306 ], [ -96.34312, 33.68664 ], [ -96.35467, 33.68682 ], [ -96.3623, 33.69222 ], [ -96.36299, 33.70095 ], [ -96.36575, 33.70539 ], [ -96.36819, 33.71483 ], [ -96.37919, 33.72566 ], [ -96.38012, 33.66429 ], [ -96.39202, 33.6626 ], [ -96.3915, 33.65682 ], [ -96.4099, 33.66008 ], [ -96.40923, 33.66317 ], [ -96.41719, 33.66513 ], [ -96.41715, 33.66777 ], [ -96.4281, 33.67029 ], [ -96.42774, 33.67273 ], [ -96.43256, 33.67387 ], [ -96.43241, 33.67562 ], [ -96.44999, 33.68216 ], [ -96.44915, 33.68561 ], [ -96.46148, 33.68723 ], [ -96.46746, 33.68483 ], [ -96.47255, 33.68709 ], [ -96.49035, 33.70091 ], [ -96.49452, 33.69584 ], [ -96.50135, 33.69651 ], [ -96.51279, 33.69252 ], [ -96.51471, 33.69425 ], [ -96.51851, 33.69433 ], [ -96.51758, 33.69548 ], [ -96.52033, 33.69526 ], [ -96.51987, 33.69739 ], [ -96.5232, 33.69784 ], [ -96.52266, 33.69963 ], [ -96.52494, 33.69858 ], [ -96.52599, 33.69993 ], [ -96.53948, 33.69806 ], [ -96.54053, 33.69426 ], [ -96.54625, 33.69442 ], [ -96.5463, 33.69284 ], [ -96.55962, 33.69261 ], [ -96.55983, 33.69629 ], [ -96.5747, 33.6957 ], [ -96.5721, 33.7004 ], [ -96.58823, 33.70784 ], [ -96.60657, 33.70804 ], [ -96.61411, 33.70272 ], [ -96.61976, 33.70139 ] ] ] } },
{ "type": "Feature", "properties": { "HSA93": 45073, "HSANAME": "TX- DENTON", "STATE": 45, "HRR93": 391, "HRR93_NAME": "TX- DALLAS", "Persons90": 116861, "hosp_cnt": 2, "HSA_label": "Denton" }, "geometry": { "type": "Polygon", "coordinates": [ [ [ -96.83808, 33.23132 ], [ -96.83857, 33.21878 ], [ -96.87936, 33.21863 ], [ -96.87959, 33.20356 ], [ -96.88683, 33.18973 ], [ -96.88767, 33.17087 ], [ -96.90737, 33.16959 ], [ -96.90883, 33.1683 ], [ -96.92358, 33.16865 ], [ -96.93369, 33.16261 ], [ -96.92837, 33.16054 ], [ -96.9329, 33.15484 ], [ -96.93614, 33.14418 ], [ -96.95993, 33.13138 ], [ -96.97066, 33.11758 ], [ -96.96934, 33.11423 ], [ -96.96919, 33.09987 ], [ -96.97521, 33.09984 ], [ -96.98011, 33.08521 ], [ -96.98304, 33.08103 ], [ -96.9869, 33.0791 ], [ -97.01359, 33.08828 ], [ -97.01731, 33.09108 ], [ -97.023, 33.09958 ], [ -97.02728, 33.10074 ], [ -97.02799, 33.0994 ], [ -97.02779, 33.1014 ], [ -97.05732, 33.10097 ], [ -97.07184, 33.09984 ], [ -97.07653, 33.10503 ], [ -97.07895, 33.10399 ], [ -97.08169, 33.10532 ], [ -97.08081, 33.1034 ], [ -97.08508, 33.10261 ], [ -97.08995, 33.10817 ], [ -97.09286, 33.10905 ], [ -97.09632, 33.10507 ], [ -97.10078, 33.10479 ], [ -97.10037, 33.10215 ], [ -97.10234, 33.0998 ], [ -97.10138, 33.09756 ], [ -97.10302, 33.09662 ], [ -97.10425, 33.09196 ], [ -97.10928, 33.09121 ], [ -97.10928, 33.08014 ], [ -97.10749, 33.07865 ], [ -97.10727, 33.07246 ], [ -97.11564, 33.07395 ], [ -97.14502, 33.07404 ], [ -97.14504, 33.06778 ], [ -97.15973, 33.06753 ], [ -97.15966, 33.07353 ], [ -97.17703, 33.07355 ], [ -97.17895, 33.06501 ], [ -97.17748, 33.06451 ], [ -97.17793, 33.06255 ], [ -97.17659, 33.06284 ], [ -97.17686, 33.06095 ], [ -97.18285, 33.0529 ], [ -97.18287, 33.05015 ], [ -97.18913, 33.0504 ], [ -97.22089, 33.06173 ], [ -97.23223, 33.06465 ], [ -97.243, 33.06453 ], [ -97.24958, 33.051 ], [ -97.2774, 33.01989 ], [ -97.29505, 32.99975 ], [ -97.32154, 33.00346 ], [ -97.34009, 33.00866 ], [ -97.34539, 33.01386 ], [ -97.3816, 33.01534 ], [ -97.39749, 33.01683 ], [ -97.39494, 33.09811 ], [ -97.39391, 33.1316 ], [ -97.39357, 33.14349 ], [ -97.3913, 33.21864 ], [ -97.38495, 33.37197 ], [ -97.3828, 33.43034 ], [ -97.38272, 33.43278 ], [ -97.48676, 33.43371 ], [ -97.58149, 33.43388 ], [ -97.58537, 33.436 ], [ -97.59201, 33.43646 ], [ -97.60482, 33.4445 ], [ -97.61253, 33.4515 ], [ -97.61497, 33.46108 ], [ -97.61142, 33.46699 ], [ -97.61399, 33.4737 ], [ -97.61828, 33.47748 ], [ -97.63032, 33.48293 ], [ -97.64174, 33.4918 ], [ -97.65576, 33.50735 ], [ -97.66595, 33.51185 ], [ -97.67011, 33.51581 ], [ -97.67216, 33.52048 ], [ -97.67976, 33.52429 ], [ -97.67946, 33.52683 ], [ -97.68633, 33.52603 ], [ -97.69125, 33.52896 ], [ -97.69603, 33.53446 ], [ -97.70235, 33.5373 ], [ -97.71209, 33.53507 ], [ -97.7186, 33.53727 ], [ -97.72454, 33.54313 ], [ -97.73026, 33.55866 ], [ -97.73349, 33.55935 ], [ -97.73768, 33.56388 ], [ -97.73817, 33.56867 ], [ -97.74554, 33.57114 ], [ -97.7463, 33.57439 ], [ -97.74907, 33.57668 ], [ -97.7555, 33.5776 ], [ -97.76018, 33.58362 ], [ -97.75472, 33.58857 ], [ -97.75634, 33.58981 ], [ -97.75527, 33.59567 ], [ -97.76017, 33.59815 ], [ -97.75876, 33.60605 ], [ -97.74816, 33.60419 ], [ -97.74077, 33.60642 ], [ -97.72736, 33.60601 ], [ -97.72254, 33.61117 ], [ -97.71709, 33.60707 ], [ -97.69894, 33.62246 ], [ -97.70286, 33.6281 ], [ -97.70295, 33.65055 ], [ -97.71259, 33.65797 ], [ -97.70481, 33.65781 ], [ -97.69739, 33.65396 ], [ -97.68044, 33.65368 ], [ -97.67403, 33.65116 ], [ -97.66055, 33.65096 ], [ -97.64333, 33.64408 ], [ -97.61816, 33.6208 ], [ -97.60759, 33.62346 ], [ -97.60029, 33.62844 ], [ -97.59798, 33.63176 ], [ -97.58958, 33.62844 ], [ -97.58684, 33.62934 ], [ -97.57978, 33.62746 ], [ -97.57211, 33.6245 ], [ -97.56335, 33.61712 ], [ -97.54035, 33.61254 ], [ -97.53677, 33.6091 ], [ -97.52689, 33.61073 ], [ -97.52281, 33.60722 ], [ -97.51512, 33.60447 ], [ -97.50896, 33.59853 ], [ -97.49951, 33.59645 ], [ -97.49765, 33.58729 ], [ -97.4945, 33.5839 ], [ -97.49387, 33.577 ], [ -97.48584, 33.56907 ], [ -97.4851, 33.64928 ], [ -97.48156, 33.64947 ], [ -97.4791, 33.64743 ], [ -97.47918, 33.64543 ], [ -97.4699, 33.64253 ], [ -97.47159, 33.64177 ], [ -97.4622, 33.63735 ], [ -97.45973, 33.63309 ], [ -97.45552, 33.63474 ], [ -97.45355, 33.63129 ], [ -97.45116, 33.63245 ], [ -97.4501, 33.63069 ], [ -97.4455, 33.63087 ], [ -97.44078, 33.62422 ], [ -97.43397, 33.62271 ], [ -97.43167, 33.62404 ], [ -97.42751, 33.61897 ], [ -97.42543, 33.61996 ], [ -97.41894, 33.61657 ], [ -97.41119, 33.61634 ], [ -97.41199, 33.61432 ], [ -97.40632, 33.61389 ], [ -97.40566, 33.61247 ], [ -97.40068, 33.61329 ], [ -97.40005, 33.61079 ], [ -97.39636, 33.6126 ], [ -97.39099, 33.61012 ], [ -97.38508, 33.61163 ], [ -97.38415, 33.60902 ], [ -97.38308, 33.61024 ], [ -97.37775, 33.60485 ], [ -97.37285, 33.60334 ], [ -97.36869, 33.60508 ], [ -97.36122, 33.60051 ], [ -97.35087, 33.59767 ], [ -97.34602, 33.59808 ], [ -97.3428, 33.60198 ], [ -97.33995, 33.60255 ], [ -97.33724, 33.5993 ], [ -97.33122, 33.59767 ], [ -97.32586, 33.60074 ], [ -97.32413, 33.60077 ], [ -97.32531, 33.59854 ], [ -97.32342, 33.59776 ], [ -97.3122, 33.60099 ], [ -97.3096, 33.59767 ], [ -97.30306, 33.59541 ], [ -97.30049, 33.59284 ], [ -97.29444, 33.59545 ], [ -97.29293, 33.59705 ], [ -97.29367, 33.59863 ], [ -97.2888, 33.60014 ], [ -97.28836, 33.60255 ], [ -97.28398, 33.60356 ], [ -97.28308, 33.60633 ], [ -97.28028, 33.60775 ], [ -97.27897, 33.60713 ], [ -97.27968, 33.60548 ], [ -97.27517, 33.60717 ], [ -97.26854, 33.60465 ], [ -97.2626, 33.60536 ], [ -97.26173, 33.60781 ], [ -97.25663, 33.60904 ], [ -97.25231, 33.61373 ], [ -97.24961, 33.61401 ], [ -97.25178, 33.61612 ], [ -97.24652, 33.62065 ], [ -97.2391, 33.61729 ], [ -97.23562, 33.61878 ], [ -97.23704, 33.62063 ], [ -97.23502, 33.62247 ], [ -97.22807, 33.6211 ], [ -97.22596, 33.62316 ], [ -97.22799, 33.62468 ], [ -97.22755, 33.62673 ], [ -97.22501, 33.62634 ], [ -97.22146, 33.62857 ], [ -97.21751, 33.63019 ], [ -97.21524, 33.62851 ], [ -97.20989, 33.62321 ], [ -97.20611, 33.62389 ], [ -97.20097, 33.62209 ], [ -97.19379, 33.62765 ], [ -97.19731, 33.61191 ], [ -97.21739, 33.61224 ], [ -97.21747, 33.59842 ], [ -97.21585, 33.59696 ], [ -97.20906, 33.59639 ], [ -97.21199, 33.59341 ], [ -97.21229, 33.58814 ], [ -97.19669, 33.58604 ], [ -97.19713, 33.56412 ], [ -97.14846, 33.56377 ], [ -97.14816, 33.56489 ], [ -97.13853, 33.56491 ], [ -97.13845, 33.56832 ], [ -97.13022, 33.56832 ], [ -97.13023, 33.58241 ], [ -97.12813, 33.58293 ], [ -97.125, 33.58071 ], [ -97.11763, 33.58096 ], [ -97.11517, 33.57916 ], [ -97.11582, 33.57698 ], [ -97.11139, 33.57613 ], [ -97.11163, 33.57451 ], [ -97.11382, 33.57451 ], [ -97.11087, 33.57302 ], [ -97.1121, 33.57089 ], [ -97.10687, 33.56929 ], [ -97.11089, 33.56704 ], [ -97.11051, 33.55978 ], [ -97.10498, 33.55731 ], [ -97.10602, 33.55502 ], [ -97.10301, 33.55264 ], [ -97.09778, 33.55175 ], [ -97.09814, 33.5474 ], [ -97.10525, 33.54579 ], [ -97.1065, 33.5427 ], [ -97.10243, 33.54325 ], [ -97.10344, 33.5381 ], [ -97.09871, 33.53519 ], [ -97.09829, 33.52976 ], [ -97.10146, 33.52543 ], [ -97.09974, 33.52362 ], [ -97.10299, 33.52195 ], [ -97.10141, 33.51579 ], [ -97.10408, 33.5102 ], [ -97.10135, 33.50516 ], [ -97.10389, 33.5015 ], [ -97.09607, 33.49052 ], [ -97.10318, 33.48076 ], [ -97.10784, 33.46678 ], [ -97.10844, 33.43737 ], [ -97.11149, 33.42197 ], [ -97.10835, 33.42186 ], [ -96.98333, 33.41759 ], [ -96.94358, 33.4163 ], [ -96.84082, 33.41344 ], [ -96.84084, 33.41129 ], [ -96.8409, 33.40548 ], [ -96.83388, 33.4052 ], [ -96.83765, 33.24774 ], [ -96.83808, 33.23132 ] ] ] } },
{ "type": "Feature", "properties": { "HSA93": 45076, "HSANAME": "TX- DIMMITT", "STATE": 45, "HRR93": 400, "HRR93_NAME": "TX- LUBBOCK", "Persons90": 8961, "hosp_cnt": 1, "HSA_label": "Dimmitt" }, "geometry": { "type": "Polygon", "coordinates": [ [ [ -102.36553, 34.31304 ], [ -102.52515, 34.31296 ], [ -102.52478, 34.53076 ], [ -102.52471, 34.68451 ], [ -102.51356, 34.68432 ], [ -102.51339, 34.69183 ], [ -102.49534, 34.6916 ], [ -102.49555, 34.67665 ], [ -102.44288, 34.67603 ], [ -102.44176, 34.74639 ], [ -102.16837, 34.74736 ], [ -101.99803, 34.74813 ], [ -101.99794, 34.64694 ], [ -101.99776, 34.44926 ], [ -101.99756, 34.31297 ], [ -102.08995, 34.31306 ], [ -102.28682, 34.31304 ], [ -102.36553, 34.31304 ] ] ] } },
{ "type": "Feature", "properties": { "HSA93": 45078, "HSANAME": "TX- DUMAS", "STATE": 45, "HRR93": 383, "HRR93_NAME": "TX- AMARILLO", "Persons90": 20723, "hosp_cnt": 1, "HSA_label": "Dumas" }, "geometry": { "type": "Polygon", "coordinates": [ [ [ -102.16256, 36.05522 ], [ -102.16201, 36.5003 ], [ -102.03189, 36.50055 ], [ -101.67172, 36.49952 ], [ -101.62348, 36.4995 ], [ -101.62306, 36.08735 ], [ -101.62302, 36.05537 ], [ -101.62242, 35.69316 ], [ -101.62244, 35.67782 ], [ -101.62238, 35.62401 ], [ -101.62235, 35.62015 ], [ -101.67185, 35.62001 ], [ -102.16228, 35.61999 ], [ -102.16234, 35.62747 ], [ -102.16256, 36.05522 ] ] ] } },
{ "type": "Feature", "properties": { "HSA93": 45088, "HSANAME": "TX- ELECTRA", "STATE": 45, "HRR93": 420, "HRR93_NAME": "TX- WICHITA FALLS", "Persons90": 3960, "hosp_cnt": 1, "HSA_label": "Electra" }, "geometry": { "type": "Polygon", "coordinates": [ [ [ -98.83874, 33.83432 ], [ -98.95276, 33.83403 ], [ -98.95216, 34.21256 ], [ -98.93987, 34.2036 ], [ -98.91799, 34.18174 ], [ -98.909, 34.17741 ], [ -98.89627, 34.17441 ], [ -98.88677, 34.16817 ], [ -98.87258, 34.1665 ], [ -98.87087, 34.16292 ], [ -98.87453, 34.15557 ], [ -98.86777, 34.14955 ], [ -98.85978, 34.14982 ], [ -98.85807, 34.15264 ], [ -98.85755, 34.15954 ], [ -98.85524, 34.16153 ], [ -98.83584, 34.15667 ], [ -98.83077, 34.16206 ], [ -98.81132, 34.15797 ], [ -98.80407, 34.15384 ], [ -98.79586, 34.14268 ], [ -98.79167, 34.14365 ], [ -98.78806, 34.14658 ], [ -98.77773, 34.1394 ], [ -98.76402, 34.13555 ], [ -98.76022, 34.1323 ], [ -98.75931, 34.12682 ], [ -98.75711, 34.12462 ], [ -98.75311, 34.12452 ], [ -98.75937, 34.12207 ], [ -98.7629, 34.11852 ], [ -98.78468, 34.12052 ], [ -98.78583, 34.06183 ], [ -98.76486, 34.06205 ], [ -98.76658, 34.02363 ], [ -98.76593, 34.00209 ], [ -98.76709, 34.0 ], [ -98.7673, 33.97565 ], [ -98.76906, 33.97206 ], [ -98.78808, 33.97458 ], [ -98.83703, 33.99508 ], [ -98.83704, 33.93813 ], [ -98.82968, 33.93807 ], [ -98.8252, 33.93626 ], [ -98.82275, 33.93717 ], [ -98.81951, 33.93564 ], [ -98.82033, 33.9341 ], [ -98.81896, 33.93449 ], [ -98.8186, 33.93312 ], [ -98.81976, 33.93248 ], [ -98.81676, 33.93078 ], [ -98.81146, 33.9237 ], [ -98.81022, 33.9163 ], [ -98.80852, 33.91516 ], [ -98.81019, 33.91218 ], [ -98.83654, 33.90858 ], [ -98.83874, 33.9059 ], [ -98.83687, 33.90537 ], [ -98.8395, 33.89745 ], [ -98.84582, 33.89536 ], [ -98.84805, 33.89715 ], [ -98.84992, 33.89543 ], [ -98.84489, 33.88851 ], [ -98.83909, 33.875 ], [ -98.83874, 33.83432 ] ] ] } },
{ "type": "Feature", "properties": { "HSA93": 45097, "HSANAME": "TX- FRIONA", "STATE": 45, "HRR93": 383, "HRR93_NAME": "TX- AMARILLO", "Persons90": 4788, "hosp_cnt": 1, "HSA_label": "Friona" }, "geometry": { "type": "Polygon", "coordinates": [ [ [ -102.86837, 34.59815 ], [ -102.89724, 34.59756 ], [ -102.89667, 34.63892 ], [ -102.89939, 34.63817 ], [ -102.90338, 34.63391 ], [ -102.9218, 34.63238 ], [ -102.92052, 34.63014 ], [ -102.92388, 34.62693 ], [ -102.92759, 34.62858 ], [ -102.9436, 34.62771 ], [ -102.95576, 34.63256 ], [ -102.95872, 34.63199 ], [ -102.9606, 34.63446 ], [ -102.96966, 34.6335 ], [ -102.97074, 34.63618 ], [ -102.98041, 34.63945 ], [ -102.98399, 34.6422 ], [ -103.00407, 34.64363 ], [ -103.00762, 34.64146 ], [ -103.01413, 34.64299 ], [ -103.01909, 34.64146 ], [ -103.02854, 34.64401 ], [ -103.03316, 34.64373 ], [ -103.04279, 34.65177 ], [ -103.04227, 34.7473 ], [ -102.5247, 34.74687 ], [ -102.52471, 34.68451 ], [ -102.52478, 34.53076 ], [ -102.54419, 34.53085 ], [ -102.57639, 34.52623 ], [ -102.72747, 34.52547 ], [ -102.72729, 34.55429 ], [ -102.81485, 34.55336 ], [ -102.81469, 34.57138 ], [ -102.83284, 34.56019 ], [ -102.83315, 34.59397 ], [ -102.86826, 34.59367 ], [ -102.86837, 34.59815 ] ] ] } },
{ "type": "Feature", "properties": { "HSA93": 45098, "HSANAME": "TX- GAINESVILLE", "STATE": 45, "HRR93": 391, "HRR93_NAME": "TX- DALLAS", "Persons90": 24718, "hosp_cnt": 1, "HSA_label": "Gainesville" }, "geometry": { "type": "Polygon", "coordinates": [ [ [ -97.21524, 33.62851 ], [ -97.21751, 33.63019 ], [ -97.22146, 33.62857 ], [ -97.23001, 33.62869 ], [ -97.23016, 33.64317 ], [ -97.21521, 33.64299 ], [ -97.21603, 33.64716 ], [ -97.21918, 33.64851 ], [ -97.21795, 33.65316 ], [ -97.22653, 33.66326 ], [ -97.22647, 33.66601 ], [ -97.2242, 33.66717 ], [ -97.22565, 33.67017 ], [ -97.22793, 33.67107 ], [ -97.22941, 33.67785 ], [ -97.24018, 33.68595 ], [ -97.23977, 33.68719 ], [ -97.25126, 33.69765 ], [ -97.25419, 33.70223 ], [ -97.25645, 33.7037 ], [ -97.27863, 33.7032 ], [ -97.2786, 33.71337 ], [ -97.26892, 33.71366 ], [ -97.26971, 33.72328 ], [ -97.27312, 33.72579 ], [ -97.27298, 33.72844 ], [ -97.2708, 33.73223 ], [ -97.27091, 33.74006 ], [ -97.26628, 33.75049 ], [ -97.25734, 33.75445 ], [ -97.25424, 33.75204 ], [ -97.25339, 33.7544 ], [ -97.24922, 33.75529 ], [ -97.24782, 33.75797 ], [ -97.23636, 33.76212 ], [ -97.23691, 33.76444 ], [ -97.24004, 33.76553 ], [ -97.23595, 33.76506 ], [ -97.23552, 33.76847 ], [ -97.22833, 33.76826 ], [ -97.22713, 33.77074 ], [ -97.23889, 33.7776 ], [ -97.24065, 33.78125 ], [ -97.24751, 33.78353 ], [ -97.24813, 33.78614 ], [ -97.25751, 33.7912 ], [ -97.25805, 33.79315 ], [ -97.25696, 33.79315 ], [ -97.26376, 33.79911 ], [ -97.26792, 33.80756 ], [ -97.27008, 33.81871 ], [ -97.27332, 33.82094 ], [ -97.27713, 33.82719 ], [ -97.29132, 33.82731 ], [ -97.2913, 33.82996 ], [ -97.29856, 33.83427 ], [ -97.29892, 33.83741 ], [ -97.30278, 33.84266 ], [ -97.30912, 33.84426 ], [ -97.31277, 33.84703 ], [ -97.3159, 33.86068 ], [ -97.31412, 33.86689 ], [ -97.30975, 33.87433 ], [ -97.30921, 33.88003 ], [ -97.31091, 33.88699 ], [ -97.30888, 33.8886 ], [ -97.28751, 33.86995 ], [ -97.27881, 33.86445 ], [ -97.27124, 33.86246 ], [ -97.25534, 33.8636 ], [ -97.24892, 33.875 ], [ -97.24496, 33.90253 ], [ -97.24117, 33.9067 ], [ -97.23125, 33.91007 ], [ -97.22623, 33.91454 ], [ -97.22247, 33.91486 ], [ -97.21063, 33.91596 ], [ -97.20585, 33.91418 ], [ -97.20008, 33.90866 ], [ -97.18629, 33.90145 ], [ -97.18228, 33.89751 ], [ -97.17902, 33.89103 ], [ -97.17668, 33.8766 ], [ -97.16839, 33.85594 ], [ -97.16634, 33.84721 ], [ -97.16697, 33.84146 ], [ -97.16653, 33.84029 ], [ -97.17134, 33.83523 ], [ -97.17965, 33.83157 ], [ -97.19639, 33.83024 ], [ -97.2047, 33.81877 ], [ -97.20514, 33.80139 ], [ -97.1945, 33.78524 ], [ -97.19011, 33.78105 ], [ -97.18909, 33.77603 ], [ -97.19052, 33.77633 ], [ -97.1875, 33.7696 ], [ -97.19299, 33.76005 ], [ -97.18503, 33.7554 ], [ -97.18155, 33.75577 ], [ -97.17985, 33.75439 ], [ -97.17434, 33.74493 ], [ -97.173, 33.73888 ], [ -97.16286, 33.72922 ], [ -97.1491, 33.72186 ], [ -97.12581, 33.71684 ], [ -97.11298, 33.7187 ], [ -97.10424, 33.7225 ], [ -97.0938, 33.73089 ], [ -97.08591, 33.74383 ], [ -97.08441, 33.75304 ], [ -97.08493, 33.76541 ], [ -97.09495, 33.79403 ], [ -97.09182, 33.80399 ], [ -97.08771, 33.80864 ], [ -97.0783, 33.81265 ], [ -97.04769, 33.81783 ], [ -97.04851, 33.82855 ], [ -97.05421, 33.83441 ], [ -97.06546, 33.83874 ], [ -97.08698, 33.8397 ], [ -97.08917, 33.84059 ], [ -97.09025, 33.84349 ], [ -97.09044, 33.84664 ], [ -97.08687, 33.85392 ], [ -97.0698, 33.86054 ], [ -97.05698, 33.85683 ], [ -97.0479, 33.84265 ], [ -97.04326, 33.83841 ], [ -97.03857, 33.83816 ], [ -97.02317, 33.84436 ], [ -97.00584, 33.86178 ], [ -96.98441, 33.88855 ], [ -96.98504, 33.90651 ], [ -96.98757, 33.91688 ], [ -96.99508, 33.9337 ], [ -96.99597, 33.94256 ], [ -96.994, 33.94911 ], [ -96.9882, 33.95431 ], [ -96.97913, 33.95608 ], [ -96.98075, 33.94906 ], [ -96.97953, 33.94149 ], [ -96.97352, 33.9356 ], [ -96.9515, 33.94464 ], [ -96.94433, 33.94912 ], [ -96.94431, 33.77826 ], [ -96.94307, 33.59312 ], [ -96.94317, 33.48558 ], [ -96.94358, 33.4163 ], [ -96.98333, 33.41759 ], [ -97.10835, 33.42186 ], [ -97.11149, 33.42197 ], [ -97.10844, 33.43737 ], [ -97.10784, 33.46678 ], [ -97.10318, 33.48076 ], [ -97.09607, 33.49052 ], [ -97.10389, 33.5015 ], [ -97.10135, 33.50516 ], [ -97.10408, 33.5102 ], [ -97.10141, 33.51579 ], [ -97.10299, 33.52195 ], [ -97.09974, 33.52362 ], [ -97.10146, 33.52543 ], [ -97.09829, 33.52976 ], [ -97.09871, 33.53519 ], [ -97.10344, 33.5381 ], [ -97.10243, 33.54325 ], [ -97.1065, 33.5427 ], [ -97.10525, 33.54579 ], [ -97.09814, 33.5474 ], [ -97.09778, 33.55175 ], [ -97.10301, 33.55264 ], [ -97.10602, 33.55502 ], [ -97.10498, 33.55731 ], [ -97.11051, 33.55978 ], [ -97.11089, 33.56704 ], [ -97.10687, 33.56929 ], [ -97.1121, 33.57089 ], [ -97.11087, 33.57302 ], [ -97.11382, 33.57451 ], [ -97.11163, 33.57451 ], [ -97.11139, 33.57613 ], [ -97.11582, 33.57698 ], [ -97.11517, 33.57916 ], [ -97.11763, 33.58096 ], [ -97.125, 33.58071 ], [ -97.12813, 33.58293 ], [ -97.13023, 33.58241 ], [ -97.13022, 33.56832 ], [ -97.13845, 33.56832 ], [ -97.13853, 33.56491 ], [ -97.14816, 33.56489 ], [ -97.14846, 33.56377 ], [ -97.19713, 33.56412 ], [ -97.19669, 33.58604 ], [ -97.21229, 33.58814 ], [ -97.21199, 33.59341 ], [ -97.20906, 33.59639 ], [ -97.21585, 33.59696 ], [ -97.21747, 33.59842 ], [ -97.21739, 33.61224 ], [ -97.19731, 33.61191 ], [ -97.19379, 33.62765 ], [ -97.20097, 33.62209 ], [ -97.20611, 33.62389 ], [ -97.20989, 33.62321 ], [ -97.21524, 33.62851 ] ] ] } },
{ "type": "Feature", "properties": { "HSA93": 45168, "HSANAME": "TX- LUBBOCK", "STATE": 45, "HRR93": 400, "HRR93_NAME": "TX- LUBBOCK", "Persons90": 411738, "hosp_cnt": 20, "HSA_label": "Lubbock" }, "geometry": { "type": "Polygon", "coordinates": [ [ [ -103.23055, 33.98171 ], [ -103.12603, 33.98149 ], [ -103.12594, 33.99525 ], [ -103.12452, 33.99594 ], [ -103.05664, 33.99619 ], [ -103.04312, 34.00355 ], [ -103.0431, 34.09276 ], [ -103.04344, 34.30251 ], [ -103.04348, 34.31269 ], [ -102.73907, 34.31284 ], [ -102.73883, 34.32968 ], [ -102.73563, 34.32973 ], [ -102.7334, 34.38584 ], [ -102.74527, 34.38611 ], [ -102.74359, 34.42958 ], [ -102.74538, 34.43043 ], [ -102.74521, 34.4672 ], [ -102.85034, 34.46593 ], [ -102.85032, 34.47062 ], [ -102.85911, 34.47126 ], [ -102.85923, 34.49484 ], [ -102.89419, 34.49463 ], [ -102.89411, 34.50012 ], [ -102.90828, 34.49259 ], [ -102.90514, 34.49677 ], [ -102.95561, 34.49634 ], [ -102.95547, 34.46733 ], [ -103.04306, 34.46692 ], [ -103.04295, 34.4916 ], [ -103.04279, 34.65177 ], [ -103.03316, 34.64373 ], [ -103.02854, 34.64401 ], [ -103.01909, 34.64146 ], [ -103.01413, 34.64299 ], [ -103.00762, 34.64146 ], [ -103.00407, 34.64363 ], [ -102.98399, 34.6422 ], [ -102.98041, 34.63945 ], [ -102.97074, 34.63618 ], [ -102.96966, 34.6335 ], [ -102.9606, 34.63446 ], [ -102.95872, 34.63199 ], [ -102.95576, 34.63256 ], [ -102.9436, 34.62771 ], [ -102.92759, 34.62858 ], [ -102.92388, 34.62693 ], [ -102.92052, 34.63014 ], [ -102.9218, 34.63238 ], [ -102.90338, 34.63391 ], [ -102.89939, 34.63817 ], [ -102.89667, 34.63892 ], [ -102.89724, 34.59756 ], [ -102.86837, 34.59815 ], [ -102.86826, 34.59367 ], [ -102.83315, 34.59397 ], [ -102.83284, 34.56019 ], [ -102.81469, 34.57138 ], [ -102.81485, 34.55336 ], [ -102.72729, 34.55429 ], [ -102.72747, 34.52547 ], [ -102.57639, 34.52623 ], [ -102.54419, 34.53085 ], [ -102.52478, 34.53076 ], [ -102.52515, 34.31296 ], [ -102.36553, 34.31304 ], [ -102.28682, 34.31304 ], [ -102.08995, 34.31306 ], [ -101.99756, 34.31297 ], [ -101.99776, 34.44926 ], [ -101.99173, 34.45032 ], [ -101.99008, 34.45641 ], [ -101.9199, 34.45651 ], [ -101.91993, 34.43088 ], [ -101.88555, 34.43057 ], [ -101.88546, 34.44536 ], [ -101.81537, 34.44507 ], [ -101.80783, 34.44171 ], [ -101.76269, 34.44167 ], [ -101.765, 34.452 ], [ -101.76208, 34.45348 ], [ -101.75396, 34.44661 ], [ -101.75481, 34.446 ], [ -101.75072, 34.44473 ], [ -101.74213, 34.44669 ], [ -101.73308, 34.44218 ], [ -101.71687, 34.44239 ], [ -101.70529, 34.44681 ], [ -101.70049, 34.44649 ], [ -101.68803, 34.45473 ], [ -101.68424, 34.45468 ], [ -101.68148, 34.45812 ], [ -101.67601, 34.45656 ], [ -101.66951, 34.46031 ], [ -101.66371, 34.4615 ], [ -101.6579, 34.46892 ], [ -101.6516, 34.47256 ], [ -101.65138, 34.4743 ], [ -101.64696, 34.47592 ], [ -101.64579, 34.48036 ], [ -101.62929, 34.47997 ], [ -101.62995, 34.48221 ], [ -101.62807, 34.48413 ], [ -101.61395, 34.48693 ], [ -101.61038, 34.48539 ], [ -101.6072, 34.48862 ], [ -101.60472, 34.48739 ], [ -101.60365, 34.48992 ], [ -101.59656, 34.49332 ], [ -101.59092, 34.49252 ], [ -101.58774, 34.49378 ], [ -101.58777, 34.49062 ], [ -101.58479, 34.48934 ], [ -101.5815, 34.4928 ], [ -101.58139, 34.49648 ], [ -101.58407, 34.49744 ], [ -101.58183, 34.49895 ], [ -101.57578, 34.49815 ], [ -101.57481, 34.49152 ], [ -101.56748, 34.48877 ], [ -101.56596, 34.49094 ], [ -101.55985, 34.49278 ], [ -101.55728, 34.49168 ], [ -101.54932, 34.49635 ], [ -101.54213, 34.4969 ], [ -101.53936, 34.5 ], [ -101.53469, 34.49961 ], [ -101.53479, 34.50201 ], [ -101.53001, 34.50148 ], [ -101.52705, 34.50515 ], [ -101.52746, 34.50982 ], [ -101.52462, 34.51016 ], [ -101.51823, 34.50681 ], [ -101.51289, 34.50697 ], [ -101.51134, 34.50997 ], [ -101.51322, 34.5137 ], [ -101.50318, 34.5199 ], [ -101.50473, 34.52167 ], [ -101.50334, 34.52514 ], [ -101.49926, 34.52624 ], [ -101.49954, 34.52246 ], [ -101.49832, 34.52161 ], [ -101.49472, 34.52505 ], [ -101.49174, 34.52375 ], [ -101.48739, 34.52487 ], [ -101.48363, 34.52261 ], [ -101.48142, 34.52494 ], [ -101.47774, 34.52519 ], [ -101.4773, 34.52975 ], [ -101.47409, 34.5303 ], [ -101.47129, 34.53456 ], [ -101.471, 34.65173 ], [ -101.47111, 34.74741 ], [ -101.27913, 34.74821 ], [ -101.09032, 34.74819 ], [ -100.94452, 34.74823 ], [ -100.94476, 34.63011 ], [ -100.94574, 34.3127 ], [ -100.60612, 34.31411 ], [ -100.51694, 34.31404 ], [ -100.5171, 34.27772 ], [ -100.5178, 33.96388 ], [ -100.51829, 33.83557 ], [ -100.33052, 33.83585 ], [ -100.33407, 33.82836 ], [ -100.34105, 33.76038 ], [ -100.32536, 33.75525 ], [ -100.31823, 33.75679 ], [ -100.31815, 33.76616 ], [ -100.30208, 33.76705 ], [ -100.30899, 33.77275 ], [ -100.28987, 33.78003 ], [ -100.28592, 33.77518 ], [ -100.28214, 33.77838 ], [ -100.27585, 33.78033 ], [ -100.26889, 33.77304 ], [ -100.25849, 33.77673 ], [ -100.25476, 33.78637 ], [ -100.24222, 33.78181 ], [ -100.23803, 33.78538 ], [ -100.23625, 33.79077 ], [ -100.23713, 33.79178 ], [ -100.22588, 33.80064 ], [ -100.22514, 33.80378 ], [ -100.2215, 33.80504 ], [ -100.21749, 33.81105 ], [ -100.20835, 33.81235 ], [ -100.20745, 33.814 ], [ -100.20314, 33.81307 ], [ -100.19282, 33.81767 ], [ -100.1923, 33.81937 ], [ -100.18931, 33.81884 ], [ -100.1886, 33.81701 ], [ -100.18701, 33.81808 ], [ -100.18289, 33.81646 ], [ -100.18146, 33.81444 ], [ -100.17716, 33.81417 ], [ -100.17674, 33.81746 ], [ -100.17598, 33.81652 ], [ -100.17268, 33.81785 ], [ -100.174, 33.82117 ], [ -100.17158, 33.82024 ], [ -100.1723, 33.8217 ], [ -100.1684, 33.82486 ], [ -100.16796, 33.828 ], [ -100.16598, 33.82731 ], [ -100.16483, 33.82974 ], [ -100.16203, 33.82814 ], [ -100.16217, 33.82965 ], [ -100.15654, 33.83191 ], [ -100.15536, 33.83175 ], [ -100.15577, 33.82937 ], [ -100.14984, 33.83221 ], [ -100.14806, 33.83019 ], [ -100.14449, 33.82983 ], [ -100.14403, 33.82767 ], [ -100.14156, 33.82861 ], [ -100.14252, 33.82774 ], [ -100.14054, 33.82781 ], [ -100.1415, 33.8263 ], [ -100.13975, 33.8254 ], [ -100.13864, 33.82627 ], [ -100.14187, 33.8358 ], [ -100.0481, 33.83589 ], [ -99.99606, 33.83588 ], [ -99.99068, 33.40303 ], [ -99.99061, 33.39731 ], [ -100.33891, 33.39745 ], [ -100.51706, 33.39778 ], [ -100.51721, 33.13711 ], [ -100.53233, 33.14076 ], [ -100.53906, 33.13178 ], [ -100.54358, 33.12945 ], [ -100.54755, 33.13259 ], [ -100.55643, 33.13048 ], [ -100.55918, 33.13543 ], [ -100.56443, 33.13568 ], [ -100.56454, 33.12917 ], [ -100.56808, 33.12787 ], [ -100.57818, 33.13172 ], [ -100.58515, 33.12988 ], [ -100.61188, 33.13375 ], [ -100.61548, 33.13949 ], [ -100.61916, 33.1418 ], [ -100.61761, 33.14451 ], [ -100.6242, 33.15676 ], [ -100.62279, 33.16169 ], [ -100.62876, 33.16668 ], [ -100.64036, 33.17122 ], [ -100.63291, 33.18627 ], [ -100.62806, 33.19261 ], [ -100.6334, 33.19555 ], [ -100.63271, 33.20927 ], [ -100.6366, 33.2144 ], [ -100.63791, 33.22122 ], [ -100.64464, 33.22503 ], [ -100.64979, 33.22423 ], [ -100.65336, 33.22588 ], [ -100.66199, 33.22581 ], [ -100.67031, 33.22943 ], [ -100.68772, 33.22863 ], [ -100.68854, 33.23818 ], [ -100.69421, 33.24205 ], [ -100.69459, 33.24556 ], [ -100.69818, 33.25 ], [ -100.69565, 33.2558 ], [ -100.69778, 33.25633 ], [ -100.6969, 33.26146 ], [ -100.70078, 33.26517 ], [ -100.69987, 33.2688 ], [ -100.70141, 33.276 ], [ -100.69803, 33.28141 ], [ -100.69792, 33.28425 ], [ -100.70168, 33.2864 ], [ -100.70912, 33.28633 ], [ -100.70902, 33.2903 ], [ -100.71559, 33.29595 ], [ -100.71284, 33.30017 ], [ -100.71246, 33.30402 ], [ -100.71892, 33.30676 ], [ -100.71775, 33.30951 ], [ -100.71489, 33.31107 ], [ -100.71702, 33.31439 ], [ -100.71909, 33.3126 ], [ -100.72163, 33.31991 ], [ -100.72536, 33.31828 ], [ -100.72839, 33.32041 ], [ -100.73202, 33.31855 ], [ -100.73552, 33.32361 ], [ -100.7362, 33.32018 ], [ -100.74124, 33.32082 ], [ -100.7392, 33.32382 ], [ -100.7434, 33.32824 ], [ -100.74499, 33.32959 ], [ -100.75264, 33.32803 ], [ -100.75717, 33.33546 ], [ -100.75924, 33.3353 ], [ -100.75804, 33.33346 ], [ -100.76031, 33.33161 ], [ -100.7617, 33.33404 ], [ -100.76862, 33.33223 ], [ -100.76988, 33.33786 ], [ -100.78704, 33.36091 ], [ -100.78772, 33.39813 ], [ -101.03838, 33.39712 ], [ -101.03826, 32.97013 ], [ -101.09559, 32.96734 ], [ -101.05856, 32.91725 ], [ -101.05056, 32.8801 ], [ -100.98693, 32.8333 ], [ -100.96323, 32.79618 ], [ -100.95911, 32.79387 ], [ -100.96044, 32.79066 ], [ -100.96348, 32.71284 ], [ -100.9689, 32.52721 ], [ -101.17416, 32.52759 ], [ -101.5828, 32.52608 ], [ -101.68833, 32.52511 ], [ -101.89357, 32.52421 ], [ -102.20227, 32.52317 ], [ -102.2106, 32.52314 ], [ -103.06423, 32.52208 ], [ -103.06426, 32.56209 ], [ -103.06408, 32.89991 ], [ -103.12598, 32.89975 ], [ -103.12728, 32.85657 ], [ -103.35046, 32.85677 ], [ -103.35034, 32.69679 ], [ -103.375, 32.69657 ], [ -103.38346, 32.6946 ], [ -103.57357, 32.60902 ], [ -103.67998, 32.5682 ], [ -103.7251, 32.55436 ], [ -103.75716, 32.54502 ], [ -103.79408, 32.53097 ], [ -103.81336, 32.52944 ], [ -103.81449, 32.77011 ], [ -103.63895, 32.76969 ], [ -103.64061, 32.78525 ], [ -103.63565, 32.78419 ], [ -103.63553, 32.80105 ], [ -103.63927, 32.80188 ], [ -103.63966, 32.8325 ], [ -103.6475, 32.83952 ], [ -103.65903, 32.83961 ], [ -103.65895, 32.84358 ], [ -103.67624, 32.84342 ], [ -103.66376, 32.85627 ], [ -103.67605, 32.85623 ], [ -103.67631, 32.89351 ], [ -103.73992, 32.87147 ], [ -103.74941, 32.86547 ], [ -103.75302, 32.86906 ], [ -103.77967, 32.9141 ], [ -103.81399, 32.91438 ], [ -103.81409, 32.96509 ], [ -103.76583, 32.96511 ], [ -103.76578, 33.13237 ], [ -103.76574, 33.16259 ], [ -103.76617, 33.3431 ], [ -103.72598, 33.34405 ], [ -103.71711, 33.34232 ], [ -103.69228, 33.34415 ], [ -103.69069, 33.34046 ], [ -103.67869, 33.34046 ], [ -103.67768, 33.34257 ], [ -103.6705, 33.34255 ], [ -103.66796, 33.3441 ], [ -103.62743, 33.34322 ], [ -103.62737, 33.34931 ], [ -103.60778, 33.34904 ], [ -103.60327, 33.35026 ], [ -103.55824, 33.33302 ], [ -103.55813, 33.39594 ], [ -103.57542, 33.41147 ], [ -103.57679, 33.42341 ], [ -103.58646, 33.42306 ], [ -103.6028, 33.4368 ], [ -103.60201, 33.45105 ], [ -103.59835, 33.4661 ], [ -103.60232, 33.47711 ], [ -103.61192, 33.48245 ], [ -103.70412, 33.48264 ], [ -103.71137, 33.49457 ], [ -103.72049, 33.49788 ], [ -103.72023, 33.56958 ], [ -103.50976, 33.57016 ], [ -103.50922, 33.65708 ], [ -103.71774, 33.65604 ], [ -103.71628, 33.81921 ], [ -103.84139, 33.81916 ], [ -103.8411, 34.0816 ], [ -103.77193, 34.08175 ], [ -103.772, 34.10339 ], [ -103.75752, 34.10224 ], [ -103.75452, 34.10112 ], [ -103.75433, 34.09835 ], [ -103.74956, 34.09862 ], [ -103.74823, 34.09645 ], [ -103.74094, 34.09619 ], [ -103.72913, 34.0858 ], [ -103.72717, 34.08736 ], [ -103.71987, 34.08659 ], [ -103.71907, 34.08228 ], [ -103.67685, 34.08297 ], [ -103.66975, 34.08647 ], [ -103.66972, 34.08276 ], [ -103.59633, 34.08384 ], [ -103.56033, 34.09263 ], [ -103.55876, 34.09227 ], [ -103.55818, 34.08405 ], [ -103.48922, 34.08342 ], [ -103.4877, 34.08225 ], [ -103.48759, 34.07776 ], [ -103.47441, 34.08736 ], [ -103.47447, 34.08335 ], [ -103.42209, 34.08379 ], [ -103.42273, 33.9964 ], [ -103.33554, 33.9963 ], [ -103.33554, 33.98201 ], [ -103.23055, 33.98171 ] ], [ [ -101.03838, 33.39712 ], [ -101.03954, 33.63164 ], [ -101.03996, 33.68398 ], [ -100.99645, 33.68388 ], [ -100.98307, 33.67443 ], [ -100.983, 33.73086 ], [ -100.96039, 33.72951 ], [ -100.95986, 33.72335 ], [ -100.94013, 33.72336 ], [ -100.93997, 33.73746 ], [ -100.93372, 33.73746 ], [ -100.93347, 33.75208 ], [ -100.93174, 33.75369 ], [ -100.93149, 33.75991 ], [ -100.92894, 33.76376 ], [ -100.925, 33.76596 ], [ -100.84644, 33.76618 ], [ -100.84691, 33.83445 ], [ -101.04074, 33.83354 ], [ -101.33526, 33.83216 ], [ -101.33528, 33.75447 ], [ -101.30052, 33.75431 ], [ -101.30059, 33.69635 ], [ -101.29828, 33.69635 ], [ -101.29845, 33.67508 ], [ -101.30702, 33.67499 ], [ -101.30694, 33.66011 ], [ -101.28964, 33.66004 ], [ -101.28978, 33.52943 ], [ -101.23753, 33.52939 ], [ -101.24157, 33.52426 ], [ -101.23982, 33.51687 ], [ -101.23134, 33.50982 ], [ -101.20267, 33.49179 ], [ -101.20138, 33.45709 ], [ -101.1987, 33.45093 ], [ -101.20107, 33.44127 ], [ -101.20006, 33.39681 ], [ -101.03838, 33.39712 ] ] ] } },
{ "type": "Feature", "properties": { "HSA93": 45178, "HSANAME": "TX- MEMPHIS", "STATE": 45, "HRR93": 383, "HRR93_NAME": "TX- AMARILLO", "Persons90": 2843, "hosp_cnt": 1, "HSA_label": "Memphis" }, "geometry": { "type": "Polygon", "coordinates": [ [ [ -100.59625, 34.58246 ], [ -100.60096, 34.58896 ], [ -100.59963, 34.59175 ], [ -100.60326, 34.59459 ], [ -100.60191, 34.59725 ], [ -100.60883, 34.59807 ], [ -100.6093, 34.60123 ], [ -100.61163, 34.6013 ], [ -100.61421, 34.60421 ], [ -100.61307, 34.607 ], [ -100.61731, 34.60656 ], [ -100.61685, 34.61689 ], [ -100.61452, 34.61721 ], [ -100.61079, 34.6236 ], [ -100.60513, 34.62388 ], [ -100.604, 34.62643 ], [ -100.60078, 34.62737 ], [ -100.59926, 34.63134 ], [ -100.5989, 34.63537 ], [ -100.6006, 34.63889 ], [ -100.59885, 34.64139 ], [ -100.60173, 34.6467 ], [ -100.60068, 34.64979 ], [ -100.60221, 34.65346 ], [ -100.60135, 34.65953 ], [ -100.59745, 34.6664 ], [ -100.60069, 34.6685 ], [ -100.59945, 34.67221 ], [ -100.60336, 34.67672 ], [ -100.60001, 34.68179 ], [ -100.60153, 34.68685 ], [ -100.59655, 34.69401 ], [ -100.59938, 34.6982 ], [ -100.60442, 34.69951 ], [ -100.60429, 34.70594 ], [ -100.61377, 34.70887 ], [ -100.6161, 34.71333 ], [ -100.62235, 34.71645 ], [ -100.62632, 34.72391 ], [ -100.6261, 34.72895 ], [ -100.63178, 34.73227 ], [ -100.63822, 34.73081 ], [ -100.64171, 34.73351 ], [ -100.64661, 34.73447 ], [ -100.64814, 34.73615 ], [ -100.64806, 34.74161 ], [ -100.65489, 34.74801 ], [ -100.5403, 34.74767 ], [ -100.4155, 34.74747 ], [ -100.41555, 34.51695 ], [ -100.41717, 34.517 ], [ -100.44499, 34.54163 ], [ -100.44922, 34.54173 ], [ -100.44915, 34.54516 ], [ -100.45485, 34.54511 ], [ -100.45502, 34.55285 ], [ -100.46357, 34.55312 ], [ -100.46352, 34.55919 ], [ -100.46481, 34.56063 ], [ -100.44765, 34.55579 ], [ -100.43955, 34.55745 ], [ -100.4411, 34.56297 ], [ -100.43691, 34.57152 ], [ -100.44484, 34.57726 ], [ -100.4503, 34.57909 ], [ -100.45472, 34.57779 ], [ -100.45875, 34.57893 ], [ -100.46889, 34.58468 ], [ -100.48362, 34.58884 ], [ -100.49316, 34.58797 ], [ -100.49883, 34.58332 ], [ -100.50338, 34.58611 ], [ -100.50371, 34.59193 ], [ -100.50659, 34.59434 ], [ -100.51183, 34.58974 ], [ -100.53057, 34.59561 ], [ -100.53536, 34.59444 ], [ -100.53556, 34.5916 ], [ -100.54251, 34.59174 ], [ -100.54608, 34.59391 ], [ -100.55073, 34.59174 ], [ -100.5566, 34.59371 ], [ -100.5638, 34.58796 ], [ -100.58105, 34.58745 ], [ -100.5942, 34.58177 ], [ -100.59625, 34.58246 ] ] ] } },
{ "type": "Feature", "properties": { "HSA93": 45189, "HSANAME": "TX- MUENSTER", "STATE": 45, "HRR93": 391, "HRR93_NAME": "TX- DALLAS", "Persons90": 3042, "hosp_cnt": 1, "HSA_label": "Muenster" }, "geometry": { "type": "Polygon", "coordinates": [ [ [ -97.42543, 33.61996 ], [ -97.42751, 33.61897 ], [ -97.43167, 33.62404 ], [ -97.43397, 33.62271 ], [ -97.44078, 33.62422 ], [ -97.4455, 33.63087 ], [ -97.4501, 33.63069 ], [ -97.45116, 33.63245 ], [ -97.45355, 33.63129 ], [ -97.45552, 33.63474 ], [ -97.45973, 33.63309 ], [ -97.4622, 33.63735 ], [ -97.47159, 33.64177 ], [ -97.4699, 33.64253 ], [ -97.47918, 33.64543 ], [ -97.4791, 33.64743 ], [ -97.48156, 33.64947 ], [ -97.4851, 33.64928 ], [ -97.48386, 33.91527 ], [ -97.46327, 33.90485 ], [ -97.46112, 33.90513 ], [ -97.45077, 33.89157 ], [ -97.45117, 33.87083 ], [ -97.45367, 33.86659 ], [ -97.45562, 33.85754 ], [ -97.46119, 33.84946 ], [ -97.46256, 33.84167 ], [ -97.45877, 33.83448 ], [ -97.4543, 33.8299 ], [ -97.44389, 33.82367 ], [ -97.4262, 33.8193 ], [ -97.37265, 33.81935 ], [ -97.35822, 33.82992 ], [ -97.35402, 33.83786 ], [ -97.34692, 33.84501 ], [ -97.33935, 33.86063 ], [ -97.33695, 33.875 ], [ -97.33332, 33.88347 ], [ -97.32631, 33.88431 ], [ -97.32305, 33.87907 ], [ -97.32776, 33.87016 ], [ -97.33371, 33.86306 ], [ -97.33388, 33.85614 ], [ -97.32842, 33.85528 ], [ -97.31412, 33.86689 ], [ -97.3159, 33.86068 ], [ -97.31277, 33.84703 ], [ -97.30912, 33.84426 ], [ -97.30278, 33.84266 ], [ -97.29892, 33.83741 ], [ -97.29856, 33.83427 ], [ -97.2913, 33.82996 ], [ -97.29132, 33.82731 ], [ -97.27713, 33.82719 ], [ -97.27332, 33.82094 ], [ -97.27008, 33.81871 ], [ -97.26792, 33.80756 ], [ -97.26376, 33.79911 ], [ -97.25696, 33.79315 ], [ -97.25805, 33.79315 ], [ -97.25751, 33.7912 ], [ -97.24813, 33.78614 ], [ -97.24751, 33.78353 ], [ -97.24065, 33.78125 ], [ -97.23889, 33.7776 ], [ -97.22713, 33.77074 ], [ -97.22833, 33.76826 ], [ -97.23552, 33.76847 ], [ -97.23595, 33.76506 ], [ -97.24004, 33.76553 ], [ -97.23691, 33.76444 ], [ -97.23636, 33.76212 ], [ -97.24782, 33.75797 ], [ -97.24922, 33.75529 ], [ -97.25339, 33.7544 ], [ -97.25424, 33.75204 ], [ -97.25734, 33.75445 ], [ -97.26628, 33.75049 ], [ -97.27091, 33.74006 ], [ -97.2708, 33.73223 ], [ -97.27298, 33.72844 ], [ -97.27312, 33.72579 ], [ -97.26971, 33.72328 ], [ -97.26892, 33.71366 ], [ -97.2786, 33.71337 ], [ -97.27863, 33.7032 ], [ -97.25645, 33.7037 ], [ -97.25419, 33.70223 ], [ -97.25126, 33.69765 ], [ -97.23977, 33.68719 ], [ -97.24018, 33.68595 ], [ -97.22941, 33.67785 ], [ -97.22793, 33.67107 ], [ -97.22565, 33.67017 ], [ -97.2242, 33.66717 ], [ -97.22647, 33.66601 ], [ -97.22653, 33.66326 ], [ -97.21795, 33.65316 ], [ -97.21918, 33.64851 ], [ -97.21603, 33.64716 ], [ -97.21521, 33.64299 ], [ -97.23016, 33.64317 ], [ -97.23001, 33.62869 ], [ -97.22146, 33.62857 ], [ -97.22501, 33.62634 ], [ -97.22755, 33.62673 ], [ -97.22799, 33.62468 ], [ -97.22596, 33.62316 ], [ -97.22807, 33.6211 ], [ -97.23502, 33.62247 ], [ -97.23704, 33.62063 ], [ -97.23562, 33.61878 ], [ -97.2391, 33.61729 ], [ -97.24652, 33.62065 ], [ -97.25178, 33.61612 ], [ -97.24961, 33.61401 ], [ -97.25231, 33.61373 ], [ -97.25663, 33.60904 ], [ -97.26173, 33.60781 ], [ -97.2626, 33.60536 ], [ -97.26854, 33.60465 ], [ -97.27517, 33.60717 ], [ -97.27968, 33.60548 ], [ -97.27897, 33.60713 ], [ -97.28028, 33.60775 ], [ -97.28308, 33.60633 ], [ -97.28398, 33.60356 ], [ -97.28836, 33.60255 ], [ -97.2888, 33.60014 ], [ -97.29367, 33.59863 ], [ -97.29293, 33.59705 ], [ -97.29444, 33.59545 ], [ -97.30049, 33.59284 ], [ -97.30306, 33.59541 ], [ -97.3096, 33.59767 ], [ -97.3122, 33.60099 ], [ -97.32342, 33.59776 ], [ -97.32531, 33.59854 ], [ -97.32413, 33.60077 ], [ -97.32586, 33.60074 ], [ -97.33122, 33.59767 ], [ -97.33724, 33.5993 ], [ -97.33995, 33.60255 ], [ -97.3428, 33.60198 ], [ -97.34602, 33.59808 ], [ -97.35087, 33.59767 ], [ -97.36122, 33.60051 ], [ -97.36869, 33.60508 ], [ -97.37285, 33.60334 ], [ -97.37775, 33.60485 ], [ -97.38308, 33.61024 ], [ -97.38415, 33.60902 ], [ -97.38508, 33.61163 ], [ -97.39099, 33.61012 ], [ -97.39636, 33.6126 ], [ -97.40005, 33.61079 ], [ -97.40068, 33.61329 ], [ -97.40566, 33.61247 ], [ -97.40632, 33.61389 ], [ -97.41199, 33.61432 ], [ -97.41119, 33.61634 ], [ -97.41894, 33.61657 ], [ -97.42543, 33.61996 ] ] ] } },
{ "type": "Feature", "properties": { "HSA93": 45197, "HSANAME": "TX- NOCONA", "STATE": 45, "HRR93": 391, "HRR93_NAME": "TX- DALLAS", "Persons90": 7242, "hosp_cnt": 1, "HSA_label": "Nocona" }, "geometry": { "type": "Polygon", "coordinates": [ [ [ -97.66707, 33.72452 ], [ -97.70211, 33.7265 ], [ -97.7023, 33.7334 ], [ -97.70557, 33.73399 ], [ -97.70532, 33.74689 ], [ -97.71091, 33.74718 ], [ -97.71078, 33.75436 ], [ -97.7251, 33.75568 ], [ -97.72544, 33.7442 ], [ -97.7317, 33.74422 ], [ -97.75217, 33.72067 ], [ -97.77659, 33.72061 ], [ -97.78526, 33.69562 ], [ -97.79192, 33.68726 ], [ -97.81751, 33.6841 ], [ -97.8565, 33.68446 ], [ -97.86692, 33.68668 ], [ -97.88127, 33.68714 ], [ -97.89353, 33.67938 ], [ -97.90509, 33.67544 ], [ -97.90933, 33.68504 ], [ -97.91215, 33.69798 ], [ -97.91083, 33.70751 ], [ -97.91212, 33.71528 ], [ -97.92683, 33.7423 ], [ -97.93128, 33.73745 ], [ -97.9301, 33.73594 ], [ -97.93267, 33.73413 ], [ -97.9355, 33.73567 ], [ -97.94019, 33.73278 ], [ -97.9554, 33.73571 ], [ -97.96903, 33.73037 ], [ -97.97344, 33.73053 ], [ -97.97849, 33.72737 ], [ -97.97795, 33.77396 ], [ -97.97752, 33.81603 ], [ -97.97757, 33.84179 ], [ -97.97755, 33.88983 ], [ -97.98406, 33.89793 ], [ -97.98324, 33.9039 ], [ -97.97849, 33.91245 ], [ -97.97665, 33.91245 ], [ -97.96956, 33.9059 ], [ -97.96415, 33.9073 ], [ -97.95791, 33.9128 ], [ -97.95338, 33.92428 ], [ -97.9527, 33.93246 ], [ -97.94839, 33.93381 ], [ -97.94171, 33.93135 ], [ -97.94165, 33.94021 ], [ -97.89161, 33.94021 ], [ -97.89172, 33.88194 ], [ -97.93316, 33.88277 ], [ -97.93469, 33.87834 ], [ -97.92827, 33.87409 ], [ -97.90955, 33.86712 ], [ -97.89643, 33.85789 ], [ -97.88841, 33.85662 ], [ -97.875, 33.84962 ], [ -97.86545, 33.84929 ], [ -97.84347, 33.85672 ], [ -97.83402, 33.85757 ], [ -97.83078, 33.86156 ], [ -97.82043, 33.8688 ], [ -97.81862, 33.8739 ], [ -97.81893, 33.87899 ], [ -97.81733, 33.88089 ], [ -97.81354, 33.88183 ], [ -97.80863, 33.87661 ], [ -97.80511, 33.87707 ], [ -97.80127, 33.88504 ], [ -97.80132, 33.89578 ], [ -97.7986, 33.89844 ], [ -97.79448, 33.89986 ], [ -97.79209, 33.89899 ], [ -97.78767, 33.89179 ], [ -97.78435, 33.89053 ], [ -97.78097, 33.89427 ], [ -97.77938, 33.89914 ], [ -97.78003, 33.90473 ], [ -97.78583, 33.91333 ], [ -97.78396, 33.91729 ], [ -97.77799, 33.91953 ], [ -97.77236, 33.91428 ], [ -97.76346, 33.91414 ], [ -97.75909, 33.91872 ], [ -97.75953, 33.92511 ], [ -97.76274, 33.93405 ], [ -97.75084, 33.93688 ], [ -97.73342, 33.93629 ], [ -97.72498, 33.94095 ], [ -97.70938, 33.9549 ], [ -97.70385, 33.96324 ], [ -97.69888, 33.97561 ], [ -97.69281, 33.9836 ], [ -97.68571, 33.98779 ], [ -97.67264, 33.99083 ], [ -97.65937, 33.99031 ], [ -97.63348, 33.98116 ], [ -97.61577, 33.96962 ], [ -97.60879, 33.96799 ], [ -97.60068, 33.96069 ], [ -97.59768, 33.95515 ], [ -97.5893, 33.95346 ], [ -97.58853, 33.95178 ], [ -97.59512, 33.94134 ], [ -97.59473, 33.93726 ], [ -97.59091, 33.92954 ], [ -97.59668, 33.92013 ], [ -97.59665, 33.91621 ], [ -97.59351, 33.91017 ], [ -97.58961, 33.90794 ], [ -97.58895, 33.90382 ], [ -97.58244, 33.90069 ], [ -97.57788, 33.90039 ], [ -97.56838, 33.90291 ], [ -97.56056, 33.89955 ], [ -97.55797, 33.897 ], [ -97.55124, 33.89785 ], [ -97.53391, 33.90563 ], [ -97.52498, 33.91165 ], [ -97.50066, 33.91954 ], [ -97.48967, 33.91813 ], [ -97.48386, 33.91527 ], [ -97.4851, 33.64928 ], [ -97.48584, 33.56907 ], [ -97.49387, 33.577 ], [ -97.4945, 33.5839 ], [ -97.49765, 33.58729 ], [ -97.49951, 33.59645 ], [ -97.50896, 33.59853 ], [ -97.51512, 33.60447 ], [ -97.52281, 33.60722 ], [ -97.52689, 33.61073 ], [ -97.53677, 33.6091 ], [ -97.54035, 33.61254 ], [ -97.56335, 33.61712 ], [ -97.57211, 33.6245 ], [ -97.57978, 33.62746 ], [ -97.58684, 33.62934 ], [ -97.58958, 33.62844 ], [ -97.59798, 33.63176 ], [ -97.60029, 33.62844 ], [ -97.60759, 33.62346 ], [ -97.61816, 33.6208 ], [ -97.64333, 33.64408 ], [ -97.66055, 33.65096 ], [ -97.65461, 33.65675 ], [ -97.65893, 33.66321 ], [ -97.66288, 33.66587 ], [ -97.66301, 33.68172 ], [ -97.66945, 33.68197 ], [ -97.6678, 33.69498 ], [ -97.66944, 33.70256 ], [ -97.66821, 33.70767 ], [ -97.66916, 33.71489 ], [ -97.66582, 33.72194 ], [ -97.66707, 33.72452 ] ] ] } },
{ "type": "Feature", "properties": { "HSA93": 45203, "HSANAME": "TX- PAMPA", "STATE": 45, "HRR93": 383, "HRR93_NAME": "TX- AMARILLO", "Persons90": 25921, "hosp_cnt": 1, "HSA_label": "Pampa" }, "geometry": { "type": "Polygon", "coordinates": [ [ [ -100.5398, 35.61925 ], [ -100.53839, 35.38829 ], [ -100.55585, 35.37959 ], [ -100.55912, 35.37333 ], [ -100.56519, 35.37079 ], [ -100.56479, 35.36527 ], [ -100.56974, 35.35911 ], [ -100.56776, 35.3524 ], [ -100.57949, 35.34782 ], [ -100.57809, 35.34169 ], [ -100.57921, 35.33853 ], [ -100.59469, 35.33601 ], [ -100.60285, 35.33023 ], [ -100.61329, 35.32759 ], [ -100.61798, 35.3196 ], [ -100.62713, 35.3182 ], [ -100.63222, 35.31425 ], [ -100.63915, 35.31395 ], [ -100.64074, 35.30846 ], [ -100.64572, 35.30484 ], [ -100.6558, 35.30622 ], [ -100.65896, 35.30084 ], [ -100.67834, 35.29131 ], [ -100.68532, 35.29218 ], [ -100.69409, 35.28852 ], [ -100.70238, 35.28799 ], [ -100.7066, 35.2852 ], [ -100.72536, 35.28712 ], [ -100.73363, 35.28185 ], [ -100.7484, 35.2807 ], [ -100.75686, 35.27608 ], [ -100.76166, 35.27931 ], [ -100.76403, 35.28574 ], [ -100.76899, 35.28752 ], [ -100.76897, 35.28481 ], [ -100.79533, 35.28493 ], [ -100.79667, 35.28371 ], [ -100.81395, 35.28307 ], [ -100.81373, 35.26036 ], [ -100.82514, 35.25104 ], [ -100.82738, 35.24544 ], [ -100.81301, 35.2457 ], [ -100.80039, 35.2492 ], [ -100.79629, 35.24849 ], [ -100.79595, 35.24425 ], [ -100.79057, 35.23693 ], [ -100.78906, 35.22827 ], [ -100.78622, 35.2247 ], [ -100.77749, 35.21975 ], [ -100.77344, 35.21412 ], [ -100.78109, 35.20704 ], [ -100.79576, 35.19995 ], [ -100.80706, 35.1904 ], [ -100.82079, 35.18319 ], [ -100.81355, 35.18316 ], [ -100.81861, 35.17545 ], [ -100.83271, 35.17087 ], [ -100.83943, 35.17073 ], [ -100.84515, 35.15864 ], [ -100.8474, 35.15681 ], [ -100.85638, 35.15834 ], [ -100.85661, 35.1615 ], [ -100.85959, 35.16431 ], [ -100.86369, 35.16207 ], [ -100.87208, 35.16195 ], [ -100.87241, 35.15584 ], [ -100.87634, 35.15536 ], [ -100.87215, 35.1491 ], [ -100.8688, 35.13928 ], [ -100.86885, 35.13654 ], [ -100.87248, 35.13518 ], [ -100.87183, 35.12989 ], [ -100.87664, 35.12914 ], [ -100.87848, 35.12582 ], [ -100.88564, 35.12539 ], [ -100.89021, 35.12677 ], [ -100.8942, 35.12149 ], [ -100.89491, 35.13412 ], [ -100.9012, 35.1536 ], [ -100.90368, 35.17666 ], [ -100.90755, 35.18314 ], [ -101.08585, 35.18209 ], [ -101.08565, 35.35718 ], [ -101.31046, 35.35516 ], [ -101.31037, 35.44255 ], [ -101.30903, 35.4434 ], [ -101.30735, 35.45569 ], [ -101.30352, 35.46212 ], [ -101.30503, 35.46281 ], [ -101.30377, 35.46476 ], [ -101.30461, 35.46746 ], [ -101.30193, 35.46954 ], [ -101.30075, 35.47503 ], [ -101.30044, 35.4773 ], [ -101.30374, 35.47808 ], [ -101.30397, 35.47975 ], [ -101.30033, 35.4822 ], [ -101.30106, 35.48396 ], [ -101.29947, 35.48638 ], [ -101.30047, 35.48833 ], [ -101.2991, 35.49333 ], [ -101.30296, 35.49811 ], [ -101.29811, 35.50458 ], [ -101.29601, 35.51772 ], [ -101.29984, 35.51948 ], [ -101.30427, 35.5188 ], [ -101.30782, 35.5217 ], [ -101.30928, 35.53061 ], [ -101.31099, 35.53223 ], [ -101.30905, 35.5337 ], [ -101.30835, 35.54013 ], [ -101.3041, 35.54226 ], [ -101.30441, 35.54448 ], [ -101.30298, 35.54363 ], [ -101.30368, 35.54752 ], [ -101.302, 35.55103 ], [ -101.30435, 35.5505 ], [ -101.30197, 35.55311 ], [ -101.30393, 35.55464 ], [ -101.30146, 35.55537 ], [ -101.30239, 35.55776 ], [ -101.30006, 35.55732 ], [ -101.2983, 35.55927 ], [ -101.29883, 35.5621 ], [ -101.30054, 35.56222 ], [ -101.29987, 35.56533 ], [ -101.30284, 35.56554 ], [ -101.30079, 35.56776 ], [ -101.30412, 35.56829 ], [ -101.3023, 35.57087 ], [ -101.30326, 35.57202 ], [ -101.30054, 35.57431 ], [ -101.30253, 35.57451 ], [ -101.30096, 35.5822 ], [ -101.3046, 35.5858 ], [ -101.30054, 35.58461 ], [ -101.2986, 35.58554 ], [ -101.30155, 35.58657 ], [ -101.3023, 35.58976 ], [ -101.29776, 35.58996 ], [ -101.29796, 35.59239 ], [ -101.29594, 35.59424 ], [ -101.29742, 35.59612 ], [ -101.29305, 35.60356 ], [ -101.29437, 35.6069 ], [ -101.29067, 35.61079 ], [ -101.29027, 35.61587 ], [ -101.2921, 35.61832 ], [ -101.29253, 35.62478 ], [ -101.08564, 35.62522 ], [ -101.08549, 35.91577 ], [ -101.0853, 36.05524 ], [ -101.08528, 36.05754 ], [ -100.54631, 36.0565 ], [ -100.5398, 36.05645 ], [ -100.53913, 35.93207 ], [ -100.54087, 35.75 ], [ -100.5398, 35.61925 ] ] ] } },
{ "type": "Feature", "properties": { "HSA93": 45204, "HSANAME": "TX- PARIS", "STATE": 45, "HRR93": 391, "HRR93_NAME": "TX- DALLAS", "Persons90": 75160, "hosp_cnt": 3, "HSA_label": "Paris" }, "geometry": { "type": "Polygon", "coordinates": [ [ [ -94.93445, 33.98057 ], [ -94.93332, 33.98368 ], [ -94.93082, 33.98322 ], [ -94.93047, 33.97997 ], [ -94.93302, 33.97663 ], [ -94.92134, 33.96568 ], [ -94.9154, 33.96868 ], [ -94.90716, 33.96728 ], [ -94.90024, 33.9614 ], [ -94.90224, 33.95684 ], [ -94.89348, 33.9542 ], [ -94.88677, 33.95697 ], [ -94.88595, 33.9553 ], [ -94.88914, 33.95155 ], [ -94.88406, 33.95072 ], [ -94.88601, 33.94861 ], [ -94.88755, 33.9499 ], [ -94.89005, 33.94884 ], [ -94.88763, 33.94383 ], [ -94.8889, 33.94184 ], [ -94.89266, 33.94138 ], [ -94.8926, 33.93381 ], [ -94.89602, 33.93405 ], [ -94.89603, 33.93187 ], [ -94.89217, 33.92979 ], [ -94.893, 33.9275 ], [ -94.88886, 33.91715 ], [ -94.89089, 33.90879 ], [ -94.88708, 33.90522 ], [ -94.88527, 33.89931 ], [ -94.88815, 33.89503 ], [ -94.88462, 33.88706 ], [ -94.88671, 33.88261 ], [ -94.881, 33.87764 ], [ -94.87987, 33.8757 ], [ -94.88153, 33.87367 ], [ -94.87897, 33.87285 ], [ -94.87771, 33.86884 ], [ -94.87769, 33.86527 ], [ -94.88107, 33.85954 ], [ -94.88019, 33.85679 ], [ -94.88469, 33.85467 ], [ -94.88848, 33.85529 ], [ -94.8867, 33.85268 ], [ -94.88758, 33.85146 ], [ -94.89104, 33.85224 ], [ -94.89074, 33.8491 ], [ -94.89249, 33.84913 ], [ -94.89255, 33.84652 ], [ -94.89614, 33.84688 ], [ -94.89738, 33.84847 ], [ -94.89807, 33.8448 ], [ -94.90125, 33.84606 ], [ -94.90347, 33.8446 ], [ -94.9072, 33.84943 ], [ -94.91266, 33.8508 ], [ -94.91546, 33.85674 ], [ -94.91892, 33.85593 ], [ -94.92268, 33.8601 ], [ -94.92584, 33.85836 ], [ -94.92682, 33.86386 ], [ -94.93009, 33.8664 ], [ -94.94702, 33.8746 ], [ -94.96337, 33.87399 ], [ -94.95005, 33.8645 ], [ -94.95576, 33.86191 ], [ -94.96416, 33.86173 ], [ -94.96837, 33.85889 ], [ -94.96418, 33.83691 ], [ -94.9522, 33.83483 ], [ -94.94367, 33.83012 ], [ -94.94462, 33.82573 ], [ -94.9533, 33.81637 ], [ -94.94765, 33.80825 ], [ -94.94022, 33.80553 ], [ -94.92307, 33.80863 ], [ -94.92405, 33.81239 ], [ -94.92288, 33.81535 ], [ -94.92585, 33.82843 ], [ -94.92087, 33.829 ], [ -94.91457, 33.82331 ], [ -94.91082, 33.81492 ], [ -94.91427, 33.80841 ], [ -94.91653, 33.80886 ], [ -94.9211, 33.7983 ], [ -94.92174, 33.7915 ], [ -94.92763, 33.79653 ], [ -94.93182, 33.79729 ], [ -94.93887, 33.79518 ], [ -94.94386, 33.79781 ], [ -94.9477, 33.8024 ], [ -94.94954, 33.80134 ], [ -94.94943, 33.78893 ], [ -94.95305, 33.78858 ], [ -94.95291, 33.77789 ], [ -94.94995, 33.77539 ], [ -94.9508, 33.77121 ], [ -94.95502, 33.77049 ], [ -94.95694, 33.77184 ], [ -94.9599, 33.77049 ], [ -94.95784, 33.76506 ], [ -94.95899, 33.76113 ], [ -94.96713, 33.75629 ], [ -94.97237, 33.76062 ], [ -94.98337, 33.76194 ], [ -94.9891, 33.76851 ], [ -94.99955, 33.76862 ], [ -95.00339, 33.76654 ], [ -95.00906, 33.76973 ], [ -95.02025, 33.7647 ], [ -95.03314, 33.76475 ], [ -95.03574, 33.76541 ], [ -95.03826, 33.7685 ], [ -95.04665, 33.77011 ], [ -95.04772, 33.77205 ], [ -95.05595, 33.77302 ], [ -95.05581, 33.7601 ], [ -95.08558, 33.75955 ], [ -95.08065, 33.74316 ], [ -95.08109, 33.74085 ], [ -95.08718, 33.74004 ], [ -95.085, 33.7383 ], [ -95.085, 33.73569 ], [ -95.08273, 33.73542 ], [ -95.08092, 33.73228 ], [ -95.0824, 33.731 ], [ -95.08086, 33.73011 ], [ -95.08119, 33.72791 ], [ -95.08862, 33.7288 ], [ -95.09155, 33.73166 ], [ -95.09092, 33.73301 ], [ -95.09984, 33.73363 ], [ -95.10234, 33.73568 ], [ -95.10904, 33.73715 ], [ -95.10956, 33.73962 ], [ -95.11269, 33.74029 ], [ -95.11819, 33.73628 ], [ -95.12549, 33.73456 ], [ -95.12677, 33.73032 ], [ -95.13045, 33.7268 ], [ -95.13313, 33.72643 ], [ -95.13363, 33.72877 ], [ -95.13486, 33.72662 ], [ -95.14492, 33.72355 ], [ -95.1453, 33.72168 ], [ -95.14889, 33.71968 ], [ -95.15298, 33.72076 ], [ -95.15733, 33.71591 ], [ -95.16104, 33.71539 ], [ -95.16041, 33.70382 ], [ -95.14652, 33.7048 ], [ -95.14803, 33.68508 ], [ -95.14752, 33.6637 ], [ -95.1424, 33.66331 ], [ -95.14479, 33.6552 ], [ -95.14323, 33.65227 ], [ -95.14534, 33.64895 ], [ -95.14112, 33.64629 ], [ -95.13989, 33.6415 ], [ -95.14167, 33.63805 ], [ -95.1382, 33.6345 ], [ -95.13877, 33.63173 ], [ -95.137, 33.62815 ], [ -95.13421, 33.62678 ], [ -95.1352, 33.62443 ], [ -95.13309, 33.61969 ], [ -95.13583, 33.61884 ], [ -95.13734, 33.60769 ], [ -95.1794, 33.58695 ], [ -95.20484, 33.57786 ], [ -95.21623, 33.57112 ], [ -95.21444, 33.57076 ], [ -95.21387, 33.56732 ], [ -95.21622, 33.56425 ], [ -95.21285, 33.56031 ], [ -95.2108, 33.56283 ], [ -95.20837, 33.56064 ], [ -95.20695, 33.56148 ], [ -95.20678, 33.56 ], [ -95.20137, 33.55869 ], [ -95.20117, 33.55631 ], [ -95.19948, 33.55636 ], [ -95.20112, 33.55516 ], [ -95.19833, 33.55255 ], [ -95.19691, 33.55391 ], [ -95.19272, 33.55205 ], [ -95.18829, 33.55423 ], [ -95.17262, 33.5474 ], [ -95.17353, 33.54596 ], [ -95.17159, 33.54145 ], [ -95.16371, 33.53719 ], [ -95.15882, 33.5267 ], [ -95.15573, 33.52507 ], [ -95.15688, 33.51646 ], [ -95.15481, 33.51442 ], [ -95.1515, 33.5155 ], [ -95.15142, 33.51406 ], [ -95.14365, 33.50938 ], [ -95.1448, 33.50851 ], [ -95.1424, 33.50831 ], [ -95.143, 33.50664 ], [ -95.14092, 33.50595 ], [ -95.14333, 33.50396 ], [ -95.14043, 33.5 ], [ -95.13585, 33.49922 ], [ -95.12995, 33.49569 ], [ -95.12702, 33.49661 ], [ -95.12167, 33.49473 ], [ -95.11796, 33.49574 ], [ -95.11637, 33.498 ], [ -95.11339, 33.49716 ], [ -95.11318, 33.49938 ], [ -95.1073, 33.49849 ], [ -95.10632, 33.49615 ], [ -95.1041, 33.49815 ], [ -95.1055, 33.49936 ], [ -95.10337, 33.49925 ], [ -95.09956, 33.50338 ], [ -95.09038, 33.50364 ], [ -95.08571, 33.50629 ], [ -95.06551, 33.50343 ], [ -95.05491, 33.49971 ], [ -95.03501, 33.49584 ], [ -95.01222, 33.48803 ], [ -94.99784, 33.47359 ], [ -94.98882, 33.46963 ], [ -94.98706, 33.46251 ], [ -94.98154, 33.4578 ], [ -94.94253, 33.45501 ], [ -94.93578, 33.45172 ], [ -94.92308, 33.44899 ], [ -94.91852, 33.44494 ], [ -94.91871, 33.42549 ], [ -94.91293, 33.40456 ], [ -94.91287, 33.40788 ], [ -94.91115, 33.40946 ], [ -94.9043, 33.40618 ], [ -94.9023, 33.40772 ], [ -94.90184, 33.40561 ], [ -94.90004, 33.4068 ], [ -94.9017, 33.40794 ], [ -94.90102, 33.40918 ], [ -94.89605, 33.40861 ], [ -94.89373, 33.41062 ], [ -94.89004, 33.40989 ], [ -94.88731, 33.41197 ], [ -94.88616, 33.40947 ], [ -94.8786, 33.4117 ], [ -94.87107, 33.40752 ], [ -94.86984, 33.40972 ], [ -94.86621, 33.40892 ], [ -94.86424, 33.40702 ], [ -94.86553, 33.40494 ], [ -94.86096, 33.40182 ], [ -94.86031, 33.39894 ], [ -94.85119, 33.39825 ], [ -94.85181, 33.39541 ], [ -94.84354, 33.3929 ], [ -94.84332, 33.39031 ], [ -94.84029, 33.38818 ], [ -94.83437, 33.39079 ], [ -94.83041, 33.3893 ], [ -94.82994, 33.38266 ], [ -94.83467, 33.38356 ], [ -94.83412, 33.37932 ], [ -94.83524, 33.37881 ], [ -94.83641, 33.38369 ], [ -94.83963, 33.38497 ], [ -94.8372, 33.38195 ], [ -94.84171, 33.38081 ], [ -94.84504, 33.38328 ], [ -94.84305, 33.38067 ], [ -94.84607, 33.37872 ], [ -94.84965, 33.38373 ], [ -94.85088, 33.38 ], [ -94.85328, 33.3825 ], [ -94.8541, 33.37961 ], [ -94.8574, 33.38139 ], [ -94.85626, 33.37732 ], [ -94.85737, 33.37659 ], [ -94.8645, 33.37997 ], [ -94.86336, 33.38242 ], [ -94.86893, 33.38357 ], [ -94.86912, 33.38492 ], [ -94.86603, 33.38435 ], [ -94.86571, 33.38558 ], [ -94.8698, 33.38611 ], [ -94.86863, 33.3889 ], [ -94.87368, 33.39186 ], [ -94.87659, 33.39097 ], [ -94.87596, 33.39433 ], [ -94.88006, 33.39454 ], [ -94.88909, 33.39837 ], [ -94.88986, 33.39441 ], [ -94.8945, 33.39228 ], [ -94.89821, 33.39381 ], [ -94.89925, 33.38985 ], [ -94.90398, 33.38958 ], [ -94.90687, 33.38729 ], [ -94.90613, 33.38509 ], [ -94.90807, 33.3836 ], [ -94.90804, 33.38658 ], [ -94.91031, 33.3877 ], [ -94.91326, 33.38413 ], [ -94.91632, 33.38798 ], [ -94.92093, 33.38441 ], [ -94.92724, 33.38363 ], [ -94.93089, 33.38558 ], [ -94.93166, 33.38855 ], [ -94.93526, 33.38573 ], [ -94.93545, 33.38945 ], [ -94.93657, 33.38825 ], [ -94.9426, 33.38896 ], [ -94.94495, 33.3918 ], [ -94.95227, 33.39029 ], [ -94.95311, 33.39281 ], [ -94.95184, 33.39505 ], [ -94.95503, 33.3965 ], [ -94.95668, 33.39589 ], [ -94.95399, 33.39437 ], [ -94.96076, 33.39247 ], [ -94.96133, 33.38967 ], [ -94.96444, 33.39075 ], [ -94.96624, 33.38782 ], [ -94.97402, 33.38738 ], [ -94.97463, 33.38926 ], [ -94.97752, 33.38962 ], [ -94.97727, 33.38804 ], [ -94.9791, 33.38699 ], [ -94.98265, 33.38761 ], [ -94.98063, 33.39093 ], [ -94.98276, 33.39209 ], [ -94.98522, 33.38863 ], [ -94.98972, 33.38982 ], [ -94.99155, 33.39209 ], [ -94.99363, 33.39099 ], [ -94.99324, 33.38836 ], [ -94.99835, 33.39158 ], [ -95.00255, 33.39008 ], [ -95.00271, 33.39166 ], [ -94.99954, 33.39408 ], [ -95.00451, 33.39525 ], [ -95.00916, 33.39175 ], [ -95.01221, 33.39292 ], [ -95.01325, 33.39029 ], [ -95.01691, 33.39084 ], [ -95.01784, 33.38859 ], [ -95.01503, 33.38669 ], [ -95.0177, 33.38701 ], [ -95.01659, 33.38456 ], [ -95.01973, 33.38404 ], [ -95.0191, 33.38154 ], [ -95.02068, 33.38072 ], [ -95.02371, 33.38415 ], [ -95.02472, 33.38221 ], [ -95.02781, 33.38344 ], [ -95.03086, 33.38186 ], [ -95.03223, 33.38461 ], [ -95.03291, 33.38198 ], [ -95.03471, 33.38154 ], [ -95.03482, 33.38317 ], [ -95.04151, 33.38461 ], [ -95.03842, 33.38095 ], [ -95.03919, 33.37994 ], [ -95.04162, 33.38246 ], [ -95.04678, 33.38184 ], [ -95.04986, 33.38299 ], [ -95.04959, 33.38507 ], [ -95.05224, 33.38528 ], [ -95.05073, 33.3875 ], [ -95.05199, 33.38892 ], [ -95.05415, 33.38569 ], [ -95.05587, 33.38597 ], [ -95.05447, 33.38736 ], [ -95.05529, 33.38826 ], [ -95.05895, 33.38601 ], [ -95.05742, 33.39146 ], [ -95.0584, 33.3921 ], [ -95.06392, 33.38917 ], [ -95.06616, 33.39105 ], [ -95.0687, 33.39082 ], [ -95.06793, 33.38901 ], [ -95.07052, 33.38936 ], [ -95.07011, 33.38649 ], [ -95.07306, 33.38741 ], [ -95.0738, 33.38585 ], [ -95.07617, 33.38606 ], [ -95.09313, 33.39746 ], [ -95.09542, 33.39574 ], [ -95.0946, 33.39256 ], [ -95.09919, 33.39324 ], [ -95.09897, 33.39528 ], [ -95.10129, 33.39654 ], [ -95.10233, 33.39439 ], [ -95.10604, 33.39278 ], [ -95.10607, 33.39113 ], [ -95.10874, 33.39148 ], [ -95.10901, 33.38907 ], [ -95.11215, 33.39058 ], [ -95.11382, 33.38838 ], [ -95.11881, 33.38873 ], [ -95.11938, 33.38575 ], [ -95.12304, 33.38936 ], [ -95.12523, 33.38934 ], [ -95.13304, 33.38603 ], [ -95.13747, 33.38692 ], [ -95.13984, 33.38521 ], [ -95.14524, 33.38809 ], [ -95.14625, 33.38709 ], [ -95.14271, 33.38317 ], [ -95.15382, 33.38203 ], [ -95.15322, 33.38065 ], [ -95.15578, 33.37997 ], [ -95.1619, 33.3799 ], [ -95.1575, 33.38368 ], [ -95.16034, 33.38253 ], [ -95.16094, 33.38441 ], [ -95.16596, 33.38537 ], [ -95.16599, 33.38249 ], [ -95.16968, 33.38267 ], [ -95.1709, 33.37949 ], [ -95.17227, 33.37967 ], [ -95.17306, 33.38279 ], [ -95.17489, 33.38201 ], [ -95.17404, 33.3807 ], [ -95.17601, 33.38027 ], [ -95.17655, 33.3777 ], [ -95.17983, 33.3816 ], [ -95.18201, 33.38031 ], [ -95.18286, 33.37711 ], [ -95.18802, 33.37915 ], [ -95.18799, 33.37738 ], [ -95.18553, 33.37601 ], [ -95.19146, 33.37366 ], [ -95.19804, 33.37412 ], [ -95.19861, 33.37535 ], [ -95.19661, 33.37573 ], [ -95.19842, 33.37768 ], [ -95.19402, 33.37773 ], [ -95.20085, 33.38084 ], [ -95.214, 33.37889 ], [ -95.21635, 33.3758 ], [ -95.21793, 33.37877 ], [ -95.22246, 33.37823 ], [ -95.22039, 33.37535 ], [ -95.22943, 33.37545 ], [ -95.22759, 33.37388 ], [ -95.22889, 33.37308 ], [ -95.22795, 33.37056 ], [ -95.23157, 33.36996 ], [ -95.23076, 33.37198 ], [ -95.23421, 33.37371 ], [ -95.2339, 33.37065 ], [ -95.23603, 33.37112 ], [ -95.23726, 33.36885 ], [ -95.23989, 33.37071 ], [ -95.24129, 33.36767 ], [ -95.24485, 33.36998 ], [ -95.25047, 33.3706 ], [ -95.25162, 33.36783 ], [ -95.25591, 33.36758 ], [ -95.25702, 33.37042 ], [ -95.26016, 33.36943 ], [ -95.2585, 33.36751 ], [ -95.26074, 33.36682 ], [ -95.26218, 33.36806 ], [ -95.26188, 33.37049 ], [ -95.26447, 33.37259 ], [ -95.26726, 33.37074 ], [ -95.26668, 33.37296 ], [ -95.26813, 33.37264 ], [ -95.27083, 33.37662 ], [ -95.27287, 33.37542 ], [ -95.27236, 33.37328 ], [ -95.27823, 33.37358 ], [ -95.27893, 33.37647 ], [ -95.28058, 33.37693 ], [ -95.28341, 33.37462 ], [ -95.28571, 33.37524 ], [ -95.28511, 33.37745 ], [ -95.28992, 33.37548 ], [ -95.28896, 33.37783 ], [ -95.29224, 33.37996 ], [ -95.2952, 33.3792 ], [ -95.29545, 33.38125 ], [ -95.29736, 33.38069 ], [ -95.29889, 33.38263 ], [ -95.30131, 33.37822 ], [ -95.30439, 33.37913 ], [ -95.30632, 33.37799 ], [ -95.30833, 33.37667 ], [ -95.31064, 33.37551 ], [ -95.30885, 33.37467 ], [ -95.31119, 33.37294 ], [ -95.31523, 33.3731 ], [ -95.31255, 33.3708 ], [ -95.31395, 33.36712 ], [ -95.31994, 33.36848 ], [ -95.31917, 33.36546 ], [ -95.32153, 33.36745 ], [ -95.32557, 33.36692 ], [ -95.3265, 33.36388 ], [ -95.32727, 33.3653 ], [ -95.32983, 33.36339 ], [ -95.33537, 33.36413 ], [ -95.33542, 33.36149 ], [ -95.33742, 33.36193 ], [ -95.33725, 33.36374 ], [ -95.34063, 33.36179 ], [ -95.34375, 33.36337 ], [ -95.34304, 33.36126 ], [ -95.3444, 33.36021 ], [ -95.34546, 33.3627 ], [ -95.34847, 33.36339 ], [ -95.35073, 33.36165 ], [ -95.35128, 33.36407 ], [ -95.35512, 33.36362 ], [ -95.3563, 33.36758 ], [ -95.35788, 33.36483 ], [ -95.36034, 33.36744 ], [ -95.36356, 33.36551 ], [ -95.36943, 33.36984 ], [ -95.37041, 33.3672 ], [ -95.37117, 33.36915 ], [ -95.37742, 33.3678 ], [ -95.37854, 33.36549 ], [ -95.37908, 33.36737 ], [ -95.38116, 33.36776 ], [ -95.38484, 33.36538 ], [ -95.38533, 33.367 ], [ -95.39073, 33.36932 ], [ -95.39109, 33.36776 ], [ -95.39807, 33.36717 ], [ -95.39717, 33.36994 ], [ -95.39993, 33.37143 ], [ -95.40953, 33.36994 ], [ -95.41259, 33.36747 ], [ -95.41256, 33.36987 ], [ -95.41554, 33.37086 ], [ -95.41723, 33.36843 ], [ -95.41813, 33.37077 ], [ -95.4193, 33.36896 ], [ -95.42285, 33.36987 ], [ -95.42383, 33.3668 ], [ -95.42643, 33.36855 ], [ -95.42885, 33.36673 ], [ -95.43273, 33.36742 ], [ -95.43207, 33.36548 ], [ -95.43467, 33.366 ], [ -95.43535, 33.36381 ], [ -95.43595, 33.36545 ], [ -95.43712, 33.36399 ], [ -95.44059, 33.36639 ], [ -95.43933, 33.36435 ], [ -95.44108, 33.36264 ], [ -95.44321, 33.36593 ], [ -95.44424, 33.36438 ], [ -95.44793, 33.36403 ], [ -95.4497, 33.36621 ], [ -95.45139, 33.36522 ], [ -95.4565, 33.36822 ], [ -95.45909, 33.36444 ], [ -95.45734, 33.36284 ], [ -95.45881, 33.36188 ], [ -95.45799, 33.36051 ], [ -95.46064, 33.36085 ], [ -95.4614, 33.35847 ], [ -95.46435, 33.35815 ], [ -95.46468, 33.35672 ], [ -95.46934, 33.35773 ], [ -95.47229, 33.35643 ], [ -95.47229, 33.35448 ], [ -95.47441, 33.35427 ], [ -95.47766, 33.35629 ], [ -95.47881, 33.35253 ], [ -95.48543, 33.34983 ], [ -95.4856, 33.35136 ], [ -95.48795, 33.35132 ], [ -95.48802, 33.35361 ], [ -95.49149, 33.35436 ], [ -95.49681, 33.35161 ], [ -95.49446, 33.34934 ], [ -95.5, 33.34984 ], [ -95.50282, 33.34747 ], [ -95.50287, 33.34992 ], [ -95.50557, 33.34799 ], [ -95.51054, 33.34928 ], [ -95.51386, 33.34813 ], [ -95.51449, 33.34612 ], [ -95.52611, 33.34894 ], [ -95.53086, 33.35423 ], [ -95.53061, 33.35677 ], [ -95.53473, 33.35961 ], [ -95.5368, 33.35842 ], [ -95.5398, 33.36028 ], [ -95.54182, 33.35895 ], [ -95.54073, 33.35748 ], [ -95.54502, 33.35739 ], [ -95.5463, 33.35579 ], [ -95.54919, 33.35666 ], [ -95.54938, 33.35806 ], [ -95.55159, 33.35751 ], [ -95.55165, 33.3556 ], [ -95.55328, 33.35595 ], [ -95.55271, 33.35203 ], [ -95.55503, 33.35306 ], [ -95.55707, 33.35091 ], [ -95.55819, 33.3535 ], [ -95.5613, 33.35283 ], [ -95.56141, 33.35499 ], [ -95.56687, 33.35508 ], [ -95.56733, 33.35714 ], [ -95.57211, 33.35389 ], [ -95.57805, 33.35531 ], [ -95.57983, 33.35441 ], [ -95.58097, 33.35874 ], [ -95.58305, 33.35794 ], [ -95.58373, 33.3592 ], [ -95.60241, 33.35184 ], [ -95.60309, 33.34907 ], [ -95.60528, 33.35072 ], [ -95.61283, 33.34783 ], [ -95.61449, 33.34513 ], [ -95.61416, 33.33922 ], [ -95.61937, 33.33501 ], [ -95.62122, 33.33546 ], [ -95.62217, 33.33281 ], [ -95.62534, 33.33302 ], [ -95.62444, 33.33024 ], [ -95.62701, 33.33077 ], [ -95.62693, 33.32867 ], [ -95.6287, 33.32922 ], [ -95.62952, 33.32729 ], [ -95.63397, 33.32611 ], [ -95.63359, 33.32427 ], [ -95.63651, 33.32604 ], [ -95.63602, 33.32285 ], [ -95.64191, 33.32132 ], [ -95.64404, 33.31214 ], [ -95.65028, 33.30993 ], [ -95.65691, 33.31309 ], [ -95.65705, 33.31006 ], [ -95.66146, 33.3113 ], [ -95.66449, 33.30862 ], [ -95.66694, 33.30892 ], [ -95.66683, 33.30654 ], [ -95.67349, 33.30201 ], [ -95.67809, 33.30356 ], [ -95.68284, 33.29972 ], [ -95.68635, 33.30061 ], [ -95.68524, 33.30237 ], [ -95.68622, 33.30357 ], [ -95.68832, 33.30189 ], [ -95.68963, 33.30304 ], [ -95.69014, 33.30102 ], [ -95.69211, 33.30279 ], [ -95.69104, 33.30585 ], [ -95.6962, 33.30778 ], [ -95.69811, 33.30814 ], [ -95.69952, 33.30512 ], [ -95.70383, 33.3072 ], [ -95.70301, 33.3042 ], [ -95.70697, 33.30551 ], [ -95.70598, 33.30244 ], [ -95.70795, 33.30265 ], [ -95.71653, 33.30184 ], [ -95.71999, 33.2993 ], [ -95.71915, 33.30161 ], [ -95.72079, 33.30413 ], [ -95.72591, 33.30209 ], [ -95.72714, 33.3028 ], [ -95.72548, 33.30445 ], [ -95.72965, 33.30548 ], [ -95.73082, 33.30511 ], [ -95.72921, 33.30383 ], [ -95.73109, 33.30351 ], [ -95.7306, 33.30156 ], [ -95.73382, 33.30307 ], [ -95.73406, 33.30108 ], [ -95.73919, 33.30195 ], [ -95.74134, 33.29971 ], [ -95.74, 33.29831 ], [ -95.74376, 33.29851 ], [ -95.74175, 33.29693 ], [ -95.74717, 33.29652 ], [ -95.74739, 33.29821 ], [ -95.7579, 33.29676 ], [ -95.75926, 33.29474 ], [ -95.75575, 33.29241 ], [ -95.75788, 33.29016 ], [ -95.75624, 33.2881 ], [ -95.75856, 33.2857 ], [ -95.75992, 33.2873 ], [ -95.76319, 33.28707 ], [ -95.76243, 33.28543 ], [ -95.76483, 33.28474 ], [ -95.76565, 33.28266 ], [ -95.76723, 33.28334 ], [ -95.76614, 33.28055 ], [ -95.7665, 33.27899 ], [ -95.76808, 33.27957 ], [ -95.76718, 33.27815 ], [ -95.77083, 33.27959 ], [ -95.77157, 33.27687 ], [ -95.77426, 33.27662 ], [ -95.77192, 33.2743 ], [ -95.77636, 33.27282 ], [ -95.77508, 33.27186 ], [ -95.77778, 33.26812 ], [ -95.77901, 33.25993 ], [ -95.78692, 33.25377 ], [ -95.79185, 33.2551 ], [ -95.79084, 33.25386 ], [ -95.79394, 33.25309 ], [ -95.79542, 33.25512 ], [ -95.79536, 33.2535 ], [ -95.79969, 33.25091 ], [ -95.80116, 33.25252 ], [ -95.80383, 33.2519 ], [ -95.80771, 33.24788 ], [ -95.8097, 33.24211 ], [ -95.81204, 33.24244 ], [ -95.81289, 33.24106 ], [ -95.8146, 33.24234 ], [ -95.81553, 33.23937 ], [ -95.82201, 33.24063 ], [ -95.8225, 33.23909 ], [ -95.82422, 33.23939 ], [ -95.82283, 33.23799 ], [ -95.82514, 33.23559 ], [ -95.83195, 33.23577 ], [ -95.83083, 33.23334 ], [ -95.83291, 33.2349 ], [ -95.83386, 33.23213 ], [ -95.83555, 33.23231 ], [ -95.83506, 33.23504 ], [ -95.84421, 33.23364 ], [ -95.84478, 33.2324 ], [ -95.84304, 33.23103 ], [ -95.84647, 33.23073 ], [ -95.84527, 33.22732 ], [ -95.84723, 33.22727 ], [ -95.84736, 33.22517 ], [ -95.84957, 33.2261 ], [ -95.85229, 33.22306 ], [ -95.85856, 33.22221 ], [ -95.85777, 33.22061 ], [ -95.85951, 33.21823 ], [ -95.86154, 33.2192 ], [ -95.85971, 33.34187 ], [ -95.85849, 33.40967 ], [ -95.8575, 33.46152 ], [ -95.85748, 33.46258 ], [ -95.86608, 33.46394 ], [ -95.90937, 33.46244 ], [ -95.95145, 33.45422 ], [ -95.9508, 33.46263 ], [ -95.95763, 33.46768 ], [ -95.96009, 33.47228 ], [ -95.96274, 33.47269 ], [ -95.96252, 33.47453 ], [ -95.96602, 33.47638 ], [ -95.96678, 33.4786 ], [ -95.9666, 33.48176 ], [ -95.95802, 33.48684 ], [ -95.96255, 33.48922 ], [ -95.96247, 33.50518 ], [ -95.96564, 33.50563 ], [ -95.96518, 33.52072 ], [ -95.96308, 33.52095 ], [ -95.96264, 33.52706 ], [ -95.95655, 33.52692 ], [ -95.95589, 33.53928 ], [ -95.95147, 33.54004 ], [ -95.95122, 33.54945 ], [ -95.95117, 33.55574 ], [ -95.96648, 33.55622 ], [ -95.96774, 33.56434 ], [ -95.98521, 33.56534 ], [ -95.9844, 33.58235 ], [ -95.98559, 33.58946 ], [ -95.98372, 33.59135 ], [ -95.9845, 33.59948 ], [ -95.98306, 33.60526 ], [ -95.97921, 33.61251 ], [ -95.98754, 33.62435 ], [ -95.985, 33.63207 ], [ -95.98829, 33.64223 ], [ -95.98659, 33.64759 ], [ -95.98427, 33.64855 ], [ -95.98255, 33.657 ], [ -95.97951, 33.66057 ], [ -95.98644, 33.66848 ], [ -95.9931, 33.67155 ], [ -95.99419, 33.6748 ], [ -95.99291, 33.67732 ], [ -95.98174, 33.6832 ], [ -95.983, 33.68574 ], [ -95.98089, 33.68542 ], [ -95.98125, 33.68829 ], [ -95.97723, 33.6928 ], [ -95.96041, 33.74413 ], [ -95.95734, 33.74906 ], [ -95.95352, 33.75 ], [ -95.95043, 33.75362 ], [ -95.94807, 33.75365 ], [ -95.94818, 33.75527 ], [ -95.94624, 33.7544 ], [ -95.94654, 33.75628 ], [ -95.94303, 33.75564 ], [ -95.94432, 33.75871 ], [ -95.9427, 33.75722 ], [ -95.93791, 33.75738 ], [ -95.93783, 33.75564 ], [ -95.93539, 33.75651 ], [ -95.93131, 33.75378 ], [ -95.92859, 33.7542 ], [ -95.92804, 33.7558 ], [ -95.9258, 33.75463 ], [ -95.92092, 33.75875 ], [ -95.91963, 33.75788 ], [ -95.91922, 33.75923 ], [ -95.91533, 33.75879 ], [ -95.90999, 33.76168 ], [ -95.90366, 33.76211 ], [ -95.90135, 33.76419 ], [ -95.9011, 33.76982 ], [ -95.90231, 33.77067 ], [ -95.89644, 33.77426 ], [ -95.89488, 33.77783 ], [ -95.89249, 33.77774 ], [ -95.89164, 33.77927 ], [ -95.88981, 33.77845 ], [ -95.89008, 33.78035 ], [ -95.89238, 33.78088 ], [ -95.88945, 33.78209 ], [ -95.89222, 33.78578 ], [ -95.88953, 33.78616 ], [ -95.88772, 33.79065 ], [ -95.88388, 33.78946 ], [ -95.88007, 33.79419 ], [ -95.88193, 33.79671 ], [ -95.88009, 33.79717 ], [ -95.87968, 33.79932 ], [ -95.87697, 33.79937 ], [ -95.87825, 33.802 ], [ -95.87419, 33.80144 ], [ -95.87463, 33.80398 ], [ -95.87211, 33.80405 ], [ -95.87099, 33.81026 ], [ -95.8728, 33.81296 ], [ -95.86995, 33.81403 ], [ -95.86805, 33.81202 ], [ -95.86479, 33.81479 ], [ -95.86545, 33.81699 ], [ -95.86219, 33.81807 ], [ -95.86982, 33.82115 ], [ -95.87081, 33.825 ], [ -95.86666, 33.8223 ], [ -95.86222, 33.82253 ], [ -95.85904, 33.82601 ], [ -95.85671, 33.82242 ], [ -95.85418, 33.824 ], [ -95.85507, 33.8272 ], [ -95.85027, 33.83538 ], [ -95.84353, 33.83885 ], [ -95.83864, 33.83588 ], [ -95.8317, 33.83506 ], [ -95.82254, 33.83866 ], [ -95.81873, 33.84436 ], [ -95.82104, 33.85761 ], [ -95.8049, 33.8612 ], [ -95.78962, 33.85759 ], [ -95.77601, 33.84504 ], [ -95.77182, 33.84372 ], [ -95.75901, 33.84916 ], [ -95.75349, 33.85529 ], [ -95.75721, 33.86786 ], [ -95.7618, 33.87283 ], [ -95.76259, 33.87207 ], [ -95.76315, 33.88177 ], [ -95.75859, 33.89191 ], [ -95.74896, 33.89703 ], [ -95.73002, 33.89662 ], [ -95.72945, 33.90564 ], [ -95.72945, 33.90793 ], [ -95.74661, 33.92081 ], [ -95.74701, 33.93146 ], [ -95.75571, 33.93176 ], [ -95.75576, 33.93876 ], [ -95.76428, 33.93893 ], [ -95.76411, 33.95069 ], [ -95.76268, 33.95191 ], [ -95.75815, 33.95142 ], [ -95.75301, 33.95737 ], [ -95.74961, 33.95789 ], [ -95.75078, 33.95877 ], [ -95.74417, 33.96259 ], [ -95.74514, 33.96325 ], [ -95.7436, 33.96442 ], [ -95.73893, 33.96468 ], [ -95.73992, 33.96777 ], [ -95.76454, 33.96786 ], [ -95.76461, 33.98221 ], [ -95.74705, 33.98266 ], [ -95.74696, 34.01649 ], [ -95.7491, 34.01869 ], [ -95.75612, 34.01888 ], [ -95.75576, 34.02238 ], [ -95.75111, 34.02517 ], [ -95.75449, 34.02909 ], [ -95.75801, 34.02739 ], [ -95.75972, 34.0292 ], [ -95.75501, 34.03387 ], [ -95.74898, 34.03677 ], [ -95.74903, 34.03856 ], [ -95.74661, 34.03872 ], [ -95.74673, 34.04172 ], [ -95.75036, 34.0436 ], [ -95.74887, 34.0438 ], [ -95.74926, 34.04593 ], [ -95.7464, 34.04419 ], [ -95.74648, 34.04682 ], [ -95.74275, 34.05227 ], [ -95.74256, 34.05387 ], [ -95.74525, 34.05522 ], [ -95.74424, 34.05827 ], [ -95.74597, 34.06163 ], [ -95.74226, 34.06356 ], [ -95.74221, 34.06658 ], [ -95.73949, 34.06953 ], [ -95.69504, 34.06948 ], [ -95.69499, 34.12766 ], [ -95.73011, 34.12758 ], [ -95.73001, 34.15635 ], [ -95.62399, 34.15655 ], [ -95.48751, 34.15675 ], [ -95.4418, 34.15677 ], [ -95.33334, 34.15693 ], [ -95.33503, 34.16151 ], [ -95.33277, 34.16537 ], [ -95.32635, 34.16386 ], [ -95.32005, 34.16613 ], [ -95.3185, 34.16966 ], [ -95.3125, 34.1711 ], [ -95.31126, 34.17355 ], [ -95.29911, 34.17479 ], [ -95.29212, 34.17337 ], [ -95.29052, 34.17554 ], [ -95.29079, 34.18598 ], [ -95.151, 34.186 ], [ -95.151, 34.2438 ], [ -95.1351, 34.24385 ], [ -95.04636, 34.24357 ], [ -95.04622, 34.27253 ], [ -95.03393, 34.2729 ], [ -95.02633, 34.27535 ], [ -95.02317, 34.27207 ], [ -95.0243, 34.27029 ], [ -95.03779, 34.26757 ], [ -95.0296, 34.26193 ], [ -95.02927, 34.259 ], [ -95.02574, 34.25469 ], [ -95.02574, 34.25047 ], [ -95.02161, 34.2476 ], [ -95.02586, 34.24412 ], [ -95.02606, 34.23805 ], [ -95.02399, 34.23397 ], [ -95.02926, 34.23003 ], [ -95.02457, 34.22559 ], [ -95.02446, 34.22289 ], [ -95.02642, 34.2103 ], [ -95.03131, 34.20128 ], [ -95.02927, 34.18692 ], [ -95.03278, 34.16606 ], [ -95.03506, 34.16278 ], [ -95.03391, 34.15926 ], [ -95.03466, 34.15053 ], [ -95.03997, 34.1373 ], [ -95.04298, 34.1221 ], [ -95.04753, 34.1215 ], [ -95.04808, 34.11919 ], [ -95.05188, 34.11962 ], [ -95.05625, 34.11701 ], [ -95.07836, 34.11183 ], [ -95.07432, 34.10235 ], [ -95.06329, 34.09237 ], [ -95.06348, 34.08325 ], [ -95.06211, 34.07992 ], [ -95.05707, 34.08031 ], [ -95.05319, 34.07783 ], [ -95.04499, 34.06623 ], [ -95.04188, 34.05777 ], [ -95.0426, 34.05162 ], [ -95.04084, 34.04806 ], [ -95.03496, 34.04726 ], [ -95.03201, 34.04418 ], [ -95.02799, 34.04401 ], [ -95.02585, 34.04539 ], [ -95.02859, 34.047 ], [ -95.02878, 34.0489 ], [ -95.02737, 34.04923 ], [ -95.01934, 34.0452 ], [ -95.01139, 34.04502 ], [ -95.00235, 34.04247 ], [ -94.99841, 34.04291 ], [ -94.99285, 34.04698 ], [ -94.99218, 34.04602 ], [ -94.9967, 34.03835 ], [ -95.0, 34.0363 ], [ -95.00421, 34.03696 ], [ -95.0043, 34.03559 ], [ -94.99908, 34.03211 ], [ -95.0, 34.0298 ], [ -95.00381, 34.02916 ], [ -95.00237, 34.02541 ], [ -94.99877, 34.0256 ], [ -94.99666, 34.02394 ], [ -94.988, 34.03087 ], [ -94.98647, 34.02602 ], [ -94.9658, 34.02198 ], [ -94.9641, 34.0235 ], [ -94.96383, 34.02802 ], [ -94.95785, 34.03276 ], [ -94.95354, 34.03195 ], [ -94.95241, 34.02959 ], [ -94.95893, 34.02059 ], [ -94.95339, 34.02073 ], [ -94.94725, 34.02442 ], [ -94.94357, 34.02114 ], [ -94.93786, 34.01933 ], [ -94.93459, 34.00697 ], [ -94.94757, 34.00194 ], [ -94.94938, 33.99873 ], [ -94.94427, 33.99616 ], [ -94.94361, 33.99431 ], [ -94.95342, 33.99128 ], [ -94.94963, 33.98755 ], [ -94.9441, 33.98682 ], [ -94.94086, 33.98153 ], [ -94.93445, 33.98057 ] ] ] } },
{ "type": "Feature", "properties": { "HSA93": 45208, "HSANAME": "TX- PERRYTON", "STATE": 45, "HRR93": 383, "HRR93_NAME": "TX- AMARILLO", "Persons90": 11909, "hosp_cnt": 1, "HSA_label": "Perryton" }, "geometry": { "type": "Polygon", "coordinates": [ [ [ -100.95371, 36.49959 ], [ -100.9535, 36.67129 ], [ -100.9475, 36.67371 ], [ -100.94202, 36.67088 ], [ -100.93901, 36.67133 ], [ -100.9377, 36.67429 ], [ -100.94296, 36.67742 ], [ -100.94179, 36.68317 ], [ -100.92878, 36.68527 ], [ -100.92534, 36.69106 ], [ -100.92821, 36.69516 ], [ -100.92471, 36.69789 ], [ -100.91991, 36.69857 ], [ -100.91473, 36.69395 ], [ -100.91175, 36.6942 ], [ -100.913, 36.7015 ], [ -100.91018, 36.71203 ], [ -100.89915, 36.71409 ], [ -100.89403, 36.70971 ], [ -100.89094, 36.70928 ], [ -100.88385, 36.71461 ], [ -100.88169, 36.71353 ], [ -100.88352, 36.70992 ], [ -100.88715, 36.70905 ], [ -100.88647, 36.70678 ], [ -100.88312, 36.70678 ], [ -100.87902, 36.70344 ], [ -100.75616, 36.70319 ], [ -100.75609, 36.67446 ], [ -100.56321, 36.67447 ], [ -100.55915, 36.67605 ], [ -100.55878, 36.67438 ], [ -100.52291, 36.67444 ], [ -100.52255, 36.61846 ], [ -100.52036, 36.61647 ], [ -100.34292, 36.61636 ], [ -100.34334, 36.68863 ], [ -100.36139, 36.68874 ], [ -100.36176, 36.77496 ], [ -100.36023, 36.7783 ], [ -100.36179, 36.78258 ], [ -100.36053, 36.78804 ], [ -100.35585, 36.78707 ], [ -100.34967, 36.78827 ], [ -100.34677, 36.79024 ], [ -100.34452, 36.79456 ], [ -100.33909, 36.79699 ], [ -100.33445, 36.79404 ], [ -100.33638, 36.78793 ], [ -100.33487, 36.78605 ], [ -100.32309, 36.79164 ], [ -100.3152, 36.79347 ], [ -100.31119, 36.79267 ], [ -100.30555, 36.78786 ], [ -100.30277, 36.78786 ], [ -100.30109, 36.78511 ], [ -100.29673, 36.78493 ], [ -100.27193, 36.79864 ], [ -100.26659, 36.79438 ], [ -100.26736, 36.79071 ], [ -100.2706, 36.78728 ], [ -100.26929, 36.78529 ], [ -100.26041, 36.78698 ], [ -100.25168, 36.78011 ], [ -100.23927, 36.78132 ], [ -100.21772, 36.7702 ], [ -100.19752, 36.76503 ], [ -100.1881, 36.76588 ], [ -100.17512, 36.76984 ], [ -100.17193, 36.76856 ], [ -100.17071, 36.7646 ], [ -100.15495, 36.76725 ], [ -100.15179, 36.76553 ], [ -100.15165, 36.76267 ], [ -100.1498, 36.76267 ], [ -100.14294, 36.76486 ], [ -100.13516, 36.77306 ], [ -100.12916, 36.77152 ], [ -100.11938, 36.76408 ], [ -100.10715, 36.76846 ], [ -100.09124, 36.7713 ], [ -100.08885, 36.77364 ], [ -100.0886, 36.7836 ], [ -100.07855, 36.78765 ], [ -100.07548, 36.78632 ], [ -100.07013, 36.78825 ], [ -100.06509, 36.78644 ], [ -100.06202, 36.78937 ], [ -100.04477, 36.79473 ], [ -100.03938, 36.79457 ], [ -100.03267, 36.79042 ], [ -100.02834, 36.79083 ], [ -100.02157, 36.78874 ], [ -100.01909, 36.79186 ], [ -100.02233, 36.79598 ], [ -100.02119, 36.79994 ], [ -100.01735, 36.79941 ], [ -100.01095, 36.79488 ], [ -100.00339, 36.79698 ], [ -100.00259, 36.59316 ], [ -100.00326, 36.49961 ], [ -100.25312, 36.49977 ], [ -100.32373, 36.49965 ], [ -100.34072, 36.49944 ], [ -100.3427, 36.49738 ], [ -100.34908, 36.49789 ], [ -100.35433, 36.49404 ], [ -100.35656, 36.48818 ], [ -100.35492, 36.4844 ], [ -100.34958, 36.48209 ], [ -100.34224, 36.47282 ], [ -100.34558, 36.47327 ], [ -100.34912, 36.47057 ], [ -100.34807, 36.4657 ], [ -100.34963, 36.46402 ], [ -100.34782, 36.46054 ], [ -100.3492, 36.45466 ], [ -100.34109, 36.44864 ], [ -100.34106, 36.44431 ], [ -100.34462, 36.44413 ], [ -100.34349, 36.44262 ], [ -100.33576, 36.43788 ], [ -100.32978, 36.43892 ], [ -100.32975, 36.43401 ], [ -100.32219, 36.43401 ], [ -100.32072, 36.43589 ], [ -100.32075, 36.4413 ], [ -100.3148, 36.44214 ], [ -100.31046, 36.44044 ], [ -100.30856, 36.43736 ], [ -100.29431, 36.43035 ], [ -100.29364, 36.43398 ], [ -100.27572, 36.43387 ], [ -100.27546, 36.2385 ], [ -100.25872, 36.23847 ], [ -100.24428, 36.23453 ], [ -100.23863, 36.23678 ], [ -100.2269, 36.23717 ], [ -100.24029, 36.23488 ], [ -100.24541, 36.23094 ], [ -100.24399, 36.22743 ], [ -100.24585, 36.22558 ], [ -100.24582, 36.22233 ], [ -100.24968, 36.21933 ], [ -100.24929, 36.21381 ], [ -100.25583, 36.20754 ], [ -100.25647, 36.20156 ], [ -100.32067, 36.20157 ], [ -100.31824, 36.20544 ], [ -100.32027, 36.22321 ], [ -100.31954, 36.2307 ], [ -100.34952, 36.23085 ], [ -100.36501, 36.22826 ], [ -100.36574, 36.23068 ], [ -100.37615, 36.23199 ], [ -100.37779, 36.23387 ], [ -100.37812, 36.23943 ], [ -100.3818, 36.2365 ], [ -100.38426, 36.23653 ], [ -100.38711, 36.2385 ], [ -100.3894, 36.24411 ], [ -100.39952, 36.24736 ], [ -100.40958, 36.24207 ], [ -100.4158, 36.24192 ], [ -100.42657, 36.23848 ], [ -100.42948, 36.24313 ], [ -100.4325, 36.25365 ], [ -100.44406, 36.25745 ], [ -100.44793, 36.25498 ], [ -100.44875, 36.24917 ], [ -100.45223, 36.24833 ], [ -100.45279, 36.24636 ], [ -100.45096, 36.24457 ], [ -100.44454, 36.24503 ], [ -100.44389, 36.24098 ], [ -100.44858, 36.24013 ], [ -100.45469, 36.24269 ], [ -100.46226, 36.24299 ], [ -100.47136, 36.24077 ], [ -100.47433, 36.23852 ], [ -100.46944, 36.23516 ], [ -100.47037, 36.23067 ], [ -100.47438, 36.23131 ], [ -100.4778, 36.22879 ], [ -100.4826, 36.22824 ], [ -100.49032, 36.22954 ], [ -100.49353, 36.22501 ], [ -100.5, 36.2244 ], [ -100.50049, 36.2234 ], [ -100.49709, 36.22198 ], [ -100.49486, 36.21834 ], [ -100.49553, 36.21559 ], [ -100.50407, 36.21887 ], [ -100.51272, 36.21974 ], [ -100.51586, 36.21814 ], [ -100.51967, 36.21283 ], [ -100.51982, 36.20883 ], [ -100.52527, 36.21018 ], [ -100.53397, 36.20498 ], [ -100.53662, 36.20773 ], [ -100.5334, 36.21293 ], [ -100.54196, 36.21684 ], [ -100.54562, 36.21529 ], [ -100.54631, 36.0565 ], [ -101.08528, 36.05754 ], [ -101.08469, 36.48854 ], [ -101.08472, 36.49922 ], [ -100.95371, 36.49959 ] ] ] } },
{ "type": "Feature", "properties": { "HSA93": 45215, "HSANAME": "TX- QUANAH", "STATE": 45, "HRR93": 420, "HRR93_NAME": "TX- WICHITA FALLS", "Persons90": 4097, "hosp_cnt": 1, "HSA_label": "Quanah" }, "geometry": { "type": "Polygon", "coordinates": [ [ [ -99.77167, 34.09321 ], [ -99.99724, 34.22428 ], [ -99.99734, 34.31176 ], [ -99.99712, 34.56051 ], [ -99.99202, 34.5593 ], [ -99.97118, 34.56212 ], [ -99.95852, 34.57121 ], [ -99.95634, 34.57646 ], [ -99.95419, 34.57813 ], [ -99.94534, 34.57921 ], [ -99.92283, 34.57449 ], [ -99.92142, 34.57019 ], [ -99.91539, 34.56591 ], [ -99.88836, 34.55039 ], [ -99.87622, 34.53964 ], [ -99.87188, 34.53166 ], [ -99.86455, 34.52295 ], [ -99.85269, 34.51153 ], [ -99.84421, 34.50685 ], [ -99.83253, 34.5 ], [ -99.82147, 34.49778 ], [ -99.81643, 34.49013 ], [ -99.81837, 34.48491 ], [ -99.81394, 34.47614 ], [ -99.80249, 34.4656 ], [ -99.79331, 34.45382 ], [ -99.78571, 34.45103 ], [ -99.78261, 34.44429 ], [ -99.77537, 34.44415 ], [ -99.76523, 34.43742 ], [ -99.76451, 34.43519 ], [ -99.76686, 34.43043 ], [ -99.75924, 34.4266 ], [ -99.75388, 34.42122 ], [ -99.74842, 34.41968 ], [ -99.74631, 34.41732 ], [ -99.74275, 34.41721 ], [ -99.74054, 34.41469 ], [ -99.72666, 34.41048 ], [ -99.71989, 34.40622 ], [ -99.71472, 34.40068 ], [ -99.71447, 34.39445 ], [ -99.71231, 34.39085 ], [ -99.70629, 34.38591 ], [ -99.70004, 34.38463 ], [ -99.6946, 34.37826 ], [ -99.67791, 34.37972 ], [ -99.66234, 34.37361 ], [ -99.65382, 34.37644 ], [ -99.64614, 34.38247 ], [ -99.63349, 34.37868 ], [ -99.63054, 34.37593 ], [ -99.62383, 34.3735 ], [ -99.60689, 34.37685 ], [ -99.59966, 34.37461 ], [ -99.60079, 34.37305 ], [ -99.59148, 34.36822 ], [ -99.59551, 34.36811 ], [ -99.59586, 34.35656 ], [ -99.60758, 34.35679 ], [ -99.61366, 34.15081 ], [ -99.60727, 34.15067 ], [ -99.61107, 34.13737 ], [ -99.6076, 34.1217 ], [ -99.61294, 34.1083 ], [ -99.61295, 34.10054 ], [ -99.61677, 34.08293 ], [ -99.61958, 34.09144 ], [ -99.62363, 34.0964 ], [ -99.62533, 34.09627 ], [ -99.62569, 34.09295 ], [ -99.62833, 34.09205 ], [ -99.63733, 34.09719 ], [ -99.64691, 34.09898 ], [ -99.6541, 34.09834 ], [ -99.67434, 34.08833 ], [ -99.67902, 34.09383 ], [ -99.70234, 34.09312 ], [ -99.70322, 34.09772 ], [ -99.70504, 34.09859 ], [ -99.71121, 34.09747 ], [ -99.71878, 34.09873 ], [ -99.73378, 34.09346 ], [ -99.74422, 34.10124 ], [ -99.76515, 34.09281 ], [ -99.77167, 34.09321 ] ] ] } },
{ "type": "Feature", "properties": { "HSA93": 45235, "HSANAME": "TX- SEYMOUR", "STATE": 45, "HRR93": 420, "HRR93_NAME": "TX- WICHITA FALLS", "Persons90": 7471, "hosp_cnt": 1, "HSA_label": "Seymour" }, "geometry": { "type": "Polygon", "coordinates": [ [ [ -99.55327, 33.39867 ], [ -99.7195, 33.39831 ], [ -99.71984, 33.40624 ], [ -99.73077, 33.40598 ], [ -99.73132, 33.42039 ], [ -99.73413, 33.42035 ], [ -99.73595, 33.44681 ], [ -99.73726, 33.44786 ], [ -99.73901, 33.49306 ], [ -99.7515, 33.49276 ], [ -99.7587, 33.48855 ], [ -99.7832, 33.48776 ], [ -99.78194, 33.48901 ], [ -99.78223, 33.49492 ], [ -99.78765, 33.49774 ], [ -99.80586, 33.50085 ], [ -99.82218, 33.50041 ], [ -99.82533, 33.49653 ], [ -99.82459, 33.49087 ], [ -99.8268, 33.48148 ], [ -99.82983, 33.47784 ], [ -99.83489, 33.47566 ], [ -99.84793, 33.4861 ], [ -99.85381, 33.48711 ], [ -99.8616, 33.4858 ], [ -99.8625, 33.48243 ], [ -99.85799, 33.47267 ], [ -99.85656, 33.46523 ], [ -99.85751, 33.46074 ], [ -99.87926, 33.46307 ], [ -99.89663, 33.45896 ], [ -99.8996, 33.45508 ], [ -99.90967, 33.42786 ], [ -99.92336, 33.41727 ], [ -99.92934, 33.41491 ], [ -99.935, 33.41495 ], [ -99.94532, 33.42404 ], [ -99.95183, 33.42431 ], [ -99.95783, 33.4297 ], [ -99.96093, 33.42491 ], [ -99.97033, 33.41981 ], [ -99.97931, 33.40801 ], [ -99.99068, 33.40303 ], [ -99.99606, 33.83588 ], [ -99.83501, 33.83572 ], [ -99.83652, 33.8296 ], [ -99.8313, 33.82427 ], [ -99.83366, 33.8193 ], [ -99.83088, 33.81727 ], [ -99.82397, 33.82106 ], [ -99.81843, 33.82042 ], [ -99.81357, 33.82626 ], [ -99.80989, 33.82727 ], [ -99.79472, 33.81657 ], [ -99.78936, 33.82007 ], [ -99.79647, 33.82189 ], [ -99.79708, 33.82326 ], [ -99.79507, 33.82402 ], [ -99.79148, 33.82434 ], [ -99.78163, 33.81771 ], [ -99.7743, 33.82124 ], [ -99.76994, 33.81734 ], [ -99.76538, 33.8195 ], [ -99.7637, 33.82309 ], [ -99.75816, 33.82391 ], [ -99.75451, 33.82164 ], [ -99.75471, 33.81193 ], [ -99.75139, 33.80891 ], [ -99.75817, 33.80627 ], [ -99.7582, 33.80346 ], [ -99.74715, 33.80281 ], [ -99.74365, 33.81111 ], [ -99.73948, 33.81141 ], [ -99.7305, 33.80305 ], [ -99.72484, 33.79991 ], [ -99.7258, 33.79783 ], [ -99.72048, 33.80115 ], [ -99.72079, 33.80711 ], [ -99.72339, 33.81148 ], [ -99.72186, 33.81416 ], [ -99.70814, 33.81089 ], [ -99.71145, 33.80056 ], [ -99.71074, 33.7979 ], [ -99.70448, 33.80037 ], [ -99.69927, 33.80026 ], [ -99.69933, 33.81833 ], [ -99.69681, 33.82562 ], [ -99.68742, 33.82736 ], [ -99.67729, 33.82443 ], [ -99.67095, 33.81879 ], [ -99.66341, 33.80805 ], [ -99.6583, 33.81034 ], [ -99.65223, 33.81799 ], [ -99.63684, 33.81757 ], [ -99.6327, 33.81324 ], [ -99.63278, 33.80884 ], [ -99.63481, 33.8054 ], [ -99.63369, 33.80213 ], [ -99.62606, 33.80398 ], [ -99.6227, 33.80277 ], [ -99.62064, 33.79986 ], [ -99.61655, 33.79984 ], [ -99.60791, 33.79512 ], [ -99.59765, 33.79666 ], [ -99.59984, 33.79017 ], [ -99.59855, 33.78717 ], [ -99.5819, 33.78441 ], [ -99.57806, 33.79226 ], [ -99.57803, 33.80237 ], [ -99.57348, 33.80044 ], [ -99.57408, 33.79401 ], [ -99.57254, 33.79224 ], [ -99.56777, 33.79199 ], [ -99.56349, 33.78977 ], [ -99.56042, 33.79176 ], [ -99.55611, 33.79829 ], [ -99.55281, 33.79536 ], [ -99.54453, 33.79554 ], [ -99.54146, 33.79332 ], [ -99.54626, 33.78333 ], [ -99.54505, 33.78047 ], [ -99.54118, 33.77998 ], [ -99.5262, 33.78415 ], [ -99.52176, 33.78133 ], [ -99.52209, 33.77423 ], [ -99.51985, 33.76834 ], [ -99.51313, 33.7721 ], [ -99.50835, 33.77246 ], [ -99.50372, 33.77085 ], [ -99.50134, 33.76377 ], [ -99.49886, 33.76396 ], [ -99.49447, 33.76799 ], [ -99.49277, 33.76744 ], [ -99.4842, 33.7505 ], [ -99.4816, 33.74958 ], [ -99.47828, 33.75327 ], [ -99.47565, 33.75182 ], [ -99.47803, 33.74295 ], [ -99.47414, 33.73341 ], [ -99.47524, 33.83397 ], [ -99.16226, 33.834 ], [ -98.95276, 33.83403 ], [ -98.95359, 33.39743 ], [ -99.08031, 33.39793 ], [ -99.47208, 33.39893 ], [ -99.55327, 33.39867 ] ] ] } },
{ "type": "Feature", "properties": { "HSA93": 45236, "HSANAME": "TX- SHAMROCK", "STATE": 45, "HRR93": 383, "HRR93_NAME": "TX- AMARILLO", "Persons90": 2927, "hosp_cnt": 1, "HSA_label": "Shamrock" }, "geometry": { "type": "Polygon", "coordinates": [ [ [ -100.53857, 35.1831 ], [ -100.53839, 35.38829 ], [ -100.51468, 35.39201 ], [ -100.51021, 35.39437 ], [ -100.50182, 35.39473 ], [ -100.48602, 35.39427 ], [ -100.46773, 35.38917 ], [ -100.45853, 35.38947 ], [ -100.45221, 35.39266 ], [ -100.44567, 35.39882 ], [ -100.44133, 35.4001 ], [ -100.43504, 35.39767 ], [ -100.42483, 35.39841 ], [ -100.41633, 35.39689 ], [ -100.40937, 35.39272 ], [ -100.3993, 35.39421 ], [ -100.39055, 35.39107 ], [ -100.38065, 35.39001 ], [ -100.375, 35.38778 ], [ -100.375, 35.375 ], [ -100.34866, 35.375 ], [ -100.34683, 35.37269 ], [ -100.347, 35.36823 ], [ -100.33945, 35.35998 ], [ -100.32642, 35.35428 ], [ -100.3229, 35.35106 ], [ -100.32337, 35.3448 ], [ -100.32019, 35.3378 ], [ -100.31231, 35.33207 ], [ -100.31205, 35.32401 ], [ -100.31412, 35.31332 ], [ -100.30448, 35.30118 ], [ -100.30183, 35.29488 ], [ -100.29747, 35.2909 ], [ -100.29611, 35.28325 ], [ -100.28974, 35.27539 ], [ -100.28597, 35.2674 ], [ -100.27729, 35.26497 ], [ -100.26892, 35.26577 ], [ -100.26319, 35.26829 ], [ -100.2496, 35.2683 ], [ -100.23211, 35.25336 ], [ -100.22686, 35.25283 ], [ -100.2198, 35.25572 ], [ -100.21403, 35.26836 ], [ -100.21216, 35.27789 ], [ -100.20345, 35.28483 ], [ -100.18663, 35.28412 ], [ -100.17585, 35.28678 ], [ -100.16401, 35.29328 ], [ -100.15407, 35.29021 ], [ -100.14622, 35.29043 ], [ -100.14041, 35.29703 ], [ -100.13323, 35.29883 ], [ -100.12805, 35.30728 ], [ -100.1191, 35.31104 ], [ -100.10295, 35.30942 ], [ -100.09538, 35.30548 ], [ -100.08342, 35.30858 ], [ -100.0775, 35.30693 ], [ -100.0708, 35.30814 ], [ -100.05937, 35.30675 ], [ -100.02881, 35.29735 ], [ -100.01929, 35.29765 ], [ -100.00859, 35.30057 ], [ -100.00501, 35.29906 ], [ -100.0, 35.29954 ], [ -100.0, 35.29862 ], [ -100.0, 35.18265 ], [ -100.53857, 35.1831 ] ] ] } },
{ "type": "Feature", "properties": { "HSA93": 45237, "HSANAME": "TX- SHERMAN", "STATE": 45, "HRR93": 391, "HRR93_NAME": "TX- DALLAS", "Persons90": 69925, "hosp_cnt": 2, "HSA_label": "Sherman" }, "geometry": { "type": "Polygon", "coordinates": [ [ [ -96.73845, 33.71177 ], [ -96.68332, 33.70962 ], [ -96.68248, 33.7312 ], [ -96.68114, 33.73116 ], [ -96.68102, 33.73275 ], [ -96.66511, 33.73228 ], [ -96.66513, 33.73066 ], [ -96.66581, 33.7097 ], [ -96.64464, 33.70871 ], [ -96.62929, 33.70206 ], [ -96.61976, 33.70139 ], [ -96.61411, 33.70272 ], [ -96.60657, 33.70804 ], [ -96.58823, 33.70784 ], [ -96.5721, 33.7004 ], [ -96.5747, 33.6957 ], [ -96.55983, 33.69629 ], [ -96.55962, 33.69261 ], [ -96.5463, 33.69284 ], [ -96.54625, 33.69442 ], [ -96.54053, 33.69426 ], [ -96.53948, 33.69806 ], [ -96.52599, 33.69993 ], [ -96.52494, 33.69858 ], [ -96.52266, 33.69963 ], [ -96.5232, 33.69784 ], [ -96.51987, 33.69739 ], [ -96.52033, 33.69526 ], [ -96.51758, 33.69548 ], [ -96.51851, 33.69433 ], [ -96.51471, 33.69425 ], [ -96.51279, 33.69252 ], [ -96.50135, 33.69651 ], [ -96.49452, 33.69584 ], [ -96.49035, 33.70091 ], [ -96.47255, 33.68709 ], [ -96.46746, 33.68483 ], [ -96.46148, 33.68723 ], [ -96.44915, 33.68561 ], [ -96.44999, 33.68216 ], [ -96.43241, 33.67562 ], [ -96.43256, 33.67387 ], [ -96.42774, 33.67273 ], [ -96.4281, 33.67029 ], [ -96.41715, 33.66777 ], [ -96.41719, 33.66513 ], [ -96.40923, 33.66317 ], [ -96.4099, 33.66008 ], [ -96.3915, 33.65682 ], [ -96.39202, 33.6626 ], [ -96.38012, 33.66429 ], [ -96.37919, 33.72566 ], [ -96.36819, 33.71483 ], [ -96.36575, 33.70539 ], [ -96.36299, 33.70095 ], [ -96.3623, 33.69222 ], [ -96.35467, 33.68682 ], [ -96.34312, 33.68664 ], [ -96.33266, 33.69306 ], [ -96.32084, 33.695 ], [ -96.31197, 33.7062 ], [ -96.30817, 33.71567 ], [ -96.30595, 33.71494 ], [ -96.29916, 33.71805 ], [ -96.29806, 33.71384 ], [ -96.29267, 33.7159 ], [ -96.29464, 33.71112 ], [ -96.2936, 33.7105 ], [ -96.29234, 33.71242 ], [ -96.29004, 33.71004 ], [ -96.28571, 33.70942 ], [ -96.28963, 33.70651 ], [ -96.28434, 33.70512 ], [ -96.28615, 33.70443 ], [ -96.28637, 33.69944 ], [ -96.28251, 33.69621 ], [ -96.27953, 33.68843 ], [ -96.27731, 33.68902 ], [ -96.27625, 33.68689 ], [ -96.27121, 33.68538 ], [ -96.27056, 33.67769 ], [ -96.26563, 33.67137 ], [ -96.26662, 33.66805 ], [ -96.26555, 33.66509 ], [ -96.25989, 33.65916 ], [ -96.25951, 33.65536 ], [ -96.26277, 33.64831 ], [ -96.26108, 33.64527 ], [ -96.26163, 33.63781 ], [ -96.2575, 33.63391 ], [ -96.25731, 33.63167 ], [ -96.25539, 33.6316 ], [ -96.25608, 33.62861 ], [ -96.25507, 33.6275 ], [ -96.25671, 33.62367 ], [ -96.24906, 33.622 ], [ -96.25058, 33.61419 ], [ -96.25436, 33.61389 ], [ -96.25671, 33.61078 ], [ -96.255, 33.59826 ], [ -96.25973, 33.59785 ], [ -96.2586, 33.58737 ], [ -96.26297, 33.57846 ], [ -96.26109, 33.5764 ], [ -96.24698, 33.5769 ], [ -96.24695, 33.57068 ], [ -96.24911, 33.57097 ], [ -96.24953, 33.56401 ], [ -96.27151, 33.56212 ], [ -96.27054, 33.55033 ], [ -96.27297, 33.54463 ], [ -96.28016, 33.54335 ], [ -96.28003, 33.53825 ], [ -96.27724, 33.53522 ], [ -96.27782, 33.52861 ], [ -96.2785, 33.52703 ], [ -96.28353, 33.52659 ], [ -96.28416, 33.523 ], [ -96.2779, 33.52117 ], [ -96.27862, 33.48849 ], [ -96.30457, 33.49237 ], [ -96.30468, 33.49012 ], [ -96.30214, 33.48987 ], [ -96.30253, 33.47617 ], [ -96.30097, 33.47751 ], [ -96.29791, 33.47627 ], [ -96.29089, 33.46986 ], [ -96.28677, 33.47062 ], [ -96.28641, 33.46874 ], [ -96.28404, 33.46771 ], [ -96.2783, 33.46741 ], [ -96.27276, 33.4623 ], [ -96.26861, 33.46113 ], [ -96.25998, 33.46351 ], [ -96.23688, 33.4623 ], [ -96.21431, 33.47552 ], [ -96.21118, 33.46876 ], [ -96.21342, 33.46038 ], [ -96.20443, 33.46016 ], [ -96.18253, 33.45961 ], [ -96.1641, 33.45857 ], [ -96.16185, 33.48265 ], [ -96.16285, 33.49273 ], [ -96.14644, 33.49192 ], [ -96.14652, 33.48814 ], [ -96.13654, 33.48796 ], [ -96.14275, 33.49418 ], [ -96.14217, 33.51389 ], [ -96.13842, 33.52082 ], [ -96.1299, 33.51798 ], [ -96.12862, 33.514 ], [ -96.12078, 33.50974 ], [ -96.11435, 33.50105 ], [ -96.1074, 33.50112 ], [ -96.10725, 33.49881 ], [ -96.08809, 33.49817 ], [ -96.08679, 33.50042 ], [ -96.07905, 33.5 ], [ -96.07889, 33.47387 ], [ -96.08006, 33.47119 ], [ -96.08317, 33.47112 ], [ -96.08383, 33.46633 ], [ -96.07686, 33.46116 ], [ -96.06963, 33.44912 ], [ -96.05926, 33.44218 ], [ -96.05619, 33.43685 ], [ -96.05494, 33.42412 ], [ -96.04555, 33.41561 ], [ -96.06758, 33.38645 ], [ -96.06867, 33.38189 ], [ -96.16606, 33.36894 ], [ -96.18897, 33.36592 ], [ -96.29518, 33.35182 ], [ -96.38463, 33.34078 ], [ -96.38434, 33.375 ], [ -96.38432, 33.37596 ], [ -96.38428, 33.39771 ], [ -96.40197, 33.39783 ], [ -96.65332, 33.40116 ], [ -96.72681, 33.4028 ], [ -96.83388, 33.4052 ], [ -96.8409, 33.40548 ], [ -96.84084, 33.41129 ], [ -96.84082, 33.41344 ], [ -96.94358, 33.4163 ], [ -96.94317, 33.48558 ], [ -96.94307, 33.59312 ], [ -96.94431, 33.77826 ], [ -96.94433, 33.94912 ], [ -96.93456, 33.95435 ], [ -96.92045, 33.95942 ], [ -96.90973, 33.95268 ], [ -96.90215, 33.94192 ], [ -96.89799, 33.9257 ], [ -96.89545, 33.89631 ], [ -96.88273, 33.86792 ], [ -96.86616, 33.85305 ], [ -96.85581, 33.84739 ], [ -96.85031, 33.84711 ], [ -96.84562, 33.84887 ], [ -96.84131, 33.85279 ], [ -96.8395, 33.86829 ], [ -96.83188, 33.87473 ], [ -96.79811, 33.86962 ], [ -96.78656, 33.86514 ], [ -96.79605, 33.84686 ], [ -96.80525, 33.81877 ], [ -96.8045, 33.81232 ], [ -96.8065, 33.7999 ], [ -96.79553, 33.7757 ], [ -96.79307, 33.76337 ], [ -96.7774, 33.75546 ], [ -96.7737, 33.75153 ], [ -96.7752, 33.74229 ], [ -96.77912, 33.73362 ], [ -96.77186, 33.72962 ], [ -96.75293, 33.72961 ], [ -96.75356, 33.72817 ], [ -96.74983, 33.72621 ], [ -96.74871, 33.72483 ], [ -96.75, 33.72374 ], [ -96.74707, 33.72156 ], [ -96.74855, 33.71966 ], [ -96.74845, 33.71505 ], [ -96.74256, 33.71494 ], [ -96.74219, 33.71373 ], [ -96.73845, 33.71177 ] ] ] } },
{ "type": "Feature", "properties": { "HSA93": 45253, "HSANAME": "TX- TEXARKANA", "STATE": 45, "HRR93": 22, "HRR93_NAME": "AR- TEXARKANA", "Persons90": 85184, "hosp_cnt": 3, "HSA_label": "Texarkana" }, "geometry": { "type": "Polygon", "coordinates": [ [ [ -94.06474, 33.5687 ], [ -94.06363, 33.6228 ], [ -94.04673, 33.6228 ], [ -94.04564, 33.63738 ], [ -93.91578, 33.63224 ], [ -93.91628, 33.62948 ], [ -93.9114, 33.62801 ], [ -93.90714, 33.63206 ], [ -93.90535, 33.63638 ], [ -93.89544, 33.63952 ], [ -93.89104, 33.63758 ], [ -93.88735, 33.62993 ], [ -93.88431, 33.62706 ], [ -93.87963, 33.62821 ], [ -93.87582, 33.63395 ], [ -93.87112, 33.63358 ], [ -93.86093, 33.62771 ], [ -93.86144, 33.61968 ], [ -93.85813, 33.61587 ], [ -93.85146, 33.61372 ], [ -93.84754, 33.61782 ], [ -93.843, 33.61803 ], [ -93.83965, 33.61634 ], [ -93.83387, 33.60715 ], [ -93.83043, 33.60696 ], [ -93.8257, 33.60973 ], [ -93.82431, 33.60798 ], [ -93.82685, 33.60373 ], [ -93.83573, 33.60278 ], [ -93.85527, 33.61091 ], [ -93.86611, 33.6094 ], [ -93.86695, 33.60667 ], [ -93.86421, 33.60122 ], [ -93.86582, 33.59584 ], [ -93.875, 33.59095 ], [ -93.88736, 33.59279 ], [ -93.89064, 33.59176 ], [ -93.89464, 33.57683 ], [ -93.89914, 33.57035 ], [ -93.90592, 33.57129 ], [ -93.91851, 33.58144 ], [ -93.9262, 33.58288 ], [ -93.9323, 33.58169 ], [ -93.9407, 33.57184 ], [ -93.94057, 33.5671 ], [ -93.93455, 33.55496 ], [ -93.93542, 33.55005 ], [ -93.94013, 33.54737 ], [ -93.94973, 33.54829 ], [ -93.95786, 33.55621 ], [ -93.96314, 33.56485 ], [ -93.96191, 33.57523 ], [ -93.96536, 33.57969 ], [ -93.96635, 33.58054 ], [ -93.97483, 33.58004 ], [ -93.97748, 33.57637 ], [ -93.97639, 33.5727 ], [ -93.9763, 33.57073 ], [ -93.97129, 33.55147 ], [ -93.97563, 33.54123 ], [ -93.98296, 33.53396 ], [ -93.99098, 33.53465 ], [ -93.99872, 33.54014 ], [ -93.99927, 33.54498 ], [ -93.99211, 33.55183 ], [ -93.99099, 33.55481 ], [ -93.99282, 33.55953 ], [ -93.99904, 33.5642 ], [ -94.01002, 33.56501 ], [ -94.02342, 33.55641 ], [ -94.04326, 33.55213 ], [ -94.0429, 33.4395 ], [ -94.04294, 33.34368 ], [ -94.04273, 33.27148 ], [ -94.04404, 33.27176 ], [ -94.04515, 33.2723 ], [ -94.04511, 33.27253 ], [ -94.04555, 33.27236 ], [ -94.04595, 33.27252 ], [ -94.04615, 33.27286 ], [ -94.04607, 33.27372 ], [ -94.04654, 33.2744 ], [ -94.04746, 33.27517 ], [ -94.0483, 33.27571 ], [ -94.05033, 33.27649 ], [ -94.05033, 33.27692 ], [ -94.0487, 33.27791 ], [ -94.04844, 33.27951 ], [ -94.05053, 33.28415 ], [ -94.05124, 33.28493 ], [ -94.05418, 33.28542 ], [ -94.04966, 33.28703 ], [ -94.0578, 33.29352 ], [ -94.05352, 33.2928 ], [ -94.05623, 33.29837 ], [ -94.05924, 33.29706 ], [ -94.06115, 33.3 ], [ -94.06441, 33.29782 ], [ -94.07109, 33.30068 ], [ -94.07183, 33.29919 ], [ -94.06742, 33.29543 ], [ -94.0681, 33.29489 ], [ -94.0728, 33.29608 ], [ -94.073, 33.29203 ], [ -94.07686, 33.29732 ], [ -94.081, 33.2993 ], [ -94.08066, 33.29621 ], [ -94.08309, 33.29296 ], [ -94.0886, 33.29705 ], [ -94.08826, 33.29714 ], [ -94.08649, 33.29703 ], [ -94.08571, 33.29715 ], [ -94.08512, 33.29759 ], [ -94.08394, 33.3013 ], [ -94.08152, 33.3026 ], [ -94.08211, 33.30449 ], [ -94.08283, 33.30486 ], [ -94.08355, 33.30481 ], [ -94.08414, 33.30447 ], [ -94.08526, 33.30194 ], [ -94.08846, 33.30524 ], [ -94.09076, 33.30542 ], [ -94.09003, 33.30046 ], [ -94.09337, 33.29857 ], [ -94.09429, 33.29957 ], [ -94.09751, 33.30597 ], [ -94.09894, 33.30635 ], [ -94.10019, 33.30304 ], [ -94.09777, 33.30001 ], [ -94.10006, 33.29802 ], [ -94.1036, 33.30364 ], [ -94.1034, 33.30437 ], [ -94.10288, 33.30574 ], [ -94.10347, 33.30656 ], [ -94.10975, 33.30927 ], [ -94.10988, 33.3093 ], [ -94.10996, 33.30931 ], [ -94.11107, 33.30915 ], [ -94.11165, 33.30816 ], [ -94.10819, 33.30259 ], [ -94.10891, 33.30233 ], [ -94.1091, 33.30232 ], [ -94.10956, 33.30254 ], [ -94.11022, 33.30386 ], [ -94.1108, 33.30442 ], [ -94.11179, 33.30485 ], [ -94.11382, 33.30522 ], [ -94.11539, 33.30528 ], [ -94.11585, 33.30508 ], [ -94.11625, 33.30452 ], [ -94.11611, 33.30397 ], [ -94.11585, 33.30347 ], [ -94.11579, 33.30281 ], [ -94.11554, 33.30121 ], [ -94.1148, 33.30038 ], [ -94.11454, 33.29962 ], [ -94.11402, 33.29895 ], [ -94.11221, 33.29824 ], [ -94.11241, 33.29778 ], [ -94.11342, 33.29454 ], [ -94.11525, 33.29406 ], [ -94.11722, 33.29641 ], [ -94.11708, 33.29692 ], [ -94.11696, 33.29737 ], [ -94.11631, 33.29807 ], [ -94.11579, 33.29869 ], [ -94.11525, 33.29951 ], [ -94.11545, 33.30006 ], [ -94.11585, 33.30039 ], [ -94.1241, 33.29857 ], [ -94.12468, 33.29819 ], [ -94.12482, 33.29786 ], [ -94.12476, 33.29735 ], [ -94.12442, 33.29668 ], [ -94.12351, 33.29602 ], [ -94.12291, 33.29549 ], [ -94.1222, 33.29505 ], [ -94.12122, 33.29471 ], [ -94.1205, 33.2946 ], [ -94.11873, 33.29459 ], [ -94.1184, 33.29433 ], [ -94.12049, 33.29257 ], [ -94.13971, 33.294 ], [ -94.13997, 33.29428 ], [ -94.14037, 33.29494 ], [ -94.14057, 33.29566 ], [ -94.14083, 33.29621 ], [ -94.14162, 33.29699 ], [ -94.1428, 33.29804 ], [ -94.14365, 33.29875 ], [ -94.14399, 33.29941 ], [ -94.14417, 33.30029 ], [ -94.14431, 33.30069 ], [ -94.1447, 33.30117 ], [ -94.14864, 33.30205 ], [ -94.1491, 33.3025 ], [ -94.14962, 33.30333 ], [ -94.15133, 33.30476 ], [ -94.15178, 33.30498 ], [ -94.1527, 33.30492 ], [ -94.15355, 33.30542 ], [ -94.15421, 33.3068 ], [ -94.15493, 33.30757 ], [ -94.15743, 33.30802 ], [ -94.15743, 33.30823 ], [ -94.1588, 33.31822 ], [ -94.15406, 33.31708 ], [ -94.15343, 33.31669 ], [ -94.15287, 33.31605 ], [ -94.15337, 33.31501 ], [ -94.153, 33.3143 ], [ -94.15093, 33.31337 ], [ -94.15287, 33.31473 ], [ -94.15307, 33.31518 ], [ -94.15244, 33.31571 ], [ -94.15259, 33.31642 ], [ -94.15671, 33.31849 ], [ -94.15718, 33.31858 ], [ -94.15859, 33.31866 ], [ -94.15938, 33.3176 ], [ -94.15795, 33.30775 ], [ -94.16123, 33.3089 ], [ -94.16344, 33.32165 ], [ -94.16501, 33.32063 ], [ -94.16991, 33.3224 ], [ -94.16596, 33.32338 ], [ -94.16695, 33.32624 ], [ -94.16434, 33.3264 ], [ -94.16391, 33.32773 ], [ -94.16721, 33.32804 ], [ -94.16463, 33.329 ], [ -94.1659, 33.33229 ], [ -94.16427, 33.33297 ], [ -94.16605, 33.33456 ], [ -94.16954, 33.32879 ], [ -94.17049, 33.332 ], [ -94.16172, 33.33808 ], [ -94.16439, 33.33732 ], [ -94.16459, 33.34079 ], [ -94.16907, 33.34314 ], [ -94.17028, 33.34595 ], [ -94.17131, 33.34521 ], [ -94.17179, 33.34776 ], [ -94.17257, 33.34675 ], [ -94.17472, 33.3482 ], [ -94.17164, 33.3516 ], [ -94.17575, 33.34927 ], [ -94.1756, 33.35158 ], [ -94.17752, 33.3503 ], [ -94.178, 33.3533 ], [ -94.17957, 33.35071 ], [ -94.18259, 33.35605 ], [ -94.18123, 33.35973 ], [ -94.18384, 33.35938 ], [ -94.18489, 33.35348 ], [ -94.19361, 33.35256 ], [ -94.1971, 33.35428 ], [ -94.19799, 33.35686 ], [ -94.19533, 33.3589 ], [ -94.19971, 33.35881 ], [ -94.20566, 33.36142 ], [ -94.20842, 33.36062 ], [ -94.2078, 33.35682 ], [ -94.20368, 33.35392 ], [ -94.20383, 33.35244 ], [ -94.20577, 33.35216 ], [ -94.20372, 33.35173 ], [ -94.20279, 33.35332 ], [ -94.19909, 33.35063 ], [ -94.19887, 33.35358 ], [ -94.19611, 33.34785 ], [ -94.19324, 33.34764 ], [ -94.19214, 33.3442 ], [ -94.18943, 33.34587 ], [ -94.18718, 33.34507 ], [ -94.18891, 33.34575 ], [ -94.18734, 33.34785 ], [ -94.18483, 33.34441 ], [ -94.18218, 33.34355 ], [ -94.18453, 33.34159 ], [ -94.18369, 33.33763 ], [ -94.18572, 33.33628 ], [ -94.18509, 33.33461 ], [ -94.18886, 33.33503 ], [ -94.18895, 33.33364 ], [ -94.1924, 33.33258 ], [ -94.19365, 33.3338 ], [ -94.19346, 33.33143 ], [ -94.19518, 33.33095 ], [ -94.19654, 33.33157 ], [ -94.19574, 33.33287 ], [ -94.19585, 33.33548 ], [ -94.1959, 33.33574 ], [ -94.19626, 33.33284 ], [ -94.19747, 33.3323 ], [ -94.19742, 33.33126 ], [ -94.19883, 33.33082 ], [ -94.19928, 33.33077 ], [ -94.20081, 33.33135 ], [ -94.19909, 33.33403 ], [ -94.20101, 33.33728 ], [ -94.20101, 33.33274 ], [ -94.20603, 33.33033 ], [ -94.20661, 33.33343 ], [ -94.20784, 33.33112 ], [ -94.20942, 33.33226 ], [ -94.20986, 33.33542 ], [ -94.21511, 33.33495 ], [ -94.21552, 33.33705 ], [ -94.21338, 33.34028 ], [ -94.21459, 33.33979 ], [ -94.21526, 33.34143 ], [ -94.2164, 33.33781 ], [ -94.21828, 33.34208 ], [ -94.21752, 33.3348 ], [ -94.21897, 33.33632 ], [ -94.21973, 33.33461 ], [ -94.22324, 33.3356 ], [ -94.22606, 33.33458 ], [ -94.22492, 33.33636 ], [ -94.22648, 33.33639 ], [ -94.22673, 33.3386 ], [ -94.22716, 33.33389 ], [ -94.22962, 33.33798 ], [ -94.23253, 33.3394 ], [ -94.2293, 33.33495 ], [ -94.23195, 33.33505 ], [ -94.23301, 33.33313 ], [ -94.23024, 33.33403 ], [ -94.22417, 33.33221 ], [ -94.23462, 33.32861 ], [ -94.23896, 33.33336 ], [ -94.23812, 33.33442 ], [ -94.24129, 33.33369 ], [ -94.2401, 33.33277 ], [ -94.24198, 33.33089 ], [ -94.24767, 33.33062 ], [ -94.25086, 33.33252 ], [ -94.25043, 33.33431 ], [ -94.25367, 33.33749 ], [ -94.25454, 33.33605 ], [ -94.25765, 33.3374 ], [ -94.26087, 33.33631 ], [ -94.26324, 33.33823 ], [ -94.26657, 33.33729 ], [ -94.2687, 33.34197 ], [ -94.27083, 33.33613 ], [ -94.27301, 33.33773 ], [ -94.27381, 33.33143 ], [ -94.27768, 33.3285 ], [ -94.27536, 33.32903 ], [ -94.27354, 33.32653 ], [ -94.2689, 33.32616 ], [ -94.26068, 33.32831 ], [ -94.25883, 33.32643 ], [ -94.26063, 33.32563 ], [ -94.26208, 33.31984 ], [ -94.25597, 33.32451 ], [ -94.25362, 33.32421 ], [ -94.25144, 33.32128 ], [ -94.25157, 33.32423 ], [ -94.24875, 33.32635 ], [ -94.24947, 33.32275 ], [ -94.24755, 33.322 ], [ -94.24671, 33.31833 ], [ -94.23513, 33.31346 ], [ -94.23566, 33.31549 ], [ -94.22934, 33.31686 ], [ -94.22829, 33.31848 ], [ -94.22988, 33.32055 ], [ -94.22699, 33.3217 ], [ -94.22481, 33.32059 ], [ -94.22657, 33.31945 ], [ -94.22637, 33.31372 ], [ -94.22339, 33.31989 ], [ -94.213, 33.3209 ], [ -94.21317, 33.31546 ], [ -94.21656, 33.30967 ], [ -94.22252, 33.30658 ], [ -94.22503, 33.30294 ], [ -94.23204, 33.30183 ], [ -94.23348, 33.30001 ], [ -94.23046, 33.29439 ], [ -94.22725, 33.2934 ], [ -94.22272, 33.29472 ], [ -94.22161, 33.29339 ], [ -94.23433, 33.29146 ], [ -94.23145, 33.28925 ], [ -94.23624, 33.28844 ], [ -94.2397, 33.28909 ], [ -94.2403, 33.29224 ], [ -94.24253, 33.2929 ], [ -94.24535, 33.29185 ], [ -94.24378, 33.29118 ], [ -94.24588, 33.29051 ], [ -94.24601, 33.28882 ], [ -94.24903, 33.29019 ], [ -94.24607, 33.28827 ], [ -94.2472, 33.28722 ], [ -94.24897, 33.28871 ], [ -94.25381, 33.28838 ], [ -94.25342, 33.29358 ], [ -94.25544, 33.29269 ], [ -94.25661, 33.29542 ], [ -94.25735, 33.29386 ], [ -94.25536, 33.29044 ], [ -94.26193, 33.28974 ], [ -94.2636, 33.29143 ], [ -94.2663, 33.29111 ], [ -94.26433, 33.28967 ], [ -94.26823, 33.2877 ], [ -94.25694, 33.28891 ], [ -94.25594, 33.2838 ], [ -94.24982, 33.2871 ], [ -94.24751, 33.28549 ], [ -94.24902, 33.28197 ], [ -94.25215, 33.28185 ], [ -94.25294, 33.27926 ], [ -94.26278, 33.27835 ], [ -94.2612, 33.27597 ], [ -94.26104, 33.27762 ], [ -94.25283, 33.27771 ], [ -94.25, 33.28054 ], [ -94.24839, 33.27968 ], [ -94.24807, 33.28326 ], [ -94.24472, 33.28719 ], [ -94.24157, 33.28614 ], [ -94.24137, 33.28498 ], [ -94.24406, 33.28422 ], [ -94.24235, 33.28266 ], [ -94.24366, 33.2816 ], [ -94.24235, 33.28195 ], [ -94.24458, 33.27791 ], [ -94.24623, 33.2776 ], [ -94.24472, 33.27698 ], [ -94.24915, 33.27346 ], [ -94.2445, 33.27491 ], [ -94.24135, 33.28346 ], [ -94.23728, 33.27665 ], [ -94.23891, 33.27612 ], [ -94.24022, 33.27445 ], [ -94.24056, 33.27375 ], [ -94.24169, 33.27328 ], [ -94.24207, 33.27299 ], [ -94.24016, 33.27111 ], [ -94.24161, 33.2684 ], [ -94.23983, 33.26597 ], [ -94.24265, 33.26322 ], [ -94.24764, 33.26806 ], [ -94.24895, 33.26763 ], [ -94.24685, 33.26487 ], [ -94.2477, 33.26399 ], [ -94.24369, 33.26211 ], [ -94.24233, 33.25957 ], [ -94.25532, 33.26376 ], [ -94.2596, 33.26248 ], [ -94.26606, 33.26401 ], [ -94.26326, 33.26305 ], [ -94.26356, 33.26193 ], [ -94.26817, 33.26161 ], [ -94.27177, 33.25701 ], [ -94.2743, 33.26507 ], [ -94.286, 33.26505 ], [ -94.29159, 33.26846 ], [ -94.29227, 33.27323 ], [ -94.28905, 33.27428 ], [ -94.28381, 33.27318 ], [ -94.2825, 33.27547 ], [ -94.2849, 33.27348 ], [ -94.28804, 33.27506 ], [ -94.2918, 33.27424 ], [ -94.29104, 33.27857 ], [ -94.29635, 33.28484 ], [ -94.30096, 33.28533 ], [ -94.30192, 33.27942 ], [ -94.30478, 33.27848 ], [ -94.30511, 33.27674 ], [ -94.31348, 33.28148 ], [ -94.31416, 33.28425 ], [ -94.31534, 33.28113 ], [ -94.31883, 33.27992 ], [ -94.32207, 33.28659 ], [ -94.32477, 33.28748 ], [ -94.32371, 33.29112 ], [ -94.32586, 33.28968 ], [ -94.32633, 33.2941 ], [ -94.32783, 33.29481 ], [ -94.32856, 33.29046 ], [ -94.33154, 33.2892 ], [ -94.33023, 33.28768 ], [ -94.33186, 33.28555 ], [ -94.33945, 33.28596 ], [ -94.34689, 33.28312 ], [ -94.34727, 33.28642 ], [ -94.3488, 33.28711 ], [ -94.34866, 33.28303 ], [ -94.34214, 33.27946 ], [ -94.34124, 33.2828 ], [ -94.33497, 33.28244 ], [ -94.33743, 33.27985 ], [ -94.33783, 33.2746 ], [ -94.34781, 33.26379 ], [ -94.35029, 33.2655 ], [ -94.35187, 33.27025 ], [ -94.35316, 33.26899 ], [ -94.35534, 33.27022 ], [ -94.35463, 33.27485 ], [ -94.3587, 33.27837 ], [ -94.3672, 33.2767 ], [ -94.36679, 33.27498 ], [ -94.3684, 33.27372 ], [ -94.3738, 33.27333 ], [ -94.37467, 33.27076 ], [ -94.37879, 33.26747 ], [ -94.38389, 33.26722 ], [ -94.38858, 33.27217 ], [ -94.38842, 33.26905 ], [ -94.39194, 33.2688 ], [ -94.39344, 33.27022 ], [ -94.39445, 33.26718 ], [ -94.39796, 33.26677 ], [ -94.39611, 33.26837 ], [ -94.39761, 33.27201 ], [ -94.40148, 33.27025 ], [ -94.40306, 33.27149 ], [ -94.40887, 33.27144 ], [ -94.40922, 33.27153 ], [ -94.40887, 33.27401 ], [ -94.4132, 33.27635 ], [ -94.41203, 33.28001 ], [ -94.41514, 33.28435 ], [ -94.42905, 33.28617 ], [ -94.43267, 33.28299 ], [ -94.43147, 33.28677 ], [ -94.43196, 33.28755 ], [ -94.43256, 33.28785 ], [ -94.43319, 33.28796 ], [ -94.43521, 33.28787 ], [ -94.43908, 33.28636 ], [ -94.43856, 33.28494 ], [ -94.44077, 33.28491 ], [ -94.4384, 33.28402 ], [ -94.43712, 33.28125 ], [ -94.43761, 33.28116 ], [ -94.43807, 33.2813 ], [ -94.43845, 33.28182 ], [ -94.43886, 33.28308 ], [ -94.43968, 33.2837 ], [ -94.44102, 33.28402 ], [ -94.44222, 33.2837 ], [ -94.44115, 33.282 ], [ -94.44394, 33.28152 ], [ -94.44451, 33.28168 ], [ -94.44893, 33.28393 ], [ -94.45015, 33.28416 ], [ -94.45198, 33.28377 ], [ -94.45258, 33.28404 ], [ -94.4534, 33.28725 ], [ -94.45637, 33.28723 ], [ -94.45798, 33.28546 ], [ -94.4582, 33.28578 ], [ -94.45804, 33.28844 ], [ -94.45948, 33.29089 ], [ -94.463, 33.28745 ], [ -94.46145, 33.29245 ], [ -94.46297, 33.29506 ], [ -94.46532, 33.29389 ], [ -94.46979, 33.29462 ], [ -94.4729, 33.28862 ], [ -94.47555, 33.29222 ], [ -94.47606, 33.28986 ], [ -94.48005, 33.29077 ], [ -94.48081, 33.28882 ], [ -94.47887, 33.28695 ], [ -94.48187, 33.28447 ], [ -94.48304, 33.28491 ], [ -94.48184, 33.28692 ], [ -94.48525, 33.28846 ], [ -94.48899, 33.28454 ], [ -94.49752, 33.28517 ], [ -94.49826, 33.28721 ], [ -94.49785, 33.28444 ], [ -94.50034, 33.286 ], [ -94.4993, 33.28355 ], [ -94.5039, 33.28325 ], [ -94.50673, 33.28392 ], [ -94.50681, 33.28119 ], [ -94.50853, 33.28275 ], [ -94.50987, 33.28165 ], [ -94.51475, 33.28262 ], [ -94.51374, 33.27895 ], [ -94.51813, 33.28184 ], [ -94.51909, 33.27888 ], [ -94.51677, 33.27689 ], [ -94.51805, 33.27432 ], [ -94.52007, 33.27483 ], [ -94.51898, 33.27705 ], [ -94.52201, 33.27673 ], [ -94.52975, 33.26723 ], [ -94.53314, 33.26615 ], [ -94.53491, 33.26663 ], [ -94.5345, 33.26954 ], [ -94.54003, 33.2695 ], [ -94.54126, 33.26851 ], [ -94.53908, 33.26751 ], [ -94.53982, 33.26453 ], [ -94.54224, 33.26647 ], [ -94.54486, 33.26542 ], [ -94.54568, 33.26824 ], [ -94.54911, 33.26707 ], [ -94.54974, 33.26512 ], [ -94.55429, 33.26906 ], [ -94.55666, 33.26737 ], [ -94.55552, 33.26597 ], [ -94.55833, 33.26107 ], [ -94.56272, 33.26224 ], [ -94.56517, 33.26522 ], [ -94.56618, 33.26313 ], [ -94.56877, 33.26421 ], [ -94.57076, 33.26077 ], [ -94.56964, 33.25766 ], [ -94.57324, 33.2566 ], [ -94.56961, 33.25335 ], [ -94.5728, 33.25257 ], [ -94.57226, 33.24971 ], [ -94.57539, 33.25143 ], [ -94.57924, 33.25095 ], [ -94.5782, 33.2476 ], [ -94.58584, 33.2496 ], [ -94.58504, 33.25321 ], [ -94.58837, 33.25129 ], [ -94.5881, 33.25417 ], [ -94.59284, 33.255 ], [ -94.59025, 33.2593 ], [ -94.60446, 33.25689 ], [ -94.60519, 33.25332 ], [ -94.60931, 33.25348 ], [ -94.60456, 33.24955 ], [ -94.60781, 33.24736 ], [ -94.61299, 33.2491 ], [ -94.61844, 33.24671 ], [ -94.61937, 33.24939 ], [ -94.624, 33.25196 ], [ -94.62701, 33.25043 ], [ -94.62957, 33.25206 ], [ -94.63462, 33.25124 ], [ -94.64151, 33.25376 ], [ -94.64238, 33.25802 ], [ -94.64478, 33.25722 ], [ -94.6495, 33.25912 ], [ -94.64835, 33.26031 ], [ -94.64996, 33.26279 ], [ -94.64936, 33.26503 ], [ -94.65132, 33.26535 ], [ -94.65001, 33.26787 ], [ -94.65206, 33.26874 ], [ -94.65456, 33.27431 ], [ -94.65224, 33.27559 ], [ -94.65778, 33.27637 ], [ -94.65922, 33.27527 ], [ -94.66206, 33.27756 ], [ -94.6596, 33.28047 ], [ -94.66083, 33.28045 ], [ -94.66091, 33.28287 ], [ -94.66743, 33.28331 ], [ -94.67493, 33.28613 ], [ -94.67226, 33.28796 ], [ -94.67234, 33.28986 ], [ -94.67476, 33.28906 ], [ -94.67566, 33.2906 ], [ -94.67356, 33.29291 ], [ -94.6779, 33.29451 ], [ -94.67809, 33.29046 ], [ -94.68185, 33.29357 ], [ -94.68665, 33.29286 ], [ -94.69034, 33.30019 ], [ -94.6911, 33.30771 ], [ -94.68985, 33.30938 ], [ -94.69162, 33.31229 ], [ -94.69336, 33.31153 ], [ -94.695, 33.30704 ], [ -94.69879, 33.31162 ], [ -94.7022, 33.3116 ], [ -94.70084, 33.31432 ], [ -94.70259, 33.3157 ], [ -94.70381, 33.31515 ], [ -94.70329, 33.313 ], [ -94.71066, 33.31135 ], [ -94.71025, 33.30846 ], [ -94.71459, 33.31178 ], [ -94.71756, 33.31132 ], [ -94.71671, 33.30722 ], [ -94.7187, 33.30798 ], [ -94.71977, 33.30642 ], [ -94.72206, 33.30896 ], [ -94.72266, 33.30697 ], [ -94.72843, 33.30886 ], [ -94.73013, 33.30871 ], [ -94.73185, 33.31136 ], [ -94.73145, 33.317 ], [ -94.7375, 33.31681 ], [ -94.7348, 33.31832 ], [ -94.73696, 33.31942 ], [ -94.73617, 33.32373 ], [ -94.7395, 33.32384 ], [ -94.73956, 33.327 ], [ -94.74499, 33.3297 ], [ -94.74672, 33.32882 ], [ -94.74605, 33.62113 ], [ -94.74589, 33.70291 ], [ -94.74071, 33.70045 ], [ -94.73562, 33.69151 ], [ -94.71932, 33.68875 ], [ -94.71573, 33.69481 ], [ -94.71681, 33.70067 ], [ -94.71942, 33.70381 ], [ -94.73048, 33.70725 ], [ -94.73471, 33.71467 ], [ -94.73006, 33.71595 ], [ -94.72608, 33.71493 ], [ -94.70581, 33.70618 ], [ -94.70067, 33.70131 ], [ -94.70419, 33.69703 ], [ -94.71422, 33.69708 ], [ -94.71813, 33.68856 ], [ -94.69421, 33.68571 ], [ -94.68458, 33.68424 ], [ -94.66764, 33.69449 ], [ -94.65896, 33.69203 ], [ -94.65119, 33.68573 ], [ -94.64872, 33.6864 ], [ -94.64686, 33.69051 ], [ -94.64841, 33.6969 ], [ -94.64769, 33.7004 ], [ -94.64567, 33.70167 ], [ -94.64156, 33.70027 ], [ -94.63881, 33.69759 ], [ -94.63866, 33.69513 ], [ -94.64528, 33.68583 ], [ -94.65019, 33.68433 ], [ -94.64513, 33.67353 ], [ -94.65165, 33.67034 ], [ -94.6616, 33.67502 ], [ -94.66733, 33.67269 ], [ -94.67055, 33.66919 ], [ -94.67035, 33.66582 ], [ -94.66844, 33.66374 ], [ -94.66162, 33.66035 ], [ -94.65471, 33.65981 ], [ -94.64903, 33.66249 ], [ -94.64571, 33.66183 ], [ -94.63847, 33.66388 ], [ -94.63071, 33.67333 ], [ -94.6285, 33.68042 ], [ -94.62124, 33.68248 ], [ -94.61597, 33.68013 ], [ -94.61133, 33.66996 ], [ -94.60545, 33.66424 ], [ -94.60146, 33.66267 ], [ -94.59579, 33.66375 ], [ -94.59184, 33.66693 ], [ -94.59175, 33.67275 ], [ -94.58982, 33.67574 ], [ -94.59282, 33.68391 ], [ -94.59138, 33.68575 ], [ -94.58798, 33.68615 ], [ -94.57941, 33.67751 ], [ -94.58104, 33.67351 ], [ -94.57906, 33.6707 ], [ -94.58058, 33.66628 ], [ -94.57767, 33.66557 ], [ -94.56346, 33.66916 ], [ -94.56013, 33.66648 ], [ -94.5646, 33.66169 ], [ -94.57656, 33.65865 ], [ -94.58677, 33.65008 ], [ -94.59026, 33.64496 ], [ -94.57986, 33.64438 ], [ -94.56227, 33.65656 ], [ -94.54804, 33.66029 ], [ -94.54471, 33.65587 ], [ -94.54551, 33.65038 ], [ -94.55111, 33.64446 ], [ -94.56803, 33.63751 ], [ -94.56977, 33.62836 ], [ -94.56387, 33.62615 ], [ -94.55317, 33.62747 ], [ -94.53754, 33.63815 ], [ -94.52792, 33.64114 ], [ -94.52163, 33.64061 ], [ -94.51832, 33.63746 ], [ -94.53265, 33.62732 ], [ -94.5354, 33.6236 ], [ -94.53472, 33.62058 ], [ -94.52817, 33.61588 ], [ -94.52341, 33.61574 ], [ -94.51963, 33.61796 ], [ -94.51771, 33.62362 ], [ -94.51998, 33.62983 ], [ -94.51726, 33.63294 ], [ -94.51144, 33.62298 ], [ -94.50441, 33.62057 ], [ -94.48816, 33.62729 ], [ -94.48754, 33.63052 ], [ -94.49146, 33.63634 ], [ -94.48567, 33.63775 ], [ -94.48061, 33.82291 ], [ -94.42403, 33.82209 ], [ -94.4232, 33.82333 ], [ -94.4156, 33.82281 ], [ -94.41566, 33.8217 ], [ -94.31899, 33.81879 ], [ -94.31953, 33.8018 ], [ -94.31987, 33.78947 ], [ -94.32806, 33.78983 ], [ -94.3282, 33.78125 ], [ -94.33766, 33.7813 ], [ -94.3377, 33.77575 ], [ -94.34629, 33.77608 ], [ -94.34631, 33.76644 ], [ -94.35605, 33.76558 ], [ -94.35743, 33.71049 ], [ -94.34164, 33.7105 ], [ -94.34192, 33.70317 ], [ -94.3224, 33.70276 ], [ -94.32729, 33.55155 ], [ -94.32107, 33.54891 ], [ -94.30938, 33.55155 ], [ -94.30621, 33.5555 ], [ -94.30698, 33.55968 ], [ -94.30082, 33.5729 ], [ -94.29306, 33.5803 ], [ -94.28683, 33.58229 ], [ -94.28245, 33.58086 ], [ -94.28041, 33.57479 ], [ -94.29017, 33.56779 ], [ -94.29149, 33.56336 ], [ -94.2907, 33.55875 ], [ -94.28737, 33.55706 ], [ -94.2754, 33.55784 ], [ -94.2718, 33.5614 ], [ -94.26547, 33.57347 ], [ -94.25722, 33.5828 ], [ -94.24258, 33.58959 ], [ -94.23678, 33.58729 ], [ -94.23664, 33.58079 ], [ -94.23867, 33.5766 ], [ -94.24417, 33.57343 ], [ -94.25091, 33.56516 ], [ -94.25213, 33.56174 ], [ -94.25071, 33.55715 ], [ -94.23771, 33.55255 ], [ -94.2262, 33.55279 ], [ -94.21903, 33.55598 ], [ -94.21341, 33.56301 ], [ -94.20544, 33.56711 ], [ -94.2034, 33.56643 ], [ -94.20025, 33.55677 ], [ -94.19516, 33.5553 ], [ -94.1916, 33.55697 ], [ -94.18969, 33.56135 ], [ -94.1925, 33.56493 ], [ -94.19596, 33.57017 ], [ -94.19864, 33.57647 ], [ -94.20139, 33.57723 ], [ -94.21113, 33.57365 ], [ -94.21595, 33.57627 ], [ -94.217, 33.58062 ], [ -94.2128, 33.58337 ], [ -94.20365, 33.57965 ], [ -94.19624, 33.58117 ], [ -94.18372, 33.59456 ], [ -94.17384, 33.59122 ], [ -94.16207, 33.58879 ], [ -94.16089, 33.58785 ], [ -94.16182, 33.58076 ], [ -94.15659, 33.57563 ], [ -94.15243, 33.5758 ], [ -94.14586, 33.58185 ], [ -94.14197, 33.58127 ], [ -94.14283, 33.5776 ], [ -94.15106, 33.57167 ], [ -94.15126, 33.56827 ], [ -94.14505, 33.56487 ], [ -94.13495, 33.57091 ], [ -94.13286, 33.55783 ], [ -94.13119, 33.55281 ], [ -94.12847, 33.55083 ], [ -94.12269, 33.55299 ], [ -94.12053, 33.56043 ], [ -94.12067, 33.56693 ], [ -94.11265, 33.56687 ], [ -94.09725, 33.5736 ], [ -94.08875, 33.5752 ], [ -94.08245, 33.57537 ], [ -94.07248, 33.57211 ], [ -94.07161, 33.57611 ], [ -94.07499, 33.58328 ], [ -94.07377, 33.5847 ], [ -94.07133, 33.58359 ], [ -94.07019, 33.57651 ], [ -94.06828, 33.57095 ], [ -94.06474, 33.5687 ] ] ] } },
{ "type": "Feature", "properties": { "HSA93": 45263, "HSANAME": "TX- VERNON", "STATE": 45, "HRR93": 420, "HRR93_NAME": "TX- WICHITA FALLS", "Persons90": 16915, "hosp_cnt": 1, "HSA_label": "Vernon" }, "geometry": { "type": "Polygon", "coordinates": [ [ [ -99.11958, 34.20168 ], [ -99.11249, 34.20567 ], [ -99.10807, 34.20512 ], [ -99.11061, 34.20446 ], [ -99.1084, 34.20331 ], [ -99.1019, 34.20533 ], [ -99.09912, 34.20971 ], [ -99.09506, 34.2117 ], [ -99.08869, 34.20834 ], [ -99.08037, 34.21136 ], [ -99.07563, 34.21113 ], [ -99.06289, 34.20674 ], [ -99.05845, 34.20117 ], [ -99.04844, 34.19812 ], [ -99.04312, 34.19812 ], [ -99.03592, 34.20683 ], [ -99.02423, 34.20391 ], [ -99.01704, 34.20626 ], [ -99.01272, 34.20313 ], [ -99.00151, 34.20995 ], [ -99.00396, 34.21195 ], [ -99.00435, 34.21442 ], [ -98.99147, 34.22148 ], [ -98.98694, 34.22114 ], [ -98.98101, 34.2175 ], [ -98.97624, 34.2062 ], [ -98.96865, 34.20121 ], [ -98.96595, 34.20124 ], [ -98.96212, 34.20458 ], [ -98.96196, 34.21122 ], [ -98.96044, 34.21294 ], [ -98.95216, 34.21256 ], [ -98.95276, 33.83403 ], [ -99.16226, 33.834 ], [ -99.47524, 33.83397 ], [ -99.47414, 33.73341 ], [ -99.47803, 33.74295 ], [ -99.47565, 33.75182 ], [ -99.47828, 33.75327 ], [ -99.4816, 33.74958 ], [ -99.4842, 33.7505 ], [ -99.49277, 33.76744 ], [ -99.49447, 33.76799 ], [ -99.49886, 33.76396 ], [ -99.50134, 33.76377 ], [ -99.50372, 33.77085 ], [ -99.50835, 33.77246 ], [ -99.51313, 33.7721 ], [ -99.51985, 33.76834 ], [ -99.52209, 33.77423 ], [ -99.52176, 33.78133 ], [ -99.5262, 33.78415 ], [ -99.54118, 33.77998 ], [ -99.54505, 33.78047 ], [ -99.54626, 33.78333 ], [ -99.54146, 33.79332 ], [ -99.54453, 33.79554 ], [ -99.55281, 33.79536 ], [ -99.55611, 33.79829 ], [ -99.56042, 33.79176 ], [ -99.56349, 33.78977 ], [ -99.56777, 33.79199 ], [ -99.57254, 33.79224 ], [ -99.57408, 33.79401 ], [ -99.57348, 33.80044 ], [ -99.57803, 33.80237 ], [ -99.57806, 33.79226 ], [ -99.5819, 33.78441 ], [ -99.59855, 33.78717 ], [ -99.59984, 33.79017 ], [ -99.59765, 33.79666 ], [ -99.60791, 33.79512 ], [ -99.61655, 33.79984 ], [ -99.62064, 33.79986 ], [ -99.6227, 33.80277 ], [ -99.62606, 33.80398 ], [ -99.63369, 33.80213 ], [ -99.63481, 33.8054 ], [ -99.63278, 33.80884 ], [ -99.6327, 33.81324 ], [ -99.63684, 33.81757 ], [ -99.65223, 33.81799 ], [ -99.6583, 33.81034 ], [ -99.66341, 33.80805 ], [ -99.67095, 33.81879 ], [ -99.67729, 33.82443 ], [ -99.68742, 33.82736 ], [ -99.69681, 33.82562 ], [ -99.69933, 33.81833 ], [ -99.69927, 33.80026 ], [ -99.70448, 33.80037 ], [ -99.71074, 33.7979 ], [ -99.71145, 33.80056 ], [ -99.70814, 33.81089 ], [ -99.72186, 33.81416 ], [ -99.72339, 33.81148 ], [ -99.72079, 33.80711 ], [ -99.72048, 33.80115 ], [ -99.7258, 33.79783 ], [ -99.72484, 33.79991 ], [ -99.7305, 33.80305 ], [ -99.73948, 33.81141 ], [ -99.74365, 33.81111 ], [ -99.74715, 33.80281 ], [ -99.7582, 33.80346 ], [ -99.75817, 33.80627 ], [ -99.75139, 33.80891 ], [ -99.75471, 33.81193 ], [ -99.75451, 33.82164 ], [ -99.75816, 33.82391 ], [ -99.7637, 33.82309 ], [ -99.76538, 33.8195 ], [ -99.76994, 33.81734 ], [ -99.7743, 33.82124 ], [ -99.78163, 33.81771 ], [ -99.79148, 33.82434 ], [ -99.79507, 33.82402 ], [ -99.79708, 33.82326 ], [ -99.79647, 33.82189 ], [ -99.78936, 33.82007 ], [ -99.79472, 33.81657 ], [ -99.80989, 33.82727 ], [ -99.81357, 33.82626 ], [ -99.81843, 33.82042 ], [ -99.82397, 33.82106 ], [ -99.83088, 33.81727 ], [ -99.83366, 33.8193 ], [ -99.8313, 33.82427 ], [ -99.83652, 33.8296 ], [ -99.83501, 33.83572 ], [ -99.99606, 33.83588 ], [ -100.0481, 33.83589 ], [ -100.04665, 34.22971 ], [ -100.04243, 34.2279 ], [ -100.03694, 34.23871 ], [ -100.02235, 34.23891 ], [ -100.00941, 34.24188 ], [ -100.00613, 34.23687 ], [ -100.00696, 34.23091 ], [ -100.00567, 34.2256 ], [ -99.99724, 34.22428 ], [ -99.77167, 34.09321 ], [ -99.76515, 34.09281 ], [ -99.74422, 34.10124 ], [ -99.73378, 34.09346 ], [ -99.71878, 34.09873 ], [ -99.71121, 34.09747 ], [ -99.70504, 34.09859 ], [ -99.70322, 34.09772 ], [ -99.70234, 34.09312 ], [ -99.67902, 34.09383 ], [ -99.67434, 34.08833 ], [ -99.6541, 34.09834 ], [ -99.64691, 34.09898 ], [ -99.63733, 34.09719 ], [ -99.62833, 34.09205 ], [ -99.62569, 34.09295 ], [ -99.62533, 34.09627 ], [ -99.62363, 34.0964 ], [ -99.61958, 34.09144 ], [ -99.61677, 34.08293 ], [ -99.59645, 34.08288 ], [ -99.58444, 34.0794 ], [ -99.575, 34.06934 ], [ -99.57167, 34.06252 ], [ -99.5658, 34.06048 ], [ -99.55273, 34.0611 ], [ -99.54813, 34.05569 ], [ -99.5377, 34.06309 ], [ -99.53699, 34.06561 ], [ -99.53828, 34.0671 ], [ -99.53646, 34.07186 ], [ -99.53178, 34.07481 ], [ -99.51419, 34.07387 ], [ -99.50607, 34.07721 ], [ -99.49932, 34.07114 ], [ -99.49434, 34.06979 ], [ -99.49261, 34.06617 ], [ -99.48947, 34.0656 ], [ -99.47865, 34.07559 ], [ -99.47524, 34.08534 ], [ -99.47445, 34.39594 ], [ -99.46776, 34.39665 ], [ -99.46336, 34.39365 ], [ -99.46007, 34.3805 ], [ -99.45441, 34.38128 ], [ -99.4548, 34.38611 ], [ -99.45391, 34.38866 ], [ -99.45228, 34.38817 ], [ -99.44001, 34.37277 ], [ -99.43582, 34.37053 ], [ -99.4304, 34.3711 ], [ -99.43047, 34.374 ], [ -99.42867, 34.37583 ], [ -99.42935, 34.38103 ], [ -99.42684, 34.38515 ], [ -99.42424, 34.38584 ], [ -99.42125, 34.38421 ], [ -99.42007, 34.38039 ], [ -99.41355, 34.37775 ], [ -99.40848, 34.3727 ], [ -99.39988, 34.37454 ], [ -99.39589, 34.38118 ], [ -99.39492, 34.39813 ], [ -99.38656, 34.41087 ], [ -99.39654, 34.41861 ], [ -99.39665, 34.42393 ], [ -99.39269, 34.42761 ], [ -99.39244, 34.43192 ], [ -99.39551, 34.43497 ], [ -99.39459, 34.44202 ], [ -99.38864, 34.44685 ], [ -99.38065, 34.45686 ], [ -99.37658, 34.45853 ], [ -99.36925, 34.45862 ], [ -99.35843, 34.45579 ], [ -99.35453, 34.45228 ], [ -99.35486, 34.44885 ], [ -99.35635, 34.44207 ], [ -99.33965, 34.43007 ], [ -99.33367, 34.42746 ], [ -99.32831, 34.42231 ], [ -99.31924, 34.40879 ], [ -99.30891, 34.40962 ], [ -99.29429, 34.4153 ], [ -99.28525, 34.41227 ], [ -99.28251, 34.40739 ], [ -99.28285, 34.40285 ], [ -99.27973, 34.40056 ], [ -99.27199, 34.40072 ], [ -99.26599, 34.40539 ], [ -99.26096, 34.40342 ], [ -99.26152, 34.39495 ], [ -99.25862, 34.39116 ], [ -99.26415, 34.38801 ], [ -99.2736, 34.38748 ], [ -99.27457, 34.38482 ], [ -99.26951, 34.38075 ], [ -99.25949, 34.37751 ], [ -99.25834, 34.37255 ], [ -99.25436, 34.37233 ], [ -99.24861, 34.3759 ], [ -99.24259, 34.37259 ], [ -99.24786, 34.36734 ], [ -99.24675, 34.36469 ], [ -99.2442, 34.36361 ], [ -99.2373, 34.36662 ], [ -99.23623, 34.36572 ], [ -99.23689, 34.36101 ], [ -99.23389, 34.35338 ], [ -99.22774, 34.34938 ], [ -99.23291, 34.34402 ], [ -99.23225, 34.3423 ], [ -99.22579, 34.33965 ], [ -99.21443, 34.34084 ], [ -99.21059, 34.33676 ], [ -99.20937, 34.32485 ], [ -99.20543, 34.31913 ], [ -99.21312, 34.31059 ], [ -99.20953, 34.29882 ], [ -99.21129, 34.29215 ], [ -99.2072, 34.28342 ], [ -99.19525, 34.28076 ], [ -99.19431, 34.27178 ], [ -99.19913, 34.26066 ], [ -99.19371, 34.26018 ], [ -99.19129, 34.2577 ], [ -99.19608, 34.24923 ], [ -99.1968, 34.24421 ], [ -99.18979, 34.22958 ], [ -99.19175, 34.21661 ], [ -99.18769, 34.21377 ], [ -99.15866, 34.20879 ], [ -99.15607, 34.20703 ], [ -99.14821, 34.20863 ], [ -99.14363, 34.21468 ], [ -99.13787, 34.21907 ], [ -99.13025, 34.21932 ], [ -99.12719, 34.2179 ], [ -99.12626, 34.21524 ], [ -99.1312, 34.20927 ], [ -99.1307, 34.2056 ], [ -99.12621, 34.20292 ], [ -99.11958, 34.20168 ] ] ] } },
{ "type": "Feature", "properties": { "HSA93": 45270, "HSANAME": "TX- WELLINGTON", "STATE": 45, "HRR93": 383, "HRR93_NAME": "TX- AMARILLO", "Persons90": 3521, "hosp_cnt": 1, "HSA_label": "Wellington" }, "geometry": { "type": "Polygon", "coordinates": [ [ [ -100.0, 34.81239 ], [ -100.0, 34.7464 ], [ -100.0, 34.68175 ], [ -100.02707, 34.68153 ], [ -100.04725, 34.67432 ], [ -100.15299, 34.67421 ], [ -100.15237, 34.74711 ], [ -100.4155, 34.74747 ], [ -100.5403, 34.74767 ], [ -100.54004, 34.81565 ], [ -100.5354, 34.81359 ], [ -100.53379, 34.81792 ], [ -100.52574, 34.81821 ], [ -100.52404, 34.82495 ], [ -100.51885, 34.82426 ], [ -100.51838, 34.82657 ], [ -100.51624, 34.82723 ], [ -100.51576, 34.83051 ], [ -100.5104, 34.82792 ], [ -100.50838, 34.82925 ], [ -100.50385, 34.82812 ], [ -100.50296, 34.83318 ], [ -100.49343, 34.83259 ], [ -100.48999, 34.83776 ], [ -100.48172, 34.8385 ], [ -100.47886, 34.84139 ], [ -100.47645, 34.85568 ], [ -100.46948, 34.85806 ], [ -100.45847, 34.85213 ], [ -100.45497, 34.85303 ], [ -100.45298, 34.85841 ], [ -100.44703, 34.85655 ], [ -100.44339, 34.85005 ], [ -100.44325, 34.84675 ], [ -100.43842, 34.84339 ], [ -100.43447, 34.84442 ], [ -100.4267, 34.843 ], [ -100.42467, 34.8449 ], [ -100.41761, 34.84641 ], [ -100.41345, 34.84464 ], [ -100.41114, 34.84758 ], [ -100.40661, 34.84812 ], [ -100.40114, 34.84645 ], [ -100.38975, 34.84791 ], [ -100.3757, 34.83877 ], [ -100.371, 34.84278 ], [ -100.37303, 34.84433 ], [ -100.37161, 34.84637 ], [ -100.36428, 34.84088 ], [ -100.36061, 34.83997 ], [ -100.35417, 34.8459 ], [ -100.3505, 34.84705 ], [ -100.35195, 34.84863 ], [ -100.35148, 34.85861 ], [ -100.3534, 34.86381 ], [ -100.35832, 34.86475 ], [ -100.35929, 34.86857 ], [ -100.35652, 34.87634 ], [ -100.35875, 34.89097 ], [ -100.36005, 34.89257 ], [ -100.36319, 34.89257 ], [ -100.36286, 34.94289 ], [ -100.35925, 34.94575 ], [ -100.35928, 34.95134 ], [ -100.35484, 34.9603 ], [ -100.34766, 34.96692 ], [ -100.35095, 34.98201 ], [ -100.34979, 34.98498 ], [ -100.33963, 34.9939 ], [ -100.33229, 34.99449 ], [ -100.3258, 34.98778 ], [ -100.31016, 34.99351 ], [ -100.31197, 34.99456 ], [ -100.32469, 34.99323 ], [ -100.32889, 34.9969 ], [ -100.33159, 35.00373 ], [ -100.33749, 35.00487 ], [ -100.34086, 35.01527 ], [ -100.35823, 35.0181 ], [ -100.3623, 35.01668 ], [ -100.38196, 35.03042 ], [ -100.39251, 35.03352 ], [ -100.4022, 35.03265 ], [ -100.42024, 35.02015 ], [ -100.43666, 35.01381 ], [ -100.44913, 35.01259 ], [ -100.4554, 35.00909 ], [ -100.47376, 35.00973 ], [ -100.48493, 35.01352 ], [ -100.5, 35.01447 ], [ -100.5067, 35.01103 ], [ -100.50556, 35.00253 ], [ -100.50826, 35.0 ], [ -100.52936, 34.99939 ], [ -100.53234, 34.99563 ], [ -100.53924, 34.99386 ], [ -100.53857, 35.1831 ], [ -100.0, 35.18265 ], [ -100.0, 35.15358 ], [ -100.0, 35.03033 ], [ -100.0, 34.81239 ] ] ] } },
{ "type": "Feature", "properties": { "HSA93": 45274, "HSANAME": "TX- WHEELER", "STATE": 45, "HRR93": 383, "HRR93_NAME": "TX- AMARILLO", "Persons90": 2952, "hosp_cnt": 1, "HSA_label": "Wheeler" }, "geometry": { "type": "Polygon", "coordinates": [ [ [ -100.44133, 35.4001 ], [ -100.44567, 35.39882 ], [ -100.45221, 35.39266 ], [ -100.45853, 35.38947 ], [ -100.46773, 35.38917 ], [ -100.48602, 35.39427 ], [ -100.50182, 35.39473 ], [ -100.51021, 35.39437 ], [ -100.51468, 35.39201 ], [ -100.53839, 35.38829 ], [ -100.5398, 35.61925 ], [ -100.33968, 35.61946 ], [ -100.0, 35.61907 ], [ -100.0, 35.54768 ], [ -100.0, 35.44648 ], [ -100.0, 35.42229 ], [ -100.0, 35.29954 ], [ -100.00501, 35.29906 ], [ -100.00859, 35.30057 ], [ -100.01929, 35.29765 ], [ -100.02881, 35.29735 ], [ -100.05937, 35.30675 ], [ -100.0708, 35.30814 ], [ -100.0775, 35.30693 ], [ -100.08342, 35.30858 ], [ -100.09538, 35.30548 ], [ -100.10295, 35.30942 ], [ -100.1191, 35.31104 ], [ -100.12805, 35.30728 ], [ -100.13323, 35.29883 ], [ -100.14041, 35.29703 ], [ -100.14622, 35.29043 ], [ -100.15407, 35.29021 ], [ -100.16401, 35.29328 ], [ -100.17585, 35.28678 ], [ -100.18663, 35.28412 ], [ -100.20345, 35.28483 ], [ -100.21216, 35.27789 ], [ -100.21403, 35.26836 ], [ -100.2198, 35.25572 ], [ -100.22686, 35.25283 ], [ -100.23211, 35.25336 ], [ -100.2496, 35.2683 ], [ -100.26319, 35.26829 ], [ -100.26892, 35.26577 ], [ -100.27729, 35.26497 ], [ -100.28597, 35.2674 ], [ -100.28974, 35.27539 ], [ -100.29611, 35.28325 ], [ -100.29747, 35.2909 ], [ -100.30183, 35.29488 ], [ -100.30448, 35.30118 ], [ -100.31412, 35.31332 ], [ -100.31205, 35.32401 ], [ -100.31231, 35.33207 ], [ -100.32019, 35.3378 ], [ -100.32337, 35.3448 ], [ -100.3229, 35.35106 ], [ -100.32642, 35.35428 ], [ -100.33945, 35.35998 ], [ -100.347, 35.36823 ], [ -100.34683, 35.37269 ], [ -100.34866, 35.375 ], [ -100.375, 35.375 ], [ -100.375, 35.38778 ], [ -100.38065, 35.39001 ], [ -100.39055, 35.39107 ], [ -100.3993, 35.39421 ], [ -100.40937, 35.39272 ], [ -100.41633, 35.39689 ], [ -100.42483, 35.39841 ], [ -100.43504, 35.39767 ], [ -100.44133, 35.4001 ] ] ] } },
{ "type": "Feature", "properties": { "HSA93": 45276, "HSANAME": "TX- WICHITA FALLS", "STATE": 45, "HRR93": 420, "HRR93_NAME": "TX- WICHITA FALLS", "Persons90": 144237, "hosp_cnt": 5, "HSA_label": "Wichita Falls" }, "geometry": { "type": "MultiPolygon", "coordinates": [ [ [ [ -98.52221, 34.28974 ], [ -98.46979, 34.28979 ], [ -98.47005, 34.26077 ], [ -98.43678, 34.26095 ], [ -98.43499, 34.26416 ], [ -98.43485, 34.27529 ], [ -98.38762, 34.27522 ], [ -98.39071, 34.26985 ], [ -98.38618, 34.26628 ], [ -98.38746, 34.25723 ], [ -98.3865, 34.25352 ], [ -98.38324, 34.25212 ], [ -98.38429, 34.24929 ], [ -98.38261, 34.24741 ], [ -98.38313, 34.24541 ], [ -98.38156, 34.24477 ], [ -98.38672, 34.23928 ], [ -98.38673, 34.23506 ], [ -98.38929, 34.23229 ], [ -98.38927, 34.2254 ], [ -98.38632, 34.22379 ], [ -98.3829, 34.22454 ], [ -98.38384, 34.22198 ], [ -98.38265, 34.22104 ], [ -98.38428, 34.21893 ], [ -98.38086, 34.21863 ], [ -98.37858, 34.21508 ], [ -98.37272, 34.2168 ], [ -98.37222, 34.21323 ], [ -98.36922, 34.21756 ], [ -98.37005, 34.22076 ], [ -98.36473, 34.21921 ], [ -98.36494, 34.21683 ], [ -98.3613, 34.21415 ], [ -98.35739, 34.2136 ], [ -98.35518, 34.21656 ], [ -98.35485, 34.21479 ], [ -98.35276, 34.21447 ], [ -98.35292, 34.21239 ], [ -98.34994, 34.21175 ], [ -98.35047, 34.20939 ], [ -98.34851, 34.20756 ], [ -98.34261, 34.20843 ], [ -98.34153, 34.21019 ], [ -98.33911, 34.2063 ], [ -98.33665, 34.20861 ], [ -98.33902, 34.20985 ], [ -98.33461, 34.21008 ], [ -98.33194, 34.20738 ], [ -98.33111, 34.21017 ], [ -98.32642, 34.20625 ], [ -98.32612, 34.20341 ], [ -98.32254, 34.2033 ], [ -98.32174, 34.20619 ], [ -98.31832, 34.20009 ], [ -98.31393, 34.20538 ], [ -98.31217, 34.20438 ], [ -98.3152, 34.20121 ], [ -98.31294, 34.19984 ], [ -98.31256, 34.20254 ], [ -98.30734, 34.20415 ], [ -98.30685, 34.20628 ], [ -98.30338, 34.20353 ], [ -98.30031, 34.20463 ], [ -98.30194, 34.20094 ], [ -98.30001, 34.1981 ], [ -98.29701, 34.19613 ], [ -98.28935, 34.19514 ], [ -98.28885, 34.19139 ], [ -98.28543, 34.19127 ], [ -98.28356, 34.18935 ], [ -98.28928, 34.18551 ], [ -98.28738, 34.17996 ], [ -98.28333, 34.17739 ], [ -98.27849, 34.17702 ], [ -98.27678, 34.17507 ], [ -98.27701, 34.17113 ], [ -98.28242, 34.1697 ], [ -98.28352, 34.16679 ], [ -98.28176, 34.16363 ], [ -98.27653, 34.16138 ], [ -98.27736, 34.15887 ], [ -98.2811, 34.15704 ], [ -98.27926, 34.1513 ], [ -98.27175, 34.14781 ], [ -98.26416, 34.15126 ], [ -98.26406, 34.14471 ], [ -98.26915, 34.13567 ], [ -98.26734, 34.13176 ], [ -98.25295, 34.12964 ], [ -98.23882, 34.13445 ], [ -98.23215, 34.13455 ], [ -98.22524, 34.12919 ], [ -98.22328, 34.125 ], [ -98.21614, 34.12173 ], [ -98.2089, 34.1209 ], [ -98.20339, 34.11758 ], [ -98.1688, 34.11408 ], [ -98.15404, 34.12264 ], [ -98.13875, 34.14178 ], [ -98.13232, 34.149 ], [ -98.12306, 34.15445 ], [ -98.10915, 34.15402 ], [ -98.10286, 34.14823 ], [ -98.10024, 34.14339 ], [ -98.10286, 34.1351 ], [ -98.10203, 34.13183 ], [ -98.09299, 34.13233 ], [ -98.08991, 34.13009 ], [ -98.09034, 34.12189 ], [ -98.0948, 34.1111 ], [ -98.10226, 34.09994 ], [ -98.11207, 34.09099 ], [ -98.12072, 34.08117 ], [ -98.11989, 34.07203 ], [ -98.11771, 34.06697 ], [ -98.10086, 34.05026 ], [ -98.08716, 34.04401 ], [ -98.08215, 34.03933 ], [ -98.08349, 34.03656 ], [ -98.08872, 34.03374 ], [ -98.09205, 34.03383 ], [ -98.0983, 34.03876 ], [ -98.1022, 34.03887 ], [ -98.1052, 34.03667 ], [ -98.10594, 34.0336 ], [ -98.10278, 34.02852 ], [ -98.08371, 34.01427 ], [ -98.08208, 34.00974 ], [ -98.08849, 34.00708 ], [ -98.08651, 34.00415 ], [ -98.08252, 34.00232 ], [ -98.0478, 33.99438 ], [ -98.02736, 33.99326 ], [ -98.01479, 33.99404 ], [ -97.99055, 33.99878 ], [ -97.97386, 34.00662 ], [ -97.95801, 33.99075 ], [ -97.94616, 33.99064 ], [ -97.94564, 33.9883 ], [ -97.96004, 33.95183 ], [ -97.97386, 33.94273 ], [ -97.97375, 33.94019 ], [ -97.97086, 33.93703 ], [ -97.96311, 33.93614 ], [ -97.95415, 33.93768 ], [ -97.9527, 33.93246 ], [ -97.95338, 33.92428 ], [ -97.95791, 33.9128 ], [ -97.96415, 33.9073 ], [ -97.96956, 33.9059 ], [ -97.97665, 33.91245 ], [ -97.97849, 33.91245 ], [ -97.98324, 33.9039 ], [ -97.98406, 33.89793 ], [ -97.97755, 33.88983 ], [ -97.97757, 33.84179 ], [ -97.97752, 33.81603 ], [ -97.97795, 33.77396 ], [ -97.97849, 33.72737 ], [ -97.9786, 33.46702 ], [ -97.97865, 33.43364 ], [ -97.91788, 33.43376 ], [ -97.9188, 33.30737 ], [ -97.91926, 33.17249 ], [ -97.9451, 33.16119 ], [ -97.95044, 33.16078 ], [ -97.9548, 33.16243 ], [ -97.96771, 33.17336 ], [ -97.98765, 33.17937 ], [ -98.0024, 33.18074 ], [ -98.01352, 33.18515 ], [ -98.02932, 33.18602 ], [ -98.04809, 33.18944 ], [ -98.06961, 33.18573 ], [ -98.07724, 33.1874 ], [ -98.07939, 33.18527 ], [ -98.07776, 33.18268 ], [ -98.08103, 33.18064 ], [ -98.07936, 33.17686 ], [ -98.08606, 33.1759 ], [ -98.08598, 33.17063 ], [ -98.09276, 33.16808 ], [ -98.09088, 33.16256 ], [ -98.09167, 33.1594 ], [ -98.09965, 33.15885 ], [ -98.11388, 33.17461 ], [ -98.11782, 33.16783 ], [ -98.12648, 33.13712 ], [ -98.12809, 33.12638 ], [ -98.11882, 33.10418 ], [ -98.1211, 33.09524 ], [ -98.12117, 33.07925 ], [ -98.12354, 33.07849 ], [ -98.124, 33.07623 ], [ -98.13232, 33.07549 ], [ -98.13262, 33.06873 ], [ -98.13083, 33.06473 ], [ -98.23626, 33.06386 ], [ -98.24123, 33.0623 ], [ -98.2709, 33.06434 ], [ -98.27577, 33.06922 ], [ -98.27043, 33.07577 ], [ -98.27391, 33.08338 ], [ -98.27198, 33.08524 ], [ -98.27603, 33.09042 ], [ -98.26873, 33.09999 ], [ -98.27053, 33.10123 ], [ -98.27001, 33.10785 ], [ -98.26219, 33.11213 ], [ -98.26303, 33.11534 ], [ -98.26606, 33.11701 ], [ -98.26379, 33.11944 ], [ -98.26449, 33.1219 ], [ -98.25915, 33.125 ], [ -98.26047, 33.12846 ], [ -98.27073, 33.13523 ], [ -98.27152, 33.14313 ], [ -98.26931, 33.1454 ], [ -98.26701, 33.16148 ], [ -98.26695, 33.1769 ], [ -98.29392, 33.17342 ], [ -98.29373, 33.18857 ], [ -98.29185, 33.18866 ], [ -98.29187, 33.19915 ], [ -98.29735, 33.19906 ], [ -98.29893, 33.20076 ], [ -98.30113, 33.21634 ], [ -98.30476, 33.21732 ], [ -98.30539, 33.22878 ], [ -98.28924, 33.22875 ], [ -98.28843, 33.2337 ], [ -98.28128, 33.23881 ], [ -98.28134, 33.24836 ], [ -98.27626, 33.25386 ], [ -98.27645, 33.25679 ], [ -98.27318, 33.25863 ], [ -98.27359, 33.26298 ], [ -98.28335, 33.27118 ], [ -98.29346, 33.27659 ], [ -98.30274, 33.28672 ], [ -98.31545, 33.29563 ], [ -98.37312, 33.29603 ], [ -98.42058, 33.29647 ], [ -98.42012, 33.37662 ], [ -98.42034, 33.39609 ], [ -98.75, 33.39555 ], [ -98.95359, 33.39743 ], [ -98.95276, 33.83403 ], [ -98.83874, 33.83432 ], [ -98.83909, 33.875 ], [ -98.84489, 33.88851 ], [ -98.84992, 33.89543 ], [ -98.84805, 33.89715 ], [ -98.84582, 33.89536 ], [ -98.8395, 33.89745 ], [ -98.83687, 33.90537 ], [ -98.83874, 33.9059 ], [ -98.83654, 33.90858 ], [ -98.81019, 33.91218 ], [ -98.80852, 33.91516 ], [ -98.81022, 33.9163 ], [ -98.81146, 33.9237 ], [ -98.81676, 33.93078 ], [ -98.81976, 33.93248 ], [ -98.8186, 33.93312 ], [ -98.81896, 33.93449 ], [ -98.82033, 33.9341 ], [ -98.81951, 33.93564 ], [ -98.82275, 33.93717 ], [ -98.8252, 33.93626 ], [ -98.82968, 33.93807 ], [ -98.83704, 33.93813 ], [ -98.83703, 33.99508 ], [ -98.78808, 33.97458 ], [ -98.76906, 33.97206 ], [ -98.7673, 33.97565 ], [ -98.76709, 34.0 ], [ -98.76593, 34.00209 ], [ -98.76658, 34.02363 ], [ -98.76486, 34.06205 ], [ -98.78583, 34.06183 ], [ -98.78468, 34.12052 ], [ -98.7629, 34.11852 ], [ -98.75937, 34.12207 ], [ -98.75311, 34.12452 ], [ -98.74025, 34.1262 ], [ -98.73395, 34.13567 ], [ -98.72329, 34.1351 ], [ -98.7172, 34.13636 ], [ -98.71213, 34.13107 ], [ -98.70271, 34.13581 ], [ -98.69026, 34.13288 ], [ -98.68053, 34.14058 ], [ -98.67629, 34.14282 ], [ -98.67058, 34.14928 ], [ -98.64774, 34.16435 ], [ -98.64289, 34.16444 ], [ -98.61901, 34.15658 ], [ -98.60982, 34.15701 ], [ -98.60915, 34.3044 ], [ -98.55709, 34.30402 ], [ -98.55706, 34.28961 ], [ -98.52221, 34.28974 ] ] ], [ [ [ -99.08031, 33.39793 ], [ -98.95359, 33.39743 ], [ -98.95316, 33.28614 ], [ -98.95281, 33.23446 ], [ -98.95224, 33.16357 ], [ -98.95131, 33.05528 ], [ -98.95053, 32.9568 ], [ -99.09567, 32.95693 ], [ -99.19041, 32.95668 ], [ -99.4709, 32.95692 ], [ -99.47125, 33.09135 ], [ -99.47191, 33.32141 ], [ -99.47208, 33.39893 ], [ -99.08031, 33.39793 ] ] ] ] } }
]
}
