{"type": "FeatureCollection", "features": [{"type": "Feature", "properties": {"hpsa_id": "1401026115", "name": "HEALTHY LIVING CAMPUS", "score": 18, "discipline": "Primary Care", "type": "Indian Health Service, Tribal Health, and Urban Indian Health Organizations", "status": "Designated", "rural": "Rural", "provider_ratio": null, "designation_pop": "38839.0", "underserved_pop": null, "pct_poverty": null, "lat": 35.90666673101444, "lng": -94.99968222805573, "county": "Cherokee"}, "geometry": {"type": "Point", "coordinates": [-97.853549683606, 36.409806508483]}}, {"type": "Feature", "properties": {"hpsa_id": "1401039068", "name": "Rubin White Health Center", "score": 18, "discipline": "Primary Care", "type": "Indian Health Service, Tribal Health, and Urban Indian Health Organizations", "status": "Designated", "rural": "Rural", "provider_ratio": null, "designation_pop": "13821.0", "underserved_pop": null, "pct_poverty": null, "lat": 34.900309476541416, "lng": -94.70338802180916, "county": "Le Flore"}, "geometry": {"type": "Point", "coordinates": [-97.5025, 35.4675]}}, {"type": "Feature", "properties": {"hpsa_id": "1401045946", "name": "Kickapoo Tribal Health Center (Mcloud)", "score": 18, "discipline": "Primary Care", "type": "Indian Health Service, Tribal Health, and Urban Indian Health Organizations", "status": "Designated", "rural": "Rural", "provider_ratio": null, "designation_pop": "39016.0", "underserved_pop": null, "pct_poverty": null, "lat": 35.702956064877334, "lng": -96.88089194794273, "county": "Lincoln"}, "geometry": {"type": "Point", "coordinates": [-97.088856974736, 35.484898829532]}}, {"type": "Feature", "properties": {"hpsa_id": "1401424644", "name": "Absentee Shawnee Tribe Health System Shawnee Clinic", "score": 18, "discipline": "Primary Care", "type": "Indian Health Service, Tribal Health, and Urban Indian Health Organizations", "status": "Designated", "rural": "Rural", "provider_ratio": null, "designation_pop": "30950.0", "underserved_pop": null, "pct_poverty": null, "lat": 35.20662591167293, "lng": -96.94837723676049, "county": "Pottawatomie"}, "geometry": {"type": "Point", "coordinates": [-96.621223417678, 35.767525483588]}}, {"type": "Feature", "properties": {"hpsa_id": "1401638392", "name": "Choctaw Nation Mcalester Health Clinic", "score": 18, "discipline": "Primary Care", "type": "Indian Health Service, Tribal Health, and Urban Indian Health Organizations", "status": "Designated", "rural": "Rural", "provider_ratio": null, "designation_pop": "17109.0", "underserved_pop": null, "pct_poverty": null, "lat": 34.923872279116246, "lng": -95.74839570336823, "county": "Pittsburg"}, "geometry": {"type": "Point", "coordinates": [-95.750616821408, 34.934287054035]}}, {"type": "Feature", "properties": {"hpsa_id": "1401646349", "name": "Oklahoma State Penitentiary - McAlester", "score": 3, "discipline": "Primary Care", "type": "Correctional Facility", "status": "Designated", "rural": "Rural", "provider_ratio": "1000:1", "designation_pop": "1021.0", "underserved_pop": null, "pct_poverty": null, "lat": 34.923872279116246, "lng": -95.74839570336823, "county": "Pittsburg"}, "geometry": {"type": "Point", "coordinates": [-95.750616821408, 34.934287054035]}}, {"type": "Feature", "properties": {"hpsa_id": "1401677347", "name": "Quapaw Counseling Center", "score": 18, "discipline": "Primary Care", "type": "Indian Health Service, Tribal Health, and Urban Indian Health Organizations", "status": "Designated", "rural": "Rural", "provider_ratio": null, "designation_pop": "15478.0", "underserved_pop": null, "pct_poverty": null, "lat": 36.83552481880731, "lng": -94.81044371359195, "county": "Ottawa"}, "geometry": {"type": "Point", "coordinates": [-94.838908330461, 36.919500141733]}}, {"type": "Feature", "properties": {"hpsa_id": "1401698111", "name": "ARBUCKLE FAMILY CLINIC", "score": 16, "discipline": "Primary Care", "type": "Rural Health Clinic", "status": "Designated", "rural": "Rural", "provider_ratio": null, "designation_pop": "32810.0", "underserved_pop": null, "pct_poverty": null, "lat": 34.482329067262846, "lng": -97.0679118321657, "county": "Murray"}, "geometry": {"type": "Point", "coordinates": [-96.995120172126, 34.506243112622]}}, {"type": "Feature", "properties": {"hpsa_id": "1401787538", "name": "North Fork Correctional Facility", "score": 6, "discipline": "Primary Care", "type": "Correctional Facility", "status": "Designated", "rural": "Rural", "provider_ratio": "1000:1", "designation_pop": "2447.0", "underserved_pop": null, "pct_poverty": null, "lat": 35.26871854055191, "lng": -99.68196481384858, "county": "Beckham"}, "geometry": {"type": "Point", "coordinates": [-99.2832, 35.1767]}}, {"type": "Feature", "properties": {"hpsa_id": "1401903301", "name": "Claremore Indian Hospital", "score": 17, "discipline": "Primary Care", "type": "Indian Health Service, Tribal Health, and Urban Indian Health Organizations", "status": "Designated", "rural": "Rural", "provider_ratio": null, "designation_pop": "83485.0", "underserved_pop": null, "pct_poverty": null, "lat": 36.3715408654746, "lng": -95.60433521800311, "county": "Rogers"}, "geometry": {"type": "Point", "coordinates": [-95.628290138039, 36.316619261693]}}, {"type": "Feature", "properties": {"hpsa_id": "1401927438", "name": "NEWMAN HEALTHCARE ASSOCIATES", "score": 14, "discipline": "Primary Care", "type": "Rural Health Clinic", "status": "Designated", "rural": "Rural", "provider_ratio": null, "designation_pop": "9467.0", "underserved_pop": null, "pct_poverty": null, "lat": 36.21835479985328, "lng": -99.75463940607318, "county": "Ellis"}, "geometry": {"type": "Point", "coordinates": [-95.9813, 36.1353]}}, {"type": "Feature", "properties": {"hpsa_id": "1401974048", "name": "Wetumka Indian Health Center", "score": 18, "discipline": "Primary Care", "type": "Indian Health Service, Tribal Health, and Urban Indian Health Organizations", "status": "Designated", "rural": "Rural", "provider_ratio": null, "designation_pop": "17580.0", "underserved_pop": null, "pct_poverty": null, "lat": 35.04836489843609, "lng": -96.25018554486198, "county": "Hughes"}, "geometry": {"type": "Point", "coordinates": [-96.239007464572, 35.234863068027]}}, {"type": "Feature", "properties": {"hpsa_id": "1402162609", "name": "Cherokee Nation Ga Du Gi", "score": 18, "discipline": "Primary Care", "type": "Indian Health Service, Tribal Health, and Urban Indian Health Organizations", "status": "Designated", "rural": "Rural", "provider_ratio": null, "designation_pop": "47265.0", "underserved_pop": null, "pct_poverty": null, "lat": 35.90666673101444, "lng": -94.99968222805573, "county": "Cherokee"}, "geometry": {"type": "Point", "coordinates": [-95.731785460623, 36.073312274813]}}, {"type": "Feature", "properties": {"hpsa_id": "1402230873", "name": "AMC MEDICAL CLINIC LLC", "score": 17, "discipline": "Primary Care", "type": "Rural Health Clinic", "status": "Designated", "rural": "Rural", "provider_ratio": null, "designation_pop": "43027.0", "underserved_pop": null, "pct_poverty": null, "lat": 35.37364242227482, "lng": -95.66680528402311, "county": "McIntosh"}, "geometry": {"type": "Point", "coordinates": [-97.067141411592, 36.72775122183]}}, {"type": "Feature", "properties": {"hpsa_id": "1402540602", "name": "Muscogee (Creek) Nation Okemah Creek Nation Community Hospital", "score": 18, "discipline": "Primary Care", "type": "Indian Health Service, Tribal Health, and Urban Indian Health Organizations", "status": "Designated", "rural": "Rural", "provider_ratio": null, "designation_pop": "16772.0", "underserved_pop": null, "pct_poverty": null, "lat": 35.46545347434502, "lng": -96.32278895502492, "county": "Okfuskee"}, "geometry": {"type": "Point", "coordinates": [-96.112794971476, 35.998749987699]}}, {"type": "Feature", "properties": {"hpsa_id": "1402543094", "name": "Cherokee Nation Health Services Wilma P. Mankiller Health Center", "score": 18, "discipline": "Primary Care", "type": "Indian Health Service, Tribal Health, and Urban Indian Health Organizations", "status": "Designated", "rural": "Rural", "provider_ratio": null, "designation_pop": "37661.0", "underserved_pop": null, "pct_poverty": null, "lat": 35.883939921206576, "lng": -94.65872807399646, "county": "Adair"}, "geometry": {"type": "Point", "coordinates": [-95.731785460623, 36.073312274813]}}, {"type": "Feature", "properties": {"hpsa_id": "1402557649", "name": "GOOD SHEPHERD COMMUNITY CLINIC, INC.", "score": 14, "discipline": "Primary Care", "type": "Federally Qualified Health Center", "status": "Designated", "rural": "Rural", "provider_ratio": null, "designation_pop": "18925.0", "underserved_pop": null, "pct_poverty": null, "lat": 34.25086598383519, "lng": -97.28575665505844, "county": "Carter"}, "geometry": {"type": "Point", "coordinates": [-97.124232334451, 34.184649172704]}}, {"type": "Feature", "properties": {"hpsa_id": "1402993456", "name": "CF-Dick Conner", "score": 3, "discipline": "Primary Care", "type": "Correctional Facility", "status": "Designated", "rural": "Non-Rural", "provider_ratio": "1000:1", "designation_pop": "1199.0", "underserved_pop": null, "pct_poverty": null, "lat": 36.629153449643326, "lng": -96.39848209672019, "county": "Osage"}, "geometry": {"type": "Point", "coordinates": [-96.5556, 36.5403]}}, {"type": "Feature", "properties": {"hpsa_id": "1403218545", "name": "ABC MEDICAL CLINIC OF HOLDENVILLE", "score": 18, "discipline": "Primary Care", "type": "Rural Health Clinic", "status": "Designated", "rural": "Rural", "provider_ratio": null, "designation_pop": "26619.0", "underserved_pop": null, "pct_poverty": null, "lat": 35.04836489843609, "lng": -96.25018554486198, "county": "Hughes"}, "geometry": {"type": "Point", "coordinates": [-96.389572529639, 35.086110410105]}}, {"type": "Feature", "properties": {"hpsa_id": "1403283736", "name": "Council Oak Comprehensive Health", "score": 17, "discipline": "Primary Care", "type": "Indian Health Service, Tribal Health, and Urban Indian Health Organizations", "status": "Designated", "rural": "Non-Rural", "provider_ratio": null, "designation_pop": "122526.0", "underserved_pop": null, "pct_poverty": null, "lat": 36.1211037849327, "lng": -95.94146615089537, "county": "Tulsa"}, "geometry": {"type": "Point", "coordinates": [-95.867924495699, 36.050106399058]}}, {"type": "Feature", "properties": {"hpsa_id": "1403489839", "name": "SEILING REGIONAL MEDICAL CENTER - RHC", "score": 16, "discipline": "Primary Care", "type": "Rural Health Clinic", "status": "Designated", "rural": "Rural", "provider_ratio": null, "designation_pop": "11628.0", "underserved_pop": null, "pct_poverty": null, "lat": 35.987646906465926, "lng": -99.00789538422937, "county": "Dewey"}, "geometry": {"type": "Point", "coordinates": [-98.920682143566, 36.145941976956]}}, {"type": "Feature", "properties": {"hpsa_id": "1403545008", "name": "Citizen Potawatomi Nation West Clinic", "score": 17, "discipline": "Primary Care", "type": "Indian Health Service, Tribal Health, and Urban Indian Health Organizations", "status": "Designated", "rural": "Rural", "provider_ratio": null, "designation_pop": "60195.0", "underserved_pop": null, "pct_poverty": null, "lat": 35.20662591167293, "lng": -96.94837723676049, "county": "Pottawatomie"}, "geometry": {"type": "Point", "coordinates": [-96.935378247769, 35.260658516754]}}, {"type": "Feature", "properties": {"hpsa_id": "1403823859", "name": "MCCURTAIN MEMORIAL RURAL HEALTH CLINICS", "score": 17, "discipline": "Primary Care", "type": "Rural Health Clinic", "status": "Designated", "rural": "Rural", "provider_ratio": null, "designation_pop": "21723.0", "underserved_pop": null, "pct_poverty": null, "lat": 34.115432569844394, "lng": -94.77132912247683, "county": "McCurtain"}, "geometry": {"type": "Point", "coordinates": [-94.739503524848, 34.034361011728]}}, {"type": "Feature", "properties": {"hpsa_id": "1403984020", "name": "Chickasaw Nation Medical Center", "score": 18, "discipline": "Primary Care", "type": "Indian Health Service, Tribal Health, and Urban Indian Health Organizations", "status": "Designated", "rural": "Rural", "provider_ratio": null, "designation_pop": "19602.0", "underserved_pop": null, "pct_poverty": null, "lat": 34.72804982731131, "lng": -96.68438358908809, "county": "Pontotoc"}, "geometry": {"type": "Point", "coordinates": [-96.6829913, 34.8000198]}}, {"type": "Feature", "properties": {"hpsa_id": "1404059596", "name": "FAIRVIEW FAMILY CLINIC", "score": 15, "discipline": "Primary Care", "type": "Rural Health Clinic", "status": "Designated", "rural": "Rural", "provider_ratio": null, "designation_pop": "11854.0", "underserved_pop": null, "pct_poverty": null, "lat": 36.31164544940459, "lng": -98.53594116889823, "county": "Major"}, "geometry": {"type": "Point", "coordinates": [-98.474689481741, 36.275250391808]}}, {"type": "Feature", "properties": {"hpsa_id": "1404208270", "name": "FCI-El Reno", "score": 12, "discipline": "Primary Care", "type": "Correctional Facility", "status": "Designated", "rural": "Non-Rural", "provider_ratio": "1000:0", "designation_pop": "1362.0", "underserved_pop": null, "pct_poverty": null, "lat": 35.542426313693305, "lng": -97.98235767611979, "county": "Canadian"}, "geometry": {"type": "Point", "coordinates": [-97.9519, 35.5389]}}, {"type": "Feature", "properties": {"hpsa_id": "1404256939", "name": "Choctaw Nation Stigler Health Clinic", "score": 18, "discipline": "Primary Care", "type": "Indian Health Service, Tribal Health, and Urban Indian Health Organizations", "status": "Designated", "rural": "Rural", "provider_ratio": null, "designation_pop": "12684.0", "underserved_pop": null, "pct_poverty": null, "lat": 35.224795586766675, "lng": -95.11664572160755, "county": "Haskell"}, "geometry": {"type": "Point", "coordinates": [-94.81796383723, 33.880839797013]}}, {"type": "Feature", "properties": {"hpsa_id": "1404538708", "name": "Echota Behavioral Health", "score": 18, "discipline": "Primary Care", "type": "Indian Health Service, Tribal Health, and Urban Indian Health Organizations", "status": "Designated", "rural": "Rural", "provider_ratio": null, "designation_pop": "40705.0", "underserved_pop": null, "pct_poverty": null, "lat": 35.90666673101444, "lng": -94.99968222805573, "county": "Cherokee"}, "geometry": {"type": "Point", "coordinates": [-94.9869688, 35.9153068]}}, {"type": "Feature", "properties": {"hpsa_id": "1404649194", "name": "Crossover Health Services, Inc.", "score": 14, "discipline": "Primary Care", "type": "Federally Qualified Health Center Look A Like", "status": "Designated", "rural": "Non-Rural", "provider_ratio": null, "designation_pop": "295706.0", "underserved_pop": null, "pct_poverty": null, "lat": 36.1211037849327, "lng": -95.94146615089537, "county": "Tulsa"}, "geometry": {"type": "Point", "coordinates": [-95.97950794028, 36.205910299564]}}, {"type": "Feature", "properties": {"hpsa_id": "1404736208", "name": "Oklahoma City Indian Clinic", "score": 18, "discipline": "Primary Care", "type": "Indian Health Service, Tribal Health, and Urban Indian Health Organizations", "status": "Designated", "rural": "Non-Rural", "provider_ratio": null, "designation_pop": "96832.0", "underserved_pop": null, "pct_poverty": null, "lat": 35.55150894431967, "lng": -97.40723834433054, "county": "Oklahoma"}, "geometry": {"type": "Point", "coordinates": [-97.607588955781, 35.464481486421]}}, {"type": "Feature", "properties": {"hpsa_id": "1404765415", "name": "Joseph Harp Correctional Center", "score": 6, "discipline": "Primary Care", "type": "Correctional Facility", "status": "Designated", "rural": "Non-Rural", "provider_ratio": "1000:1", "designation_pop": "1264.0", "underserved_pop": null, "pct_poverty": null, "lat": 35.203076997915495, "lng": -97.32646562390933, "county": "Cleveland"}, "geometry": {"type": "Point", "coordinates": [-97.3094, 35.1964]}}, {"type": "Feature", "properties": {"hpsa_id": "1404811259", "name": "BUFFALO FAMILY HEALTH CLINIC", "score": 13, "discipline": "Primary Care", "type": "Rural Health Clinic", "status": "Designated", "rural": "Rural", "provider_ratio": null, "designation_pop": "9242.0", "underserved_pop": null, "pct_poverty": null, "lat": 36.78876579770035, "lng": -99.66733603248106, "county": "Harper"}, "geometry": {"type": "Point", "coordinates": [-94.838908330461, 36.919500141733]}}, {"type": "Feature", "properties": {"hpsa_id": "1404828035", "name": "Lexington Correctional Center ( Lark)", "score": 3, "discipline": "Primary Care", "type": "Correctional Facility", "status": "Designated", "rural": "Non-Rural", "provider_ratio": "1000:1", "designation_pop": "3898.0", "underserved_pop": null, "pct_poverty": null, "lat": 35.203076997915495, "lng": -97.32646562390933, "county": "Cleveland"}, "geometry": {"type": "Point", "coordinates": [-97.3352, 35.2103]}}, {"type": "Feature", "properties": {"hpsa_id": "1404892924", "name": "Choctaw Nation Regional Medical Clinic", "score": 18, "discipline": "Primary Care", "type": "Indian Health Service, Tribal Health, and Urban Indian Health Organizations", "status": "Designated", "rural": "Rural", "provider_ratio": null, "designation_pop": "16603.0", "underserved_pop": null, "pct_poverty": null, "lat": 33.96226810348996, "lng": -96.25980952826535, "county": "Bryan"}, "geometry": {"type": "Point", "coordinates": [-94.81796383723, 33.880839797013]}}, {"type": "Feature", "properties": {"hpsa_id": "1404893590", "name": "Choctaw Nation Hugo Health Clinic", "score": 18, "discipline": "Primary Care", "type": "Indian Health Service, Tribal Health, and Urban Indian Health Organizations", "status": "Designated", "rural": "Rural", "provider_ratio": null, "designation_pop": "9537.0", "underserved_pop": null, "pct_poverty": null, "lat": 34.026612756674055, "lng": -95.55222689488166, "county": "Choctaw"}, "geometry": {"type": "Point", "coordinates": [-94.81796383723, 33.880839797013]}}, {"type": "Feature", "properties": {"hpsa_id": "1404921977", "name": "JONES ACADEMY SCHOOL HC", "score": 18, "discipline": "Primary Care", "type": "Indian Health Service, Tribal Health, and Urban Indian Health Organizations", "status": "Designated", "rural": "Rural", "provider_ratio": null, "designation_pop": "12499.0", "underserved_pop": null, "pct_poverty": null, "lat": 34.923872279116246, "lng": -95.74839570336823, "county": "Pittsburg"}, "geometry": {"type": "Point", "coordinates": [-97.430880362329, 35.825809240424]}}, {"type": "Feature", "properties": {"hpsa_id": "1404935865", "name": "Muscogee Nation Behavioral Health Services-Okmulgee", "score": 18, "discipline": "Primary Care", "type": "Indian Health Service, Tribal Health, and Urban Indian Health Organizations", "status": "Designated", "rural": "Rural", "provider_ratio": null, "designation_pop": "29913.0", "underserved_pop": null, "pct_poverty": null, "lat": 35.646604127621586, "lng": -95.9642725795913, "county": "Okmulgee"}, "geometry": {"type": "Point", "coordinates": [-96.112794971476, 35.998749987699]}}, {"type": "Feature", "properties": {"hpsa_id": "1404944200", "name": "CIMARRON MEMORIAL RURAL HEALTH CLINIC", "score": 15, "discipline": "Primary Care", "type": "Rural Health Clinic", "status": "Designated", "rural": "Rural", "provider_ratio": null, "designation_pop": "5107.0", "underserved_pop": null, "pct_poverty": null, "lat": 36.748263427546206, "lng": -102.51775591354784, "county": "Cimarron"}, "geometry": {"type": "Point", "coordinates": [-100.9288, 36.7517]}}, {"type": "Feature", "properties": {"hpsa_id": "1404963885", "name": "Citizen Potawatomi Nation Health Center", "score": 18, "discipline": "Primary Care", "type": "Indian Health Service, Tribal Health, and Urban Indian Health Organizations", "status": "Designated", "rural": "Rural", "provider_ratio": null, "designation_pop": "29930.0", "underserved_pop": null, "pct_poverty": null, "lat": 35.20662591167293, "lng": -96.94837723676049, "county": "Pottawatomie"}, "geometry": {"type": "Point", "coordinates": [-96.935378247769, 35.260658516754]}}, {"type": "Feature", "properties": {"hpsa_id": "1405070511", "name": "ACCESS MEDICAL CLINIC", "score": 15, "discipline": "Primary Care", "type": "Rural Health Clinic", "status": "Designated", "rural": "Rural", "provider_ratio": null, "designation_pop": "47156.0", "underserved_pop": null, "pct_poverty": null, "lat": 35.90666673101444, "lng": -94.99968222805573, "county": "Cherokee"}, "geometry": {"type": "Point", "coordinates": [-94.961039658422, 35.915434257328]}}, {"type": "Feature", "properties": {"hpsa_id": "1405124627", "name": "Ardmore Health Clinic", "score": 17, "discipline": "Primary Care", "type": "Indian Health Service, Tribal Health, and Urban Indian Health Organizations", "status": "Designated", "rural": "Rural", "provider_ratio": null, "designation_pop": "14781.0", "underserved_pop": null, "pct_poverty": null, "lat": 34.25086598383519, "lng": -97.28575665505844, "county": "Carter"}, "geometry": {"type": "Point", "coordinates": [-97.143450065798, 34.176461588132]}}, {"type": "Feature", "properties": {"hpsa_id": "1405172005", "name": "Cherokee Nation Health Services Cherokee Nation WW Hastings Indian Hospital", "score": 18, "discipline": "Primary Care", "type": "Indian Health Service, Tribal Health, and Urban Indian Health Organizations", "status": "Designated", "rural": "Rural", "provider_ratio": null, "designation_pop": "45051.0", "underserved_pop": null, "pct_poverty": null, "lat": 35.90666673101444, "lng": -94.99968222805573, "county": "Cherokee"}, "geometry": {"type": "Point", "coordinates": [-95.731785460623, 36.073312274813]}}, {"type": "Feature", "properties": {"hpsa_id": "1405279571", "name": "PAWHUSKA FAMILY MEDICAL CLINIC", "score": 16, "discipline": "Primary Care", "type": "Rural Health Clinic", "status": "Designated", "rural": "Rural", "provider_ratio": null, "designation_pop": "22269.0", "underserved_pop": null, "pct_poverty": null, "lat": 36.629153449643326, "lng": -96.39848209672019, "county": "Osage"}, "geometry": {"type": "Point", "coordinates": [-96.325799256038, 36.672872826831]}}, {"type": "Feature", "properties": {"hpsa_id": "1405560658", "name": "The Osage Nation Wah-Zha-Zhi Health Center", "score": 17, "discipline": "Primary Care", "type": "Indian Health Service, Tribal Health, and Urban Indian Health Organizations", "status": "Designated", "rural": "Rural", "provider_ratio": null, "designation_pop": "9416.0", "underserved_pop": null, "pct_poverty": null, "lat": 36.629153449643326, "lng": -96.39848209672019, "county": "Osage"}, "geometry": {"type": "Point", "coordinates": [-96.3408604, 36.6648986]}}, {"type": "Feature", "properties": {"hpsa_id": "1405565918", "name": "MERCY HOSPITAL LOGAN COUNTY - GUTHRIE DIVISION", "score": 15, "discipline": "Primary Care", "type": "Rural Health Clinic", "status": "Designated", "rural": "Rural", "provider_ratio": null, "designation_pop": "192115.0", "underserved_pop": null, "pct_poverty": null, "lat": 35.91934009584195, "lng": -97.4433199413484, "county": "Logan"}, "geometry": {"type": "Point", "coordinates": [-94.6178271, 35.2410596]}}, {"type": "Feature", "properties": {"hpsa_id": "1405893338", "name": "OKCIC - SW Tower", "score": 17, "discipline": "Primary Care", "type": "Indian Health Service, Tribal Health, and Urban Indian Health Organizations", "status": "Designated", "rural": "Non-Rural", "provider_ratio": null, "designation_pop": "97201.0", "underserved_pop": null, "pct_poverty": null, "lat": 35.55150894431967, "lng": -97.40723834433054, "county": "Oklahoma"}, "geometry": {"type": "Point", "coordinates": [-97.5283, 35.4564]}}, {"type": "Feature", "properties": {"hpsa_id": "1406074143", "name": "LAVERNE FAMILY HEALTH CLINIC", "score": 15, "discipline": "Primary Care", "type": "Rural Health Clinic", "status": "Designated", "rural": "Rural", "provider_ratio": null, "designation_pop": "5697.0", "underserved_pop": null, "pct_poverty": null, "lat": 36.78876579770035, "lng": -99.66733603248106, "county": "Harper"}, "geometry": {"type": "Point", "coordinates": [-99.9063285, 36.7096135]}}, {"type": "Feature", "properties": {"hpsa_id": "1406075036", "name": "FTC-Oklahoma City", "score": 6, "discipline": "Primary Care", "type": "Correctional Facility", "status": "Designated", "rural": "Non-Rural", "provider_ratio": "1000:1", "designation_pop": "50375.0", "underserved_pop": null, "pct_poverty": null, "lat": 35.55150894431967, "lng": -97.40723834433054, "county": "Oklahoma"}, "geometry": {"type": "Point", "coordinates": [-97.5158, 35.4358]}}, {"type": "Feature", "properties": {"hpsa_id": "1406907563", "name": "Choctaw Nation Atoka Health Clinic", "score": 18, "discipline": "Primary Care", "type": "Indian Health Service, Tribal Health, and Urban Indian Health Organizations", "status": "Designated", "rural": "Rural", "provider_ratio": null, "designation_pop": "13835.0", "underserved_pop": null, "pct_poverty": null, "lat": 34.37365093806245, "lng": -96.03784905887385, "county": "Atoka"}, "geometry": {"type": "Point", "coordinates": [-94.81796383723, 33.880839797013]}}, {"type": "Feature", "properties": {"hpsa_id": "1407042526", "name": "SKIATOOK FAMILY CLINIC", "score": 15, "discipline": "Primary Care", "type": "Rural Health Clinic", "status": "Designated", "rural": "Non-Rural", "provider_ratio": null, "designation_pop": "200829.0", "underserved_pop": null, "pct_poverty": null, "lat": 36.1211037849327, "lng": -95.94146615089537, "county": "Tulsa"}, "geometry": {"type": "Point", "coordinates": [-96.019933584058, 36.367169811629]}}, {"type": "Feature", "properties": {"hpsa_id": "1407441491", "name": "CARNEGIE MEDICAL CLINIC", "score": 17, "discipline": "Primary Care", "type": "Rural Health Clinic", "status": "Designated", "rural": "Rural", "provider_ratio": null, "designation_pop": "16416.0", "underserved_pop": null, "pct_poverty": null, "lat": 35.17441267631783, "lng": -98.37514644512834, "county": "Caddo"}, "geometry": {"type": "Point", "coordinates": [-98.604601656728, 35.107143219298]}}, {"type": "Feature", "properties": {"hpsa_id": "1407462695", "name": "Oklahoma City Indian Clinic Ann Arbor", "score": 18, "discipline": "Primary Care", "type": "Indian Health Service, Tribal Health, and Urban Indian Health Organizations", "status": "Designated", "rural": "Non-Rural", "provider_ratio": null, "designation_pop": "96932.0", "underserved_pop": null, "pct_poverty": null, "lat": 35.55150894431967, "lng": -97.40723834433054, "county": "Oklahoma"}, "geometry": {"type": "Point", "coordinates": [-97.599775610593, 35.522268718357]}}, {"type": "Feature", "properties": {"hpsa_id": "1407787710", "name": "Riverwalk Health and Wellness Center", "score": 16, "discipline": "Primary Care", "type": "Indian Health Service, Tribal Health, and Urban Indian Health Organizations", "status": "Designated", "rural": "Non-Rural", "provider_ratio": null, "designation_pop": "111206.0", "underserved_pop": null, "pct_poverty": null, "lat": 36.1211037849327, "lng": -95.94146615089537, "county": "Tulsa"}, "geometry": {"type": "Point", "coordinates": [-95.951014784862, 36.729083674759]}}, {"type": "Feature", "properties": {"hpsa_id": "1407816214", "name": "COMMUNITY CLINIC OF BEAVER", "score": 15, "discipline": "Primary Care", "type": "Rural Health Clinic", "status": "Designated", "rural": "Rural", "provider_ratio": null, "designation_pop": "5304.0", "underserved_pop": null, "pct_poverty": null, "lat": 36.74965258537306, "lng": -100.47679108469661, "county": "Beaver"}, "geometry": {"type": "Point", "coordinates": [-97.49597513043, 35.49327009509]}}, {"type": "Feature", "properties": {"hpsa_id": "1407835385", "name": "Absentee Shawnee Tribe Health System Little Axe Health Center", "score": 17, "discipline": "Primary Care", "type": "Indian Health Service, Tribal Health, and Urban Indian Health Organizations", "status": "Designated", "rural": "Non-Rural", "provider_ratio": null, "designation_pop": "52530.0", "underserved_pop": null, "pct_poverty": null, "lat": 35.203076997915495, "lng": -97.32646562390933, "county": "Cleveland"}, "geometry": {"type": "Point", "coordinates": [-96.621223417678, 35.767525483588]}}, {"type": "Feature", "properties": {"hpsa_id": "1407840555", "name": "Purcell Health Clinic", "score": 17, "discipline": "Primary Care", "type": "Indian Health Service, Tribal Health, and Urban Indian Health Organizations", "status": "Designated", "rural": "Non-Rural", "provider_ratio": null, "designation_pop": "36956.0", "underserved_pop": null, "pct_poverty": null, "lat": 35.00932659606803, "lng": -97.44428111756898, "county": "McClain"}, "geometry": {"type": "Point", "coordinates": [-97.365616833491, 35.026089377227]}}, {"type": "Feature", "properties": {"hpsa_id": "1407856234", "name": "Muscogee (Creek) Nation Eufaula Indian Health Center", "score": 18, "discipline": "Primary Care", "type": "Indian Health Service, Tribal Health, and Urban Indian Health Organizations", "status": "Designated", "rural": "Rural", "provider_ratio": null, "designation_pop": "26714.0", "underserved_pop": null, "pct_poverty": null, "lat": 35.37364242227482, "lng": -95.66680528402311, "county": "McIntosh"}, "geometry": {"type": "Point", "coordinates": [-96.112794971476, 35.998749987699]}}, {"type": "Feature", "properties": {"hpsa_id": "1408194411", "name": "CHEROKEE NATION HEALTH SERVICES JACK BROWN YOUTH TREATMENT CENTER", "score": 18, "discipline": "Primary Care", "type": "Indian Health Service, Tribal Health, and Urban Indian Health Organizations", "status": "Designated", "rural": "Rural", "provider_ratio": null, "designation_pop": "45033.0", "underserved_pop": null, "pct_poverty": null, "lat": 35.90666673101444, "lng": -94.99968222805573, "county": "Cherokee"}, "geometry": {"type": "Point", "coordinates": [-96.110282080127, 36.138487490809]}}, {"type": "Feature", "properties": {"hpsa_id": "1408238836", "name": "Choctaw Nation Broken Bow Health Clinic", "score": 18, "discipline": "Primary Care", "type": "Indian Health Service, Tribal Health, and Urban Indian Health Organizations", "status": "Designated", "rural": "Rural", "provider_ratio": null, "designation_pop": "8247.0", "underserved_pop": null, "pct_poverty": null, "lat": 34.115432569844394, "lng": -94.77132912247683, "county": "McCurtain"}, "geometry": {"type": "Point", "coordinates": [-94.81796383723, 33.880839797013]}}, {"type": "Feature", "properties": {"hpsa_id": "1408249712", "name": "Sac & Fox Nation Black Hawk Health Center", "score": 18, "discipline": "Primary Care", "type": "Indian Health Service, Tribal Health, and Urban Indian Health Organizations", "status": "Designated", "rural": "Rural", "provider_ratio": null, "designation_pop": "14065.0", "underserved_pop": null, "pct_poverty": null, "lat": 35.702956064877334, "lng": -96.88089194794273, "county": "Lincoln"}, "geometry": {"type": "Point", "coordinates": [-95.907748430135, 36.017282723178]}}, {"type": "Feature", "properties": {"hpsa_id": "1408282659", "name": "Choctaw Nation Idabel Health Clinic", "score": 18, "discipline": "Primary Care", "type": "Indian Health Service, Tribal Health, and Urban Indian Health Organizations", "status": "Designated", "rural": "Rural", "provider_ratio": null, "designation_pop": "8227.0", "underserved_pop": null, "pct_poverty": null, "lat": 34.115432569844394, "lng": -94.77132912247683, "county": "McCurtain"}, "geometry": {"type": "Point", "coordinates": [-94.81796383723, 33.880839797013]}}, {"type": "Feature", "properties": {"hpsa_id": "1408669222", "name": "Choctaw Nation Health Care Center", "score": 18, "discipline": "Primary Care", "type": "Indian Health Service, Tribal Health, and Urban Indian Health Organizations", "status": "Designated", "rural": "Rural", "provider_ratio": null, "designation_pop": "7277.0", "underserved_pop": null, "pct_poverty": null, "lat": 34.876039589400946, "lng": -95.25037338189662, "county": "Latimer"}, "geometry": {"type": "Point", "coordinates": [-95.6404088, 34.2329886]}}, {"type": "Feature", "properties": {"hpsa_id": "1408758856", "name": "COMMUNITY CLINIC OF TURPIN", "score": 13, "discipline": "Primary Care", "type": "Rural Health Clinic", "status": "Designated", "rural": "Rural", "provider_ratio": null, "designation_pop": "13965.0", "underserved_pop": null, "pct_poverty": null, "lat": 36.74965258537306, "lng": -100.47679108469661, "county": "Beaver"}, "geometry": {"type": "Point", "coordinates": [-97.49597513043, 35.49327009509]}}, {"type": "Feature", "properties": {"hpsa_id": "1408773408", "name": "PRAGUE COMMUNITY HOSPITAL-PRAGUE FAMILY CLINIC", "score": 17, "discipline": "Primary Care", "type": "Rural Health Clinic", "status": "Designated", "rural": "Rural", "provider_ratio": null, "designation_pop": "50332.0", "underserved_pop": null, "pct_poverty": null, "lat": 35.702956064877334, "lng": -96.88089194794273, "county": "Lincoln"}, "geometry": {"type": "Point", "coordinates": [-96.6847, 35.5019]}}, {"type": "Feature", "properties": {"hpsa_id": "1409095430", "name": "Tishomingo Health Clinic", "score": 18, "discipline": "Primary Care", "type": "Indian Health Service, Tribal Health, and Urban Indian Health Organizations", "status": "Designated", "rural": "Rural", "provider_ratio": null, "designation_pop": "10912.0", "underserved_pop": null, "pct_poverty": null, "lat": 34.3165155513072, "lng": -96.66059320946245, "county": "Johnston"}, "geometry": {"type": "Point", "coordinates": [-96.662814343969, 34.230500690447]}}, {"type": "Feature", "properties": {"hpsa_id": "1409414661", "name": "Cherokee Nation Outpatient Clinic - Tahlequah", "score": 18, "discipline": "Primary Care", "type": "Indian Health Service, Tribal Health, and Urban Indian Health Organizations", "status": "Designated", "rural": "Rural", "provider_ratio": null, "designation_pop": "45928.0", "underserved_pop": null, "pct_poverty": null, "lat": 35.90666673101444, "lng": -94.99968222805573, "county": "Cherokee"}, "geometry": {"type": "Point", "coordinates": [-95.731785460623, 36.073312274813]}}, {"type": "Feature", "properties": {"hpsa_id": "1409492582", "name": "Muscogee (Creek) Nation Medical Center", "score": 18, "discipline": "Primary Care", "type": "Indian Health Service, Tribal Health, and Urban Indian Health Organizations", "status": "Designated", "rural": "Rural", "provider_ratio": null, "designation_pop": "25629.0", "underserved_pop": null, "pct_poverty": null, "lat": 35.646604127621586, "lng": -95.9642725795913, "county": "Okmulgee"}, "geometry": {"type": "Point", "coordinates": [-96.112794971476, 35.998749987699]}}, {"type": "Feature", "properties": {"hpsa_id": "1409548260", "name": "Cherokee Nation Health Services Three Rivers Health Center", "score": 18, "discipline": "Primary Care", "type": "Indian Health Service, Tribal Health, and Urban Indian Health Organizations", "status": "Designated", "rural": "Rural", "provider_ratio": null, "designation_pop": "50414.0", "underserved_pop": null, "pct_poverty": null, "lat": 35.61615107283512, "lng": -95.37948423000303, "county": "Muskogee"}, "geometry": {"type": "Point", "coordinates": [-95.731785460623, 36.073312274813]}}, {"type": "Feature", "properties": {"hpsa_id": "1409678982", "name": "MANGUM FAMILY CLINIC", "score": 15, "discipline": "Primary Care", "type": "Rural Health Clinic", "status": "Designated", "rural": "Rural", "provider_ratio": null, "designation_pop": "22318.0", "underserved_pop": null, "pct_poverty": null, "lat": 34.93574769548124, "lng": -99.56079908729849, "county": "Greer"}, "geometry": {"type": "Point", "coordinates": [-99.501245485712, 34.891760569625]}}, {"type": "Feature", "properties": {"hpsa_id": "1409720363", "name": "Choctaw Employee Health Clinic", "score": 18, "discipline": "Primary Care", "type": "Indian Health Service, Tribal Health, and Urban Indian Health Organizations", "status": "Designated", "rural": "Rural", "provider_ratio": null, "designation_pop": "16603.0", "underserved_pop": null, "pct_poverty": null, "lat": 33.96226810348996, "lng": -96.25980952826535, "county": "Bryan"}, "geometry": {"type": "Point", "coordinates": [-95.492301040493, 34.011681268377]}}, {"type": "Feature", "properties": {"hpsa_id": "140999400B", "name": "Community Health Center of Northeast Oklahoma, Inc.", "score": 18, "discipline": "Primary Care", "type": "Federally Qualified Health Center", "status": "Designated", "rural": "Rural", "provider_ratio": null, "designation_pop": "20151.0", "underserved_pop": null, "pct_poverty": null, "lat": 36.83552481880731, "lng": -94.81044371359195, "county": "Ottawa"}, "geometry": {"type": "Point", "coordinates": [-94.9601239, 36.6898165]}}, {"type": "Feature", "properties": {"hpsa_id": "140999400O", "name": "Carnegie Indian Health Center", "score": 18, "discipline": "Primary Care", "type": "Indian Health Service, Tribal Health, and Urban Indian Health Organizations", "status": "Designated", "rural": "Rural", "provider_ratio": null, "designation_pop": "9071.0", "underserved_pop": null, "pct_poverty": null, "lat": 35.17441267631783, "lng": -98.37514644512834, "county": "Caddo"}, "geometry": {"type": "Point", "coordinates": [-98.599441831204, 35.101754628582]}}, {"type": "Feature", "properties": {"hpsa_id": "140999400S", "name": "El Reno Indian Health Center", "score": 18, "discipline": "Primary Care", "type": "Indian Health Service, Tribal Health, and Urban Indian Health Organizations", "status": "Designated", "rural": "Rural", "provider_ratio": null, "designation_pop": "41394.0", "underserved_pop": null, "pct_poverty": null, "lat": 35.542426313693305, "lng": -97.98235767611979, "county": "Canadian"}, "geometry": {"type": "Point", "coordinates": [-97.936019182018, 35.508048969406]}}, {"type": "Feature", "properties": {"hpsa_id": "140999400Y", "name": "Northeastern Tribal Health Sys", "score": 18, "discipline": "Primary Care", "type": "Indian Health Service, Tribal Health, and Urban Indian Health Organizations", "status": "Designated", "rural": "Rural", "provider_ratio": null, "designation_pop": "20025.0", "underserved_pop": null, "pct_poverty": null, "lat": 36.83552481880731, "lng": -94.81044371359195, "county": "Ottawa"}, "geometry": {"type": "Point", "coordinates": [-94.8258, 36.8406]}}, {"type": "Feature", "properties": {"hpsa_id": "140999400Z", "name": "The Kaw Nation Kanza Health Center", "score": 18, "discipline": "Primary Care", "type": "Indian Health Service, Tribal Health, and Urban Indian Health Organizations", "status": "Designated", "rural": "Rural", "provider_ratio": null, "designation_pop": "10256.0", "underserved_pop": null, "pct_poverty": null, "lat": 36.81801242113257, "lng": -97.14391868664055, "county": "Kay"}, "geometry": {"type": "Point", "coordinates": [-97.030608394145, 36.882962236919]}}, {"type": "Feature", "properties": {"hpsa_id": "140999401A", "name": "Muscogee (Creek) Nation Okemah Indian Health Center", "score": 18, "discipline": "Primary Care", "type": "Indian Health Service, Tribal Health, and Urban Indian Health Organizations", "status": "Designated", "rural": "Rural", "provider_ratio": null, "designation_pop": "19580.0", "underserved_pop": null, "pct_poverty": null, "lat": 35.46545347434502, "lng": -96.32278895502492, "county": "Okfuskee"}, "geometry": {"type": "Point", "coordinates": [-96.112794971476, 35.998749987699]}}, {"type": "Feature", "properties": {"hpsa_id": "140999401F", "name": "Iowa Tribe Of Oklahoma Perkins Family Clinic", "score": 18, "discipline": "Primary Care", "type": "Indian Health Service, Tribal Health, and Urban Indian Health Organizations", "status": "Designated", "rural": "Rural", "provider_ratio": null, "designation_pop": "16541.0", "underserved_pop": null, "pct_poverty": null, "lat": 36.0772925202325, "lng": -96.97564863172252, "county": "Payne"}, "geometry": {"type": "Point", "coordinates": [-97.021989004712, 35.985524983976]}}, {"type": "Feature", "properties": {"hpsa_id": "140999401G", "name": "Ponca Tribe Of Indians of Oklahoma White Eagle Clinic", "score": 18, "discipline": "Primary Care", "type": "Indian Health Service, Tribal Health, and Urban Indian Health Organizations", "status": "Designated", "rural": "Rural", "provider_ratio": null, "designation_pop": "12683.0", "underserved_pop": null, "pct_poverty": null, "lat": 36.81801242113257, "lng": -97.14391868664055, "county": "Kay"}, "geometry": {"type": "Point", "coordinates": [-97.464793943576, 35.609992028882]}}, {"type": "Feature", "properties": {"hpsa_id": "140999401U", "name": "Bearskin Health & Wellness Center", "score": 18, "discipline": "Primary Care", "type": "Indian Health Service, Tribal Health, and Urban Indian Health Organizations", "status": "Designated", "rural": "Rural", "provider_ratio": null, "designation_pop": "20778.0", "underserved_pop": null, "pct_poverty": null, "lat": 36.83552481880731, "lng": -94.81044371359195, "county": "Ottawa"}, "geometry": {"type": "Point", "coordinates": [-94.8722, 36.9342]}}, {"type": "Feature", "properties": {"hpsa_id": "140999401X", "name": "Wewoka Indian Health Center", "score": 18, "discipline": "Primary Care", "type": "Indian Health Service, Tribal Health, and Urban Indian Health Organizations", "status": "Designated", "rural": "Rural", "provider_ratio": null, "designation_pop": "19137.0", "underserved_pop": null, "pct_poverty": null, "lat": 35.16750468650132, "lng": -96.61549014885766, "county": "Seminole"}, "geometry": {"type": "Point", "coordinates": [-96.481552439154, 35.122834745589]}}, {"type": "Feature", "properties": {"hpsa_id": "140999401Y", "name": "Anadarko Indian Health Center", "score": 18, "discipline": "Primary Care", "type": "Indian Health Service, Tribal Health, and Urban Indian Health Organizations", "status": "Designated", "rural": "Rural", "provider_ratio": null, "designation_pop": "12493.0", "underserved_pop": null, "pct_poverty": null, "lat": 35.17441267631783, "lng": -98.37514644512834, "county": "Caddo"}, "geometry": {"type": "Point", "coordinates": [-98.253156361973, 35.066636832933]}}, {"type": "Feature", "properties": {"hpsa_id": "140999402H", "name": "Cherokee Nation Health Services Sam Hider Health Center", "score": 18, "discipline": "Primary Care", "type": "Indian Health Service, Tribal Health, and Urban Indian Health Organizations", "status": "Designated", "rural": "Rural", "provider_ratio": null, "designation_pop": "24898.0", "underserved_pop": null, "pct_poverty": null, "lat": 36.40824311839726, "lng": -94.80259780847662, "county": "Delaware"}, "geometry": {"type": "Point", "coordinates": [-95.731785460623, 36.073312274813]}}, {"type": "Feature", "properties": {"hpsa_id": "140999402J", "name": "Muscogee (Creek) Nation Sapulpa Indian Health Center", "score": 17, "discipline": "Primary Care", "type": "Indian Health Service, Tribal Health, and Urban Indian Health Organizations", "status": "Designated", "rural": "Non-Rural", "provider_ratio": null, "designation_pop": "103053.0", "underserved_pop": null, "pct_poverty": null, "lat": 35.90258509794093, "lng": -96.37084930441547, "county": "Creek"}, "geometry": {"type": "Point", "coordinates": [-96.112794971476, 35.998749987699]}}, {"type": "Feature", "properties": {"hpsa_id": "140999402L", "name": "Watonga Indian Health Center", "score": 17, "discipline": "Primary Care", "type": "Indian Health Service, Tribal Health, and Urban Indian Health Organizations", "status": "Designated", "rural": "Rural", "provider_ratio": null, "designation_pop": "5825.0", "underserved_pop": null, "pct_poverty": null, "lat": 35.875195105797346, "lng": -98.43343154179611, "county": "Blaine"}, "geometry": {"type": "Point", "coordinates": [-98.419187167092, 35.849010351628]}}, {"type": "Feature", "properties": {"hpsa_id": "140999403B", "name": "Muscogee (Creek) Nation Okmulgee Indian Health Center", "score": 18, "discipline": "Primary Care", "type": "Indian Health Service, Tribal Health, and Urban Indian Health Organizations", "status": "Designated", "rural": "Rural", "provider_ratio": null, "designation_pop": "28114.0", "underserved_pop": null, "pct_poverty": null, "lat": 35.646604127621586, "lng": -95.9642725795913, "county": "Okmulgee"}, "geometry": {"type": "Point", "coordinates": [-96.112794971476, 35.998749987699]}}, {"type": "Feature", "properties": {"hpsa_id": "140999403R", "name": "Cherokee Nation Health Services Redbird Smith Health Center", "score": 17, "discipline": "Primary Care", "type": "Indian Health Service, Tribal Health, and Urban Indian Health Organizations", "status": "Designated", "rural": "Rural", "provider_ratio": null, "designation_pop": "34631.0", "underserved_pop": null, "pct_poverty": null, "lat": 35.49534353366552, "lng": -94.75520054577692, "county": "Sequoyah"}, "geometry": {"type": "Point", "coordinates": [-95.731785460623, 36.073312274813]}}, {"type": "Feature", "properties": {"hpsa_id": "1409994076", "name": "NORTHEASTERN OKLAHOMA COMMUNITY HEALTH CENTERS, INC.", "score": 20, "discipline": "Primary Care", "type": "Federally Qualified Health Center", "status": "Designated", "rural": "Rural", "provider_ratio": null, "designation_pop": "36468.0", "underserved_pop": null, "pct_poverty": null, "lat": 35.90666673101444, "lng": -94.99968222805573, "county": "Cherokee"}, "geometry": {"type": "Point", "coordinates": [-95.143460699367, 35.932724305874]}}, {"type": "Feature", "properties": {"hpsa_id": "1409994078", "name": "PANHANDLE COUNSELING AND HEALTH CENTER INC", "score": 20, "discipline": "Primary Care", "type": "Federally Qualified Health Center", "status": "Designated", "rural": "Rural", "provider_ratio": null, "designation_pop": "6553.0", "underserved_pop": null, "pct_poverty": null, "lat": 36.74790338700009, "lng": -101.49011436261695, "county": "Texas"}, "geometry": {"type": "Point", "coordinates": [-101.476972782103, 36.692989566087]}}, {"type": "Feature", "properties": {"hpsa_id": "1409994081", "name": "VARIETY CARE, INC.", "score": 19, "discipline": "Primary Care", "type": "Federally Qualified Health Center", "status": "Designated", "rural": "Non-Rural", "provider_ratio": null, "designation_pop": "230529.0", "underserved_pop": null, "pct_poverty": null, "lat": 35.55150894431967, "lng": -97.40723834433054, "county": "Oklahoma"}, "geometry": {"type": "Point", "coordinates": [-97.534259085657, 35.387101853605]}}, {"type": "Feature", "properties": {"hpsa_id": "1409994082", "name": "CENTRAL OKLAHOMA FAMILY MEDICAL CENTER INC", "score": 17, "discipline": "Primary Care", "type": "Federally Qualified Health Center", "status": "Designated", "rural": "Rural", "provider_ratio": null, "designation_pop": "20359.0", "underserved_pop": null, "pct_poverty": null, "lat": 35.16750468650132, "lng": -96.61549014885766, "county": "Seminole"}, "geometry": {"type": "Point", "coordinates": [-96.758900643635, 34.960275417205]}}, {"type": "Feature", "properties": {"hpsa_id": "1409994084", "name": "Lawton Indian Hospital", "score": 18, "discipline": "Primary Care", "type": "Indian Health Service, Tribal Health, and Urban Indian Health Organizations", "status": "Designated", "rural": "Non-Rural", "provider_ratio": null, "designation_pop": "20257.0", "underserved_pop": null, "pct_poverty": null, "lat": 34.66211196929738, "lng": -98.47167028621922, "county": "Comanche"}, "geometry": {"type": "Point", "coordinates": [-98.385182097213, 34.620358936259]}}, {"type": "Feature", "properties": {"hpsa_id": "1409994088", "name": "CLINTON INDIAN HEALTH CENTER", "score": 19, "discipline": "Primary Care", "type": "Indian Health Service, Tribal Health, and Urban Indian Health Organizations", "status": "Designated", "rural": "Rural", "provider_ratio": null, "designation_pop": "5573.0", "underserved_pop": null, "pct_poverty": null, "lat": 35.638844925001635, "lng": -99.0015377750076, "county": "Custer"}, "geometry": {"type": "Point", "coordinates": [-98.996933113184, 35.514399251754]}}, {"type": "Feature", "properties": {"hpsa_id": "1409994091", "name": "MORTON COMPREHENSIVE HEALTH SERVICES, INC", "score": 19, "discipline": "Primary Care", "type": "Federally Qualified Health Center", "status": "Designated", "rural": "Non-Rural", "provider_ratio": null, "designation_pop": "173436.0", "underserved_pop": null, "pct_poverty": null, "lat": 36.1211037849327, "lng": -95.94146615089537, "county": "Tulsa"}, "geometry": {"type": "Point", "coordinates": [-95.98069070969, 36.17407304338]}}, {"type": "Feature", "properties": {"hpsa_id": "1409994093", "name": "FAMILY HEALTH CENTER OF SOUTHERN OKLAHOMA, INC.", "score": 19, "discipline": "Primary Care", "type": "Federally Qualified Health Center", "status": "Designated", "rural": "Rural", "provider_ratio": null, "designation_pop": "38379.0", "underserved_pop": null, "pct_poverty": null, "lat": 34.3165155513072, "lng": -96.66059320946245, "county": "Johnston"}, "geometry": {"type": "Point", "coordinates": [-96.672950230306, 34.223256016971]}}, {"type": "Feature", "properties": {"hpsa_id": "1409994094", "name": "Stigler Health And Wellness Center Inc.", "score": 19, "discipline": "Primary Care", "type": "Federally Qualified Health Center", "status": "Designated", "rural": "Rural", "provider_ratio": null, "designation_pop": "224248.0", "underserved_pop": null, "pct_poverty": null, "lat": 35.224795586766675, "lng": -95.11664572160755, "county": "Haskell"}, "geometry": {"type": "Point", "coordinates": [-95.582557684872, 35.283363283586]}}, {"type": "Feature", "properties": {"hpsa_id": "1409994095", "name": "COMMUNITY HEALTH CONNECTION INC", "score": 19, "discipline": "Primary Care", "type": "Federally Qualified Health Center", "status": "Designated", "rural": "Non-Rural", "provider_ratio": null, "designation_pop": "131814.0", "underserved_pop": null, "pct_poverty": null, "lat": 36.1211037849327, "lng": -95.94146615089537, "county": "Tulsa"}, "geometry": {"type": "Point", "coordinates": [-95.865869030724, 36.133410571484]}}, {"type": "Feature", "properties": {"hpsa_id": "1409994096", "name": "FAIRFAX MEDICAL FACILITIES INC", "score": 21, "discipline": "Primary Care", "type": "Federally Qualified Health Center", "status": "Designated", "rural": "Rural", "provider_ratio": null, "designation_pop": "21012.0", "underserved_pop": null, "pct_poverty": null, "lat": 36.629153449643326, "lng": -96.39848209672019, "county": "Osage"}, "geometry": {"type": "Point", "coordinates": [-96.704252148263, 36.572295436644]}}, {"type": "Feature", "properties": {"hpsa_id": "1409994097", "name": "PUSHMATAHA FAMILY MEDICAL CENTER INC", "score": 21, "discipline": "Primary Care", "type": "Federally Qualified Health Center", "status": "Designated", "rural": "Rural", "provider_ratio": null, "designation_pop": "6810.0", "underserved_pop": null, "pct_poverty": null, "lat": 34.416167190945295, "lng": -95.37585236368118, "county": "Pushmataha"}, "geometry": {"type": "Point", "coordinates": [-95.869264, 34.02985]}}, {"type": "Feature", "properties": {"hpsa_id": "1409994098", "name": "KIAMICHI FAMILY MEDICAL CENTER INC", "score": 19, "discipline": "Primary Care", "type": "Federally Qualified Health Center", "status": "Designated", "rural": "Rural", "provider_ratio": null, "designation_pop": "15605.0", "underserved_pop": null, "pct_poverty": null, "lat": 34.115432569844394, "lng": -94.77132912247683, "county": "McCurtain"}, "geometry": {"type": "Point", "coordinates": [-94.932346663754, 34.395947579084]}}, {"type": "Feature", "properties": {"hpsa_id": "14099940J1", "name": "COMANCHE COUNTY HOSPITAL AUTHORITY (TRUS", "score": 21, "discipline": "Primary Care", "type": "Federally Qualified Health Center", "status": "Designated", "rural": "Non-Rural", "provider_ratio": null, "designation_pop": "36025.0", "underserved_pop": null, "pct_poverty": null, "lat": 34.66211196929738, "lng": -98.47167028621922, "county": "Comanche"}, "geometry": {"type": "Point", "coordinates": [-98.432754703649, 34.608922442329]}}, {"type": "Feature", "properties": {"hpsa_id": "14099940J3", "name": "GREAT SALT PLAINS HEALTH CENTER", "score": 19, "discipline": "Primary Care", "type": "Federally Qualified Health Center", "status": "Designated", "rural": "Rural", "provider_ratio": null, "designation_pop": "23176.0", "underserved_pop": null, "pct_poverty": null, "lat": 36.731048942024515, "lng": -98.32398896675696, "county": "Alfalfa"}, "geometry": {"type": "Point", "coordinates": [-97.7322518, 36.8145368]}}, {"type": "Feature", "properties": {"hpsa_id": "14099940L1", "name": "EAST CENTRAL OKLAHOMA FAM", "score": 21, "discipline": "Primary Care", "type": "Federally Qualified Health Center", "status": "Designated", "rural": "Rural", "provider_ratio": null, "designation_pop": "15155.0", "underserved_pop": null, "pct_poverty": null, "lat": 35.04836489843609, "lng": -96.25018554486198, "county": "Hughes"}, "geometry": {"type": "Point", "coordinates": [-96.758900643635, 34.960275417205]}}, {"type": "Feature", "properties": {"hpsa_id": "14099940L2", "name": "SOUTH CENTRAL MEDICAL AND RESOURCE CENTER, INC.", "score": 21, "discipline": "Primary Care", "type": "Federally Qualified Health Center", "status": "Designated", "rural": "Rural", "provider_ratio": null, "designation_pop": "21674.0", "underserved_pop": null, "pct_poverty": null, "lat": 34.70457922189099, "lng": -97.3093239124085, "county": "Garvin"}, "geometry": {"type": "Point", "coordinates": [-97.602846060938, 34.838325129247]}}, {"type": "Feature", "properties": {"hpsa_id": "14099940L3", "name": "ARKANSAS VERDIGRIS VALLEY HEAL", "score": 19, "discipline": "Primary Care", "type": "Federally Qualified Health Center", "status": "Designated", "rural": "Non-Rural", "provider_ratio": null, "designation_pop": "30904.0", "underserved_pop": null, "pct_poverty": null, "lat": 35.961094602432986, "lng": -95.521198940342, "county": "Wagoner"}, "geometry": {"type": "Point", "coordinates": [-97.215941519085, 34.737083542997]}}, {"type": "Feature", "properties": {"hpsa_id": "14099940L4", "name": "CARING HANDS HEALTHCARE CENTERS, INC.", "score": 18, "discipline": "Primary Care", "type": "Federally Qualified Health Center", "status": "Designated", "rural": "Rural", "provider_ratio": null, "designation_pop": "14367.0", "underserved_pop": null, "pct_poverty": null, "lat": 34.923872279116246, "lng": -95.74839570336823, "county": "Pittsburg"}, "geometry": {"type": "Point", "coordinates": [-95.548438490449, 34.842740254885]}}, {"type": "Feature", "properties": {"hpsa_id": "14099940M1", "name": "COMMUNITY HEALTH CENTERS OF OKLAHOMA", "score": 19, "discipline": "Primary Care", "type": "Federally Qualified Health Center", "status": "Designated", "rural": "Non-Rural", "provider_ratio": null, "designation_pop": "203571.0", "underserved_pop": null, "pct_poverty": null, "lat": 35.55150894431967, "lng": -97.40723834433054, "county": "Oklahoma"}, "geometry": {"type": "Point", "coordinates": [-97.519421766685, 35.460891797573]}}, {"type": "Feature", "properties": {"hpsa_id": "14099940ME", "name": "Indian Health Care Resource Center of Tulsa", "score": 17, "discipline": "Primary Care", "type": "Indian Health Service, Tribal Health, and Urban Indian Health Organizations", "status": "Designated", "rural": "Non-Rural", "provider_ratio": null, "designation_pop": "129448.0", "underserved_pop": null, "pct_poverty": null, "lat": 36.1211037849327, "lng": -95.94146615089537, "county": "Tulsa"}, "geometry": {"type": "Point", "coordinates": [-95.975681076534, 36.153410708757]}}, {"type": "Feature", "properties": {"hpsa_id": "14099940MT", "name": "Muscogee (Creek) Nation Koweta Indian Health Facility", "score": 17, "discipline": "Primary Care", "type": "Indian Health Service, Tribal Health, and Urban Indian Health Organizations", "status": "Designated", "rural": "Non-Rural", "provider_ratio": null, "designation_pop": "111905.0", "underserved_pop": null, "pct_poverty": null, "lat": 35.961094602432986, "lng": -95.521198940342, "county": "Wagoner"}, "geometry": {"type": "Point", "coordinates": [-96.112794971476, 35.998749987699]}}, {"type": "Feature", "properties": {"hpsa_id": "14099940MU", "name": "Cherokee Nation Health Services Vinita Health Clinic", "score": 18, "discipline": "Primary Care", "type": "Indian Health Service, Tribal Health, and Urban Indian Health Organizations", "status": "Designated", "rural": "Rural", "provider_ratio": null, "designation_pop": "32571.0", "underserved_pop": null, "pct_poverty": null, "lat": 36.761749121278015, "lng": -95.20846582139073, "county": "Craig"}, "geometry": {"type": "Point", "coordinates": [-95.731785460623, 36.073312274813]}}, {"type": "Feature", "properties": {"hpsa_id": "14099940MV", "name": "Cherokee Nation Health Services Will Rogers Health Center", "score": 17, "discipline": "Primary Care", "type": "Indian Health Service, Tribal Health, and Urban Indian Health Organizations", "status": "Designated", "rural": "Rural", "provider_ratio": null, "designation_pop": "25300.0", "underserved_pop": null, "pct_poverty": null, "lat": 36.798469868930134, "lng": -95.61737349136436, "county": "Nowata"}, "geometry": {"type": "Point", "coordinates": [-95.731785460623, 36.073312274813]}}, {"type": "Feature", "properties": {"hpsa_id": "14099940N7", "name": "Pawnee Indian Health Center", "score": 18, "discipline": "Primary Care", "type": "Indian Health Service, Tribal Health, and Urban Indian Health Organizations", "status": "Designated", "rural": "Rural", "provider_ratio": null, "designation_pop": "12157.0", "underserved_pop": null, "pct_poverty": null, "lat": 36.316867770446834, "lng": -96.69920834587235, "county": "Pawnee"}, "geometry": {"type": "Point", "coordinates": [-96.7857983, 36.334617]}}, {"type": "Feature", "properties": {"hpsa_id": "14099940NG", "name": "Cherokee Nation Health Services A-MO Health Center", "score": 18, "discipline": "Primary Care", "type": "Indian Health Service, Tribal Health, and Urban Indian Health Organizations", "status": "Designated", "rural": "Rural", "provider_ratio": null, "designation_pop": "34538.0", "underserved_pop": null, "pct_poverty": null, "lat": 36.30192997279042, "lng": -95.23073698330559, "county": "Mayes"}, "geometry": {"type": "Point", "coordinates": [-95.731785460623, 36.073312274813]}}, {"type": "Feature", "properties": {"hpsa_id": "14099940NP", "name": "SHORTGRASS COMMUNITY HEALTH CENTER INC", "score": 20, "discipline": "Primary Care", "type": "Federally Qualified Health Center", "status": "Designated", "rural": "Rural", "provider_ratio": null, "designation_pop": "11560.0", "underserved_pop": null, "pct_poverty": null, "lat": 34.744087229258035, "lng": -99.84624676250831, "county": "Harmon"}, "geometry": {"type": "Point", "coordinates": [-99.914798884396, 34.695672357024]}}, {"type": "Feature", "properties": {"hpsa_id": "14099940NQ", "name": "MERCY HOSPITAL HEALDTON - PRIMARY CARE", "score": 15, "discipline": "Primary Care", "type": "Rural Health Clinic", "status": "Designated", "rural": "Rural", "provider_ratio": null, "designation_pop": "22163.0", "underserved_pop": null, "pct_poverty": null, "lat": 34.25086598383519, "lng": -97.28575665505844, "county": "Carter"}, "geometry": {"type": "Point", "coordinates": [-97.143168057793, 34.1824780235]}}, {"type": "Feature", "properties": {"hpsa_id": "14099940NS", "name": "Cherokee Nation Health Services Cooweescoowee Health Center", "score": 17, "discipline": "Primary Care", "type": "Indian Health Service, Tribal Health, and Urban Indian Health Organizations", "status": "Designated", "rural": "Rural", "provider_ratio": null, "designation_pop": "36433.0", "underserved_pop": null, "pct_poverty": null, "lat": 36.715227259672126, "lng": -95.9043647199981, "county": "Washington"}, "geometry": {"type": "Point", "coordinates": [-95.731785460623, 36.073312274813]}}, {"type": "Feature", "properties": {"hpsa_id": "6401048345", "name": "PAWHUSKA FAMILY MEDICAL CLINIC", "score": 13, "discipline": "Dental Health", "type": "Rural Health Clinic", "status": "Designated", "rural": "Rural", "provider_ratio": null, "designation_pop": "38508.0", "underserved_pop": null, "pct_poverty": null, "lat": 36.629153449643326, "lng": -96.39848209672019, "county": "Osage"}, "geometry": {"type": "Point", "coordinates": [-96.325799256038, 36.672872826831]}}, {"type": "Feature", "properties": {"hpsa_id": "6401060868", "name": "Absentee Shawnee Tribe Health System Little Axe Health Center", "score": 18, "discipline": "Dental Health", "type": "Indian Health Service, Tribal Health, and Urban Indian Health Organizations", "status": "Designated", "rural": "Non-Rural", "provider_ratio": null, "designation_pop": "94596.0", "underserved_pop": null, "pct_poverty": null, "lat": 35.203076997915495, "lng": -97.32646562390933, "county": "Cleveland"}, "geometry": {"type": "Point", "coordinates": [-96.621223417678, 35.767525483588]}}, {"type": "Feature", "properties": {"hpsa_id": "6401079808", "name": "FAIRVIEW FAMILY CLINIC", "score": 15, "discipline": "Dental Health", "type": "Rural Health Clinic", "status": "Designated", "rural": "Rural", "provider_ratio": null, "designation_pop": "20300.0", "underserved_pop": null, "pct_poverty": null, "lat": 36.31164544940459, "lng": -98.53594116889823, "county": "Major"}, "geometry": {"type": "Point", "coordinates": [-98.474689481741, 36.275250391808]}}, {"type": "Feature", "properties": {"hpsa_id": "6401284634", "name": "Muscogee (Creek) Nation Medical Center", "score": 19, "discipline": "Dental Health", "type": "Indian Health Service, Tribal Health, and Urban Indian Health Organizations", "status": "Designated", "rural": "Rural", "provider_ratio": null, "designation_pop": "62855.0", "underserved_pop": null, "pct_poverty": null, "lat": 35.646604127621586, "lng": -95.9642725795913, "county": "Okmulgee"}, "geometry": {"type": "Point", "coordinates": [-96.112794971476, 35.998749987699]}}, {"type": "Feature", "properties": {"hpsa_id": "6401631873", "name": "CIMARRON MEMORIAL RURAL HEALTH CLINIC", "score": 15, "discipline": "Dental Health", "type": "Rural Health Clinic", "status": "Designated", "rural": "Rural", "provider_ratio": null, "designation_pop": "7010.0", "underserved_pop": null, "pct_poverty": null, "lat": 36.748263427546206, "lng": -102.51775591354784, "county": "Cimarron"}, "geometry": {"type": "Point", "coordinates": [-100.9288, 36.7517]}}, {"type": "Feature", "properties": {"hpsa_id": "6401644759", "name": "Cherokee Nation Health Services Cherokee Nation WW Hastings Indian Hospital", "score": 20, "discipline": "Dental Health", "type": "Indian Health Service, Tribal Health, and Urban Indian Health Organizations", "status": "Designated", "rural": "Rural", "provider_ratio": null, "designation_pop": "67229.0", "underserved_pop": null, "pct_poverty": null, "lat": 35.90666673101444, "lng": -94.99968222805573, "county": "Cherokee"}, "geometry": {"type": "Point", "coordinates": [-95.731785460623, 36.073312274813]}}, {"type": "Feature", "properties": {"hpsa_id": "6401853035", "name": "Sac & Fox Nation Black Hawk Health Center", "score": 20, "discipline": "Dental Health", "type": "Indian Health Service, Tribal Health, and Urban Indian Health Organizations", "status": "Designated", "rural": "Rural", "provider_ratio": null, "designation_pop": "38590.0", "underserved_pop": null, "pct_poverty": null, "lat": 35.702956064877334, "lng": -96.88089194794273, "county": "Lincoln"}, "geometry": {"type": "Point", "coordinates": [-95.907748430135, 36.017282723178]}}, {"type": "Feature", "properties": {"hpsa_id": "6401877161", "name": "ACCESS MEDICAL CLINIC", "score": 13, "discipline": "Dental Health", "type": "Rural Health Clinic", "status": "Designated", "rural": "Rural", "provider_ratio": null, "designation_pop": "80367.0", "underserved_pop": null, "pct_poverty": null, "lat": 35.90666673101444, "lng": -94.99968222805573, "county": "Cherokee"}, "geometry": {"type": "Point", "coordinates": [-94.961039658422, 35.915434257328]}}, {"type": "Feature", "properties": {"hpsa_id": "6402323005", "name": "The Osage Nation Wah-Zha-Zhi Health Center", "score": 18, "discipline": "Dental Health", "type": "Indian Health Service, Tribal Health, and Urban Indian Health Organizations", "status": "Designated", "rural": "Rural", "provider_ratio": null, "designation_pop": "20511.0", "underserved_pop": null, "pct_poverty": null, "lat": 36.629153449643326, "lng": -96.39848209672019, "county": "Osage"}, "geometry": {"type": "Point", "coordinates": [-96.3408604, 36.6648986]}}, {"type": "Feature", "properties": {"hpsa_id": "6402817152", "name": "PRAGUE COMMUNITY HOSPITAL-PRAGUE FAMILY CLINIC", "score": 13, "discipline": "Dental Health", "type": "Rural Health Clinic", "status": "Designated", "rural": "Rural", "provider_ratio": null, "designation_pop": "85837.0", "underserved_pop": null, "pct_poverty": null, "lat": 35.702956064877334, "lng": -96.88089194794273, "county": "Lincoln"}, "geometry": {"type": "Point", "coordinates": [-96.6847, 35.5019]}}, {"type": "Feature", "properties": {"hpsa_id": "6402969384", "name": "SKIATOOK FAMILY CLINIC", "score": 9, "discipline": "Dental Health", "type": "Rural Health Clinic", "status": "Designated", "rural": "Non-Rural", "provider_ratio": null, "designation_pop": "315339.0", "underserved_pop": null, "pct_poverty": null, "lat": 36.1211037849327, "lng": -95.94146615089537, "county": "Tulsa"}, "geometry": {"type": "Point", "coordinates": [-96.019933584058, 36.367169811629]}}, {"type": "Feature", "properties": {"hpsa_id": "6403002685", "name": "Choctaw Nation Hugo Health Clinic", "score": 20, "discipline": "Dental Health", "type": "Indian Health Service, Tribal Health, and Urban Indian Health Organizations", "status": "Designated", "rural": "Rural", "provider_ratio": null, "designation_pop": "13968.0", "underserved_pop": null, "pct_poverty": null, "lat": 34.026612756674055, "lng": -95.55222689488166, "county": "Choctaw"}, "geometry": {"type": "Point", "coordinates": [-94.81796383723, 33.880839797013]}}, {"type": "Feature", "properties": {"hpsa_id": "6403030921", "name": "James Crabtree Correctional Center", "score": 3, "discipline": "Dental Health", "type": "Correctional Facility", "status": "Designated", "rural": "Rural", "provider_ratio": "1500:1", "designation_pop": "1137.0", "underserved_pop": null, "pct_poverty": null, "lat": 36.731048942024515, "lng": -98.32398896675696, "county": "Alfalfa"}, "geometry": {"type": "Point", "coordinates": [-97.5981, 36.3556]}}, {"type": "Feature", "properties": {"hpsa_id": "6403073545", "name": "AMC MEDICAL CLINIC LLC", "score": 13, "discipline": "Dental Health", "type": "Rural Health Clinic", "status": "Designated", "rural": "Rural", "provider_ratio": null, "designation_pop": "79012.0", "underserved_pop": null, "pct_poverty": null, "lat": 35.37364242227482, "lng": -95.66680528402311, "county": "McIntosh"}, "geometry": {"type": "Point", "coordinates": [-97.067141411592, 36.72775122183]}}, {"type": "Feature", "properties": {"hpsa_id": "6403142703", "name": "Mack Alford Correctional Center", "score": 12, "discipline": "Dental Health", "type": "Correctional Facility", "status": "Designated", "rural": "Rural", "provider_ratio": "1500:0", "designation_pop": "786.0", "underserved_pop": null, "pct_poverty": null, "lat": 34.37365093806245, "lng": -96.03784905887385, "county": "Atoka"}, "geometry": {"type": "Point", "coordinates": [-94.7867, 34.9206]}}, {"type": "Feature", "properties": {"hpsa_id": "6403145538", "name": "Mabel Bassett Correctional Center", "score": 3, "discipline": "Dental Health", "type": "Correctional Facility", "status": "Designated", "rural": "Rural", "provider_ratio": "1500:1", "designation_pop": "1101.0", "underserved_pop": null, "pct_poverty": null, "lat": 35.20662591167293, "lng": -96.94837723676049, "county": "Pottawatomie"}, "geometry": {"type": "Point", "coordinates": [-97.2547, 35.4428]}}, {"type": "Feature", "properties": {"hpsa_id": "6403236304", "name": "Joseph Harp Correctional Center", "score": 12, "discipline": "Dental Health", "type": "Correctional Facility", "status": "Designated", "rural": "Non-Rural", "provider_ratio": "1500:0", "designation_pop": "1264.0", "underserved_pop": null, "pct_poverty": null, "lat": 35.203076997915495, "lng": -97.32646562390933, "county": "Cleveland"}, "geometry": {"type": "Point", "coordinates": [-97.3094, 35.1964]}}, {"type": "Feature", "properties": {"hpsa_id": "6403395524", "name": "Choctaw Nation Idabel Health Clinic", "score": 20, "discipline": "Dental Health", "type": "Indian Health Service, Tribal Health, and Urban Indian Health Organizations", "status": "Designated", "rural": "Rural", "provider_ratio": null, "designation_pop": "9902.0", "underserved_pop": null, "pct_poverty": null, "lat": 34.115432569844394, "lng": -94.77132912247683, "county": "McCurtain"}, "geometry": {"type": "Point", "coordinates": [-94.81796383723, 33.880839797013]}}, {"type": "Feature", "properties": {"hpsa_id": "6403715891", "name": "MANGUM FAMILY CLINIC", "score": 17, "discipline": "Dental Health", "type": "Rural Health Clinic", "status": "Designated", "rural": "Rural", "provider_ratio": null, "designation_pop": "29183.0", "underserved_pop": null, "pct_poverty": null, "lat": 34.93574769548124, "lng": -99.56079908729849, "county": "Greer"}, "geometry": {"type": "Point", "coordinates": [-99.501245485712, 34.891760569625]}}, {"type": "Feature", "properties": {"hpsa_id": "6403908310", "name": "Absentee Shawnee Tribe Health System Shawnee Clinic", "score": 19, "discipline": "Dental Health", "type": "Indian Health Service, Tribal Health, and Urban Indian Health Organizations", "status": "Designated", "rural": "Rural", "provider_ratio": null, "designation_pop": "73406.0", "underserved_pop": null, "pct_poverty": null, "lat": 35.20662591167293, "lng": -96.94837723676049, "county": "Pottawatomie"}, "geometry": {"type": "Point", "coordinates": [-96.621223417678, 35.767525483588]}}, {"type": "Feature", "properties": {"hpsa_id": "6403966128", "name": "Claremore Indian Hospital", "score": 17, "discipline": "Dental Health", "type": "Indian Health Service, Tribal Health, and Urban Indian Health Organizations", "status": "Designated", "rural": "Rural", "provider_ratio": null, "designation_pop": "137321.0", "underserved_pop": null, "pct_poverty": null, "lat": 36.3715408654746, "lng": -95.60433521800311, "county": "Rogers"}, "geometry": {"type": "Point", "coordinates": [-95.628290138039, 36.316619261693]}}, {"type": "Feature", "properties": {"hpsa_id": "6404235740", "name": "Oklahoma City Indian Clinic", "score": 20, "discipline": "Dental Health", "type": "Indian Health Service, Tribal Health, and Urban Indian Health Organizations", "status": "Designated", "rural": "Non-Rural", "provider_ratio": null, "designation_pop": "100770.0", "underserved_pop": null, "pct_poverty": null, "lat": 35.55150894431967, "lng": -97.40723834433054, "county": "Oklahoma"}, "geometry": {"type": "Point", "coordinates": [-97.607588955781, 35.464481486421]}}, {"type": "Feature", "properties": {"hpsa_id": "6404442182", "name": "Quapaw Counseling Center", "score": 19, "discipline": "Dental Health", "type": "Indian Health Service, Tribal Health, and Urban Indian Health Organizations", "status": "Designated", "rural": "Rural", "provider_ratio": null, "designation_pop": "25820.0", "underserved_pop": null, "pct_poverty": null, "lat": 36.83552481880731, "lng": -94.81044371359195, "county": "Ottawa"}, "geometry": {"type": "Point", "coordinates": [-94.838908330461, 36.919500141733]}}, {"type": "Feature", "properties": {"hpsa_id": "6404648671", "name": "Choctaw Nation Health Care Center", "score": 18, "discipline": "Dental Health", "type": "Indian Health Service, Tribal Health, and Urban Indian Health Organizations", "status": "Designated", "rural": "Rural", "provider_ratio": null, "designation_pop": "11415.0", "underserved_pop": null, "pct_poverty": null, "lat": 34.876039589400946, "lng": -95.25037338189662, "county": "Latimer"}, "geometry": {"type": "Point", "coordinates": [-95.6404088, 34.2329886]}}, {"type": "Feature", "properties": {"hpsa_id": "6404662388", "name": "Rubin White Health Center", "score": 19, "discipline": "Dental Health", "type": "Indian Health Service, Tribal Health, and Urban Indian Health Organizations", "status": "Designated", "rural": "Rural", "provider_ratio": null, "designation_pop": "29396.0", "underserved_pop": null, "pct_poverty": null, "lat": 34.900309476541416, "lng": -94.70338802180916, "county": "Le Flore"}, "geometry": {"type": "Point", "coordinates": [-97.5025, 35.4675]}}, {"type": "Feature", "properties": {"hpsa_id": "6404798988", "name": "CF-North Fork", "score": 3, "discipline": "Dental Health", "type": "Correctional Facility", "status": "Designated", "rural": "Rural", "provider_ratio": "1500:1", "designation_pop": "2447.0", "underserved_pop": null, "pct_poverty": null, "lat": 35.26871854055191, "lng": -99.68196481384858, "county": "Beckham"}, "geometry": {"type": "Point", "coordinates": [-99.2832, 35.1767]}}, {"type": "Feature", "properties": {"hpsa_id": "6404818495", "name": "Citizen Potawatomi Nation West Clinic", "score": 18, "discipline": "Dental Health", "type": "Indian Health Service, Tribal Health, and Urban Indian Health Organizations", "status": "Designated", "rural": "Rural", "provider_ratio": null, "designation_pop": "105390.0", "underserved_pop": null, "pct_poverty": null, "lat": 35.20662591167293, "lng": -96.94837723676049, "county": "Pottawatomie"}, "geometry": {"type": "Point", "coordinates": [-96.935378247769, 35.260658516754]}}, {"type": "Feature", "properties": {"hpsa_id": "6404967390", "name": "Riverwalk Health and Wellness Center", "score": 17, "discipline": "Dental Health", "type": "Indian Health Service, Tribal Health, and Urban Indian Health Organizations", "status": "Designated", "rural": "Non-Rural", "provider_ratio": null, "designation_pop": "140437.0", "underserved_pop": null, "pct_poverty": null, "lat": 36.1211037849327, "lng": -95.94146615089537, "county": "Tulsa"}, "geometry": {"type": "Point", "coordinates": [-95.951014784862, 36.729083674759]}}, {"type": "Feature", "properties": {"hpsa_id": "6405054946", "name": "Ardmore Health Clinic", "score": 18, "discipline": "Dental Health", "type": "Indian Health Service, Tribal Health, and Urban Indian Health Organizations", "status": "Designated", "rural": "Rural", "provider_ratio": null, "designation_pop": "20950.0", "underserved_pop": null, "pct_poverty": null, "lat": 34.25086598383519, "lng": -97.28575665505844, "county": "Carter"}, "geometry": {"type": "Point", "coordinates": [-97.143450065798, 34.176461588132]}}, {"type": "Feature", "properties": {"hpsa_id": "6405156217", "name": "Muscogee (Creek) Nation Eufaula Indian Health Center", "score": 20, "discipline": "Dental Health", "type": "Indian Health Service, Tribal Health, and Urban Indian Health Organizations", "status": "Designated", "rural": "Rural", "provider_ratio": null, "designation_pop": "49618.0", "underserved_pop": null, "pct_poverty": null, "lat": 35.37364242227482, "lng": -95.66680528402311, "county": "McIntosh"}, "geometry": {"type": "Point", "coordinates": [-96.112794971476, 35.998749987699]}}, {"type": "Feature", "properties": {"hpsa_id": "6405164064", "name": "FTC-Oklahoma City", "score": 12, "discipline": "Dental Health", "type": "Correctional Facility", "status": "Designated", "rural": "Non-Rural", "provider_ratio": "1500:0", "designation_pop": "57263.0", "underserved_pop": null, "pct_poverty": null, "lat": 35.55150894431967, "lng": -97.40723834433054, "county": "Oklahoma"}, "geometry": {"type": "Point", "coordinates": [-97.5158, 35.4358]}}, {"type": "Feature", "properties": {"hpsa_id": "6405185559", "name": "BUFFALO FAMILY HEALTH CLINIC", "score": 15, "discipline": "Dental Health", "type": "Rural Health Clinic", "status": "Designated", "rural": "Rural", "provider_ratio": null, "designation_pop": "13626.0", "underserved_pop": null, "pct_poverty": null, "lat": 36.78876579770035, "lng": -99.66733603248106, "county": "Harper"}, "geometry": {"type": "Point", "coordinates": [-94.838908330461, 36.919500141733]}}, {"type": "Feature", "properties": {"hpsa_id": "6405213050", "name": "Choctaw Nation Regional Medical Clinic", "score": 19, "discipline": "Dental Health", "type": "Indian Health Service, Tribal Health, and Urban Indian Health Organizations", "status": "Designated", "rural": "Rural", "provider_ratio": null, "designation_pop": "24079.0", "underserved_pop": null, "pct_poverty": null, "lat": 33.96226810348996, "lng": -96.25980952826535, "county": "Bryan"}, "geometry": {"type": "Point", "coordinates": [-94.81796383723, 33.880839797013]}}, {"type": "Feature", "properties": {"hpsa_id": "6405258200", "name": "Crossover Health Services, Inc.", "score": 9, "discipline": "Dental Health", "type": "Federally Qualified Health Center Look A Like", "status": "Designated", "rural": "Non-Rural", "provider_ratio": null, "designation_pop": "328859.0", "underserved_pop": null, "pct_poverty": null, "lat": 36.1211037849327, "lng": -95.94146615089537, "county": "Tulsa"}, "geometry": {"type": "Point", "coordinates": [-95.97950794028, 36.205910299564]}}, {"type": "Feature", "properties": {"hpsa_id": "6405482605", "name": "HEALTHY LIVING CAMPUS", "score": 19, "discipline": "Dental Health", "type": "Indian Health Service, Tribal Health, and Urban Indian Health Organizations", "status": "Designated", "rural": "Rural", "provider_ratio": null, "designation_pop": "69355.0", "underserved_pop": null, "pct_poverty": null, "lat": 35.90666673101444, "lng": -94.99968222805573, "county": "Cherokee"}, "geometry": {"type": "Point", "coordinates": [-97.853549683606, 36.409806508483]}}, {"type": "Feature", "properties": {"hpsa_id": "6405501171", "name": "Lexington Correctional Center ( LArk", "score": 6, "discipline": "Dental Health", "type": "Correctional Facility", "status": "Designated", "rural": "Non-Rural", "provider_ratio": "1500:1", "designation_pop": "10229.0", "underserved_pop": null, "pct_poverty": null, "lat": 35.203076997915495, "lng": -97.32646562390933, "county": "Cleveland"}, "geometry": {"type": "Point", "coordinates": [-97.3352, 35.2103]}}, {"type": "Feature", "properties": {"hpsa_id": "6405529488", "name": "NEWMAN HEALTHCARE ASSOCIATES", "score": 15, "discipline": "Dental Health", "type": "Rural Health Clinic", "status": "Designated", "rural": "Rural", "provider_ratio": null, "designation_pop": "12635.0", "underserved_pop": null, "pct_poverty": null, "lat": 36.21835479985328, "lng": -99.75463940607318, "county": "Ellis"}, "geometry": {"type": "Point", "coordinates": [-95.9813, 36.1353]}}, {"type": "Feature", "properties": {"hpsa_id": "6405536131", "name": "Choctaw Nation Broken Bow Health Clinic", "score": 20, "discipline": "Dental Health", "type": "Indian Health Service, Tribal Health, and Urban Indian Health Organizations", "status": "Designated", "rural": "Rural", "provider_ratio": null, "designation_pop": "9180.0", "underserved_pop": null, "pct_poverty": null, "lat": 34.115432569844394, "lng": -94.77132912247683, "county": "McCurtain"}, "geometry": {"type": "Point", "coordinates": [-94.81796383723, 33.880839797013]}}, {"type": "Feature", "properties": {"hpsa_id": "6405646970", "name": "Kickapoo Tribal Health Center (Mcloud)", "score": 20, "discipline": "Dental Health", "type": "Indian Health Service, Tribal Health, and Urban Indian Health Organizations", "status": "Designated", "rural": "Rural", "provider_ratio": null, "designation_pop": "100124.0", "underserved_pop": null, "pct_poverty": null, "lat": 35.702956064877334, "lng": -96.88089194794273, "county": "Lincoln"}, "geometry": {"type": "Point", "coordinates": [-97.088856974736, 35.484898829532]}}, {"type": "Feature", "properties": {"hpsa_id": "6405655419", "name": "Cherokee Nation Health Services Three Rivers Health Center", "score": 20, "discipline": "Dental Health", "type": "Indian Health Service, Tribal Health, and Urban Indian Health Organizations", "status": "Designated", "rural": "Rural", "provider_ratio": null, "designation_pop": "107029.0", "underserved_pop": null, "pct_poverty": null, "lat": 35.61615107283512, "lng": -95.37948423000303, "county": "Muskogee"}, "geometry": {"type": "Point", "coordinates": [-95.731785460623, 36.073312274813]}}, {"type": "Feature", "properties": {"hpsa_id": "6405704722", "name": "LAVERNE FAMILY HEALTH CLINIC", "score": 15, "discipline": "Dental Health", "type": "Rural Health Clinic", "status": "Designated", "rural": "Rural", "provider_ratio": null, "designation_pop": "13452.0", "underserved_pop": null, "pct_poverty": null, "lat": 36.78876579770035, "lng": -99.66733603248106, "county": "Harper"}, "geometry": {"type": "Point", "coordinates": [-99.9063285, 36.7096135]}}, {"type": "Feature", "properties": {"hpsa_id": "6405766025", "name": "Choctaw Nation Atoka Health Clinic", "score": 20, "discipline": "Dental Health", "type": "Indian Health Service, Tribal Health, and Urban Indian Health Organizations", "status": "Designated", "rural": "Rural", "provider_ratio": null, "designation_pop": "30229.0", "underserved_pop": null, "pct_poverty": null, "lat": 34.37365093806245, "lng": -96.03784905887385, "county": "Atoka"}, "geometry": {"type": "Point", "coordinates": [-94.81796383723, 33.880839797013]}}, {"type": "Feature", "properties": {"hpsa_id": "6405795207", "name": "Choctaw Nation Stigler Health Clinic", "score": 20, "discipline": "Dental Health", "type": "Indian Health Service, Tribal Health, and Urban Indian Health Organizations", "status": "Designated", "rural": "Rural", "provider_ratio": null, "designation_pop": "30051.0", "underserved_pop": null, "pct_poverty": null, "lat": 35.224795586766675, "lng": -95.11664572160755, "county": "Haskell"}, "geometry": {"type": "Point", "coordinates": [-94.81796383723, 33.880839797013]}}, {"type": "Feature", "properties": {"hpsa_id": "6405797578", "name": "Council Oak Comprehensive Health", "score": 17, "discipline": "Dental Health", "type": "Indian Health Service, Tribal Health, and Urban Indian Health Organizations", "status": "Designated", "rural": "Non-Rural", "provider_ratio": null, "designation_pop": "151975.0", "underserved_pop": null, "pct_poverty": null, "lat": 36.1211037849327, "lng": -95.94146615089537, "county": "Tulsa"}, "geometry": {"type": "Point", "coordinates": [-95.867924495699, 36.050106399058]}}, {"type": "Feature", "properties": {"hpsa_id": "6405835019", "name": "Choctaw Employee Health Clinic", "score": 19, "discipline": "Dental Health", "type": "Indian Health Service, Tribal Health, and Urban Indian Health Organizations", "status": "Designated", "rural": "Rural", "provider_ratio": null, "designation_pop": "24079.0", "underserved_pop": null, "pct_poverty": null, "lat": 33.96226810348996, "lng": -96.25980952826535, "county": "Bryan"}, "geometry": {"type": "Point", "coordinates": [-95.492301040493, 34.011681268377]}}, {"type": "Feature", "properties": {"hpsa_id": "6405840516", "name": "Cherokee Nation Health Services Wilma P. Mankiller Health Center", "score": 20, "discipline": "Dental Health", "type": "Indian Health Service, Tribal Health, and Urban Indian Health Organizations", "status": "Designated", "rural": "Rural", "provider_ratio": null, "designation_pop": "50460.0", "underserved_pop": null, "pct_poverty": null, "lat": 35.883939921206576, "lng": -94.65872807399646, "county": "Adair"}, "geometry": {"type": "Point", "coordinates": [-95.731785460623, 36.073312274813]}}, {"type": "Feature", "properties": {"hpsa_id": "6406117551", "name": "FCI-El Reno", "score": 12, "discipline": "Dental Health", "type": "Correctional Facility", "status": "Designated", "rural": "Non-Rural", "provider_ratio": "1500:0", "designation_pop": "1740.0", "underserved_pop": null, "pct_poverty": null, "lat": 35.542426313693305, "lng": -97.98235767611979, "county": "Canadian"}, "geometry": {"type": "Point", "coordinates": [-97.9519, 35.5389]}}, {"type": "Feature", "properties": {"hpsa_id": "6406178579", "name": "GOOD SHEPHERD COMMUNITY CLINIC, INC.", "score": 19, "discipline": "Dental Health", "type": "Federally Qualified Health Center", "status": "Designated", "rural": "Rural", "provider_ratio": null, "designation_pop": "18925.0", "underserved_pop": null, "pct_poverty": null, "lat": 34.25086598383519, "lng": -97.28575665505844, "county": "Carter"}, "geometry": {"type": "Point", "coordinates": [-97.124232334451, 34.184649172704]}}, {"type": "Feature", "properties": {"hpsa_id": "6406220220", "name": "COMMUNITY CLINIC OF TURPIN", "score": 15, "discipline": "Dental Health", "type": "Rural Health Clinic", "status": "Designated", "rural": "Rural", "provider_ratio": null, "designation_pop": "24521.0", "underserved_pop": null, "pct_poverty": null, "lat": 36.74965258537306, "lng": -100.47679108469661, "county": "Beaver"}, "geometry": {"type": "Point", "coordinates": [-97.49597513043, 35.49327009509]}}, {"type": "Feature", "properties": {"hpsa_id": "6406234818", "name": "SEILING REGIONAL MEDICAL CENTER - RHC", "score": 15, "discipline": "Dental Health", "type": "Rural Health Clinic", "status": "Designated", "rural": "Rural", "provider_ratio": null, "designation_pop": "19784.0", "underserved_pop": null, "pct_poverty": null, "lat": 35.987646906465926, "lng": -99.00789538422937, "county": "Dewey"}, "geometry": {"type": "Point", "coordinates": [-98.920682143566, 36.145941976956]}}, {"type": "Feature", "properties": {"hpsa_id": "6406471697", "name": "ARBUCKLE FAMILY CLINIC", "score": 15, "discipline": "Dental Health", "type": "Rural Health Clinic", "status": "Designated", "rural": "Rural", "provider_ratio": null, "designation_pop": "61077.0", "underserved_pop": null, "pct_poverty": null, "lat": 34.482329067262846, "lng": -97.0679118321657, "county": "Murray"}, "geometry": {"type": "Point", "coordinates": [-96.995120172126, 34.506243112622]}}, {"type": "Feature", "properties": {"hpsa_id": "6406537456", "name": "MERCY HOSPITAL LOGAN COUNTY - GUTHRIE DIVISION", "score": 7, "discipline": "Dental Health", "type": "Rural Health Clinic", "status": "Designated", "rural": "Rural", "provider_ratio": null, "designation_pop": "363175.0", "underserved_pop": null, "pct_poverty": null, "lat": 35.91934009584195, "lng": -97.4433199413484, "county": "Logan"}, "geometry": {"type": "Point", "coordinates": [-94.6178271, 35.2410596]}}, {"type": "Feature", "properties": {"hpsa_id": "6406785885", "name": "Chickasaw Nation Medical Center", "score": 20, "discipline": "Dental Health", "type": "Indian Health Service, Tribal Health, and Urban Indian Health Organizations", "status": "Designated", "rural": "Rural", "provider_ratio": null, "designation_pop": "32349.0", "underserved_pop": null, "pct_poverty": null, "lat": 34.72804982731131, "lng": -96.68438358908809, "county": "Pontotoc"}, "geometry": {"type": "Point", "coordinates": [-96.6829913, 34.8000198]}}, {"type": "Feature", "properties": {"hpsa_id": "6406794531", "name": "MCCURTAIN MEMORIAL RURAL HEALTH CLINICS", "score": 17, "discipline": "Dental Health", "type": "Rural Health Clinic", "status": "Designated", "rural": "Rural", "provider_ratio": null, "designation_pop": "31732.0", "underserved_pop": null, "pct_poverty": null, "lat": 34.115432569844394, "lng": -94.77132912247683, "county": "McCurtain"}, "geometry": {"type": "Point", "coordinates": [-94.739503524848, 34.034361011728]}}, {"type": "Feature", "properties": {"hpsa_id": "6406884615", "name": "Muscogee Nation Behavioral Health Services-Okmulgee", "score": 17, "discipline": "Dental Health", "type": "Indian Health Service, Tribal Health, and Urban Indian Health Organizations", "status": "Designated", "rural": "Rural", "provider_ratio": null, "designation_pop": "77235.0", "underserved_pop": null, "pct_poverty": null, "lat": 35.646604127621586, "lng": -95.9642725795913, "county": "Okmulgee"}, "geometry": {"type": "Point", "coordinates": [-96.112794971476, 35.998749987699]}}, {"type": "Feature", "properties": {"hpsa_id": "6406995462", "name": "CHEROKEE NATION HEALTH SERVICES JACK BROWN YOUTH TREATMENT CENTER", "score": 19, "discipline": "Dental Health", "type": "Indian Health Service, Tribal Health, and Urban Indian Health Organizations", "status": "Designated", "rural": "Rural", "provider_ratio": null, "designation_pop": "69355.0", "underserved_pop": null, "pct_poverty": null, "lat": 35.90666673101444, "lng": -94.99968222805573, "county": "Cherokee"}, "geometry": {"type": "Point", "coordinates": [-96.110282080127, 36.138487490809]}}, {"type": "Feature", "properties": {"hpsa_id": "6407083181", "name": "ABC MEDICAL CLINIC OF HOLDENVILLE", "score": 17, "discipline": "Dental Health", "type": "Rural Health Clinic", "status": "Designated", "rural": "Rural", "provider_ratio": null, "designation_pop": "51021.0", "underserved_pop": null, "pct_poverty": null, "lat": 35.04836489843609, "lng": -96.25018554486198, "county": "Hughes"}, "geometry": {"type": "Point", "coordinates": [-96.389572529639, 35.086110410105]}}, {"type": "Feature", "properties": {"hpsa_id": "6407250256", "name": "Wetumka Indian Health Center", "score": 19, "discipline": "Dental Health", "type": "Indian Health Service, Tribal Health, and Urban Indian Health Organizations", "status": "Designated", "rural": "Rural", "provider_ratio": null, "designation_pop": "28636.0", "underserved_pop": null, "pct_poverty": null, "lat": 35.04836489843609, "lng": -96.25018554486198, "county": "Hughes"}, "geometry": {"type": "Point", "coordinates": [-96.239007464572, 35.234863068027]}}, {"type": "Feature", "properties": {"hpsa_id": "6407406790", "name": "Cherokee Nation Ga Du Gi", "score": 19, "discipline": "Dental Health", "type": "Indian Health Service, Tribal Health, and Urban Indian Health Organizations", "status": "Designated", "rural": "Rural", "provider_ratio": null, "designation_pop": "65581.0", "underserved_pop": null, "pct_poverty": null, "lat": 35.90666673101444, "lng": -94.99968222805573, "county": "Cherokee"}, "geometry": {"type": "Point", "coordinates": [-95.731785460623, 36.073312274813]}}, {"type": "Feature", "properties": {"hpsa_id": "6407466002", "name": "Choctaw Nation Mcalester Health Clinic", "score": 20, "discipline": "Dental Health", "type": "Indian Health Service, Tribal Health, and Urban Indian Health Organizations", "status": "Designated", "rural": "Rural", "provider_ratio": null, "designation_pop": "26987.0", "underserved_pop": null, "pct_poverty": null, "lat": 34.923872279116246, "lng": -95.74839570336823, "county": "Pittsburg"}, "geometry": {"type": "Point", "coordinates": [-95.750616821408, 34.934287054035]}}, {"type": "Feature", "properties": {"hpsa_id": "6407624091", "name": "Oklahoma City Indian Clinic Ann Arbor", "score": 19, "discipline": "Dental Health", "type": "Indian Health Service, Tribal Health, and Urban Indian Health Organizations", "status": "Designated", "rural": "Non-Rural", "provider_ratio": null, "designation_pop": "100910.0", "underserved_pop": null, "pct_poverty": null, "lat": 35.55150894431967, "lng": -97.40723834433054, "county": "Oklahoma"}, "geometry": {"type": "Point", "coordinates": [-97.599775610593, 35.522268718357]}}, {"type": "Feature", "properties": {"hpsa_id": "6407635912", "name": "CARNEGIE MEDICAL CLINIC", "score": 17, "discipline": "Dental Health", "type": "Rural Health Clinic", "status": "Designated", "rural": "Rural", "provider_ratio": null, "designation_pop": "34058.0", "underserved_pop": null, "pct_poverty": null, "lat": 35.17441267631783, "lng": -98.37514644512834, "county": "Caddo"}, "geometry": {"type": "Point", "coordinates": [-98.604601656728, 35.107143219298]}}, {"type": "Feature", "properties": {"hpsa_id": "6407858576", "name": "COMMUNITY CLINIC OF BEAVER", "score": 15, "discipline": "Dental Health", "type": "Rural Health Clinic", "status": "Designated", "rural": "Rural", "provider_ratio": null, "designation_pop": "15456.0", "underserved_pop": null, "pct_poverty": null, "lat": 36.74965258537306, "lng": -100.47679108469661, "county": "Beaver"}, "geometry": {"type": "Point", "coordinates": [-97.49597513043, 35.49327009509]}}, {"type": "Feature", "properties": {"hpsa_id": "6408065256", "name": "Purcell Health Clinic", "score": 18, "discipline": "Dental Health", "type": "Indian Health Service, Tribal Health, and Urban Indian Health Organizations", "status": "Designated", "rural": "Non-Rural", "provider_ratio": null, "designation_pop": "74403.0", "underserved_pop": null, "pct_poverty": null, "lat": 35.00932659606803, "lng": -97.44428111756898, "county": "McClain"}, "geometry": {"type": "Point", "coordinates": [-97.365616833491, 35.026089377227]}}, {"type": "Feature", "properties": {"hpsa_id": "6408305883", "name": "McAlester - Oklahoma State Penitentiary", "score": 12, "discipline": "Dental Health", "type": "Correctional Facility", "status": "Designated", "rural": "Rural", "provider_ratio": "1500:0", "designation_pop": "738.0", "underserved_pop": null, "pct_poverty": null, "lat": 34.923872279116246, "lng": -95.74839570336823, "county": "Pittsburg"}, "geometry": {"type": "Point", "coordinates": [-95.750616821408, 34.934287054035]}}, {"type": "Feature", "properties": {"hpsa_id": "6408402118", "name": "Citizen Potawatomi Nation Health Center", "score": 20, "discipline": "Dental Health", "type": "Indian Health Service, Tribal Health, and Urban Indian Health Organizations", "status": "Designated", "rural": "Rural", "provider_ratio": null, "designation_pop": "66077.0", "underserved_pop": null, "pct_poverty": null, "lat": 35.20662591167293, "lng": -96.94837723676049, "county": "Pottawatomie"}, "geometry": {"type": "Point", "coordinates": [-96.935378247769, 35.260658516754]}}, {"type": "Feature", "properties": {"hpsa_id": "6408414311", "name": "Muscogee (Creek) Nation Okemah Creek Nation Community Hospital", "score": 20, "discipline": "Dental Health", "type": "Indian Health Service, Tribal Health, and Urban Indian Health Organizations", "status": "Designated", "rural": "Rural", "provider_ratio": null, "designation_pop": "40417.0", "underserved_pop": null, "pct_poverty": null, "lat": 35.46545347434502, "lng": -96.32278895502492, "county": "Okfuskee"}, "geometry": {"type": "Point", "coordinates": [-96.112794971476, 35.998749987699]}}, {"type": "Feature", "properties": {"hpsa_id": "6408494976", "name": "Echota Behavioral Health", "score": 19, "discipline": "Dental Health", "type": "Indian Health Service, Tribal Health, and Urban Indian Health Organizations", "status": "Designated", "rural": "Rural", "provider_ratio": null, "designation_pop": "71026.0", "underserved_pop": null, "pct_poverty": null, "lat": 35.90666673101444, "lng": -94.99968222805573, "county": "Cherokee"}, "geometry": {"type": "Point", "coordinates": [-94.9869688, 35.9153068]}}, {"type": "Feature", "properties": {"hpsa_id": "6408552802", "name": "JONES ACADEMY SCHOOL HC", "score": 17, "discipline": "Dental Health", "type": "Indian Health Service, Tribal Health, and Urban Indian Health Organizations", "status": "Designated", "rural": "Rural", "provider_ratio": null, "designation_pop": "17845.0", "underserved_pop": null, "pct_poverty": null, "lat": 34.923872279116246, "lng": -95.74839570336823, "county": "Pittsburg"}, "geometry": {"type": "Point", "coordinates": [-97.430880362329, 35.825809240424]}}, {"type": "Feature", "properties": {"hpsa_id": "6409041514", "name": "Cherokee Nation Outpatient Clinic - Tahlequah", "score": 19, "discipline": "Dental Health", "type": "Indian Health Service, Tribal Health, and Urban Indian Health Organizations", "status": "Designated", "rural": "Rural", "provider_ratio": null, "designation_pop": "68399.0", "underserved_pop": null, "pct_poverty": null, "lat": 35.90666673101444, "lng": -94.99968222805573, "county": "Cherokee"}, "geometry": {"type": "Point", "coordinates": [-95.731785460623, 36.073312274813]}}, {"type": "Feature", "properties": {"hpsa_id": "6409596437", "name": "Tishomingo Health Clinic", "score": 20, "discipline": "Dental Health", "type": "Indian Health Service, Tribal Health, and Urban Indian Health Organizations", "status": "Designated", "rural": "Rural", "provider_ratio": null, "designation_pop": "29142.0", "underserved_pop": null, "pct_poverty": null, "lat": 34.3165155513072, "lng": -96.66059320946245, "county": "Johnston"}, "geometry": {"type": "Point", "coordinates": [-96.662814343969, 34.230500690447]}}, {"type": "Feature", "properties": {"hpsa_id": "6409972402", "name": "OKCIC - SW Tower", "score": 17, "discipline": "Dental Health", "type": "Indian Health Service, Tribal Health, and Urban Indian Health Organizations", "status": "Designated", "rural": "Non-Rural", "provider_ratio": null, "designation_pop": "101762.0", "underserved_pop": null, "pct_poverty": null, "lat": 35.55150894431967, "lng": -97.40723834433054, "county": "Oklahoma"}, "geometry": {"type": "Point", "coordinates": [-97.5283, 35.4564]}}, {"type": "Feature", "properties": {"hpsa_id": "640999400B", "name": "Community Health Center of Northeast Oklahoma, Inc.", "score": 19, "discipline": "Dental Health", "type": "Federally Qualified Health Center", "status": "Designated", "rural": "Rural", "provider_ratio": null, "designation_pop": "20151.0", "underserved_pop": null, "pct_poverty": null, "lat": 36.83552481880731, "lng": -94.81044371359195, "county": "Ottawa"}, "geometry": {"type": "Point", "coordinates": [-94.9601239, 36.6898165]}}, {"type": "Feature", "properties": {"hpsa_id": "6409994011", "name": "COMMUNITY HEALTH CENTERS OF OKLAHOMA", "score": 17, "discipline": "Dental Health", "type": "Federally Qualified Health Center", "status": "Designated", "rural": "Non-Rural", "provider_ratio": null, "designation_pop": "203571.0", "underserved_pop": null, "pct_poverty": null, "lat": 35.55150894431967, "lng": -97.40723834433054, "county": "Oklahoma"}, "geometry": {"type": "Point", "coordinates": [-97.519421766685, 35.460891797573]}}, {"type": "Feature", "properties": {"hpsa_id": "6409994012", "name": "VARIETY CARE, INC.", "score": 17, "discipline": "Dental Health", "type": "Federally Qualified Health Center", "status": "Designated", "rural": "Non-Rural", "provider_ratio": null, "designation_pop": "230529.0", "underserved_pop": null, "pct_poverty": null, "lat": 35.55150894431967, "lng": -97.40723834433054, "county": "Oklahoma"}, "geometry": {"type": "Point", "coordinates": [-97.534259085657, 35.387101853605]}}, {"type": "Feature", "properties": {"hpsa_id": "6409994013", "name": "CENTRAL OKLAHOMA FAMILY MEDICAL CENTER INC", "score": 21, "discipline": "Dental Health", "type": "Federally Qualified Health Center", "status": "Designated", "rural": "Rural", "provider_ratio": null, "designation_pop": "20359.0", "underserved_pop": null, "pct_poverty": null, "lat": 35.16750468650132, "lng": -96.61549014885766, "county": "Seminole"}, "geometry": {"type": "Point", "coordinates": [-96.758900643635, 34.960275417205]}}, {"type": "Feature", "properties": {"hpsa_id": "6409994014", "name": "Lawton Indian Hospital", "score": 20, "discipline": "Dental Health", "type": "Indian Health Service, Tribal Health, and Urban Indian Health Organizations", "status": "Designated", "rural": "Non-Rural", "provider_ratio": null, "designation_pop": "29537.0", "underserved_pop": null, "pct_poverty": null, "lat": 34.66211196929738, "lng": -98.47167028621922, "county": "Comanche"}, "geometry": {"type": "Point", "coordinates": [-98.385182097213, 34.620358936259]}}, {"type": "Feature", "properties": {"hpsa_id": "6409994018", "name": "CLINTON INDIAN HEALTH CENTER", "score": 22, "discipline": "Dental Health", "type": "Indian Health Service, Tribal Health, and Urban Indian Health Organizations", "status": "Designated", "rural": "Rural", "provider_ratio": null, "designation_pop": "8821.0", "underserved_pop": null, "pct_poverty": null, "lat": 35.638844925001635, "lng": -99.0015377750076, "county": "Custer"}, "geometry": {"type": "Point", "coordinates": [-98.996933113184, 35.514399251754]}}, {"type": "Feature", "properties": {"hpsa_id": "6409994020", "name": "MORTON COMPREHENSIVE HEALTH SERVICES, INC", "score": 19, "discipline": "Dental Health", "type": "Federally Qualified Health Center", "status": "Designated", "rural": "Non-Rural", "provider_ratio": null, "designation_pop": "173436.0", "underserved_pop": null, "pct_poverty": null, "lat": 36.1211037849327, "lng": -95.94146615089537, "county": "Tulsa"}, "geometry": {"type": "Point", "coordinates": [-95.98069070969, 36.17407304338]}}, {"type": "Feature", "properties": {"hpsa_id": "6409994021", "name": "KIAMICHI FAMILY MEDICAL CENTER INC", "score": 20, "discipline": "Dental Health", "type": "Federally Qualified Health Center", "status": "Designated", "rural": "Rural", "provider_ratio": null, "designation_pop": "15605.0", "underserved_pop": null, "pct_poverty": null, "lat": 34.115432569844394, "lng": -94.77132912247683, "county": "McCurtain"}, "geometry": {"type": "Point", "coordinates": [-94.932346663754, 34.395947579084]}}, {"type": "Feature", "properties": {"hpsa_id": "6409994023", "name": "NORTHEASTERN OKLAHOMA COMMUNITY HEALTH CENTERS, INC.", "score": 15, "discipline": "Dental Health", "type": "Federally Qualified Health Center", "status": "Designated", "rural": "Rural", "provider_ratio": null, "designation_pop": "36468.0", "underserved_pop": null, "pct_poverty": null, "lat": 35.90666673101444, "lng": -94.99968222805573, "county": "Cherokee"}, "geometry": {"type": "Point", "coordinates": [-95.143460699367, 35.932724305874]}}, {"type": "Feature", "properties": {"hpsa_id": "6409994024", "name": "FAIRFAX MEDICAL FACILITIES INC", "score": 21, "discipline": "Dental Health", "type": "Federally Qualified Health Center", "status": "Designated", "rural": "Rural", "provider_ratio": null, "designation_pop": "21012.0", "underserved_pop": null, "pct_poverty": null, "lat": 36.629153449643326, "lng": -96.39848209672019, "county": "Osage"}, "geometry": {"type": "Point", "coordinates": [-96.704252148263, 36.572295436644]}}, {"type": "Feature", "properties": {"hpsa_id": "6409994025", "name": "PUSHMATAHA FAMILY MEDICAL CENTER INC", "score": 16, "discipline": "Dental Health", "type": "Federally Qualified Health Center", "status": "Designated", "rural": "Rural", "provider_ratio": null, "designation_pop": "6810.0", "underserved_pop": null, "pct_poverty": null, "lat": 34.416167190945295, "lng": -95.37585236368118, "county": "Pushmataha"}, "geometry": {"type": "Point", "coordinates": [-95.869264, 34.02985]}}, {"type": "Feature", "properties": {"hpsa_id": "6409994026", "name": "COMMUNITY HEALTH CONNECTION INC", "score": 19, "discipline": "Dental Health", "type": "Federally Qualified Health Center", "status": "Designated", "rural": "Non-Rural", "provider_ratio": null, "designation_pop": "131814.0", "underserved_pop": null, "pct_poverty": null, "lat": 36.1211037849327, "lng": -95.94146615089537, "county": "Tulsa"}, "geometry": {"type": "Point", "coordinates": [-95.865869030724, 36.133410571484]}}, {"type": "Feature", "properties": {"hpsa_id": "6409994028", "name": "FAMILY HEALTH CENTER OF SOUTHERN OKLAHOMA, INC.", "score": 25, "discipline": "Dental Health", "type": "Federally Qualified Health Center", "status": "Designated", "rural": "Rural", "provider_ratio": null, "designation_pop": "38379.0", "underserved_pop": null, "pct_poverty": null, "lat": 34.3165155513072, "lng": -96.66059320946245, "county": "Johnston"}, "geometry": {"type": "Point", "coordinates": [-96.672950230306, 34.223256016971]}}, {"type": "Feature", "properties": {"hpsa_id": "6409994029", "name": "Stigler Health And Wellness Center Inc.", "score": 22, "discipline": "Dental Health", "type": "Federally Qualified Health Center", "status": "Designated", "rural": "Rural", "provider_ratio": null, "designation_pop": "224248.0", "underserved_pop": null, "pct_poverty": null, "lat": 35.224795586766675, "lng": -95.11664572160755, "county": "Haskell"}, "geometry": {"type": "Point", "coordinates": [-95.582557684872, 35.283363283586]}}, {"type": "Feature", "properties": {"hpsa_id": "6409994042", "name": "GREAT SALT PLAINS HEALTH CENTER", "score": 22, "discipline": "Dental Health", "type": "Federally Qualified Health Center", "status": "Designated", "rural": "Rural", "provider_ratio": null, "designation_pop": "23176.0", "underserved_pop": null, "pct_poverty": null, "lat": 36.731048942024515, "lng": -98.32398896675696, "county": "Alfalfa"}, "geometry": {"type": "Point", "coordinates": [-97.7322518, 36.8145368]}}, {"type": "Feature", "properties": {"hpsa_id": "6409994047", "name": "Cherokee Nation Health Services Sam Hider Health Center", "score": 20, "discipline": "Dental Health", "type": "Indian Health Service, Tribal Health, and Urban Indian Health Organizations", "status": "Designated", "rural": "Rural", "provider_ratio": null, "designation_pop": "37944.0", "underserved_pop": null, "pct_poverty": null, "lat": 36.40824311839726, "lng": -94.80259780847662, "county": "Delaware"}, "geometry": {"type": "Point", "coordinates": [-95.731785460623, 36.073312274813]}}, {"type": "Feature", "properties": {"hpsa_id": "6409994055", "name": "Northeastern Tribal Health Sys", "score": 20, "discipline": "Dental Health", "type": "Indian Health Service, Tribal Health, and Urban Indian Health Organizations", "status": "Designated", "rural": "Rural", "provider_ratio": null, "designation_pop": "31216.0", "underserved_pop": null, "pct_poverty": null, "lat": 36.83552481880731, "lng": -94.81044371359195, "county": "Ottawa"}, "geometry": {"type": "Point", "coordinates": [-94.8258, 36.8406]}}, {"type": "Feature", "properties": {"hpsa_id": "6409994057", "name": "Muscogee (Creek) Nation Okmulgee Indian Health Center", "score": 20, "discipline": "Dental Health", "type": "Indian Health Service, Tribal Health, and Urban Indian Health Organizations", "status": "Designated", "rural": "Rural", "provider_ratio": null, "designation_pop": "64931.0", "underserved_pop": null, "pct_poverty": null, "lat": 35.646604127621586, "lng": -95.9642725795913, "county": "Okmulgee"}, "geometry": {"type": "Point", "coordinates": [-96.112794971476, 35.998749987699]}}, {"type": "Feature", "properties": {"hpsa_id": "6409994058", "name": "The Kaw Nation Kanza Health Center", "score": 20, "discipline": "Dental Health", "type": "Indian Health Service, Tribal Health, and Urban Indian Health Organizations", "status": "Designated", "rural": "Rural", "provider_ratio": null, "designation_pop": "11736.0", "underserved_pop": null, "pct_poverty": null, "lat": 36.81801242113257, "lng": -97.14391868664055, "county": "Kay"}, "geometry": {"type": "Point", "coordinates": [-97.030608394145, 36.882962236919]}}, {"type": "Feature", "properties": {"hpsa_id": "6409994059", "name": "Muscogee (Creek) Nation Okemah Indian Health Center", "score": 20, "discipline": "Dental Health", "type": "Indian Health Service, Tribal Health, and Urban Indian Health Organizations", "status": "Designated", "rural": "Rural", "provider_ratio": null, "designation_pop": "43065.0", "underserved_pop": null, "pct_poverty": null, "lat": 35.46545347434502, "lng": -96.32278895502492, "county": "Okfuskee"}, "geometry": {"type": "Point", "coordinates": [-96.112794971476, 35.998749987699]}}, {"type": "Feature", "properties": {"hpsa_id": "6409994064", "name": "Iowa Tribe Of Oklahoma Perkins Family Clinic", "score": 20, "discipline": "Dental Health", "type": "Indian Health Service, Tribal Health, and Urban Indian Health Organizations", "status": "Designated", "rural": "Rural", "provider_ratio": null, "designation_pop": "26734.0", "underserved_pop": null, "pct_poverty": null, "lat": 36.0772925202325, "lng": -96.97564863172252, "county": "Payne"}, "geometry": {"type": "Point", "coordinates": [-97.021989004712, 35.985524983976]}}, {"type": "Feature", "properties": {"hpsa_id": "6409994065", "name": "Ponca Tribe Of Indians of Oklahoma White Eagle Clinic", "score": 20, "discipline": "Dental Health", "type": "Indian Health Service, Tribal Health, and Urban Indian Health Organizations", "status": "Designated", "rural": "Rural", "provider_ratio": null, "designation_pop": "18265.0", "underserved_pop": null, "pct_poverty": null, "lat": 36.81801242113257, "lng": -97.14391868664055, "county": "Kay"}, "geometry": {"type": "Point", "coordinates": [-97.464793943576, 35.609992028882]}}, {"type": "Feature", "properties": {"hpsa_id": "6409994070", "name": "Cherokee Nation Health Services Redbird Smith Health Center", "score": 18, "discipline": "Dental Health", "type": "Indian Health Service, Tribal Health, and Urban Indian Health Organizations", "status": "Designated", "rural": "Rural", "provider_ratio": null, "designation_pop": "59257.0", "underserved_pop": null, "pct_poverty": null, "lat": 35.49534353366552, "lng": -94.75520054577692, "county": "Sequoyah"}, "geometry": {"type": "Point", "coordinates": [-95.731785460623, 36.073312274813]}}, {"type": "Feature", "properties": {"hpsa_id": "6409994071", "name": "Muscogee (Creek) Nation Sapulpa Indian Health Center", "score": 18, "discipline": "Dental Health", "type": "Indian Health Service, Tribal Health, and Urban Indian Health Organizations", "status": "Designated", "rural": "Non-Rural", "provider_ratio": null, "designation_pop": "134423.0", "underserved_pop": null, "pct_poverty": null, "lat": 35.90258509794093, "lng": -96.37084930441547, "county": "Creek"}, "geometry": {"type": "Point", "coordinates": [-96.112794971476, 35.998749987699]}}, {"type": "Feature", "properties": {"hpsa_id": "6409994078", "name": "El Reno Indian Health Center", "score": 20, "discipline": "Dental Health", "type": "Indian Health Service, Tribal Health, and Urban Indian Health Organizations", "status": "Designated", "rural": "Rural", "provider_ratio": null, "designation_pop": "89135.0", "underserved_pop": null, "pct_poverty": null, "lat": 35.542426313693305, "lng": -97.98235767611979, "county": "Canadian"}, "geometry": {"type": "Point", "coordinates": [-97.936019182018, 35.508048969406]}}, {"type": "Feature", "properties": {"hpsa_id": "6409994081", "name": "Watonga Indian Health Center", "score": 16, "discipline": "Dental Health", "type": "Indian Health Service, Tribal Health, and Urban Indian Health Organizations", "status": "Designated", "rural": "Rural", "provider_ratio": null, "designation_pop": "9962.0", "underserved_pop": null, "pct_poverty": null, "lat": 35.875195105797346, "lng": -98.43343154179611, "county": "Blaine"}, "geometry": {"type": "Point", "coordinates": [-98.419187167092, 35.849010351628]}}, {"type": "Feature", "properties": {"hpsa_id": "6409994082", "name": "Wewoka Indian Health Center", "score": 20, "discipline": "Dental Health", "type": "Indian Health Service, Tribal Health, and Urban Indian Health Organizations", "status": "Designated", "rural": "Rural", "provider_ratio": null, "designation_pop": "40482.0", "underserved_pop": null, "pct_poverty": null, "lat": 35.16750468650132, "lng": -96.61549014885766, "county": "Seminole"}, "geometry": {"type": "Point", "coordinates": [-96.481552439154, 35.122834745589]}}, {"type": "Feature", "properties": {"hpsa_id": "6409994084", "name": "Bearskin Health & Wellness Center", "score": 20, "discipline": "Dental Health", "type": "Indian Health Service, Tribal Health, and Urban Indian Health Organizations", "status": "Designated", "rural": "Rural", "provider_ratio": null, "designation_pop": "30834.0", "underserved_pop": null, "pct_poverty": null, "lat": 36.83552481880731, "lng": -94.81044371359195, "county": "Ottawa"}, "geometry": {"type": "Point", "coordinates": [-94.8722, 36.9342]}}, {"type": "Feature", "properties": {"hpsa_id": "6409994085", "name": "EAST CENTRAL OKLAHOMA FAM", "score": 26, "discipline": "Dental Health", "type": "Federally Qualified Health Center", "status": "Designated", "rural": "Rural", "provider_ratio": null, "designation_pop": "15155.0", "underserved_pop": null, "pct_poverty": null, "lat": 35.04836489843609, "lng": -96.25018554486198, "county": "Hughes"}, "geometry": {"type": "Point", "coordinates": [-96.758900643635, 34.960275417205]}}, {"type": "Feature", "properties": {"hpsa_id": "6409994086", "name": "COMANCHE COUNTY HOSPITAL AUTHORITY (TRUS", "score": 25, "discipline": "Dental Health", "type": "Federally Qualified Health Center", "status": "Designated", "rural": "Non-Rural", "provider_ratio": null, "designation_pop": "36025.0", "underserved_pop": null, "pct_poverty": null, "lat": 34.66211196929738, "lng": -98.47167028621922, "county": "Comanche"}, "geometry": {"type": "Point", "coordinates": [-98.432754703649, 34.608922442329]}}, {"type": "Feature", "properties": {"hpsa_id": "6409994087", "name": "SOUTH CENTRAL MEDICAL AND RESOURCE CENTER, INC.", "score": 25, "discipline": "Dental Health", "type": "Federally Qualified Health Center", "status": "Designated", "rural": "Rural", "provider_ratio": null, "designation_pop": "21674.0", "underserved_pop": null, "pct_poverty": null, "lat": 34.70457922189099, "lng": -97.3093239124085, "county": "Garvin"}, "geometry": {"type": "Point", "coordinates": [-97.602846060938, 34.838325129247]}}, {"type": "Feature", "properties": {"hpsa_id": "6409994092", "name": "ARKANSAS VERDIGRIS VALLEY HEAL", "score": 17, "discipline": "Dental Health", "type": "Federally Qualified Health Center", "status": "Designated", "rural": "Non-Rural", "provider_ratio": null, "designation_pop": "30904.0", "underserved_pop": null, "pct_poverty": null, "lat": 35.961094602432986, "lng": -95.521198940342, "county": "Wagoner"}, "geometry": {"type": "Point", "coordinates": [-97.215941519085, 34.737083542997]}}, {"type": "Feature", "properties": {"hpsa_id": "6409994093", "name": "CARING HANDS HEALTHCARE CENTERS, INC.", "score": 17, "discipline": "Dental Health", "type": "Federally Qualified Health Center", "status": "Designated", "rural": "Rural", "provider_ratio": null, "designation_pop": "14367.0", "underserved_pop": null, "pct_poverty": null, "lat": 34.923872279116246, "lng": -95.74839570336823, "county": "Pittsburg"}, "geometry": {"type": "Point", "coordinates": [-95.548438490449, 34.842740254885]}}, {"type": "Feature", "properties": {"hpsa_id": "6409994096", "name": "Indian Health Care Resource Center of Tulsa", "score": 18, "discipline": "Dental Health", "type": "Indian Health Service, Tribal Health, and Urban Indian Health Organizations", "status": "Designated", "rural": "Non-Rural", "provider_ratio": null, "designation_pop": "152545.0", "underserved_pop": null, "pct_poverty": null, "lat": 36.1211037849327, "lng": -95.94146615089537, "county": "Tulsa"}, "geometry": {"type": "Point", "coordinates": [-95.975681076534, 36.153410708757]}}, {"type": "Feature", "properties": {"hpsa_id": "6409994098", "name": "Muscogee (Creek) Nation Koweta Indian Health Facility", "score": 18, "discipline": "Dental Health", "type": "Indian Health Service, Tribal Health, and Urban Indian Health Organizations", "status": "Designated", "rural": "Non-Rural", "provider_ratio": null, "designation_pop": "161296.0", "underserved_pop": null, "pct_poverty": null, "lat": 35.961094602432986, "lng": -95.521198940342, "county": "Wagoner"}, "geometry": {"type": "Point", "coordinates": [-96.112794971476, 35.998749987699]}}, {"type": "Feature", "properties": {"hpsa_id": "6409994099", "name": "Cherokee Nation Health Services Vinita Health Clinic", "score": 20, "discipline": "Dental Health", "type": "Indian Health Service, Tribal Health, and Urban Indian Health Organizations", "status": "Designated", "rural": "Rural", "provider_ratio": null, "designation_pop": "51701.0", "underserved_pop": null, "pct_poverty": null, "lat": 36.761749121278015, "lng": -95.20846582139073, "county": "Craig"}, "geometry": {"type": "Point", "coordinates": [-95.731785460623, 36.073312274813]}}, {"type": "Feature", "properties": {"hpsa_id": "640999409A", "name": "Cherokee Nation Health Services Will Rogers Health Center", "score": 18, "discipline": "Dental Health", "type": "Indian Health Service, Tribal Health, and Urban Indian Health Organizations", "status": "Designated", "rural": "Rural", "provider_ratio": null, "designation_pop": "48058.0", "underserved_pop": null, "pct_poverty": null, "lat": 36.798469868930134, "lng": -95.61737349136436, "county": "Nowata"}, "geometry": {"type": "Point", "coordinates": [-95.731785460623, 36.073312274813]}}, {"type": "Feature", "properties": {"hpsa_id": "640999409B", "name": "Anadarko Indian Health Center", "score": 20, "discipline": "Dental Health", "type": "Indian Health Service, Tribal Health, and Urban Indian Health Organizations", "status": "Designated", "rural": "Rural", "provider_ratio": null, "designation_pop": "17953.0", "underserved_pop": null, "pct_poverty": null, "lat": 35.17441267631783, "lng": -98.37514644512834, "county": "Caddo"}, "geometry": {"type": "Point", "coordinates": [-98.253156361973, 35.066636832933]}}, {"type": "Feature", "properties": {"hpsa_id": "640999409E", "name": "Pawnee Indian Health Center", "score": 20, "discipline": "Dental Health", "type": "Indian Health Service, Tribal Health, and Urban Indian Health Organizations", "status": "Designated", "rural": "Rural", "provider_ratio": null, "designation_pop": "22558.0", "underserved_pop": null, "pct_poverty": null, "lat": 36.316867770446834, "lng": -96.69920834587235, "county": "Pawnee"}, "geometry": {"type": "Point", "coordinates": [-96.7857983, 36.334617]}}, {"type": "Feature", "properties": {"hpsa_id": "640999409G", "name": "Carnegie Indian Health Center", "score": 20, "discipline": "Dental Health", "type": "Indian Health Service, Tribal Health, and Urban Indian Health Organizations", "status": "Designated", "rural": "Rural", "provider_ratio": null, "designation_pop": "15668.0", "underserved_pop": null, "pct_poverty": null, "lat": 35.17441267631783, "lng": -98.37514644512834, "county": "Caddo"}, "geometry": {"type": "Point", "coordinates": [-98.599441831204, 35.101754628582]}}, {"type": "Feature", "properties": {"hpsa_id": "640999409J", "name": "Cherokee Nation Health Services A-MO Health Center", "score": 20, "discipline": "Dental Health", "type": "Indian Health Service, Tribal Health, and Urban Indian Health Organizations", "status": "Designated", "rural": "Rural", "provider_ratio": null, "designation_pop": "68259.0", "underserved_pop": null, "pct_poverty": null, "lat": 36.30192997279042, "lng": -95.23073698330559, "county": "Mayes"}, "geometry": {"type": "Point", "coordinates": [-95.731785460623, 36.073312274813]}}, {"type": "Feature", "properties": {"hpsa_id": "640999409N", "name": "SHORTGRASS COMMUNITY HEALTH CENTER INC", "score": 23, "discipline": "Dental Health", "type": "Federally Qualified Health Center", "status": "Designated", "rural": "Rural", "provider_ratio": null, "designation_pop": "11560.0", "underserved_pop": null, "pct_poverty": null, "lat": 34.744087229258035, "lng": -99.84624676250831, "county": "Harmon"}, "geometry": {"type": "Point", "coordinates": [-99.914798884396, 34.695672357024]}}, {"type": "Feature", "properties": {"hpsa_id": "640999409O", "name": "MERCY HOSPITAL HEALDTON - PRIMARY CARE", "score": 17, "discipline": "Dental Health", "type": "Rural Health Clinic", "status": "Designated", "rural": "Rural", "provider_ratio": null, "designation_pop": "42920.0", "underserved_pop": null, "pct_poverty": null, "lat": 34.25086598383519, "lng": -97.28575665505844, "county": "Carter"}, "geometry": {"type": "Point", "coordinates": [-97.143168057793, 34.1824780235]}}, {"type": "Feature", "properties": {"hpsa_id": "640999409Q", "name": "Cherokee Nation Health Services Cooweescoowee Health Center", "score": 17, "discipline": "Dental Health", "type": "Indian Health Service, Tribal Health, and Urban Indian Health Organizations", "status": "Designated", "rural": "Rural", "provider_ratio": null, "designation_pop": "83140.0", "underserved_pop": null, "pct_poverty": null, "lat": 36.715227259672126, "lng": -95.9043647199981, "county": "Washington"}, "geometry": {"type": "Point", "coordinates": [-95.731785460623, 36.073312274813]}}, {"type": "Feature", "properties": {"hpsa_id": "64099940A1", "name": "PANHANDLE COUNSELING AND HEALTH CENTER INC", "score": 25, "discipline": "Dental Health", "type": "Federally Qualified Health Center", "status": "Designated", "rural": "Rural", "provider_ratio": null, "designation_pop": "6553.0", "underserved_pop": null, "pct_poverty": null, "lat": 36.74790338700009, "lng": -101.49011436261695, "county": "Texas"}, "geometry": {"type": "Point", "coordinates": [-101.476972782103, 36.692989566087]}}, {"type": "Feature", "properties": {"hpsa_id": "7401324136", "name": "Choctaw Nation Idabel Health Clinic", "score": 17, "discipline": "Mental Health", "type": "Indian Health Service, Tribal Health, and Urban Indian Health Organizations", "status": "Designated", "rural": "Rural", "provider_ratio": null, "designation_pop": "9902.0", "underserved_pop": null, "pct_poverty": null, "lat": 34.115432569844394, "lng": -94.77132912247683, "county": "McCurtain"}, "geometry": {"type": "Point", "coordinates": [-94.81796383723, 33.880839797013]}}, {"type": "Feature", "properties": {"hpsa_id": "7401627728", "name": "Choctaw Nation Atoka Health Clinic", "score": 18, "discipline": "Mental Health", "type": "Indian Health Service, Tribal Health, and Urban Indian Health Organizations", "status": "Designated", "rural": "Rural", "provider_ratio": null, "designation_pop": "30229.0", "underserved_pop": null, "pct_poverty": null, "lat": 34.37365093806245, "lng": -96.03784905887385, "county": "Atoka"}, "geometry": {"type": "Point", "coordinates": [-94.81796383723, 33.880839797013]}}, {"type": "Feature", "properties": {"hpsa_id": "7401760944", "name": "Crossover Health Services, Inc.", "score": 15, "discipline": "Mental Health", "type": "Federally Qualified Health Center Look A Like", "status": "Designated", "rural": "Non-Rural", "provider_ratio": null, "designation_pop": "328859.0", "underserved_pop": null, "pct_poverty": null, "lat": 36.1211037849327, "lng": -95.94146615089537, "county": "Tulsa"}, "geometry": {"type": "Point", "coordinates": [-95.97950794028, 36.205910299564]}}, {"type": "Feature", "properties": {"hpsa_id": "7402170249", "name": "ACCESS MEDICAL CLINIC", "score": 17, "discipline": "Mental Health", "type": "Rural Health Clinic", "status": "Designated", "rural": "Rural", "provider_ratio": null, "designation_pop": "80367.0", "underserved_pop": null, "pct_poverty": null, "lat": 35.90666673101444, "lng": -94.99968222805573, "county": "Cherokee"}, "geometry": {"type": "Point", "coordinates": [-94.961039658422, 35.915434257328]}}, {"type": "Feature", "properties": {"hpsa_id": "7402192458", "name": "COMMUNITY CLINIC OF TURPIN", "score": 16, "discipline": "Mental Health", "type": "Rural Health Clinic", "status": "Designated", "rural": "Rural", "provider_ratio": null, "designation_pop": "24521.0", "underserved_pop": null, "pct_poverty": null, "lat": 36.74965258537306, "lng": -100.47679108469661, "county": "Beaver"}, "geometry": {"type": "Point", "coordinates": [-97.49597513043, 35.49327009509]}}, {"type": "Feature", "properties": {"hpsa_id": "7402269259", "name": "Dick Conner Correctional Center", "score": 21, "discipline": "Mental Health", "type": "Correctional Facility", "status": "Designated", "rural": "Non-Rural", "provider_ratio": "2000:0", "designation_pop": "1199.0", "underserved_pop": null, "pct_poverty": null, "lat": 36.629153449643326, "lng": -96.39848209672019, "county": "Osage"}, "geometry": {"type": "Point", "coordinates": [-96.5556, 36.5403]}}, {"type": "Feature", "properties": {"hpsa_id": "7402764801", "name": "SEILING REGIONAL MEDICAL CENTER - RHC", "score": 15, "discipline": "Mental Health", "type": "Rural Health Clinic", "status": "Designated", "rural": "Rural", "provider_ratio": null, "designation_pop": "19784.0", "underserved_pop": null, "pct_poverty": null, "lat": 35.987646906465926, "lng": -99.00789538422937, "county": "Dewey"}, "geometry": {"type": "Point", "coordinates": [-98.920682143566, 36.145941976956]}}, {"type": "Feature", "properties": {"hpsa_id": "7402829745", "name": "The Osage Nation Wah-Zha-Zhi Health Center", "score": 17, "discipline": "Mental Health", "type": "Indian Health Service, Tribal Health, and Urban Indian Health Organizations", "status": "Designated", "rural": "Rural", "provider_ratio": null, "designation_pop": "20511.0", "underserved_pop": null, "pct_poverty": null, "lat": 36.629153449643326, "lng": -96.39848209672019, "county": "Osage"}, "geometry": {"type": "Point", "coordinates": [-96.3408604, 36.6648986]}}, {"type": "Feature", "properties": {"hpsa_id": "7403156986", "name": "MANGUM FAMILY CLINIC", "score": 18, "discipline": "Mental Health", "type": "Rural Health Clinic", "status": "Designated", "rural": "Rural", "provider_ratio": null, "designation_pop": "29183.0", "underserved_pop": null, "pct_poverty": null, "lat": 34.93574769548124, "lng": -99.56079908729849, "county": "Greer"}, "geometry": {"type": "Point", "coordinates": [-99.501245485712, 34.891760569625]}}, {"type": "Feature", "properties": {"hpsa_id": "7403174103", "name": "Muscogee (Creek) Nation Medical Center", "score": 18, "discipline": "Mental Health", "type": "Indian Health Service, Tribal Health, and Urban Indian Health Organizations", "status": "Designated", "rural": "Rural", "provider_ratio": null, "designation_pop": "62855.0", "underserved_pop": null, "pct_poverty": null, "lat": 35.646604127621586, "lng": -95.9642725795913, "county": "Okmulgee"}, "geometry": {"type": "Point", "coordinates": [-96.112794971476, 35.998749987699]}}, {"type": "Feature", "properties": {"hpsa_id": "7403177730", "name": "Muscogee (Creek) Nation Okemah Creek Nation Community Hospital", "score": 18, "discipline": "Mental Health", "type": "Indian Health Service, Tribal Health, and Urban Indian Health Organizations", "status": "Designated", "rural": "Rural", "provider_ratio": null, "designation_pop": "40417.0", "underserved_pop": null, "pct_poverty": null, "lat": 35.46545347434502, "lng": -96.32278895502492, "county": "Okfuskee"}, "geometry": {"type": "Point", "coordinates": [-96.112794971476, 35.998749987699]}}, {"type": "Feature", "properties": {"hpsa_id": "7403596859", "name": "Choctaw Nation Mcalester Health Clinic", "score": 18, "discipline": "Mental Health", "type": "Indian Health Service, Tribal Health, and Urban Indian Health Organizations", "status": "Designated", "rural": "Rural", "provider_ratio": null, "designation_pop": "26987.0", "underserved_pop": null, "pct_poverty": null, "lat": 34.923872279116246, "lng": -95.74839570336823, "county": "Pittsburg"}, "geometry": {"type": "Point", "coordinates": [-95.750616821408, 34.934287054035]}}, {"type": "Feature", "properties": {"hpsa_id": "7403924857", "name": "Tishomingo Health Clinic", "score": 18, "discipline": "Mental Health", "type": "Indian Health Service, Tribal Health, and Urban Indian Health Organizations", "status": "Designated", "rural": "Rural", "provider_ratio": null, "designation_pop": "29142.0", "underserved_pop": null, "pct_poverty": null, "lat": 34.3165155513072, "lng": -96.66059320946245, "county": "Johnston"}, "geometry": {"type": "Point", "coordinates": [-96.662814343969, 34.230500690447]}}, {"type": "Feature", "properties": {"hpsa_id": "7403956441", "name": "ARBUCKLE FAMILY CLINIC", "score": 17, "discipline": "Mental Health", "type": "Rural Health Clinic", "status": "Designated", "rural": "Rural", "provider_ratio": null, "designation_pop": "61077.0", "underserved_pop": null, "pct_poverty": null, "lat": 34.482329067262846, "lng": -97.0679118321657, "county": "Murray"}, "geometry": {"type": "Point", "coordinates": [-96.995120172126, 34.506243112622]}}, {"type": "Feature", "properties": {"hpsa_id": "7404065147", "name": "Riverwalk Health and Wellness Center", "score": 17, "discipline": "Mental Health", "type": "Indian Health Service, Tribal Health, and Urban Indian Health Organizations", "status": "Designated", "rural": "Non-Rural", "provider_ratio": null, "designation_pop": "140437.0", "underserved_pop": null, "pct_poverty": null, "lat": 36.1211037849327, "lng": -95.94146615089537, "county": "Tulsa"}, "geometry": {"type": "Point", "coordinates": [-95.951014784862, 36.729083674759]}}, {"type": "Feature", "properties": {"hpsa_id": "7404374172", "name": "AMC MEDICAL CLINIC LLC", "score": 18, "discipline": "Mental Health", "type": "Rural Health Clinic", "status": "Designated", "rural": "Rural", "provider_ratio": null, "designation_pop": "79012.0", "underserved_pop": null, "pct_poverty": null, "lat": 35.37364242227482, "lng": -95.66680528402311, "county": "McIntosh"}, "geometry": {"type": "Point", "coordinates": [-97.067141411592, 36.72775122183]}}, {"type": "Feature", "properties": {"hpsa_id": "7404413974", "name": "James Crabtree Correctional Center", "score": 12, "discipline": "Mental Health", "type": "Correctional Facility", "status": "Designated", "rural": "Rural", "provider_ratio": "2000:0", "designation_pop": "1137.0", "underserved_pop": null, "pct_poverty": null, "lat": 36.731048942024515, "lng": -98.32398896675696, "county": "Alfalfa"}, "geometry": {"type": "Point", "coordinates": [-97.5981, 36.3556]}}, {"type": "Feature", "properties": {"hpsa_id": "7404622119", "name": "Choctaw Nation Regional Medical Clinic", "score": 18, "discipline": "Mental Health", "type": "Indian Health Service, Tribal Health, and Urban Indian Health Organizations", "status": "Designated", "rural": "Rural", "provider_ratio": null, "designation_pop": "24079.0", "underserved_pop": null, "pct_poverty": null, "lat": 33.96226810348996, "lng": -96.25980952826535, "county": "Bryan"}, "geometry": {"type": "Point", "coordinates": [-94.81796383723, 33.880839797013]}}, {"type": "Feature", "properties": {"hpsa_id": "7404629427", "name": "Choctaw Nation Stigler Health Clinic", "score": 18, "discipline": "Mental Health", "type": "Indian Health Service, Tribal Health, and Urban Indian Health Organizations", "status": "Designated", "rural": "Rural", "provider_ratio": null, "designation_pop": "30051.0", "underserved_pop": null, "pct_poverty": null, "lat": 35.224795586766675, "lng": -95.11664572160755, "county": "Haskell"}, "geometry": {"type": "Point", "coordinates": [-94.81796383723, 33.880839797013]}}, {"type": "Feature", "properties": {"hpsa_id": "7404658093", "name": "Quapaw Counseling Center", "score": 18, "discipline": "Mental Health", "type": "Indian Health Service, Tribal Health, and Urban Indian Health Organizations", "status": "Designated", "rural": "Rural", "provider_ratio": null, "designation_pop": "25820.0", "underserved_pop": null, "pct_poverty": null, "lat": 36.83552481880731, "lng": -94.81044371359195, "county": "Ottawa"}, "geometry": {"type": "Point", "coordinates": [-94.838908330461, 36.919500141733]}}, {"type": "Feature", "properties": {"hpsa_id": "7404725148", "name": "ABC MEDICAL CLINIC OF HOLDENVILLE", "score": 18, "discipline": "Mental Health", "type": "Rural Health Clinic", "status": "Designated", "rural": "Rural", "provider_ratio": null, "designation_pop": "51021.0", "underserved_pop": null, "pct_poverty": null, "lat": 35.04836489843609, "lng": -96.25018554486198, "county": "Hughes"}, "geometry": {"type": "Point", "coordinates": [-96.389572529639, 35.086110410105]}}, {"type": "Feature", "properties": {"hpsa_id": "7404750232", "name": "Cherokee Nation Health Services Three Rivers Health Center", "score": 18, "discipline": "Mental Health", "type": "Indian Health Service, Tribal Health, and Urban Indian Health Organizations", "status": "Designated", "rural": "Rural", "provider_ratio": null, "designation_pop": "107029.0", "underserved_pop": null, "pct_poverty": null, "lat": 35.61615107283512, "lng": -95.37948423000303, "county": "Muskogee"}, "geometry": {"type": "Point", "coordinates": [-95.731785460623, 36.073312274813]}}, {"type": "Feature", "properties": {"hpsa_id": "7404786407", "name": "Oklahoma City Indian Clinic Ann Arbor", "score": 17, "discipline": "Mental Health", "type": "Indian Health Service, Tribal Health, and Urban Indian Health Organizations", "status": "Designated", "rural": "Non-Rural", "provider_ratio": null, "designation_pop": "100910.0", "underserved_pop": null, "pct_poverty": null, "lat": 35.55150894431967, "lng": -97.40723834433054, "county": "Oklahoma"}, "geometry": {"type": "Point", "coordinates": [-97.599775610593, 35.522268718357]}}, {"type": "Feature", "properties": {"hpsa_id": "7404795368", "name": "Sac & Fox Nation Black Hawk Health Center", "score": 18, "discipline": "Mental Health", "type": "Indian Health Service, Tribal Health, and Urban Indian Health Organizations", "status": "Designated", "rural": "Rural", "provider_ratio": null, "designation_pop": "38590.0", "underserved_pop": null, "pct_poverty": null, "lat": 35.702956064877334, "lng": -96.88089194794273, "county": "Lincoln"}, "geometry": {"type": "Point", "coordinates": [-95.907748430135, 36.017282723178]}}, {"type": "Feature", "properties": {"hpsa_id": "7404881518", "name": "CIMARRON MEMORIAL RURAL HEALTH CLINIC", "score": 14, "discipline": "Mental Health", "type": "Rural Health Clinic", "status": "Designated", "rural": "Rural", "provider_ratio": null, "designation_pop": "7010.0", "underserved_pop": null, "pct_poverty": null, "lat": 36.748263427546206, "lng": -102.51775591354784, "county": "Cimarron"}, "geometry": {"type": "Point", "coordinates": [-100.9288, 36.7517]}}, {"type": "Feature", "properties": {"hpsa_id": "7405069401", "name": "Cherokee Nation Ga Du Gi", "score": 18, "discipline": "Mental Health", "type": "Indian Health Service, Tribal Health, and Urban Indian Health Organizations", "status": "Designated", "rural": "Rural", "provider_ratio": null, "designation_pop": "65581.0", "underserved_pop": null, "pct_poverty": null, "lat": 35.90666673101444, "lng": -94.99968222805573, "county": "Cherokee"}, "geometry": {"type": "Point", "coordinates": [-95.731785460623, 36.073312274813]}}, {"type": "Feature", "properties": {"hpsa_id": "7405285990", "name": "GOOD SHEPHERD COMMUNITY CLINIC, INC.", "score": 18, "discipline": "Mental Health", "type": "Federally Qualified Health Center", "status": "Designated", "rural": "Rural", "provider_ratio": null, "designation_pop": "18925.0", "underserved_pop": null, "pct_poverty": null, "lat": 34.25086598383519, "lng": -97.28575665505844, "county": "Carter"}, "geometry": {"type": "Point", "coordinates": [-97.124232334451, 34.184649172704]}}, {"type": "Feature", "properties": {"hpsa_id": "7405469813", "name": "Wetumka Indian Health Center", "score": 18, "discipline": "Mental Health", "type": "Indian Health Service, Tribal Health, and Urban Indian Health Organizations", "status": "Designated", "rural": "Rural", "provider_ratio": null, "designation_pop": "28636.0", "underserved_pop": null, "pct_poverty": null, "lat": 35.04836489843609, "lng": -96.25018554486198, "county": "Hughes"}, "geometry": {"type": "Point", "coordinates": [-96.239007464572, 35.234863068027]}}, {"type": "Feature", "properties": {"hpsa_id": "7405640560", "name": "COMMUNITY CLINIC OF BEAVER", "score": 16, "discipline": "Mental Health", "type": "Rural Health Clinic", "status": "Designated", "rural": "Rural", "provider_ratio": null, "designation_pop": "15456.0", "underserved_pop": null, "pct_poverty": null, "lat": 36.74965258537306, "lng": -100.47679108469661, "county": "Beaver"}, "geometry": {"type": "Point", "coordinates": [-97.49597513043, 35.49327009509]}}, {"type": "Feature", "properties": {"hpsa_id": "7405661401", "name": "PAWHUSKA FAMILY MEDICAL CLINIC", "score": 17, "discipline": "Mental Health", "type": "Rural Health Clinic", "status": "Designated", "rural": "Rural", "provider_ratio": null, "designation_pop": "38508.0", "underserved_pop": null, "pct_poverty": null, "lat": 36.629153449643326, "lng": -96.39848209672019, "county": "Osage"}, "geometry": {"type": "Point", "coordinates": [-96.325799256038, 36.672872826831]}}, {"type": "Feature", "properties": {"hpsa_id": "7405702235", "name": "Ardmore Health Clinic", "score": 17, "discipline": "Mental Health", "type": "Indian Health Service, Tribal Health, and Urban Indian Health Organizations", "status": "Designated", "rural": "Rural", "provider_ratio": null, "designation_pop": "20950.0", "underserved_pop": null, "pct_poverty": null, "lat": 34.25086598383519, "lng": -97.28575665505844, "county": "Carter"}, "geometry": {"type": "Point", "coordinates": [-97.143450065798, 34.176461588132]}}, {"type": "Feature", "properties": {"hpsa_id": "7405785389", "name": "Absentee Shawnee Tribe Health System Little Axe Health Center", "score": 17, "discipline": "Mental Health", "type": "Indian Health Service, Tribal Health, and Urban Indian Health Organizations", "status": "Designated", "rural": "Non-Rural", "provider_ratio": null, "designation_pop": "94596.0", "underserved_pop": null, "pct_poverty": null, "lat": 35.203076997915495, "lng": -97.32646562390933, "county": "Cleveland"}, "geometry": {"type": "Point", "coordinates": [-96.621223417678, 35.767525483588]}}, {"type": "Feature", "properties": {"hpsa_id": "7405785402", "name": "Muscogee Nation Behavioral Health Services-Okmulgee", "score": 16, "discipline": "Mental Health", "type": "Indian Health Service, Tribal Health, and Urban Indian Health Organizations", "status": "Designated", "rural": "Rural", "provider_ratio": null, "designation_pop": "77235.0", "underserved_pop": null, "pct_poverty": null, "lat": 35.646604127621586, "lng": -95.9642725795913, "county": "Okmulgee"}, "geometry": {"type": "Point", "coordinates": [-96.112794971476, 35.998749987699]}}, {"type": "Feature", "properties": {"hpsa_id": "7406075981", "name": "PRAGUE COMMUNITY HOSPITAL-PRAGUE FAMILY CLINIC", "score": 18, "discipline": "Mental Health", "type": "Rural Health Clinic", "status": "Designated", "rural": "Rural", "provider_ratio": null, "designation_pop": "85837.0", "underserved_pop": null, "pct_poverty": null, "lat": 35.702956064877334, "lng": -96.88089194794273, "county": "Lincoln"}, "geometry": {"type": "Point", "coordinates": [-96.6847, 35.5019]}}, {"type": "Feature", "properties": {"hpsa_id": "7406086987", "name": "Absentee Shawnee Tribe Health System Shawnee Clinic", "score": 18, "discipline": "Mental Health", "type": "Indian Health Service, Tribal Health, and Urban Indian Health Organizations", "status": "Designated", "rural": "Rural", "provider_ratio": null, "designation_pop": "73406.0", "underserved_pop": null, "pct_poverty": null, "lat": 35.20662591167293, "lng": -96.94837723676049, "county": "Pottawatomie"}, "geometry": {"type": "Point", "coordinates": [-96.621223417678, 35.767525483588]}}, {"type": "Feature", "properties": {"hpsa_id": "7406120579", "name": "Chickasaw Nation Medical Center", "score": 18, "discipline": "Mental Health", "type": "Indian Health Service, Tribal Health, and Urban Indian Health Organizations", "status": "Designated", "rural": "Rural", "provider_ratio": null, "designation_pop": "32349.0", "underserved_pop": null, "pct_poverty": null, "lat": 34.72804982731131, "lng": -96.68438358908809, "county": "Pontotoc"}, "geometry": {"type": "Point", "coordinates": [-96.6829913, 34.8000198]}}, {"type": "Feature", "properties": {"hpsa_id": "7406189961", "name": "Echota Behavioral Health", "score": 18, "discipline": "Mental Health", "type": "Indian Health Service, Tribal Health, and Urban Indian Health Organizations", "status": "Designated", "rural": "Rural", "provider_ratio": null, "designation_pop": "71026.0", "underserved_pop": null, "pct_poverty": null, "lat": 35.90666673101444, "lng": -94.99968222805573, "county": "Cherokee"}, "geometry": {"type": "Point", "coordinates": [-94.9869688, 35.9153068]}}, {"type": "Feature", "properties": {"hpsa_id": "7406200171", "name": "Choctaw Employee Health Clinic", "score": 18, "discipline": "Mental Health", "type": "Indian Health Service, Tribal Health, and Urban Indian Health Organizations", "status": "Designated", "rural": "Rural", "provider_ratio": null, "designation_pop": "24079.0", "underserved_pop": null, "pct_poverty": null, "lat": 33.96226810348996, "lng": -96.25980952826535, "county": "Bryan"}, "geometry": {"type": "Point", "coordinates": [-95.492301040493, 34.011681268377]}}, {"type": "Feature", "properties": {"hpsa_id": "7406248780", "name": "Cherokee Nation Health Services Wilma P. Mankiller Health Center", "score": 18, "discipline": "Mental Health", "type": "Indian Health Service, Tribal Health, and Urban Indian Health Organizations", "status": "Designated", "rural": "Rural", "provider_ratio": null, "designation_pop": "50460.0", "underserved_pop": null, "pct_poverty": null, "lat": 35.883939921206576, "lng": -94.65872807399646, "county": "Adair"}, "geometry": {"type": "Point", "coordinates": [-95.731785460623, 36.073312274813]}}, {"type": "Feature", "properties": {"hpsa_id": "7406280756", "name": "Citizen Potawatomi Nation West Clinic", "score": 16, "discipline": "Mental Health", "type": "Indian Health Service, Tribal Health, and Urban Indian Health Organizations", "status": "Designated", "rural": "Rural", "provider_ratio": null, "designation_pop": "105390.0", "underserved_pop": null, "pct_poverty": null, "lat": 35.20662591167293, "lng": -96.94837723676049, "county": "Pottawatomie"}, "geometry": {"type": "Point", "coordinates": [-96.935378247769, 35.260658516754]}}, {"type": "Feature", "properties": {"hpsa_id": "7406478859", "name": "CHEROKEE NATION HEALTH SERVICES JACK BROWN YOUTH TREATMENT CENTER", "score": 18, "discipline": "Mental Health", "type": "Indian Health Service, Tribal Health, and Urban Indian Health Organizations", "status": "Designated", "rural": "Rural", "provider_ratio": null, "designation_pop": "69355.0", "underserved_pop": null, "pct_poverty": null, "lat": 35.90666673101444, "lng": -94.99968222805573, "county": "Cherokee"}, "geometry": {"type": "Point", "coordinates": [-96.110282080127, 36.138487490809]}}, {"type": "Feature", "properties": {"hpsa_id": "7406594032", "name": "HEALTHY LIVING CAMPUS", "score": 18, "discipline": "Mental Health", "type": "Indian Health Service, Tribal Health, and Urban Indian Health Organizations", "status": "Designated", "rural": "Rural", "provider_ratio": null, "designation_pop": "69355.0", "underserved_pop": null, "pct_poverty": null, "lat": 35.90666673101444, "lng": -94.99968222805573, "county": "Cherokee"}, "geometry": {"type": "Point", "coordinates": [-97.853549683606, 36.409806508483]}}, {"type": "Feature", "properties": {"hpsa_id": "7406651531", "name": "LAVERNE FAMILY HEALTH CLINIC", "score": 17, "discipline": "Mental Health", "type": "Rural Health Clinic", "status": "Designated", "rural": "Rural", "provider_ratio": null, "designation_pop": "13452.0", "underserved_pop": null, "pct_poverty": null, "lat": 36.78876579770035, "lng": -99.66733603248106, "county": "Harper"}, "geometry": {"type": "Point", "coordinates": [-99.9063285, 36.7096135]}}, {"type": "Feature", "properties": {"hpsa_id": "7406706817", "name": "Mabel Bassett Correctional Center", "score": 3, "discipline": "Mental Health", "type": "Correctional Facility", "status": "Designated", "rural": "Rural", "provider_ratio": "2000:1", "designation_pop": "1101.0", "underserved_pop": null, "pct_poverty": null, "lat": 35.20662591167293, "lng": -96.94837723676049, "county": "Pottawatomie"}, "geometry": {"type": "Point", "coordinates": [-97.2547, 35.4428]}}, {"type": "Feature", "properties": {"hpsa_id": "7406776462", "name": "Purcell Health Clinic", "score": 17, "discipline": "Mental Health", "type": "Indian Health Service, Tribal Health, and Urban Indian Health Organizations", "status": "Designated", "rural": "Non-Rural", "provider_ratio": null, "designation_pop": "74403.0", "underserved_pop": null, "pct_poverty": null, "lat": 35.00932659606803, "lng": -97.44428111756898, "county": "McClain"}, "geometry": {"type": "Point", "coordinates": [-97.365616833491, 35.026089377227]}}, {"type": "Feature", "properties": {"hpsa_id": "7406898844", "name": "FCI-El Reno", "score": 12, "discipline": "Mental Health", "type": "Correctional Facility", "status": "Designated", "rural": "Rural", "provider_ratio": "2000:0", "designation_pop": "1740.0", "underserved_pop": null, "pct_poverty": null, "lat": 35.542426313693305, "lng": -97.98235767611979, "county": "Canadian"}, "geometry": {"type": "Point", "coordinates": [-97.9519, 35.5389]}}, {"type": "Feature", "properties": {"hpsa_id": "7406905747", "name": "Cherokee Nation Outpatient Clinic - Tahlequah", "score": 18, "discipline": "Mental Health", "type": "Indian Health Service, Tribal Health, and Urban Indian Health Organizations", "status": "Designated", "rural": "Rural", "provider_ratio": null, "designation_pop": "68399.0", "underserved_pop": null, "pct_poverty": null, "lat": 35.90666673101444, "lng": -94.99968222805573, "county": "Cherokee"}, "geometry": {"type": "Point", "coordinates": [-95.731785460623, 36.073312274813]}}, {"type": "Feature", "properties": {"hpsa_id": "7407031290", "name": "McAlester - Oklahoma State Penitentiary", "score": 24, "discipline": "Mental Health", "type": "Correctional Facility", "status": "Designated", "rural": "Rural", "provider_ratio": "2000:0", "designation_pop": "738.0", "underserved_pop": null, "pct_poverty": null, "lat": 34.923872279116246, "lng": -95.74839570336823, "county": "Pittsburg"}, "geometry": {"type": "Point", "coordinates": [-95.750616821408, 34.934287054035]}}, {"type": "Feature", "properties": {"hpsa_id": "7407079472", "name": "Choctaw Nation Broken Bow Health Clinic", "score": 17, "discipline": "Mental Health", "type": "Indian Health Service, Tribal Health, and Urban Indian Health Organizations", "status": "Designated", "rural": "Rural", "provider_ratio": null, "designation_pop": "9180.0", "underserved_pop": null, "pct_poverty": null, "lat": 34.115432569844394, "lng": -94.77132912247683, "county": "McCurtain"}, "geometry": {"type": "Point", "coordinates": [-94.81796383723, 33.880839797013]}}, {"type": "Feature", "properties": {"hpsa_id": "7407259187", "name": "Cherokee Nation Health Services Cherokee Nation WW Hastings Indian Hospital", "score": 18, "discipline": "Mental Health", "type": "Indian Health Service, Tribal Health, and Urban Indian Health Organizations", "status": "Designated", "rural": "Rural", "provider_ratio": null, "designation_pop": "67229.0", "underserved_pop": null, "pct_poverty": null, "lat": 35.90666673101444, "lng": -94.99968222805573, "county": "Cherokee"}, "geometry": {"type": "Point", "coordinates": [-95.731785460623, 36.073312274813]}}, {"type": "Feature", "properties": {"hpsa_id": "7407271710", "name": "NEWMAN HEALTHCARE ASSOCIATES", "score": 17, "discipline": "Mental Health", "type": "Rural Health Clinic", "status": "Designated", "rural": "Rural", "provider_ratio": null, "designation_pop": "12635.0", "underserved_pop": null, "pct_poverty": null, "lat": 36.21835479985328, "lng": -99.75463940607318, "county": "Ellis"}, "geometry": {"type": "Point", "coordinates": [-95.9813, 36.1353]}}, {"type": "Feature", "properties": {"hpsa_id": "7407292022", "name": "CARNEGIE MEDICAL CLINIC", "score": 18, "discipline": "Mental Health", "type": "Rural Health Clinic", "status": "Designated", "rural": "Rural", "provider_ratio": null, "designation_pop": "34058.0", "underserved_pop": null, "pct_poverty": null, "lat": 35.17441267631783, "lng": -98.37514644512834, "county": "Caddo"}, "geometry": {"type": "Point", "coordinates": [-98.604601656728, 35.107143219298]}}, {"type": "Feature", "properties": {"hpsa_id": "7407344295", "name": "OKCIC - SW Tower", "score": 16, "discipline": "Mental Health", "type": "Indian Health Service, Tribal Health, and Urban Indian Health Organizations", "status": "Designated", "rural": "Non-Rural", "provider_ratio": null, "designation_pop": "101762.0", "underserved_pop": null, "pct_poverty": null, "lat": 35.55150894431967, "lng": -97.40723834433054, "county": "Oklahoma"}, "geometry": {"type": "Point", "coordinates": [-97.5283, 35.4564]}}, {"type": "Feature", "properties": {"hpsa_id": "7407590752", "name": "CF-Mack Alford", "score": 24, "discipline": "Mental Health", "type": "Correctional Facility", "status": "Designated", "rural": "Rural", "provider_ratio": "2000:0", "designation_pop": "786.0", "underserved_pop": null, "pct_poverty": null, "lat": 34.58821907419969, "lng": -96.29776103906003, "county": "Coal"}, "geometry": {"type": "Point", "coordinates": [-94.7867, 34.9206]}}, {"type": "Feature", "properties": {"hpsa_id": "7407943925", "name": "FTC-Oklahoma City", "score": 12, "discipline": "Mental Health", "type": "Correctional Facility", "status": "Designated", "rural": "Non-Rural", "provider_ratio": "2000:0", "designation_pop": "57263.0", "underserved_pop": null, "pct_poverty": null, "lat": 35.55150894431967, "lng": -97.40723834433054, "county": "Oklahoma"}, "geometry": {"type": "Point", "coordinates": [-97.5158, 35.4358]}}, {"type": "Feature", "properties": {"hpsa_id": "7408016326", "name": "JONES ACADEMY SCHOOL HC", "score": 18, "discipline": "Mental Health", "type": "Indian Health Service, Tribal Health, and Urban Indian Health Organizations", "status": "Designated", "rural": "Rural", "provider_ratio": null, "designation_pop": "17845.0", "underserved_pop": null, "pct_poverty": null, "lat": 34.923872279116246, "lng": -95.74839570336823, "county": "Pittsburg"}, "geometry": {"type": "Point", "coordinates": [-97.430880362329, 35.825809240424]}}, {"type": "Feature", "properties": {"hpsa_id": "7408296386", "name": "MERCY HOSPITAL LOGAN COUNTY - GUTHRIE DIVISION", "score": 13, "discipline": "Mental Health", "type": "Rural Health Clinic", "status": "Designated", "rural": "Rural", "provider_ratio": null, "designation_pop": "363175.0", "underserved_pop": null, "pct_poverty": null, "lat": 35.91934009584195, "lng": -97.4433199413484, "county": "Logan"}, "geometry": {"type": "Point", "coordinates": [-94.6178271, 35.2410596]}}, {"type": "Feature", "properties": {"hpsa_id": "7408352152", "name": "BUFFALO FAMILY HEALTH CLINIC", "score": 17, "discipline": "Mental Health", "type": "Rural Health Clinic", "status": "Designated", "rural": "Rural", "provider_ratio": null, "designation_pop": "13626.0", "underserved_pop": null, "pct_poverty": null, "lat": 36.78876579770035, "lng": -99.66733603248106, "county": "Harper"}, "geometry": {"type": "Point", "coordinates": [-94.838908330461, 36.919500141733]}}, {"type": "Feature", "properties": {"hpsa_id": "7408393533", "name": "MCCURTAIN MEMORIAL RURAL HEALTH CLINICS", "score": 18, "discipline": "Mental Health", "type": "Rural Health Clinic", "status": "Designated", "rural": "Rural", "provider_ratio": null, "designation_pop": "31732.0", "underserved_pop": null, "pct_poverty": null, "lat": 34.115432569844394, "lng": -94.77132912247683, "county": "McCurtain"}, "geometry": {"type": "Point", "coordinates": [-94.739503524848, 34.034361011728]}}, {"type": "Feature", "properties": {"hpsa_id": "7408520361", "name": "Choctaw Nation Hugo Health Clinic", "score": 18, "discipline": "Mental Health", "type": "Indian Health Service, Tribal Health, and Urban Indian Health Organizations", "status": "Designated", "rural": "Rural", "provider_ratio": null, "designation_pop": "13968.0", "underserved_pop": null, "pct_poverty": null, "lat": 34.026612756674055, "lng": -95.55222689488166, "county": "Choctaw"}, "geometry": {"type": "Point", "coordinates": [-94.81796383723, 33.880839797013]}}, {"type": "Feature", "properties": {"hpsa_id": "7408602681", "name": "Claremore Indian Hospital", "score": 17, "discipline": "Mental Health", "type": "Indian Health Service, Tribal Health, and Urban Indian Health Organizations", "status": "Designated", "rural": "Rural", "provider_ratio": null, "designation_pop": "137321.0", "underserved_pop": null, "pct_poverty": null, "lat": 36.3715408654746, "lng": -95.60433521800311, "county": "Rogers"}, "geometry": {"type": "Point", "coordinates": [-95.628290138039, 36.316619261693]}}, {"type": "Feature", "properties": {"hpsa_id": "7408754809", "name": "Rubin White Health Center", "score": 18, "discipline": "Mental Health", "type": "Indian Health Service, Tribal Health, and Urban Indian Health Organizations", "status": "Designated", "rural": "Rural", "provider_ratio": null, "designation_pop": "29396.0", "underserved_pop": null, "pct_poverty": null, "lat": 34.900309476541416, "lng": -94.70338802180916, "county": "Le Flore"}, "geometry": {"type": "Point", "coordinates": [-97.5025, 35.4675]}}, {"type": "Feature", "properties": {"hpsa_id": "7408777086", "name": "FAIRVIEW FAMILY CLINIC", "score": 17, "discipline": "Mental Health", "type": "Rural Health Clinic", "status": "Designated", "rural": "Rural", "provider_ratio": null, "designation_pop": "20300.0", "underserved_pop": null, "pct_poverty": null, "lat": 36.31164544940459, "lng": -98.53594116889823, "county": "Major"}, "geometry": {"type": "Point", "coordinates": [-98.474689481741, 36.275250391808]}}, {"type": "Feature", "properties": {"hpsa_id": "7408995757", "name": "Oklahoma City Indian Clinic", "score": 17, "discipline": "Mental Health", "type": "Indian Health Service, Tribal Health, and Urban Indian Health Organizations", "status": "Designated", "rural": "Non-Rural", "provider_ratio": null, "designation_pop": "100770.0", "underserved_pop": null, "pct_poverty": null, "lat": 35.55150894431967, "lng": -97.40723834433054, "county": "Oklahoma"}, "geometry": {"type": "Point", "coordinates": [-97.607588955781, 35.464481486421]}}, {"type": "Feature", "properties": {"hpsa_id": "7409101258", "name": "Muscogee (Creek) Nation Eufaula Indian Health Center", "score": 18, "discipline": "Mental Health", "type": "Indian Health Service, Tribal Health, and Urban Indian Health Organizations", "status": "Designated", "rural": "Rural", "provider_ratio": null, "designation_pop": "49618.0", "underserved_pop": null, "pct_poverty": null, "lat": 35.37364242227482, "lng": -95.66680528402311, "county": "McIntosh"}, "geometry": {"type": "Point", "coordinates": [-96.112794971476, 35.998749987699]}}, {"type": "Feature", "properties": {"hpsa_id": "7409190056", "name": "Kickapoo Tribal Health Center (Mcloud)", "score": 17, "discipline": "Mental Health", "type": "Indian Health Service, Tribal Health, and Urban Indian Health Organizations", "status": "Designated", "rural": "Rural", "provider_ratio": null, "designation_pop": "100124.0", "underserved_pop": null, "pct_poverty": null, "lat": 35.702956064877334, "lng": -96.88089194794273, "county": "Lincoln"}, "geometry": {"type": "Point", "coordinates": [-97.088856974736, 35.484898829532]}}, {"type": "Feature", "properties": {"hpsa_id": "7409354385", "name": "Joseph Harp Correctional Center", "score": 6, "discipline": "Mental Health", "type": "Correctional Facility", "status": "Designated", "rural": "Non-Rural", "provider_ratio": "2000:1", "designation_pop": "1264.0", "underserved_pop": null, "pct_poverty": null, "lat": 35.203076997915495, "lng": -97.32646562390933, "county": "Cleveland"}, "geometry": {"type": "Point", "coordinates": [-97.3094, 35.1964]}}, {"type": "Feature", "properties": {"hpsa_id": "7409557314", "name": "Citizen Potawatomi Nation Health Center", "score": 18, "discipline": "Mental Health", "type": "Indian Health Service, Tribal Health, and Urban Indian Health Organizations", "status": "Designated", "rural": "Rural", "provider_ratio": null, "designation_pop": "66077.0", "underserved_pop": null, "pct_poverty": null, "lat": 35.20662591167293, "lng": -96.94837723676049, "county": "Pottawatomie"}, "geometry": {"type": "Point", "coordinates": [-96.935378247769, 35.260658516754]}}, {"type": "Feature", "properties": {"hpsa_id": "7409596317", "name": "SKIATOOK FAMILY CLINIC", "score": 12, "discipline": "Mental Health", "type": "Rural Health Clinic", "status": "Designated", "rural": "Non-Rural", "provider_ratio": null, "designation_pop": "315339.0", "underserved_pop": null, "pct_poverty": null, "lat": 36.1211037849327, "lng": -95.94146615089537, "county": "Tulsa"}, "geometry": {"type": "Point", "coordinates": [-96.019933584058, 36.367169811629]}}, {"type": "Feature", "properties": {"hpsa_id": "7409664728", "name": "Council Oak Comprehensive Health", "score": 17, "discipline": "Mental Health", "type": "Indian Health Service, Tribal Health, and Urban Indian Health Organizations", "status": "Designated", "rural": "Non-Rural", "provider_ratio": null, "designation_pop": "151975.0", "underserved_pop": null, "pct_poverty": null, "lat": 36.1211037849327, "lng": -95.94146615089537, "county": "Tulsa"}, "geometry": {"type": "Point", "coordinates": [-95.867924495699, 36.050106399058]}}, {"type": "Feature", "properties": {"hpsa_id": "7409911361", "name": "Choctaw Nation Health Care Center", "score": 17, "discipline": "Mental Health", "type": "Indian Health Service, Tribal Health, and Urban Indian Health Organizations", "status": "Designated", "rural": "Rural", "provider_ratio": null, "designation_pop": "11415.0", "underserved_pop": null, "pct_poverty": null, "lat": 34.876039589400946, "lng": -95.25037338189662, "county": "Latimer"}, "geometry": {"type": "Point", "coordinates": [-95.6404088, 34.2329886]}}, {"type": "Feature", "properties": {"hpsa_id": "740999400A", "name": "Community Health Center of Northeast Oklahoma, Inc.", "score": 21, "discipline": "Mental Health", "type": "Federally Qualified Health Center", "status": "Designated", "rural": "Rural", "provider_ratio": null, "designation_pop": "20151.0", "underserved_pop": null, "pct_poverty": null, "lat": 36.83552481880731, "lng": -94.81044371359195, "county": "Ottawa"}, "geometry": {"type": "Point", "coordinates": [-94.9601239, 36.6898165]}}, {"type": "Feature", "properties": {"hpsa_id": "7409994027", "name": "COMMUNITY HEALTH CENTERS OF OKLAHOMA", "score": 17, "discipline": "Mental Health", "type": "Federally Qualified Health Center", "status": "Designated", "rural": "Non-Rural", "provider_ratio": null, "designation_pop": "203571.0", "underserved_pop": null, "pct_poverty": null, "lat": 35.55150894431967, "lng": -97.40723834433054, "county": "Oklahoma"}, "geometry": {"type": "Point", "coordinates": [-97.519421766685, 35.460891797573]}}, {"type": "Feature", "properties": {"hpsa_id": "7409994029", "name": "VARIETY CARE, INC.", "score": 20, "discipline": "Mental Health", "type": "Federally Qualified Health Center", "status": "Designated", "rural": "Non-Rural", "provider_ratio": null, "designation_pop": "230529.0", "underserved_pop": null, "pct_poverty": null, "lat": 35.55150894431967, "lng": -97.40723834433054, "county": "Oklahoma"}, "geometry": {"type": "Point", "coordinates": [-97.534259085657, 35.387101853605]}}, {"type": "Feature", "properties": {"hpsa_id": "7409994030", "name": "CENTRAL OKLAHOMA FAMILY MEDICAL CENTER INC", "score": 20, "discipline": "Mental Health", "type": "Federally Qualified Health Center", "status": "Designated", "rural": "Rural", "provider_ratio": null, "designation_pop": "20359.0", "underserved_pop": null, "pct_poverty": null, "lat": 35.16750468650132, "lng": -96.61549014885766, "county": "Seminole"}, "geometry": {"type": "Point", "coordinates": [-96.758900643635, 34.960275417205]}}, {"type": "Feature", "properties": {"hpsa_id": "7409994031", "name": "Lawton Indian Hospital", "score": 19, "discipline": "Mental Health", "type": "Indian Health Service, Tribal Health, and Urban Indian Health Organizations", "status": "Designated", "rural": "Non-Rural", "provider_ratio": null, "designation_pop": "29537.0", "underserved_pop": null, "pct_poverty": null, "lat": 34.66211196929738, "lng": -98.47167028621922, "county": "Comanche"}, "geometry": {"type": "Point", "coordinates": [-98.385182097213, 34.620358936259]}}, {"type": "Feature", "properties": {"hpsa_id": "7409994035", "name": "CLINTON INDIAN HEALTH CENTER", "score": 18, "discipline": "Mental Health", "type": "Indian Health Service, Tribal Health, and Urban Indian Health Organizations", "status": "Designated", "rural": "Rural", "provider_ratio": null, "designation_pop": "8821.0", "underserved_pop": null, "pct_poverty": null, "lat": 35.638844925001635, "lng": -99.0015377750076, "county": "Custer"}, "geometry": {"type": "Point", "coordinates": [-98.996933113184, 35.514399251754]}}, {"type": "Feature", "properties": {"hpsa_id": "7409994037", "name": "MORTON COMPREHENSIVE HEALTH SERVICES, INC", "score": 18, "discipline": "Mental Health", "type": "Federally Qualified Health Center", "status": "Designated", "rural": "Non-Rural", "provider_ratio": null, "designation_pop": "173436.0", "underserved_pop": null, "pct_poverty": null, "lat": 36.1211037849327, "lng": -95.94146615089537, "county": "Tulsa"}, "geometry": {"type": "Point", "coordinates": [-95.98069070969, 36.17407304338]}}, {"type": "Feature", "properties": {"hpsa_id": "7409994038", "name": "KIAMICHI FAMILY MEDICAL CENTER INC", "score": 21, "discipline": "Mental Health", "type": "Federally Qualified Health Center", "status": "Designated", "rural": "Rural", "provider_ratio": null, "designation_pop": "15605.0", "underserved_pop": null, "pct_poverty": null, "lat": 34.115432569844394, "lng": -94.77132912247683, "county": "McCurtain"}, "geometry": {"type": "Point", "coordinates": [-94.932346663754, 34.395947579084]}}, {"type": "Feature", "properties": {"hpsa_id": "7409994042", "name": "NORTHEASTERN OKLAHOMA COMMUNITY HEALTH CENTERS, INC.", "score": 22, "discipline": "Mental Health", "type": "Federally Qualified Health Center", "status": "Designated", "rural": "Rural", "provider_ratio": null, "designation_pop": "36468.0", "underserved_pop": null, "pct_poverty": null, "lat": 35.90666673101444, "lng": -94.99968222805573, "county": "Cherokee"}, "geometry": {"type": "Point", "coordinates": [-95.143460699367, 35.932724305874]}}, {"type": "Feature", "properties": {"hpsa_id": "7409994044", "name": "FAIRFAX MEDICAL FACILITIES INC", "score": 23, "discipline": "Mental Health", "type": "Federally Qualified Health Center", "status": "Designated", "rural": "Rural", "provider_ratio": null, "designation_pop": "21012.0", "underserved_pop": null, "pct_poverty": null, "lat": 36.629153449643326, "lng": -96.39848209672019, "county": "Osage"}, "geometry": {"type": "Point", "coordinates": [-96.704252148263, 36.572295436644]}}, {"type": "Feature", "properties": {"hpsa_id": "7409994045", "name": "PUSHMATAHA FAMILY MEDICAL CENTER INC", "score": 20, "discipline": "Mental Health", "type": "Federally Qualified Health Center", "status": "Designated", "rural": "Rural", "provider_ratio": null, "designation_pop": "6810.0", "underserved_pop": null, "pct_poverty": null, "lat": 34.416167190945295, "lng": -95.37585236368118, "county": "Pushmataha"}, "geometry": {"type": "Point", "coordinates": [-95.869264, 34.02985]}}, {"type": "Feature", "properties": {"hpsa_id": "7409994046", "name": "COMMUNITY HEALTH CONNECTION INC", "score": 21, "discipline": "Mental Health", "type": "Federally Qualified Health Center", "status": "Designated", "rural": "Non-Rural", "provider_ratio": null, "designation_pop": "131814.0", "underserved_pop": null, "pct_poverty": null, "lat": 36.1211037849327, "lng": -95.94146615089537, "county": "Tulsa"}, "geometry": {"type": "Point", "coordinates": [-95.865869030724, 36.133410571484]}}, {"type": "Feature", "properties": {"hpsa_id": "7409994048", "name": "FAMILY HEALTH CENTER OF SOUTHERN OKLAHOMA, INC.", "score": 21, "discipline": "Mental Health", "type": "Federally Qualified Health Center", "status": "Designated", "rural": "Rural", "provider_ratio": null, "designation_pop": "38379.0", "underserved_pop": null, "pct_poverty": null, "lat": 34.3165155513072, "lng": -96.66059320946245, "county": "Johnston"}, "geometry": {"type": "Point", "coordinates": [-96.672950230306, 34.223256016971]}}, {"type": "Feature", "properties": {"hpsa_id": "7409994049", "name": "Stigler Health And Wellness Center Inc.", "score": 23, "discipline": "Mental Health", "type": "Federally Qualified Health Center", "status": "Designated", "rural": "Rural", "provider_ratio": null, "designation_pop": "224248.0", "underserved_pop": null, "pct_poverty": null, "lat": 35.224795586766675, "lng": -95.11664572160755, "county": "Haskell"}, "geometry": {"type": "Point", "coordinates": [-95.582557684872, 35.283363283586]}}, {"type": "Feature", "properties": {"hpsa_id": "7409994051", "name": "Anadarko Indian Health Center", "score": 19, "discipline": "Mental Health", "type": "Indian Health Service, Tribal Health, and Urban Indian Health Organizations", "status": "Designated", "rural": "Rural", "provider_ratio": null, "designation_pop": "17953.0", "underserved_pop": null, "pct_poverty": null, "lat": 35.17441267631783, "lng": -98.37514644512834, "county": "Caddo"}, "geometry": {"type": "Point", "coordinates": [-98.253156361973, 35.066636832933]}}, {"type": "Feature", "properties": {"hpsa_id": "7409994059", "name": "Carnegie Indian Health Center", "score": 19, "discipline": "Mental Health", "type": "Indian Health Service, Tribal Health, and Urban Indian Health Organizations", "status": "Designated", "rural": "Rural", "provider_ratio": null, "designation_pop": "15668.0", "underserved_pop": null, "pct_poverty": null, "lat": 35.17441267631783, "lng": -98.37514644512834, "county": "Caddo"}, "geometry": {"type": "Point", "coordinates": [-98.599441831204, 35.101754628582]}}, {"type": "Feature", "properties": {"hpsa_id": "7409994062", "name": "GREAT SALT PLAINS HEALTH CENTER", "score": 23, "discipline": "Mental Health", "type": "Federally Qualified Health Center", "status": "Designated", "rural": "Rural", "provider_ratio": null, "designation_pop": "23176.0", "underserved_pop": null, "pct_poverty": null, "lat": 36.731048942024515, "lng": -98.32398896675696, "county": "Alfalfa"}, "geometry": {"type": "Point", "coordinates": [-97.7322518, 36.8145368]}}, {"type": "Feature", "properties": {"hpsa_id": "7409994068", "name": "Cherokee Nation Health Services Sam Hider Health Center", "score": 18, "discipline": "Mental Health", "type": "Indian Health Service, Tribal Health, and Urban Indian Health Organizations", "status": "Designated", "rural": "Rural", "provider_ratio": null, "designation_pop": "37944.0", "underserved_pop": null, "pct_poverty": null, "lat": 36.40824311839726, "lng": -94.80259780847662, "county": "Delaware"}, "geometry": {"type": "Point", "coordinates": [-95.731785460623, 36.073312274813]}}, {"type": "Feature", "properties": {"hpsa_id": "7409994076", "name": "Northeastern Tribal Health Sys", "score": 18, "discipline": "Mental Health", "type": "Indian Health Service, Tribal Health, and Urban Indian Health Organizations", "status": "Designated", "rural": "Rural", "provider_ratio": null, "designation_pop": "31216.0", "underserved_pop": null, "pct_poverty": null, "lat": 36.83552481880731, "lng": -94.81044371359195, "county": "Ottawa"}, "geometry": {"type": "Point", "coordinates": [-94.8258, 36.8406]}}, {"type": "Feature", "properties": {"hpsa_id": "7409994079", "name": "The Kaw Nation Kanza Health Center", "score": 18, "discipline": "Mental Health", "type": "Indian Health Service, Tribal Health, and Urban Indian Health Organizations", "status": "Designated", "rural": "Rural", "provider_ratio": null, "designation_pop": "11736.0", "underserved_pop": null, "pct_poverty": null, "lat": 36.81801242113257, "lng": -97.14391868664055, "county": "Kay"}, "geometry": {"type": "Point", "coordinates": [-97.030608394145, 36.882962236919]}}, {"type": "Feature", "properties": {"hpsa_id": "7409994080", "name": "Muscogee (Creek) Nation Okemah Indian Health Center", "score": 18, "discipline": "Mental Health", "type": "Indian Health Service, Tribal Health, and Urban Indian Health Organizations", "status": "Designated", "rural": "Rural", "provider_ratio": null, "designation_pop": "43065.0", "underserved_pop": null, "pct_poverty": null, "lat": 35.46545347434502, "lng": -96.32278895502492, "county": "Okfuskee"}, "geometry": {"type": "Point", "coordinates": [-96.112794971476, 35.998749987699]}}, {"type": "Feature", "properties": {"hpsa_id": "7409994085", "name": "Iowa Tribe Of Oklahoma Perkins Family Clinic", "score": 18, "discipline": "Mental Health", "type": "Indian Health Service, Tribal Health, and Urban Indian Health Organizations", "status": "Designated", "rural": "Rural", "provider_ratio": null, "designation_pop": "26734.0", "underserved_pop": null, "pct_poverty": null, "lat": 36.0772925202325, "lng": -96.97564863172252, "county": "Payne"}, "geometry": {"type": "Point", "coordinates": [-97.021989004712, 35.985524983976]}}, {"type": "Feature", "properties": {"hpsa_id": "7409994086", "name": "Ponca Tribe Of Indians of Oklahoma White Eagle Clinic", "score": 17, "discipline": "Mental Health", "type": "Indian Health Service, Tribal Health, and Urban Indian Health Organizations", "status": "Designated", "rural": "Rural", "provider_ratio": null, "designation_pop": "18265.0", "underserved_pop": null, "pct_poverty": null, "lat": 36.81801242113257, "lng": -97.14391868664055, "county": "Kay"}, "geometry": {"type": "Point", "coordinates": [-97.464793943576, 35.609992028882]}}, {"type": "Feature", "properties": {"hpsa_id": "7409994091", "name": "Cherokee Nation Health Services Redbird Smith Health Center", "score": 17, "discipline": "Mental Health", "type": "Indian Health Service, Tribal Health, and Urban Indian Health Organizations", "status": "Designated", "rural": "Rural", "provider_ratio": null, "designation_pop": "59257.0", "underserved_pop": null, "pct_poverty": null, "lat": 35.49534353366552, "lng": -94.75520054577692, "county": "Sequoyah"}, "geometry": {"type": "Point", "coordinates": [-95.731785460623, 36.073312274813]}}, {"type": "Feature", "properties": {"hpsa_id": "7409994092", "name": "Muscogee (Creek) Nation Sapulpa Indian Health Center", "score": 17, "discipline": "Mental Health", "type": "Indian Health Service, Tribal Health, and Urban Indian Health Organizations", "status": "Designated", "rural": "Non-Rural", "provider_ratio": null, "designation_pop": "134423.0", "underserved_pop": null, "pct_poverty": null, "lat": 35.90258509794093, "lng": -96.37084930441547, "county": "Creek"}, "geometry": {"type": "Point", "coordinates": [-96.112794971476, 35.998749987699]}}, {"type": "Feature", "properties": {"hpsa_id": "74099940A1", "name": "Watonga Indian Health Center", "score": 19, "discipline": "Mental Health", "type": "Indian Health Service, Tribal Health, and Urban Indian Health Organizations", "status": "Designated", "rural": "Rural", "provider_ratio": null, "designation_pop": "9962.0", "underserved_pop": null, "pct_poverty": null, "lat": 35.875195105797346, "lng": -98.43343154179611, "county": "Blaine"}, "geometry": {"type": "Point", "coordinates": [-98.419187167092, 35.849010351628]}}, {"type": "Feature", "properties": {"hpsa_id": "74099940A2", "name": "Wewoka Indian Health Center", "score": 18, "discipline": "Mental Health", "type": "Indian Health Service, Tribal Health, and Urban Indian Health Organizations", "status": "Designated", "rural": "Rural", "provider_ratio": null, "designation_pop": "40482.0", "underserved_pop": null, "pct_poverty": null, "lat": 35.16750468650132, "lng": -96.61549014885766, "county": "Seminole"}, "geometry": {"type": "Point", "coordinates": [-96.481552439154, 35.122834745589]}}, {"type": "Feature", "properties": {"hpsa_id": "74099940A4", "name": "Bearskin Health & Wellness Center", "score": 18, "discipline": "Mental Health", "type": "Indian Health Service, Tribal Health, and Urban Indian Health Organizations", "status": "Designated", "rural": "Rural", "provider_ratio": null, "designation_pop": "30834.0", "underserved_pop": null, "pct_poverty": null, "lat": 36.83552481880731, "lng": -94.81044371359195, "county": "Ottawa"}, "geometry": {"type": "Point", "coordinates": [-94.8722, 36.9342]}}, {"type": "Feature", "properties": {"hpsa_id": "74099940A5", "name": "EAST CENTRAL OKLAHOMA FAM", "score": 23, "discipline": "Mental Health", "type": "Federally Qualified Health Center", "status": "Designated", "rural": "Rural", "provider_ratio": null, "designation_pop": "15155.0", "underserved_pop": null, "pct_poverty": null, "lat": 35.04836489843609, "lng": -96.25018554486198, "county": "Hughes"}, "geometry": {"type": "Point", "coordinates": [-96.758900643635, 34.960275417205]}}, {"type": "Feature", "properties": {"hpsa_id": "74099940A6", "name": "COMANCHE COUNTY HOSPITAL AUTHORITY (TRUS", "score": 24, "discipline": "Mental Health", "type": "Federally Qualified Health Center", "status": "Designated", "rural": "Non-Rural", "provider_ratio": null, "designation_pop": "36025.0", "underserved_pop": null, "pct_poverty": null, "lat": 34.66211196929738, "lng": -98.47167028621922, "county": "Comanche"}, "geometry": {"type": "Point", "coordinates": [-98.432754703649, 34.608922442329]}}, {"type": "Feature", "properties": {"hpsa_id": "74099940A7", "name": "SOUTH CENTRAL MEDICAL AND RESOURCE CENTER, INC.", "score": 21, "discipline": "Mental Health", "type": "Federally Qualified Health Center", "status": "Designated", "rural": "Rural", "provider_ratio": null, "designation_pop": "21674.0", "underserved_pop": null, "pct_poverty": null, "lat": 34.70457922189099, "lng": -97.3093239124085, "county": "Garvin"}, "geometry": {"type": "Point", "coordinates": [-97.602846060938, 34.838325129247]}}, {"type": "Feature", "properties": {"hpsa_id": "74099940B2", "name": "ARKANSAS VERDIGRIS VALLEY HEAL", "score": 21, "discipline": "Mental Health", "type": "Federally Qualified Health Center", "status": "Designated", "rural": "Non-Rural", "provider_ratio": null, "designation_pop": "30904.0", "underserved_pop": null, "pct_poverty": null, "lat": 35.961094602432986, "lng": -95.521198940342, "county": "Wagoner"}, "geometry": {"type": "Point", "coordinates": [-97.215941519085, 34.737083542997]}}, {"type": "Feature", "properties": {"hpsa_id": "74099940B4", "name": "CARING HANDS HEALTHCARE CENTERS, INC.", "score": 20, "discipline": "Mental Health", "type": "Federally Qualified Health Center", "status": "Designated", "rural": "Rural", "provider_ratio": null, "designation_pop": "14367.0", "underserved_pop": null, "pct_poverty": null, "lat": 34.923872279116246, "lng": -95.74839570336823, "county": "Pittsburg"}, "geometry": {"type": "Point", "coordinates": [-95.548438490449, 34.842740254885]}}, {"type": "Feature", "properties": {"hpsa_id": "74099940BB", "name": "Indian Health Care Resource Center of Tulsa", "score": 18, "discipline": "Mental Health", "type": "Indian Health Service, Tribal Health, and Urban Indian Health Organizations", "status": "Designated", "rural": "Non-Rural", "provider_ratio": null, "designation_pop": "152545.0", "underserved_pop": null, "pct_poverty": null, "lat": 36.1211037849327, "lng": -95.94146615089537, "county": "Tulsa"}, "geometry": {"type": "Point", "coordinates": [-95.975681076534, 36.153410708757]}}, {"type": "Feature", "properties": {"hpsa_id": "74099940BD", "name": "Muscogee (Creek) Nation Koweta Indian Health Facility", "score": 17, "discipline": "Mental Health", "type": "Indian Health Service, Tribal Health, and Urban Indian Health Organizations", "status": "Designated", "rural": "Non-Rural", "provider_ratio": null, "designation_pop": "161296.0", "underserved_pop": null, "pct_poverty": null, "lat": 35.961094602432986, "lng": -95.521198940342, "county": "Wagoner"}, "geometry": {"type": "Point", "coordinates": [-96.112794971476, 35.998749987699]}}, {"type": "Feature", "properties": {"hpsa_id": "74099940BE", "name": "Cherokee Nation Health Services Vinita Health Clinic", "score": 18, "discipline": "Mental Health", "type": "Indian Health Service, Tribal Health, and Urban Indian Health Organizations", "status": "Designated", "rural": "Rural", "provider_ratio": null, "designation_pop": "51701.0", "underserved_pop": null, "pct_poverty": null, "lat": 36.761749121278015, "lng": -95.20846582139073, "county": "Craig"}, "geometry": {"type": "Point", "coordinates": [-95.731785460623, 36.073312274813]}}, {"type": "Feature", "properties": {"hpsa_id": "74099940BF", "name": "Cherokee Nation Health Services Will Rogers Health Center", "score": 17, "discipline": "Mental Health", "type": "Indian Health Service, Tribal Health, and Urban Indian Health Organizations", "status": "Designated", "rural": "Rural", "provider_ratio": null, "designation_pop": "48058.0", "underserved_pop": null, "pct_poverty": null, "lat": 36.798469868930134, "lng": -95.61737349136436, "county": "Nowata"}, "geometry": {"type": "Point", "coordinates": [-95.731785460623, 36.073312274813]}}, {"type": "Feature", "properties": {"hpsa_id": "74099940C2", "name": "Pawnee Indian Health Center", "score": 18, "discipline": "Mental Health", "type": "Indian Health Service, Tribal Health, and Urban Indian Health Organizations", "status": "Designated", "rural": "Rural", "provider_ratio": null, "designation_pop": "22558.0", "underserved_pop": null, "pct_poverty": null, "lat": 36.316867770446834, "lng": -96.69920834587235, "county": "Pawnee"}, "geometry": {"type": "Point", "coordinates": [-96.7857983, 36.334617]}}, {"type": "Feature", "properties": {"hpsa_id": "74099940C9", "name": "Muscogee (Creek) Nation Okmulgee Indian Health Center", "score": 18, "discipline": "Mental Health", "type": "Indian Health Service, Tribal Health, and Urban Indian Health Organizations", "status": "Designated", "rural": "Rural", "provider_ratio": null, "designation_pop": "64931.0", "underserved_pop": null, "pct_poverty": null, "lat": 35.646604127621586, "lng": -95.9642725795913, "county": "Okmulgee"}, "geometry": {"type": "Point", "coordinates": [-96.112794971476, 35.998749987699]}}, {"type": "Feature", "properties": {"hpsa_id": "74099940CB", "name": "El Reno Indian Health Center", "score": 18, "discipline": "Mental Health", "type": "Indian Health Service, Tribal Health, and Urban Indian Health Organizations", "status": "Designated", "rural": "Rural", "provider_ratio": null, "designation_pop": "89135.0", "underserved_pop": null, "pct_poverty": null, "lat": 35.542426313693305, "lng": -97.98235767611979, "county": "Canadian"}, "geometry": {"type": "Point", "coordinates": [-97.936019182018, 35.508048969406]}}, {"type": "Feature", "properties": {"hpsa_id": "74099940CD", "name": "Cherokee Nation Health Services A-MO Health Center", "score": 18, "discipline": "Mental Health", "type": "Indian Health Service, Tribal Health, and Urban Indian Health Organizations", "status": "Designated", "rural": "Rural", "provider_ratio": null, "designation_pop": "68259.0", "underserved_pop": null, "pct_poverty": null, "lat": 36.30192997279042, "lng": -95.23073698330559, "county": "Mayes"}, "geometry": {"type": "Point", "coordinates": [-95.731785460623, 36.073312274813]}}, {"type": "Feature", "properties": {"hpsa_id": "74099940CH", "name": "SHORTGRASS COMMUNITY HEALTH CENTER INC", "score": 23, "discipline": "Mental Health", "type": "Federally Qualified Health Center", "status": "Designated", "rural": "Rural", "provider_ratio": null, "designation_pop": "11560.0", "underserved_pop": null, "pct_poverty": null, "lat": 34.744087229258035, "lng": -99.84624676250831, "county": "Harmon"}, "geometry": {"type": "Point", "coordinates": [-99.914798884396, 34.695672357024]}}, {"type": "Feature", "properties": {"hpsa_id": "74099940CL", "name": "MERCY HOSPITAL HEALDTON - PRIMARY CARE", "score": 19, "discipline": "Mental Health", "type": "Rural Health Clinic", "status": "Designated", "rural": "Rural", "provider_ratio": null, "designation_pop": "42920.0", "underserved_pop": null, "pct_poverty": null, "lat": 34.25086598383519, "lng": -97.28575665505844, "county": "Carter"}, "geometry": {"type": "Point", "coordinates": [-97.143168057793, 34.1824780235]}}, {"type": "Feature", "properties": {"hpsa_id": "74099940CN", "name": "Cherokee Nation Health Services Cooweescoowee Health Center", "score": 17, "discipline": "Mental Health", "type": "Indian Health Service, Tribal Health, and Urban Indian Health Organizations", "status": "Designated", "rural": "Rural", "provider_ratio": null, "designation_pop": "83140.0", "underserved_pop": null, "pct_poverty": null, "lat": 36.715227259672126, "lng": -95.9043647199981, "county": "Washington"}, "geometry": {"type": "Point", "coordinates": [-95.731785460623, 36.073312274813]}}, {"type": "Feature", "properties": {"hpsa_id": "74099940D5", "name": "PANHANDLE COUNSELING AND HEALTH CENTER INC", "score": 20, "discipline": "Mental Health", "type": "Federally Qualified Health Center", "status": "Designated", "rural": "Rural", "provider_ratio": null, "designation_pop": "6553.0", "underserved_pop": null, "pct_poverty": null, "lat": 36.74790338700009, "lng": -101.49011436261695, "county": "Texas"}, "geometry": {"type": "Point", "coordinates": [-101.476972782103, 36.692989566087]}}]}