{"type": "FeatureCollection", "features": [{"type": "Feature", "properties": {"hpsa_id": "1401002846", "name": "Atoka County", "score": 10, "discipline": "Primary Care", "type": "High Needs Geographic HPSA", "status": "Proposed For Withdrawal", "rural": "Rural", "provider_ratio": "3000:1", "designation_pop": "12345.0", "underserved_pop": "345", "pct_poverty": "20.5", "new_score": 13, "new_pop": "12799.0", "has_trend": true}, "geometry": {"type": "Polygon", "coordinates": [[[-95.779203, 34.272683], [-95.779238, 34.248316], [-95.779178, 34.171751], [-95.779394, 34.165612], [-95.779517, 34.164968], [-95.779332, 34.164169], [-95.779376, 34.156699], [-95.803172, 34.156756], [-95.808791, 34.156556], [-95.816758, 34.15664], [-95.826264, 34.156572], [-95.826616, 34.157002], [-95.836137, 34.156691], [-95.919018, 34.156734], [-95.987767, 34.156795], [-95.991538, 34.156805], [-95.991578, 34.156805], [-95.998535, 34.156818], [-96.051847, 34.156863], [-96.068649, 34.156906], [-96.071094, 34.156906], [-96.085925, 34.156926], [-96.102549, 34.156942], [-96.147633, 34.156966], [-96.221561, 34.15701], [-96.22305, 34.15714], [-96.233953, 34.157172], [-96.235491, 34.15703], [-96.268274, 34.157088], [-96.279867, 34.15709], [-96.284894, 34.157083], [-96.320709, 34.157179], [-96.355669, 34.157186], [-96.372653, 34.157177], [-96.388745, 34.157165], [-96.407517, 34.157188], [-96.407517, 34.157317], [-96.407496, 34.169848], [-96.407439, 34.208014], [-96.407256, 34.244238], [-96.407204, 34.284261], [-96.407158, 34.302307], [-96.407131, 34.309424], [-96.407124, 34.30949], [-96.407155, 34.317232], [-96.407118, 34.317331], [-96.407028, 34.370754], [-96.407134, 34.37215], [-96.407094, 34.396819], [-96.407074, 34.41839], [-96.406783, 34.418391], [-96.354738, 34.418319], [-96.346263, 34.418307], [-96.302664, 34.418294], [-96.264574, 34.418301], [-96.26298, 34.418392], [-96.247524, 34.418398], [-96.246656, 34.418532], [-96.24452, 34.418403], [-96.232827, 34.418407], [-96.151509, 34.418325], [-96.145423, 34.418313], [-96.145426, 34.430118], [-96.14514, 34.432269], [-96.14527, 34.47293], [-96.145435, 34.47549], [-96.145441, 34.491034], [-96.145442, 34.505944], [-96.095251, 34.506044], [-96.092625, 34.506061], [-96.092029, 34.506157], [-96.092044, 34.535054], [-96.092051, 34.549529], [-96.092084, 34.593145], [-96.092112, 34.60754], [-96.092238, 34.61312], [-96.09209, 34.614027], [-96.092106, 34.668001], [-96.091885, 34.673085], [-96.09211, 34.675017], [-96.092043, 34.680556], [-96.088517, 34.680378], [-96.039627, 34.680464], [-95.92965, 34.680544], [-95.901754, 34.680551], [-95.882198, 34.680475], [-95.88212, 34.651618], [-95.882057, 34.622354], [-95.881987, 34.593528], [-95.829033, 34.593622], [-95.806648, 34.593658], [-95.753119, 34.593701], [-95.697914, 34.593698], [-95.689539, 34.593722], [-95.67181, 34.593732], [-95.671784, 34.554014], [-95.671777, 34.543412], [-95.67175, 34.506794], [-95.674334, 34.506792], [-95.679451, 34.506786], [-95.706644, 34.50675], [-95.726913, 34.506724], [-95.729138, 34.506721], [-95.73172, 34.506719], [-95.779134, 34.506644], [-95.779244, 34.417569], [-95.779249, 34.326712], [-95.779203, 34.272683]]]}}, {"type": "Feature", "properties": {"hpsa_id": "1402216759", "name": "Grant County", "score": 12, "discipline": "Primary Care", "type": "Geographic HPSA", "status": "Proposed For Withdrawal", "rural": "Rural", "provider_ratio": "3500:1", "designation_pop": "4260.0", "underserved_pop": "4260", "pct_poverty": "6.8", "new_score": 14, "new_pop": "4025.0", "has_trend": true}, "geometry": {"type": "Polygon", "coordinates": [[[-98.110189, 36.797571], [-98.110169, 36.811216], [-98.109757, 36.814032], [-98.10965, 36.840818], [-98.109612, 36.898277], [-98.109576, 36.942038], [-98.111481, 36.942041], [-98.111542, 36.949335], [-98.111985, 36.998133], [-98.045342, 36.998327], [-98.03989, 36.998349], [-98.0387515954215, 36.998352260805], [-98.033955, 36.998366], [-98.0302049855076, 36.9983716171626], [-97.9652919188895, 36.9984688507196], [-97.8764508232088, 36.9986019261725], [-97.8023129924768, 36.9987129775427], [-97.802298, 36.998713], [-97.783489, 36.998847], [-97.783432, 36.998961], [-97.768704, 36.99875], [-97.697104, 36.998826], [-97.692179983944, 36.9988447931485], [-97.650466, 36.999004], [-97.637137, 36.99909], [-97.6368440053919, 36.9990860918726], [-97.6147895742673, 36.9987919174284], [-97.606549, 36.998682], [-97.582376688337, 36.9986986852412], [-97.564536, 36.998711], [-97.546498, 36.998747], [-97.5459, 36.998709], [-97.527292, 36.99875], [-97.472861, 36.998721], [-97.4623463219255, 36.9986852256487], [-97.462299, 36.941721], [-97.462474, 36.940265], [-97.462381, 36.897805], [-97.462412, 36.883317], [-97.462421, 36.839766], [-97.4623, 36.810772], [-97.462316, 36.767821], [-97.46222, 36.767311], [-97.462309, 36.738382], [-97.462326, 36.73479], [-97.462358, 36.687756], [-97.462378, 36.643582], [-97.462364, 36.629808], [-97.462477, 36.600736], [-97.462459, 36.593627], [-97.498464, 36.593553], [-97.516248, 36.59355], [-97.525546, 36.593514], [-97.542555, 36.593485], [-97.642103, 36.593462], [-97.710634, 36.59338], [-97.774146, 36.593297], [-97.911604, 36.593549], [-97.912863, 36.593554], [-97.938549, 36.593592], [-97.96177, 36.593552], [-98.018674, 36.593561], [-98.028394, 36.593528], [-98.037423, 36.593502], [-98.068847, 36.593506], [-98.077873, 36.593527], [-98.104286, 36.593578], [-98.109311, 36.593588], [-98.109428, 36.664981], [-98.109647, 36.666078], [-98.110195, 36.749189], [-98.109846, 36.750858], [-98.109922, 36.764331], [-98.110015, 36.764894], [-98.110473, 36.767649], [-98.110182, 36.796715], [-98.110189, 36.797571]]]}}, {"type": "Feature", "properties": {"hpsa_id": "1403420395", "name": "Dewey County", "score": 13, "discipline": "Primary Care", "type": "Geographic HPSA", "status": "Proposed For Withdrawal", "rural": "Rural", "provider_ratio": "3500:1", "designation_pop": "4813.0", "underserved_pop": "2013", "pct_poverty": "16.6", "new_score": 13, "new_pop": "4347.0", "has_trend": true}, "geometry": {"type": "Polygon", "coordinates": [[[-99.380891, 35.948253], [-99.380946, 35.971363], [-99.381019, 36.012726], [-99.381022, 36.012925], [-99.382205, 36.097196], [-99.381901, 36.098691], [-99.382074, 36.164301], [-99.254237, 36.163917], [-99.245921, 36.163408], [-99.222096, 36.163193], [-99.133462, 36.162332], [-99.125576, 36.162243], [-99.117263, 36.162811], [-99.079951, 36.162426], [-99.062098, 36.162285], [-99.057801, 36.162265], [-99.057615, 36.162264], [-98.955849, 36.161577], [-98.938457, 36.161374], [-98.937518, 36.16137], [-98.929583, 36.161325], [-98.925128, 36.161288], [-98.923073, 36.161271], [-98.920438, 36.161271], [-98.89476, 36.161217], [-98.726454, 36.16324], [-98.726183, 36.163297], [-98.725784, 36.163263], [-98.66333, 36.164554], [-98.636899, 36.164894], [-98.636806, 36.143288], [-98.63613, 35.956676], [-98.636124, 35.949513], [-98.636094, 35.942203], [-98.636161, 35.913748], [-98.63617, 35.91326], [-98.636149, 35.898808], [-98.632097, 35.898789], [-98.632118, 35.842245], [-98.631982, 35.841444], [-98.631985, 35.812402], [-98.649765, 35.812455], [-98.667602, 35.81246], [-98.702059, 35.812471], [-98.702502, 35.812518], [-98.709097, 35.81244], [-98.723217, 35.812108], [-98.830977, 35.812465], [-98.832586, 35.812621], [-98.84458, 35.81271], [-98.88107, 35.81261], [-98.882765, 35.812461], [-99.011267, 35.812302], [-99.01483, 35.81239], [-99.017333, 35.812092], [-99.018623, 35.812354], [-99.075111, 35.812352], [-99.110641, 35.812412], [-99.128375, 35.812383], [-99.14619, 35.812402], [-99.163643, 35.812412], [-99.217071, 35.81234], [-99.35919, 35.812134], [-99.359811, 35.812158], [-99.375817, 35.812188], [-99.376018, 35.898893], [-99.381191, 35.898881], [-99.381119, 35.946582], [-99.380891, 35.948253]]]}}, {"type": "Feature", "properties": {"hpsa_id": "1404017888", "name": "McIntosh County", "score": 10, "discipline": "Primary Care", "type": "High Needs Geographic HPSA", "status": "Proposed For Withdrawal", "rural": "Rural", "provider_ratio": "3000:1", "designation_pop": "19384.0", "underserved_pop": "1384", "pct_poverty": "20.7", "new_score": 16, "new_pop": "18874.0", "has_trend": true}, "geometry": {"type": "Polygon", "coordinates": [[[-95.344766, 35.293035], [-95.348824, 35.290869], [-95.351582, 35.290231], [-95.35265, 35.292197], [-95.35275, 35.298897], [-95.35325, 35.301697], [-95.35565, 35.304697], [-95.358297, 35.306632], [-95.366651, 35.311997], [-95.369551, 35.312997], [-95.375251, 35.316597], [-95.376951, 35.318797], [-95.380251, 35.321297], [-95.385751, 35.326097], [-95.387551, 35.326997], [-95.390252, 35.327497], [-95.393752, 35.327597], [-95.397552, 35.327197], [-95.402252, 35.326197], [-95.407153, 35.324397], [-95.411153, 35.323397], [-95.413453, 35.321797], [-95.41607, 35.319123], [-95.416853, 35.318297], [-95.421453, 35.311697], [-95.427054, 35.305497], [-95.430454, 35.302997], [-95.432654, 35.301797], [-95.437654, 35.299897], [-95.444555, 35.297697], [-95.450885, 35.296147], [-95.45125, 35.296019], [-95.455855, 35.294297], [-95.461656, 35.292997], [-95.464956, 35.293697], [-95.480057, 35.298497], [-95.48888, 35.300492], [-95.49206, 35.300899], [-95.500366, 35.300892], [-95.503655, 35.299892], [-95.507572, 35.296886], [-95.509462, 35.293099], [-95.511963, 35.289092], [-95.516668, 35.284992], [-95.519057, 35.281194], [-95.519167, 35.280392], [-95.517654, 35.275383], [-95.515559, 35.271797], [-95.513359, 35.268697], [-95.512959, 35.267197], [-95.513259, 35.265197], [-95.514959, 35.263197], [-95.518059, 35.262397], [-95.521659, 35.262397], [-95.528059, 35.259997], [-95.53126, 35.257597], [-95.53466, 35.255997], [-95.53956, 35.253297], [-95.54326, 35.251897], [-95.54646, 35.251197], [-95.549861, 35.250897], [-95.556955, 35.249404], [-95.562937, 35.246404], [-95.564869, 35.24605], [-95.57037, 35.245497], [-95.572662, 35.244298], [-95.586262, 35.234098], [-95.591163, 35.227998], [-95.594263, 35.224898], [-95.596201, 35.223438], [-95.59938, 35.221651], [-95.602342, 35.220739], [-95.605647, 35.220348], [-95.608136, 35.220404], [-95.612864, 35.221098], [-95.616864, 35.221398], [-95.619464, 35.222198], [-95.622464, 35.224698], [-95.622964, 35.227598], [-95.622664, 35.228398], [-95.619864, 35.230398], [-95.611764, 35.233698], [-95.606763, 35.235098], [-95.604563, 35.236998], [-95.603463, 35.239398], [-95.603663, 35.242998], [-95.606063, 35.247098], [-95.609163, 35.249298], [-95.610264, 35.249698], [-95.615664, 35.249698], [-95.624264, 35.247998], [-95.628064, 35.246798], [-95.634965, 35.241698], [-95.635867, 35.241318], [-95.643265, 35.238198], [-95.657466, 35.231398], [-95.665066, 35.228898], [-95.672066, 35.227298], [-95.676867, 35.224798], [-95.680967, 35.220998], [-95.682767, 35.216398], [-95.682332, 35.215012], [-95.680489, 35.212339], [-95.679101, 35.211281], [-95.675274, 35.210162], [-95.674189, 35.20891], [-95.677461, 35.206721], [-95.679107, 35.203869], [-95.67998, 35.203459], [-95.686824, 35.204993], [-95.691205, 35.204668], [-95.697168, 35.202998], [-95.703768, 35.202398], [-95.707153, 35.202301], [-95.708263, 35.201819], [-95.709825, 35.200466], [-95.712382, 35.19713], [-95.71478, 35.19131], [-95.716157, 35.189352], [-95.71896, 35.188847], [-95.722143, 35.189455], [-95.727534, 35.191293], [-95.727788, 35.191379], [-95.729767, 35.192045], [-95.735171, 35.192815], [-95.739993, 35.192805], [-95.743894, 35.191882], [-95.745818, 35.190472], [-95.748019, 35.187716], [-95.749568, 35.183709], [-95.751871, 35.180968], [-95.75597, 35.177198], [-95.75797, 35.176698], [-95.76397, 35.177098], [-95.76707, 35.178098], [-95.768471, 35.178998], [-95.770525, 35.181766], [-95.772171, 35.183698], [-95.777071, 35.188698], [-95.779471, 35.190798], [-95.781971, 35.193498], [-95.784771, 35.195298], [-95.787571, 35.196398], [-95.793271, 35.197298], [-95.797572, 35.197098], [-95.804172, 35.196298], [-95.808372, 35.195398], [-95.813272, 35.193497], [-95.816872, 35.191197], [-95.824272, 35.187497], [-95.828272, 35.186197], [-95.838873, 35.184297], [-95.839673, 35.184397], [-95.844573, 35.187197], [-95.847773, 35.188397], [-95.849473, 35.188297], [-95.856773, 35.186597], [-95.862574, 35.186797], [-95.866674, 35.187297], [-95.869174, 35.186897], [-95.870663, 35.185986], [-95.874511, 35.180272], [-95.876374, 35.176897], [-95.883574, 35.162597], [-95.885274, 35.159696], [-95.888374, 35.155696], [-95.892174, 35.152096], [-95.896541, 35.149048], [-95.899975, 35.146896], [-95.900658, 35.146551], [-95.905867, 35.143987], [-95.907966, 35.143494], [-95.917786, 35.142501], [-95.925578, 35.142896], [-95.928458, 35.143594], [-95.937876, 35.146996], [-95.942576, 35.148396], [-95.946576, 35.149996], [-95.952776, 35.151396], [-95.957376, 35.151696], [-95.959377, 35.152096], [-95.965551, 35.152496], [-95.971777, 35.152496], [-95.983077, 35.151695], [-95.983105, 35.188946], [-95.98313, 35.202744], [-95.981399, 35.202853], [-95.981401, 35.204789], [-95.981416, 35.213866], [-95.9812, 35.216065], [-95.98149, 35.224327], [-95.981511, 35.28978], [-95.981505, 35.303396], [-95.981465, 35.376788], [-95.960786, 35.376807], [-95.945958, 35.37677], [-95.944532, 35.376844], [-95.942918, 35.376764], [-95.893694, 35.376678], [-95.875405, 35.37669], [-95.875402, 35.390441], [-95.875372, 35.405674], [-95.875368, 35.409511], [-95.875365, 35.412782], [-95.875402, 35.420213], [-95.875346, 35.456173], [-95.875347, 35.463623], [-95.822429, 35.463685], [-95.82243, 35.463776], [-95.822412, 35.487697], [-95.822373, 35.504559], [-95.822529, 35.506328], [-95.822456, 35.514519], [-95.822361, 35.551693], [-95.800765, 35.551727], [-95.799132, 35.551731], [-95.73138, 35.551734], [-95.712953, 35.551738], [-95.653931, 35.551713], [-95.651453, 35.551714], [-95.646572, 35.551717], [-95.646018, 35.551717], [-95.624471, 35.55172], [-95.610339, 35.551718], [-95.597295, 35.551711], [-95.571072, 35.55171], [-95.557902, 35.551699], [-95.553239, 35.551715], [-95.544638, 35.551722], [-95.504102, 35.551781], [-95.503426, 35.551733], [-95.48538, 35.55174], [-95.473681, 35.551739], [-95.425196, 35.551729], [-95.40534, 35.551751], [-95.39761, 35.551746], [-95.358098, 35.551807], [-95.349135, 35.551764], [-95.344799, 35.551751], [-95.344796, 35.550393], [-95.344815, 35.522245], [-95.344762, 35.492321], [-95.344859, 35.491403], [-95.344837, 35.467919], [-95.34482, 35.435053], [-95.344813, 35.428076], [-95.344766, 35.405304], [-95.344779, 35.362424], [-95.344766, 35.293035]]]}}, {"type": "Feature", "properties": {"hpsa_id": "1405756380", "name": "Pushmataha County", "score": 16, "discipline": "Primary Care", "type": "Geographic HPSA", "status": "Designated", "rural": "Rural", "provider_ratio": "3500:1", "designation_pop": "10594.0", "underserved_pop": "6569", "pct_poverty": "23.6", "prev_score": 16, "prev_pop": "10976.0", "has_trend": true}, "geometry": {"type": "Polygon", "coordinates": [[[-95.779238, 34.248316], [-95.779203, 34.272683], [-95.779249, 34.326712], [-95.779244, 34.417569], [-95.779134, 34.506644], [-95.73172, 34.506719], [-95.729138, 34.506721], [-95.726913, 34.506724], [-95.706644, 34.50675], [-95.679451, 34.506786], [-95.674334, 34.506792], [-95.67175, 34.506794], [-95.671777, 34.543412], [-95.671784, 34.554014], [-95.67181, 34.593732], [-95.670879, 34.593851], [-95.570479, 34.594133], [-95.567156, 34.594067], [-95.56652, 34.594159], [-95.514511, 34.594153], [-95.51448, 34.625], [-95.514494, 34.637446], [-95.514481, 34.666527], [-95.514475, 34.680718], [-95.444805, 34.680833], [-95.315164, 34.680926], [-95.314067, 34.680981], [-95.305658, 34.680924], [-95.30466, 34.680861], [-95.2001, 34.680537], [-95.182083, 34.680542], [-95.132088, 34.680585], [-95.101397, 34.680656], [-95.099692, 34.680776], [-95.059616, 34.680736], [-95.025139, 34.680804], [-94.937555, 34.680792], [-94.937511, 34.666676], [-94.937489, 34.666196], [-94.937502, 34.625104], [-94.937559, 34.59433], [-94.937562, 34.593591], [-94.937484, 34.538461], [-94.937569, 34.53794], [-94.937604, 34.507296], [-94.990057, 34.507289], [-95.046746, 34.507276], [-95.046753, 34.477546], [-95.046772, 34.419364], [-95.046767, 34.417547], [-95.046628, 34.396453], [-95.046521, 34.39587], [-95.046621, 34.395483], [-95.046608, 34.297993], [-95.0466, 34.287261], [-95.046585, 34.243776], [-95.135144, 34.243747], [-95.135597, 34.243743], [-95.151323, 34.243737], [-95.151337, 34.182684], [-95.151344, 34.156841], [-95.156521, 34.156965], [-95.273323, 34.156925], [-95.27366, 34.156868], [-95.330296, 34.156882], [-95.382325, 34.156873], [-95.442215, 34.156869], [-95.487655, 34.156846], [-95.554109, 34.1568], [-95.555399, 34.156884], [-95.556454, 34.156869], [-95.556926, 34.156798], [-95.561473, 34.156793], [-95.570157, 34.156786], [-95.587573, 34.156785], [-95.605119, 34.156789], [-95.624595, 34.156711], [-95.637251, 34.1567], [-95.637794, 34.156769], [-95.67758, 34.156644], [-95.678822, 34.156742], [-95.779376, 34.156699], [-95.779332, 34.164169], [-95.779517, 34.164968], [-95.779394, 34.165612], [-95.779178, 34.171751], [-95.779238, 34.248316]]]}}, {"type": "Feature", "properties": {"hpsa_id": "1406092645", "name": "Woods County", "score": 11, "discipline": "Primary Care", "type": "Geographic HPSA", "status": "Designated", "rural": "Rural", "provider_ratio": "3500:1", "designation_pop": "7674.0", "underserved_pop": "1374", "pct_poverty": "19.0"}, "geometry": {"type": "Polygon", "coordinates": [[[-98.540504, 36.695646], [-98.540539, 36.688341], [-98.540574, 36.673772], [-98.540482, 36.652135], [-98.5405, 36.59421], [-98.5334, 36.594217], [-98.533479, 36.528404], [-98.533477, 36.528135], [-98.533617, 36.46323], [-98.533658, 36.397866], [-98.54449, 36.400956], [-98.547304, 36.40079], [-98.552542, 36.402318], [-98.559753, 36.401911], [-98.564033, 36.400182], [-98.573333, 36.397775], [-98.576072, 36.396542], [-98.581658, 36.395522], [-98.586882, 36.393719], [-98.593447, 36.392031], [-98.599816, 36.391086], [-98.602813, 36.390848], [-98.616881, 36.392379], [-98.622196, 36.392356], [-98.625361, 36.392595], [-98.644267, 36.397167], [-98.662782, 36.404571], [-98.66546, 36.405284], [-98.669166, 36.406727], [-98.680553, 36.41042], [-98.687472, 36.412029], [-98.693404, 36.413934], [-98.693872, 36.41409], [-98.699493, 36.416013], [-98.704922, 36.419004], [-98.709224, 36.421958], [-98.718541, 36.437497], [-98.723044, 36.442671], [-98.72681, 36.445332], [-98.736644, 36.447529], [-98.74334, 36.448617], [-98.750365, 36.448339], [-98.756508, 36.447456], [-98.764456, 36.446666], [-98.777705, 36.448442], [-98.785344, 36.450549], [-98.792471, 36.453263], [-98.802748, 36.458802], [-98.80782, 36.460744], [-98.81946, 36.470995], [-98.823194, 36.477632], [-98.829134, 36.484163], [-98.833705, 36.491055], [-98.83819, 36.499255], [-98.838466, 36.500034], [-98.843702, 36.506315], [-98.960334, 36.506914], [-98.960505, 36.506984], [-98.959973, 36.598991], [-98.966736, 36.599464], [-98.971484, 36.60032], [-98.976083, 36.603054], [-98.98773, 36.614677], [-98.988804, 36.615611], [-98.990982, 36.619183], [-99.000373, 36.629526], [-99.002217, 36.629725], [-99.006694, 36.631097], [-99.010087, 36.633268], [-99.010296, 36.635981], [-99.012958, 36.640241], [-99.018956, 36.640901], [-99.02254, 36.642434], [-99.02299, 36.643992], [-99.022809, 36.647084], [-99.024821, 36.650345], [-99.024911, 36.651249], [-99.023768, 36.654915], [-99.022415, 36.657571], [-99.022365, 36.658912], [-99.024156, 36.661591], [-99.024998, 36.662092], [-99.025071, 36.662136], [-99.03088, 36.664937], [-99.034206, 36.66733], [-99.036333, 36.669426], [-99.039326, 36.673615], [-99.039954, 36.678548], [-99.040801, 36.68028], [-99.042413, 36.682031], [-99.044248, 36.682902], [-99.048435, 36.686823], [-99.048065, 36.688519], [-99.046051, 36.69007], [-99.044618, 36.692743], [-99.044347, 36.694948], [-99.046081, 36.697118], [-99.049568, 36.699691], [-99.051031, 36.701878], [-99.052223, 36.70518], [-99.05515, 36.707349], [-99.057235, 36.711296], [-99.061515, 36.71545], [-99.062908, 36.71603], [-99.065795, 36.716359], [-99.069815, 36.716106], [-99.075688, 36.716989], [-99.078244, 36.71789], [-99.080671, 36.719454], [-99.083187, 36.720558], [-99.08449, 36.721582], [-99.085494, 36.72343], [-99.086727, 36.724454], [-99.095723, 36.736752], [-99.095417, 36.738226], [-99.097449, 36.742059], [-99.100457, 36.743549], [-99.10236, 36.743894], [-99.105284, 36.745685], [-99.106757, 36.747437], [-99.107752, 36.750445], [-99.114047, 36.754014], [-99.119468, 36.75791], [-99.121439, 36.758919], [-99.125379, 36.762095], [-99.12656, 36.762566], [-99.12671, 36.76596], [-99.128273, 36.769411], [-99.132815, 36.774033], [-99.13501, 36.778387], [-99.137507, 36.781201], [-99.139855, 36.78304], [-99.152299, 36.787624], [-99.158145, 36.787802], [-99.163542, 36.790222], [-99.165277, 36.790642], [-99.17005, 36.789998], [-99.17773, 36.788402], [-99.180838, 36.787411], [-99.18909, 36.787363], [-99.195299, 36.788701], [-99.197355, 36.789474], [-99.199061, 36.790885], [-99.202772, 36.791215], [-99.210563, 36.79069], [-99.216455, 36.786996], [-99.217759, 36.786811], [-99.227688, 36.788106], [-99.229834, 36.788161], [-99.233162, 36.787015], [-99.236952, 36.786683], [-99.242385, 36.785754], [-99.245274, 36.786438], [-99.250383, 36.785015], [-99.25141, 36.785079], [-99.255946, 36.786074], [-99.259941, 36.787473], [-99.268636, 36.789228], [-99.270217, 36.789727], [-99.277262, 36.795818], [-99.282304, 36.79869], [-99.286681, 36.802068], [-99.292718, 36.804568], [-99.294259, 36.805939], [-99.294753, 36.817775], [-99.295186, 36.819566], [-99.296851, 36.821959], [-99.299082, 36.823909], [-99.303506, 36.8264], [-99.308433, 36.828882], [-99.309756, 36.83012], [-99.31075, 36.834717], [-99.313737, 36.837184], [-99.316547, 36.840518], [-99.317419, 36.842331], [-99.318037, 36.845722], [-99.318832, 36.848134], [-99.318246, 36.85002], [-99.315936, 36.851832], [-99.313423, 36.853917], [-99.313752, 36.855495], [-99.314288, 36.856191], [-99.322109, 36.857214], [-99.324779, 36.858119], [-99.326595, 36.859299], [-99.330252, 36.862972], [-99.333074, 36.864046], [-99.337002, 36.864974], [-99.338979, 36.866162], [-99.350127, 36.870232], [-99.356414, 36.872015], [-99.361694, 36.87503], [-99.365306, 36.877569], [-99.367903, 36.8783], [-99.371114, 36.877957], [-99.374218, 36.879597], [-99.375856, 36.881776], [-99.37653, 36.884289], [-99.377711, 36.885947], [-99.383679, 36.891094], [-99.3855, 36.893933], [-99.386325, 36.896705], [-99.38831, 36.901579], [-99.388141, 36.903654], [-99.386976, 36.905874], [-99.391013, 36.911042], [-99.393, 36.912726], [-99.396294, 36.917707], [-99.398092, 36.921539], [-99.404905, 36.925144], [-99.407435, 36.927329], [-99.410495, 36.930621], [-99.413992, 36.935457], [-99.41606, 36.93756], [-99.420519, 36.941137], [-99.423242, 36.945793], [-99.424787, 36.947702], [-99.42657, 36.950935], [-99.428218, 36.955332], [-99.427216, 36.959951], [-99.428435, 36.963094], [-99.429952, 36.964211], [-99.434054, 36.970064], [-99.43558, 36.974864], [-99.439191, 36.980377], [-99.438888, 36.983845], [-99.439971, 36.987266], [-99.439949, 36.990734], [-99.441188, 36.993434], [-99.442339, 36.994747], [-99.443415, 36.995491], [-99.446626, 36.995578], [-99.450058, 36.994728], [-99.451475, 36.994804], [-99.452885, 36.995549], [-99.455935, 36.998581], [-99.456203, 36.999471], [-99.407015, 36.999579], [-99.3966738001589, 36.9997745488713], [-99.375391, 37.000177], [-99.277506, 36.999579], [-99.24812, 36.999565], [-99.2154330378231, 36.9995256118126], [-99.129449, 36.999422], [-99.124883, 36.99942], [-99.049695, 36.999221], [-99.029337, 36.999595], [-99.0136679087193, 36.9995492913885], [-99.0003029130325, 36.9995103040991], [-98.994371, 36.999493], [-98.9860503090387, 36.9994795454461], [-98.88058, 36.999309], [-98.880009, 36.999263], [-98.869449, 36.999286], [-98.8118320432389, 36.9992403846753], [-98.797452, 36.999229], [-98.793711, 36.999227], [-98.791936, 36.999255], [-98.761597, 36.999425], [-98.718465, 36.99918], [-98.714512, 36.99906], [-98.6518419384536, 36.9990367259262], [-98.6222650058374, 36.9990257418024], [-98.544872, 36.998997], [-98.5446600848551, 36.9989961823461], [-98.544989, 36.942241], [-98.540237, 36.942228], [-98.540371, 36.906128], [-98.540262, 36.86252], [-98.54035, 36.821721], [-98.540473, 36.77543], [-98.54048, 36.76094], [-98.540405, 36.739195], [-98.540547, 36.724664], [-98.540567, 36.710166], [-98.540504, 36.695646]]]}}, {"type": "Feature", "properties": {"hpsa_id": "1406617891", "name": "Dewey County", "score": 13, "discipline": "Primary Care", "type": "Geographic HPSA", "status": "Designated", "rural": "Rural", "provider_ratio": "3500:1", "designation_pop": "4347.0", "underserved_pop": "1547", "pct_poverty": "14.4", "prev_score": 13, "prev_pop": "4813.0", "has_trend": true}, "geometry": {"type": "Polygon", "coordinates": [[[-99.380891, 35.948253], [-99.380946, 35.971363], [-99.381019, 36.012726], [-99.381022, 36.012925], [-99.382205, 36.097196], [-99.381901, 36.098691], [-99.382074, 36.164301], [-99.254237, 36.163917], [-99.245921, 36.163408], [-99.222096, 36.163193], [-99.133462, 36.162332], [-99.125576, 36.162243], [-99.117263, 36.162811], [-99.079951, 36.162426], [-99.062098, 36.162285], [-99.057801, 36.162265], [-99.057615, 36.162264], [-98.955849, 36.161577], [-98.938457, 36.161374], [-98.937518, 36.16137], [-98.929583, 36.161325], [-98.925128, 36.161288], [-98.923073, 36.161271], [-98.920438, 36.161271], [-98.89476, 36.161217], [-98.726454, 36.16324], [-98.726183, 36.163297], [-98.725784, 36.163263], [-98.66333, 36.164554], [-98.636899, 36.164894], [-98.636806, 36.143288], [-98.63613, 35.956676], [-98.636124, 35.949513], [-98.636094, 35.942203], [-98.636161, 35.913748], [-98.63617, 35.91326], [-98.636149, 35.898808], [-98.632097, 35.898789], [-98.632118, 35.842245], [-98.631982, 35.841444], [-98.631985, 35.812402], [-98.649765, 35.812455], [-98.667602, 35.81246], [-98.702059, 35.812471], [-98.702502, 35.812518], [-98.709097, 35.81244], [-98.723217, 35.812108], [-98.830977, 35.812465], [-98.832586, 35.812621], [-98.84458, 35.81271], [-98.88107, 35.81261], [-98.882765, 35.812461], [-99.011267, 35.812302], [-99.01483, 35.81239], [-99.017333, 35.812092], [-99.018623, 35.812354], [-99.075111, 35.812352], [-99.110641, 35.812412], [-99.128375, 35.812383], [-99.14619, 35.812402], [-99.163643, 35.812412], [-99.217071, 35.81234], [-99.35919, 35.812134], [-99.359811, 35.812158], [-99.375817, 35.812188], [-99.376018, 35.898893], [-99.381191, 35.898881], [-99.381119, 35.946582], [-99.380891, 35.948253]]]}}, {"type": "Feature", "properties": {"hpsa_id": "1406984667", "name": "Caddo County", "score": 15, "discipline": "Primary Care", "type": "Geographic HPSA", "status": "Designated", "rural": "Rural", "provider_ratio": "3500:1", "designation_pop": "25186.0", "underserved_pop": "18886", "pct_poverty": "18.9", "prev_score": 16, "prev_pop": "27841.0", "has_trend": true}, "geometry": {"type": "Polygon", "coordinates": [[[-98.093057, 34.985228], [-98.093049, 34.970693], [-98.09298, 34.954696], [-98.093018, 34.954357], [-98.093078, 34.883934], [-98.093127, 34.854988], [-98.106575, 34.854996], [-98.12352, 34.855005], [-98.124424, 34.855108], [-98.145366, 34.855015], [-98.158468, 34.855086], [-98.159886, 34.855015], [-98.164168, 34.855015], [-98.164699, 34.8551], [-98.167543, 34.855106], [-98.194298, 34.855002], [-98.198615, 34.855182], [-98.201211, 34.855113], [-98.235287, 34.855153], [-98.268713, 34.855136], [-98.29924, 34.855137], [-98.303917, 34.855144], [-98.360771, 34.855143], [-98.387202, 34.855165], [-98.391836, 34.855177], [-98.42241, 34.855174], [-98.461073, 34.855117], [-98.462212, 34.855213], [-98.509829, 34.855237], [-98.545461, 34.855272], [-98.562119, 34.855287], [-98.619816, 34.85534], [-98.620152, 34.884337], [-98.620165, 34.912171], [-98.619947, 34.913276], [-98.620021, 34.941568], [-98.620181, 34.942328], [-98.62026, 34.962524], [-98.620356, 35.014935], [-98.620772, 35.097399], [-98.620692, 35.097765], [-98.619325, 35.101315], [-98.61875, 35.101685], [-98.618161, 35.102063], [-98.61824, 35.117174], [-98.61802, 35.204135], [-98.623593, 35.204154], [-98.623788, 35.218647], [-98.623629, 35.262045], [-98.62358, 35.2764], [-98.62355, 35.283678], [-98.623511, 35.290792], [-98.623386, 35.334048], [-98.623393, 35.362907], [-98.6233, 35.399029], [-98.62331, 35.420903], [-98.623336, 35.464225], [-98.62328, 35.494511], [-98.623344, 35.495001], [-98.623294, 35.514812], [-98.623297, 35.522386], [-98.623255, 35.53626], [-98.623252, 35.536472], [-98.623244, 35.551522], [-98.588515, 35.551534], [-98.579132, 35.551579], [-98.570882, 35.551545], [-98.570241, 35.551547], [-98.5177, 35.551479], [-98.498831, 35.551523], [-98.498319, 35.551587], [-98.453889, 35.551564], [-98.449692, 35.551565], [-98.441315, 35.55157], [-98.438808, 35.551565], [-98.431625, 35.551572], [-98.429597, 35.551567], [-98.386198, 35.551537], [-98.383844, 35.551525], [-98.36941, 35.551329], [-98.368856, 35.551448], [-98.368357, 35.551623], [-98.3599, 35.551639], [-98.357711, 35.551445], [-98.34024, 35.551431], [-98.313248, 35.551411], [-98.313251, 35.551523], [-98.312833, 35.551311], [-98.308393, 35.551313], [-98.308398, 35.550101], [-98.308405, 35.544785], [-98.307571, 35.541047], [-98.306496, 35.536238], [-98.306462, 35.51525], [-98.30629, 35.514483], [-98.306255, 35.482377], [-98.306409, 35.479952], [-98.30625, 35.471069], [-98.306388, 35.420486], [-98.306382, 35.406904], [-98.306264, 35.406103], [-98.306309, 35.406026], [-98.306326, 35.377239], [-98.305204, 35.377162], [-98.303336, 35.377272], [-98.301966, 35.37735], [-98.289814, 35.377328], [-98.262833, 35.377031], [-98.255512, 35.376783], [-98.209965, 35.376811], [-98.192611, 35.376955], [-98.17088, 35.377264], [-98.167134, 35.377286], [-98.166415, 35.377205], [-98.131252, 35.377416], [-98.130927, 35.377494], [-98.096014, 35.377753], [-98.095354, 35.305219], [-98.095001, 35.24734], [-98.094974, 35.23279], [-98.094977, 35.20372], [-98.09134, 35.20373], [-98.091312, 35.189207], [-98.091146, 35.116665], [-98.091096, 35.089181], [-98.092386, 35.088649], [-98.092927, 35.08689], [-98.092884, 35.083207], [-98.092912, 35.077255], [-98.092959, 35.076463], [-98.093056, 35.028817], [-98.093005, 35.014147], [-98.093057, 34.985228]]]}}, {"type": "Feature", "properties": {"hpsa_id": "1408021270", "name": "Grant County", "score": 14, "discipline": "Primary Care", "type": "Geographic HPSA", "status": "Designated", "rural": "Rural", "provider_ratio": "3500:1", "designation_pop": "4025.0", "underserved_pop": "4025", "pct_poverty": "13.4", "prev_score": 12, "prev_pop": "4260.0", "has_trend": true}, "geometry": {"type": "Polygon", "coordinates": [[[-98.110189, 36.797571], [-98.110169, 36.811216], [-98.109757, 36.814032], [-98.10965, 36.840818], [-98.109612, 36.898277], [-98.109576, 36.942038], [-98.111481, 36.942041], [-98.111542, 36.949335], [-98.111985, 36.998133], [-98.045342, 36.998327], [-98.03989, 36.998349], [-98.0387515954215, 36.998352260805], [-98.033955, 36.998366], [-98.0302049855076, 36.9983716171626], [-97.9652919188895, 36.9984688507196], [-97.8764508232088, 36.9986019261725], [-97.8023129924768, 36.9987129775427], [-97.802298, 36.998713], [-97.783489, 36.998847], [-97.783432, 36.998961], [-97.768704, 36.99875], [-97.697104, 36.998826], [-97.692179983944, 36.9988447931485], [-97.650466, 36.999004], [-97.637137, 36.99909], [-97.6368440053919, 36.9990860918726], [-97.6147895742673, 36.9987919174284], [-97.606549, 36.998682], [-97.582376688337, 36.9986986852412], [-97.564536, 36.998711], [-97.546498, 36.998747], [-97.5459, 36.998709], [-97.527292, 36.99875], [-97.472861, 36.998721], [-97.4623463219255, 36.9986852256487], [-97.462299, 36.941721], [-97.462474, 36.940265], [-97.462381, 36.897805], [-97.462412, 36.883317], [-97.462421, 36.839766], [-97.4623, 36.810772], [-97.462316, 36.767821], [-97.46222, 36.767311], [-97.462309, 36.738382], [-97.462326, 36.73479], [-97.462358, 36.687756], [-97.462378, 36.643582], [-97.462364, 36.629808], [-97.462477, 36.600736], [-97.462459, 36.593627], [-97.498464, 36.593553], [-97.516248, 36.59355], [-97.525546, 36.593514], [-97.542555, 36.593485], [-97.642103, 36.593462], [-97.710634, 36.59338], [-97.774146, 36.593297], [-97.911604, 36.593549], [-97.912863, 36.593554], [-97.938549, 36.593592], [-97.96177, 36.593552], [-98.018674, 36.593561], [-98.028394, 36.593528], [-98.037423, 36.593502], [-98.068847, 36.593506], [-98.077873, 36.593527], [-98.104286, 36.593578], [-98.109311, 36.593588], [-98.109428, 36.664981], [-98.109647, 36.666078], [-98.110195, 36.749189], [-98.109846, 36.750858], [-98.109922, 36.764331], [-98.110015, 36.764894], [-98.110473, 36.767649], [-98.110182, 36.796715], [-98.110189, 36.797571]]]}}, {"type": "Feature", "properties": {"hpsa_id": "1408536856", "name": "Atoka County", "score": 13, "discipline": "Primary Care", "type": "Geographic HPSA", "status": "Designated", "rural": "Rural", "provider_ratio": "3500:1", "designation_pop": "12799.0", "underserved_pop": "2299", "pct_poverty": "17.6", "prev_score": 10, "prev_pop": "12345.0", "has_trend": true}, "geometry": {"type": "Polygon", "coordinates": [[[-95.779203, 34.272683], [-95.779238, 34.248316], [-95.779178, 34.171751], [-95.779394, 34.165612], [-95.779517, 34.164968], [-95.779332, 34.164169], [-95.779376, 34.156699], [-95.803172, 34.156756], [-95.808791, 34.156556], [-95.816758, 34.15664], [-95.826264, 34.156572], [-95.826616, 34.157002], [-95.836137, 34.156691], [-95.919018, 34.156734], [-95.987767, 34.156795], [-95.991538, 34.156805], [-95.991578, 34.156805], [-95.998535, 34.156818], [-96.051847, 34.156863], [-96.068649, 34.156906], [-96.071094, 34.156906], [-96.085925, 34.156926], [-96.102549, 34.156942], [-96.147633, 34.156966], [-96.221561, 34.15701], [-96.22305, 34.15714], [-96.233953, 34.157172], [-96.235491, 34.15703], [-96.268274, 34.157088], [-96.279867, 34.15709], [-96.284894, 34.157083], [-96.320709, 34.157179], [-96.355669, 34.157186], [-96.372653, 34.157177], [-96.388745, 34.157165], [-96.407517, 34.157188], [-96.407517, 34.157317], [-96.407496, 34.169848], [-96.407439, 34.208014], [-96.407256, 34.244238], [-96.407204, 34.284261], [-96.407158, 34.302307], [-96.407131, 34.309424], [-96.407124, 34.30949], [-96.407155, 34.317232], [-96.407118, 34.317331], [-96.407028, 34.370754], [-96.407134, 34.37215], [-96.407094, 34.396819], [-96.407074, 34.41839], [-96.406783, 34.418391], [-96.354738, 34.418319], [-96.346263, 34.418307], [-96.302664, 34.418294], [-96.264574, 34.418301], [-96.26298, 34.418392], [-96.247524, 34.418398], [-96.246656, 34.418532], [-96.24452, 34.418403], [-96.232827, 34.418407], [-96.151509, 34.418325], [-96.145423, 34.418313], [-96.145426, 34.430118], [-96.14514, 34.432269], [-96.14527, 34.47293], [-96.145435, 34.47549], [-96.145441, 34.491034], [-96.145442, 34.505944], [-96.095251, 34.506044], [-96.092625, 34.506061], [-96.092029, 34.506157], [-96.092044, 34.535054], [-96.092051, 34.549529], [-96.092084, 34.593145], [-96.092112, 34.60754], [-96.092238, 34.61312], [-96.09209, 34.614027], [-96.092106, 34.668001], [-96.091885, 34.673085], [-96.09211, 34.675017], [-96.092043, 34.680556], [-96.088517, 34.680378], [-96.039627, 34.680464], [-95.92965, 34.680544], [-95.901754, 34.680551], [-95.882198, 34.680475], [-95.88212, 34.651618], [-95.882057, 34.622354], [-95.881987, 34.593528], [-95.829033, 34.593622], [-95.806648, 34.593658], [-95.753119, 34.593701], [-95.697914, 34.593698], [-95.689539, 34.593722], [-95.67181, 34.593732], [-95.671784, 34.554014], [-95.671777, 34.543412], [-95.67175, 34.506794], [-95.674334, 34.506792], [-95.679451, 34.506786], [-95.706644, 34.50675], [-95.726913, 34.506724], [-95.729138, 34.506721], [-95.73172, 34.506719], [-95.779134, 34.506644], [-95.779244, 34.417569], [-95.779249, 34.326712], [-95.779203, 34.272683]]]}}, {"type": "Feature", "properties": {"hpsa_id": "1408610479", "name": "Caddo County", "score": 16, "discipline": "Primary Care", "type": "Geographic HPSA", "status": "Proposed For Withdrawal", "rural": "Rural", "provider_ratio": "3500:1", "designation_pop": "27841.0", "underserved_pop": "16291", "pct_poverty": "18.9", "new_score": 15, "new_pop": "25186.0", "has_trend": true}, "geometry": {"type": "Polygon", "coordinates": [[[-98.093057, 34.985228], [-98.093049, 34.970693], [-98.09298, 34.954696], [-98.093018, 34.954357], [-98.093078, 34.883934], [-98.093127, 34.854988], [-98.106575, 34.854996], [-98.12352, 34.855005], [-98.124424, 34.855108], [-98.145366, 34.855015], [-98.158468, 34.855086], [-98.159886, 34.855015], [-98.164168, 34.855015], [-98.164699, 34.8551], [-98.167543, 34.855106], [-98.194298, 34.855002], [-98.198615, 34.855182], [-98.201211, 34.855113], [-98.235287, 34.855153], [-98.268713, 34.855136], [-98.29924, 34.855137], [-98.303917, 34.855144], [-98.360771, 34.855143], [-98.387202, 34.855165], [-98.391836, 34.855177], [-98.42241, 34.855174], [-98.461073, 34.855117], [-98.462212, 34.855213], [-98.509829, 34.855237], [-98.545461, 34.855272], [-98.562119, 34.855287], [-98.619816, 34.85534], [-98.620152, 34.884337], [-98.620165, 34.912171], [-98.619947, 34.913276], [-98.620021, 34.941568], [-98.620181, 34.942328], [-98.62026, 34.962524], [-98.620356, 35.014935], [-98.620772, 35.097399], [-98.620692, 35.097765], [-98.619325, 35.101315], [-98.61875, 35.101685], [-98.618161, 35.102063], [-98.61824, 35.117174], [-98.61802, 35.204135], [-98.623593, 35.204154], [-98.623788, 35.218647], [-98.623629, 35.262045], [-98.62358, 35.2764], [-98.62355, 35.283678], [-98.623511, 35.290792], [-98.623386, 35.334048], [-98.623393, 35.362907], [-98.6233, 35.399029], [-98.62331, 35.420903], [-98.623336, 35.464225], [-98.62328, 35.494511], [-98.623344, 35.495001], [-98.623294, 35.514812], [-98.623297, 35.522386], [-98.623255, 35.53626], [-98.623252, 35.536472], [-98.623244, 35.551522], [-98.588515, 35.551534], [-98.579132, 35.551579], [-98.570882, 35.551545], [-98.570241, 35.551547], [-98.5177, 35.551479], [-98.498831, 35.551523], [-98.498319, 35.551587], [-98.453889, 35.551564], [-98.449692, 35.551565], [-98.441315, 35.55157], [-98.438808, 35.551565], [-98.431625, 35.551572], [-98.429597, 35.551567], [-98.386198, 35.551537], [-98.383844, 35.551525], [-98.36941, 35.551329], [-98.368856, 35.551448], [-98.368357, 35.551623], [-98.3599, 35.551639], [-98.357711, 35.551445], [-98.34024, 35.551431], [-98.313248, 35.551411], [-98.313251, 35.551523], [-98.312833, 35.551311], [-98.308393, 35.551313], [-98.308398, 35.550101], [-98.308405, 35.544785], [-98.307571, 35.541047], [-98.306496, 35.536238], [-98.306462, 35.51525], [-98.30629, 35.514483], [-98.306255, 35.482377], [-98.306409, 35.479952], [-98.30625, 35.471069], [-98.306388, 35.420486], [-98.306382, 35.406904], [-98.306264, 35.406103], [-98.306309, 35.406026], [-98.306326, 35.377239], [-98.305204, 35.377162], [-98.303336, 35.377272], [-98.301966, 35.37735], [-98.289814, 35.377328], [-98.262833, 35.377031], [-98.255512, 35.376783], [-98.209965, 35.376811], [-98.192611, 35.376955], [-98.17088, 35.377264], [-98.167134, 35.377286], [-98.166415, 35.377205], [-98.131252, 35.377416], [-98.130927, 35.377494], [-98.096014, 35.377753], [-98.095354, 35.305219], [-98.095001, 35.24734], [-98.094974, 35.23279], [-98.094977, 35.20372], [-98.09134, 35.20373], [-98.091312, 35.189207], [-98.091146, 35.116665], [-98.091096, 35.089181], [-98.092386, 35.088649], [-98.092927, 35.08689], [-98.092884, 35.083207], [-98.092912, 35.077255], [-98.092959, 35.076463], [-98.093056, 35.028817], [-98.093005, 35.014147], [-98.093057, 34.985228]]]}}, {"type": "Feature", "properties": {"hpsa_id": "1408904569", "name": "McIntosh County", "score": 16, "discipline": "Primary Care", "type": "High Needs Geographic HPSA", "status": "Designated", "rural": "Rural", "provider_ratio": "3000:1", "designation_pop": "18874.0", "underserved_pop": "9874", "pct_poverty": "20.9", "prev_score": 10, "prev_pop": "19384.0", "has_trend": true}, "geometry": {"type": "Polygon", "coordinates": [[[-95.344766, 35.293035], [-95.348824, 35.290869], [-95.351582, 35.290231], [-95.35265, 35.292197], [-95.35275, 35.298897], [-95.35325, 35.301697], [-95.35565, 35.304697], [-95.358297, 35.306632], [-95.366651, 35.311997], [-95.369551, 35.312997], [-95.375251, 35.316597], [-95.376951, 35.318797], [-95.380251, 35.321297], [-95.385751, 35.326097], [-95.387551, 35.326997], [-95.390252, 35.327497], [-95.393752, 35.327597], [-95.397552, 35.327197], [-95.402252, 35.326197], [-95.407153, 35.324397], [-95.411153, 35.323397], [-95.413453, 35.321797], [-95.41607, 35.319123], [-95.416853, 35.318297], [-95.421453, 35.311697], [-95.427054, 35.305497], [-95.430454, 35.302997], [-95.432654, 35.301797], [-95.437654, 35.299897], [-95.444555, 35.297697], [-95.450885, 35.296147], [-95.45125, 35.296019], [-95.455855, 35.294297], [-95.461656, 35.292997], [-95.464956, 35.293697], [-95.480057, 35.298497], [-95.48888, 35.300492], [-95.49206, 35.300899], [-95.500366, 35.300892], [-95.503655, 35.299892], [-95.507572, 35.296886], [-95.509462, 35.293099], [-95.511963, 35.289092], [-95.516668, 35.284992], [-95.519057, 35.281194], [-95.519167, 35.280392], [-95.517654, 35.275383], [-95.515559, 35.271797], [-95.513359, 35.268697], [-95.512959, 35.267197], [-95.513259, 35.265197], [-95.514959, 35.263197], [-95.518059, 35.262397], [-95.521659, 35.262397], [-95.528059, 35.259997], [-95.53126, 35.257597], [-95.53466, 35.255997], [-95.53956, 35.253297], [-95.54326, 35.251897], [-95.54646, 35.251197], [-95.549861, 35.250897], [-95.556955, 35.249404], [-95.562937, 35.246404], [-95.564869, 35.24605], [-95.57037, 35.245497], [-95.572662, 35.244298], [-95.586262, 35.234098], [-95.591163, 35.227998], [-95.594263, 35.224898], [-95.596201, 35.223438], [-95.59938, 35.221651], [-95.602342, 35.220739], [-95.605647, 35.220348], [-95.608136, 35.220404], [-95.612864, 35.221098], [-95.616864, 35.221398], [-95.619464, 35.222198], [-95.622464, 35.224698], [-95.622964, 35.227598], [-95.622664, 35.228398], [-95.619864, 35.230398], [-95.611764, 35.233698], [-95.606763, 35.235098], [-95.604563, 35.236998], [-95.603463, 35.239398], [-95.603663, 35.242998], [-95.606063, 35.247098], [-95.609163, 35.249298], [-95.610264, 35.249698], [-95.615664, 35.249698], [-95.624264, 35.247998], [-95.628064, 35.246798], [-95.634965, 35.241698], [-95.635867, 35.241318], [-95.643265, 35.238198], [-95.657466, 35.231398], [-95.665066, 35.228898], [-95.672066, 35.227298], [-95.676867, 35.224798], [-95.680967, 35.220998], [-95.682767, 35.216398], [-95.682332, 35.215012], [-95.680489, 35.212339], [-95.679101, 35.211281], [-95.675274, 35.210162], [-95.674189, 35.20891], [-95.677461, 35.206721], [-95.679107, 35.203869], [-95.67998, 35.203459], [-95.686824, 35.204993], [-95.691205, 35.204668], [-95.697168, 35.202998], [-95.703768, 35.202398], [-95.707153, 35.202301], [-95.708263, 35.201819], [-95.709825, 35.200466], [-95.712382, 35.19713], [-95.71478, 35.19131], [-95.716157, 35.189352], [-95.71896, 35.188847], [-95.722143, 35.189455], [-95.727534, 35.191293], [-95.727788, 35.191379], [-95.729767, 35.192045], [-95.735171, 35.192815], [-95.739993, 35.192805], [-95.743894, 35.191882], [-95.745818, 35.190472], [-95.748019, 35.187716], [-95.749568, 35.183709], [-95.751871, 35.180968], [-95.75597, 35.177198], [-95.75797, 35.176698], [-95.76397, 35.177098], [-95.76707, 35.178098], [-95.768471, 35.178998], [-95.770525, 35.181766], [-95.772171, 35.183698], [-95.777071, 35.188698], [-95.779471, 35.190798], [-95.781971, 35.193498], [-95.784771, 35.195298], [-95.787571, 35.196398], [-95.793271, 35.197298], [-95.797572, 35.197098], [-95.804172, 35.196298], [-95.808372, 35.195398], [-95.813272, 35.193497], [-95.816872, 35.191197], [-95.824272, 35.187497], [-95.828272, 35.186197], [-95.838873, 35.184297], [-95.839673, 35.184397], [-95.844573, 35.187197], [-95.847773, 35.188397], [-95.849473, 35.188297], [-95.856773, 35.186597], [-95.862574, 35.186797], [-95.866674, 35.187297], [-95.869174, 35.186897], [-95.870663, 35.185986], [-95.874511, 35.180272], [-95.876374, 35.176897], [-95.883574, 35.162597], [-95.885274, 35.159696], [-95.888374, 35.155696], [-95.892174, 35.152096], [-95.896541, 35.149048], [-95.899975, 35.146896], [-95.900658, 35.146551], [-95.905867, 35.143987], [-95.907966, 35.143494], [-95.917786, 35.142501], [-95.925578, 35.142896], [-95.928458, 35.143594], [-95.937876, 35.146996], [-95.942576, 35.148396], [-95.946576, 35.149996], [-95.952776, 35.151396], [-95.957376, 35.151696], [-95.959377, 35.152096], [-95.965551, 35.152496], [-95.971777, 35.152496], [-95.983077, 35.151695], [-95.983105, 35.188946], [-95.98313, 35.202744], [-95.981399, 35.202853], [-95.981401, 35.204789], [-95.981416, 35.213866], [-95.9812, 35.216065], [-95.98149, 35.224327], [-95.981511, 35.28978], [-95.981505, 35.303396], [-95.981465, 35.376788], [-95.960786, 35.376807], [-95.945958, 35.37677], [-95.944532, 35.376844], [-95.942918, 35.376764], [-95.893694, 35.376678], [-95.875405, 35.37669], [-95.875402, 35.390441], [-95.875372, 35.405674], [-95.875368, 35.409511], [-95.875365, 35.412782], [-95.875402, 35.420213], [-95.875346, 35.456173], [-95.875347, 35.463623], [-95.822429, 35.463685], [-95.82243, 35.463776], [-95.822412, 35.487697], [-95.822373, 35.504559], [-95.822529, 35.506328], [-95.822456, 35.514519], [-95.822361, 35.551693], [-95.800765, 35.551727], [-95.799132, 35.551731], [-95.73138, 35.551734], [-95.712953, 35.551738], [-95.653931, 35.551713], [-95.651453, 35.551714], [-95.646572, 35.551717], [-95.646018, 35.551717], [-95.624471, 35.55172], [-95.610339, 35.551718], [-95.597295, 35.551711], [-95.571072, 35.55171], [-95.557902, 35.551699], [-95.553239, 35.551715], [-95.544638, 35.551722], [-95.504102, 35.551781], [-95.503426, 35.551733], [-95.48538, 35.55174], [-95.473681, 35.551739], [-95.425196, 35.551729], [-95.40534, 35.551751], [-95.39761, 35.551746], [-95.358098, 35.551807], [-95.349135, 35.551764], [-95.344799, 35.551751], [-95.344796, 35.550393], [-95.344815, 35.522245], [-95.344762, 35.492321], [-95.344859, 35.491403], [-95.344837, 35.467919], [-95.34482, 35.435053], [-95.344813, 35.428076], [-95.344766, 35.405304], [-95.344779, 35.362424], [-95.344766, 35.293035]]]}}, {"type": "Feature", "properties": {"hpsa_id": "1409611243", "name": "Pushmataha County", "score": 16, "discipline": "Primary Care", "type": "High Needs Geographic HPSA", "status": "Proposed For Withdrawal", "rural": "Rural", "provider_ratio": "3000:1", "designation_pop": "10976.0", "underserved_pop": "7526", "pct_poverty": "20.4", "new_score": 16, "new_pop": "10594.0", "has_trend": true}, "geometry": {"type": "Polygon", "coordinates": [[[-95.779238, 34.248316], [-95.779203, 34.272683], [-95.779249, 34.326712], [-95.779244, 34.417569], [-95.779134, 34.506644], [-95.73172, 34.506719], [-95.729138, 34.506721], [-95.726913, 34.506724], [-95.706644, 34.50675], [-95.679451, 34.506786], [-95.674334, 34.506792], [-95.67175, 34.506794], [-95.671777, 34.543412], [-95.671784, 34.554014], [-95.67181, 34.593732], [-95.670879, 34.593851], [-95.570479, 34.594133], [-95.567156, 34.594067], [-95.56652, 34.594159], [-95.514511, 34.594153], [-95.51448, 34.625], [-95.514494, 34.637446], [-95.514481, 34.666527], [-95.514475, 34.680718], [-95.444805, 34.680833], [-95.315164, 34.680926], [-95.314067, 34.680981], [-95.305658, 34.680924], [-95.30466, 34.680861], [-95.2001, 34.680537], [-95.182083, 34.680542], [-95.132088, 34.680585], [-95.101397, 34.680656], [-95.099692, 34.680776], [-95.059616, 34.680736], [-95.025139, 34.680804], [-94.937555, 34.680792], [-94.937511, 34.666676], [-94.937489, 34.666196], [-94.937502, 34.625104], [-94.937559, 34.59433], [-94.937562, 34.593591], [-94.937484, 34.538461], [-94.937569, 34.53794], [-94.937604, 34.507296], [-94.990057, 34.507289], [-95.046746, 34.507276], [-95.046753, 34.477546], [-95.046772, 34.419364], [-95.046767, 34.417547], [-95.046628, 34.396453], [-95.046521, 34.39587], [-95.046621, 34.395483], [-95.046608, 34.297993], [-95.0466, 34.287261], [-95.046585, 34.243776], [-95.135144, 34.243747], [-95.135597, 34.243743], [-95.151323, 34.243737], [-95.151337, 34.182684], [-95.151344, 34.156841], [-95.156521, 34.156965], [-95.273323, 34.156925], [-95.27366, 34.156868], [-95.330296, 34.156882], [-95.382325, 34.156873], [-95.442215, 34.156869], [-95.487655, 34.156846], [-95.554109, 34.1568], [-95.555399, 34.156884], [-95.556454, 34.156869], [-95.556926, 34.156798], [-95.561473, 34.156793], [-95.570157, 34.156786], [-95.587573, 34.156785], [-95.605119, 34.156789], [-95.624595, 34.156711], [-95.637251, 34.1567], [-95.637794, 34.156769], [-95.67758, 34.156644], [-95.678822, 34.156742], [-95.779376, 34.156699], [-95.779332, 34.164169], [-95.779517, 34.164968], [-95.779394, 34.165612], [-95.779178, 34.171751], [-95.779238, 34.248316]]]}}, {"type": "Feature", "properties": {"hpsa_id": "1409891372", "name": "Alfalfa County", "score": 10, "discipline": "Primary Care", "type": "Geographic HPSA", "status": "Designated", "rural": "Rural", "provider_ratio": "3500:1", "designation_pop": "4495.0", "underserved_pop": "470", "pct_poverty": "13.9"}, "geometry": {"type": "Polygon", "coordinates": [[[-98.109428, 36.664981], [-98.109311, 36.593588], [-98.104286, 36.593578], [-98.104299, 36.578921], [-98.104382, 36.571756], [-98.104311, 36.570934], [-98.104316, 36.557317], [-98.104317, 36.513795], [-98.104375, 36.47031], [-98.104427, 36.463105], [-98.113538, 36.463138], [-98.122015, 36.463189], [-98.150203, 36.463183], [-98.166408, 36.463198], [-98.166887, 36.4632], [-98.220436, 36.463376], [-98.247454, 36.463351], [-98.28321, 36.463334], [-98.363198, 36.463233], [-98.372455, 36.463177], [-98.533617, 36.46323], [-98.533477, 36.528135], [-98.533479, 36.528404], [-98.5334, 36.594217], [-98.5405, 36.59421], [-98.540482, 36.652135], [-98.540574, 36.673772], [-98.540539, 36.688341], [-98.540504, 36.695646], [-98.540567, 36.710166], [-98.540547, 36.724664], [-98.540405, 36.739195], [-98.54048, 36.76094], [-98.540473, 36.77543], [-98.54035, 36.821721], [-98.540262, 36.86252], [-98.540371, 36.906128], [-98.540237, 36.942228], [-98.544989, 36.942241], [-98.5446600848551, 36.9989961823461], [-98.4764037804055, 36.9987328220673], [-98.420209, 36.998516], [-98.418268, 36.998538], [-98.408991, 36.998513], [-98.354073, 36.997961], [-98.3471489755077, 36.9979618781261], [-98.346188, 36.997962], [-98.2917921267673, 36.9979670145537], [-98.237712, 36.997972], [-98.219499, 36.997824], [-98.208218, 36.997997], [-98.1903680175914, 36.998003994964], [-98.177722572632, 36.9980089503993], [-98.177596, 36.998009], [-98.147452, 36.998162], [-98.1463112238645, 36.9981610672313], [-98.1281777220003, 36.9981462401652], [-98.111985, 36.998133], [-98.111542, 36.949335], [-98.111481, 36.942041], [-98.109576, 36.942038], [-98.109612, 36.898277], [-98.10965, 36.840818], [-98.109757, 36.814032], [-98.110169, 36.811216], [-98.110189, 36.797571], [-98.110182, 36.796715], [-98.110473, 36.767649], [-98.110015, 36.764894], [-98.109922, 36.764331], [-98.109846, 36.750858], [-98.110195, 36.749189], [-98.109647, 36.666078], [-98.109428, 36.664981]]]}}, {"type": "Feature", "properties": {"hpsa_id": "1409900789", "name": "Harper County", "score": 14, "discipline": "Primary Care", "type": "Geographic HPSA", "status": "Designated", "rural": "Rural", "provider_ratio": "3500:1", "designation_pop": "3150.0", "underserved_pop": "1400", "pct_poverty": "15.9"}, "geometry": {"type": "Polygon", "coordinates": [[[-100.003711, 36.796972], [-100.002616, 36.944011], [-100.002747, 36.997196], [-100.002915, 36.999184], [-100.002563, 37.001706], [-100.001286, 37.001699], [-99.995201, 37.001631], [-99.9048971396057, 37.0016521074871], [-99.875409, 37.001659], [-99.8286446159415, 37.001278159536], [-99.786016, 37.000931], [-99.774816, 37.000841], [-99.774255, 37.000837], [-99.7741724011459, 37.0008365466155], [-99.7225871545953, 37.00055339561], [-99.657658, 37.000197], [-99.648652, 36.999604], [-99.625399, 36.999671], [-99.558068, 36.999528], [-99.5411159015717, 36.9995725260596], [-99.508574, 36.999658], [-99.504093, 36.999648], [-99.502665, 36.999645], [-99.500395, 36.999637], [-99.500395, 36.999576], [-99.484333, 36.999626], [-99.456203, 36.999471], [-99.455935, 36.998581], [-99.452885, 36.995549], [-99.451475, 36.994804], [-99.450058, 36.994728], [-99.446626, 36.995578], [-99.443415, 36.995491], [-99.442339, 36.994747], [-99.441188, 36.993434], [-99.439949, 36.990734], [-99.439971, 36.987266], [-99.438888, 36.983845], [-99.439191, 36.980377], [-99.43558, 36.974864], [-99.434054, 36.970064], [-99.429952, 36.964211], [-99.428435, 36.963094], [-99.427216, 36.959951], [-99.428218, 36.955332], [-99.42657, 36.950935], [-99.424787, 36.947702], [-99.423242, 36.945793], [-99.420519, 36.941137], [-99.41606, 36.93756], [-99.413992, 36.935457], [-99.410495, 36.930621], [-99.407435, 36.927329], [-99.404905, 36.925144], [-99.398092, 36.921539], [-99.396294, 36.917707], [-99.393, 36.912726], [-99.391013, 36.911042], [-99.386976, 36.905874], [-99.388141, 36.903654], [-99.38831, 36.901579], [-99.386325, 36.896705], [-99.3855, 36.893933], [-99.383679, 36.891094], [-99.377711, 36.885947], [-99.37653, 36.884289], [-99.375856, 36.881776], [-99.374218, 36.879597], [-99.371114, 36.877957], [-99.367903, 36.8783], [-99.365306, 36.877569], [-99.361694, 36.87503], [-99.356414, 36.872015], [-99.350127, 36.870232], [-99.338979, 36.866162], [-99.337002, 36.864974], [-99.333074, 36.864046], [-99.330252, 36.862972], [-99.326595, 36.859299], [-99.324779, 36.858119], [-99.322109, 36.857214], [-99.314288, 36.856191], [-99.313752, 36.855495], [-99.313423, 36.853917], [-99.315936, 36.851832], [-99.318246, 36.85002], [-99.318832, 36.848134], [-99.318037, 36.845722], [-99.317419, 36.842331], [-99.316547, 36.840518], [-99.313737, 36.837184], [-99.31075, 36.834717], [-99.309756, 36.83012], [-99.308433, 36.828882], [-99.303506, 36.8264], [-99.299082, 36.823909], [-99.296851, 36.821959], [-99.295186, 36.819566], [-99.294944, 36.772321], [-99.295399, 36.681525], [-99.295283, 36.638221], [-99.295339, 36.596455], [-99.295193, 36.595122], [-99.299922, 36.59499], [-99.353712, 36.594636], [-99.403708, 36.594164], [-99.421727, 36.594108], [-99.43026, 36.594018], [-99.43998, 36.593923], [-99.440397, 36.594175], [-99.448389, 36.594119], [-99.449138, 36.594061], [-99.498078, 36.594015], [-99.592728, 36.593929], [-99.605642, 36.593934], [-99.605634, 36.592754], [-99.674075, 36.593233], [-99.677128, 36.59306], [-99.688247, 36.592989], [-99.692853, 36.593165], [-99.739534, 36.593255], [-99.746391, 36.593271], [-99.83784, 36.593288], [-99.910143, 36.593189], [-99.910862, 36.593292], [-100.00316, 36.59325], [-100.003864, 36.775499], [-100.00375, 36.776152], [-100.003711, 36.796972]]]}}, {"type": "Feature", "properties": {"hpsa_id": "6402780627", "name": "Caddo County", "score": 6, "discipline": "Dental Health", "type": "High Needs Geographic HPSA", "status": "Proposed For Withdrawal", "rural": "Rural", "provider_ratio": "4000:1", "designation_pop": "27841.0", "underserved_pop": "2641", "pct_poverty": "18.9"}, "geometry": {"type": "Polygon", "coordinates": [[[-98.093057, 34.985228], [-98.093049, 34.970693], [-98.09298, 34.954696], [-98.093018, 34.954357], [-98.093078, 34.883934], [-98.093127, 34.854988], [-98.106575, 34.854996], [-98.12352, 34.855005], [-98.124424, 34.855108], [-98.145366, 34.855015], [-98.158468, 34.855086], [-98.159886, 34.855015], [-98.164168, 34.855015], [-98.164699, 34.8551], [-98.167543, 34.855106], [-98.194298, 34.855002], [-98.198615, 34.855182], [-98.201211, 34.855113], [-98.235287, 34.855153], [-98.268713, 34.855136], [-98.29924, 34.855137], [-98.303917, 34.855144], [-98.360771, 34.855143], [-98.387202, 34.855165], [-98.391836, 34.855177], [-98.42241, 34.855174], [-98.461073, 34.855117], [-98.462212, 34.855213], [-98.509829, 34.855237], [-98.545461, 34.855272], [-98.562119, 34.855287], [-98.619816, 34.85534], [-98.620152, 34.884337], [-98.620165, 34.912171], [-98.619947, 34.913276], [-98.620021, 34.941568], [-98.620181, 34.942328], [-98.62026, 34.962524], [-98.620356, 35.014935], [-98.620772, 35.097399], [-98.620692, 35.097765], [-98.619325, 35.101315], [-98.61875, 35.101685], [-98.618161, 35.102063], [-98.61824, 35.117174], [-98.61802, 35.204135], [-98.623593, 35.204154], [-98.623788, 35.218647], [-98.623629, 35.262045], [-98.62358, 35.2764], [-98.62355, 35.283678], [-98.623511, 35.290792], [-98.623386, 35.334048], [-98.623393, 35.362907], [-98.6233, 35.399029], [-98.62331, 35.420903], [-98.623336, 35.464225], [-98.62328, 35.494511], [-98.623344, 35.495001], [-98.623294, 35.514812], [-98.623297, 35.522386], [-98.623255, 35.53626], [-98.623252, 35.536472], [-98.623244, 35.551522], [-98.588515, 35.551534], [-98.579132, 35.551579], [-98.570882, 35.551545], [-98.570241, 35.551547], [-98.5177, 35.551479], [-98.498831, 35.551523], [-98.498319, 35.551587], [-98.453889, 35.551564], [-98.449692, 35.551565], [-98.441315, 35.55157], [-98.438808, 35.551565], [-98.431625, 35.551572], [-98.429597, 35.551567], [-98.386198, 35.551537], [-98.383844, 35.551525], [-98.36941, 35.551329], [-98.368856, 35.551448], [-98.368357, 35.551623], [-98.3599, 35.551639], [-98.357711, 35.551445], [-98.34024, 35.551431], [-98.313248, 35.551411], [-98.313251, 35.551523], [-98.312833, 35.551311], [-98.308393, 35.551313], [-98.308398, 35.550101], [-98.308405, 35.544785], [-98.307571, 35.541047], [-98.306496, 35.536238], [-98.306462, 35.51525], [-98.30629, 35.514483], [-98.306255, 35.482377], [-98.306409, 35.479952], [-98.30625, 35.471069], [-98.306388, 35.420486], [-98.306382, 35.406904], [-98.306264, 35.406103], [-98.306309, 35.406026], [-98.306326, 35.377239], [-98.305204, 35.377162], [-98.303336, 35.377272], [-98.301966, 35.37735], [-98.289814, 35.377328], [-98.262833, 35.377031], [-98.255512, 35.376783], [-98.209965, 35.376811], [-98.192611, 35.376955], [-98.17088, 35.377264], [-98.167134, 35.377286], [-98.166415, 35.377205], [-98.131252, 35.377416], [-98.130927, 35.377494], [-98.096014, 35.377753], [-98.095354, 35.305219], [-98.095001, 35.24734], [-98.094974, 35.23279], [-98.094977, 35.20372], [-98.09134, 35.20373], [-98.091312, 35.189207], [-98.091146, 35.116665], [-98.091096, 35.089181], [-98.092386, 35.088649], [-98.092927, 35.08689], [-98.092884, 35.083207], [-98.092912, 35.077255], [-98.092959, 35.076463], [-98.093056, 35.028817], [-98.093005, 35.014147], [-98.093057, 34.985228]]]}}, {"type": "Feature", "properties": {"hpsa_id": "6402895168", "name": "Coal County", "score": 11, "discipline": "Dental Health", "type": "High Needs Geographic HPSA", "status": "Proposed For Withdrawal", "rural": "Rural", "provider_ratio": "4000:1", "designation_pop": "5475.0", "underserved_pop": "675", "pct_poverty": "22.0"}, "geometry": {"type": "Polygon", "coordinates": [[[-96.512099, 34.505562], [-96.512085, 34.512686], [-96.512057, 34.540132], [-96.512208, 34.544942], [-96.512133, 34.545333], [-96.512087, 34.592825], [-96.512165, 34.610586], [-96.512183, 34.642321], [-96.512171, 34.680065], [-96.452769, 34.680077], [-96.427559, 34.680204], [-96.425625, 34.680045], [-96.406357, 34.680023], [-96.40645, 34.684263], [-96.406229, 34.694665], [-96.406501, 34.695904], [-96.406489, 34.737995], [-96.406515, 34.745524], [-96.406522, 34.747443], [-96.406483, 34.767328], [-96.292841, 34.766865], [-96.292671, 34.766868], [-96.258212, 34.766879], [-96.25743, 34.766839], [-96.179487, 34.76717], [-96.161926, 34.767239], [-96.092816, 34.76758], [-96.092001, 34.767479], [-96.092043, 34.680556], [-96.09211, 34.675017], [-96.091885, 34.673085], [-96.092106, 34.668001], [-96.09209, 34.614027], [-96.092238, 34.61312], [-96.092112, 34.60754], [-96.092084, 34.593145], [-96.092051, 34.549529], [-96.092044, 34.535054], [-96.092029, 34.506157], [-96.092625, 34.506061], [-96.095251, 34.506044], [-96.145442, 34.505944], [-96.145441, 34.491034], [-96.145435, 34.47549], [-96.14527, 34.47293], [-96.14514, 34.432269], [-96.145426, 34.430118], [-96.145423, 34.418313], [-96.151509, 34.418325], [-96.232827, 34.418407], [-96.24452, 34.418403], [-96.246656, 34.418532], [-96.247524, 34.418398], [-96.26298, 34.418392], [-96.264574, 34.418301], [-96.302664, 34.418294], [-96.346263, 34.418307], [-96.354738, 34.418319], [-96.406783, 34.418391], [-96.407074, 34.41839], [-96.453052, 34.418382], [-96.453484, 34.419324], [-96.454221, 34.419551], [-96.487164, 34.419576], [-96.487571, 34.419523], [-96.496329, 34.41949], [-96.49855, 34.41944], [-96.500649, 34.41949], [-96.513768, 34.419569], [-96.513773, 34.463188], [-96.513787, 34.505396], [-96.512099, 34.505562]]]}}, {"type": "Feature", "properties": {"hpsa_id": "6404353755", "name": "Adair County", "score": 6, "discipline": "Dental Health", "type": "High Needs Geographic HPSA", "status": "Proposed For Withdrawal", "rural": "Rural", "provider_ratio": "4000:1", "designation_pop": "22029.0", "underserved_pop": "2829", "pct_poverty": "27.8"}, "geometry": {"type": "Polygon", "coordinates": [[[-94.5182312922163, 35.9060694407576], [-94.517571, 35.901866], [-94.5173768949372, 35.900773133819], [-94.507631, 35.845901], [-94.5074064046839, 35.8445151486605], [-94.505642, 35.833628], [-94.504438, 35.826369], [-94.503011, 35.81721], [-94.5014072135405, 35.8078596387055], [-94.501162, 35.80643], [-94.500764, 35.80382], [-94.5005730968878, 35.8028751098062], [-94.500526, 35.802642], [-94.499647, 35.79691], [-94.499045, 35.79346], [-94.4988745559854, 35.7925062944671], [-94.4969010859034, 35.781463904153], [-94.494549, 35.768303], [-94.493362, 35.761892], [-94.4929444807692, 35.7592458746266], [-94.48821, 35.72924], [-94.487585, 35.726147], [-94.484290897927, 35.7068315832993], [-94.4842849384655, 35.7067966391843], [-94.4827901857518, 35.6980319528175], [-94.482467889927, 35.6961421272993], [-94.472647, 35.638556], [-94.50273, 35.638353], [-94.52061, 35.638354], [-94.533755, 35.63835], [-94.594993, 35.638328], [-94.629908, 35.638352], [-94.630719, 35.638352], [-94.647747, 35.638362], [-94.675188, 35.638373], [-94.701178, 35.638378], [-94.753685, 35.638471], [-94.76877, 35.638495], [-94.772266, 35.638504], [-94.807757, 35.638546], [-94.807736, 35.660232], [-94.807721, 35.674347], [-94.807714, 35.682199], [-94.807608, 35.750745], [-94.807577, 35.761424], [-94.807436, 35.768181], [-94.807422, 35.769208], [-94.80748, 35.799588], [-94.807475, 35.800687], [-94.807444, 35.81271], [-94.807447, 35.836316], [-94.80745, 35.855403], [-94.807452, 35.870513], [-94.807398, 35.877945], [-94.807456, 35.900319], [-94.807456, 35.900919], [-94.797399, 35.900918], [-94.797345, 35.937173], [-94.797359, 35.940658], [-94.797375, 35.944281], [-94.797434, 35.961271], [-94.797435, 35.961733], [-94.797439, 35.968006], [-94.79744, 35.975955], [-94.797315, 35.998178], [-94.797441, 35.999033], [-94.797383, 36.045081], [-94.79739, 36.045994], [-94.797375, 36.103184], [-94.79738, 36.104466], [-94.797384, 36.112833], [-94.797392, 36.13232], [-94.797409, 36.161652], [-94.782361, 36.161636], [-94.777163, 36.161632], [-94.735271, 36.161582], [-94.713862, 36.16155], [-94.708177, 36.161541], [-94.698788, 36.161533], [-94.697388, 36.161525], [-94.687595, 36.161523], [-94.646063, 36.161683], [-94.637157, 36.161729], [-94.601367, 36.161753], [-94.596887, 36.161764], [-94.565815, 36.1619], [-94.5628276914512, 36.1618934952038], [-94.562803, 36.161749], [-94.561165, 36.15211], [-94.5596915051255, 36.1439268607574], [-94.5595093429662, 36.142915212641], [-94.5572280270755, 36.1302457925349], [-94.5521649859981, 36.1021279002748], [-94.5498705372997, 36.089385546359], [-94.547871, 36.078281], [-94.547715, 36.077271], [-94.5432560772227, 36.0514404094066], [-94.5432555854101, 36.0514375603309], [-94.5373052130243, 36.0169669851155], [-94.5373035799916, 36.0169575249384], [-94.535724, 36.007807], [-94.5352129388301, 36.0048009991507], [-94.5351632586096, 36.0045087860192], [-94.534852, 36.002678], [-94.5336729618048, 35.9969353214272], [-94.533646, 35.996804], [-94.5320909497439, 35.9879653905444], [-94.532071, 35.987852], [-94.5320670297716, 35.9878290199046], [-94.532061349361, 35.9877961410969], [-94.5320470706678, 35.9877134945346], [-94.528327413129, 35.9661837295236], [-94.528305, 35.966054], [-94.528162, 35.965665], [-94.52464, 35.945727], [-94.524344, 35.94405], [-94.52291, 35.936127], [-94.522634, 35.934892], [-94.522658, 35.934799], [-94.522658, 35.93425], [-94.5222486385274, 35.9316439921507], [-94.5182645152154, 35.9062809394019], [-94.5182312922163, 35.9060694407576]]]}}, {"type": "Feature", "properties": {"hpsa_id": "6404977663", "name": "Pushmataha County", "score": 12, "discipline": "Dental Health", "type": "High Needs Geographic HPSA", "status": "Proposed For Withdrawal", "rural": "Rural", "provider_ratio": "4000:1", "designation_pop": "10976.0", "underserved_pop": "176", "pct_poverty": "20.4"}, "geometry": {"type": "Polygon", "coordinates": [[[-95.779238, 34.248316], [-95.779203, 34.272683], [-95.779249, 34.326712], [-95.779244, 34.417569], [-95.779134, 34.506644], [-95.73172, 34.506719], [-95.729138, 34.506721], [-95.726913, 34.506724], [-95.706644, 34.50675], [-95.679451, 34.506786], [-95.674334, 34.506792], [-95.67175, 34.506794], [-95.671777, 34.543412], [-95.671784, 34.554014], [-95.67181, 34.593732], [-95.670879, 34.593851], [-95.570479, 34.594133], [-95.567156, 34.594067], [-95.56652, 34.594159], [-95.514511, 34.594153], [-95.51448, 34.625], [-95.514494, 34.637446], [-95.514481, 34.666527], [-95.514475, 34.680718], [-95.444805, 34.680833], [-95.315164, 34.680926], [-95.314067, 34.680981], [-95.305658, 34.680924], [-95.30466, 34.680861], [-95.2001, 34.680537], [-95.182083, 34.680542], [-95.132088, 34.680585], [-95.101397, 34.680656], [-95.099692, 34.680776], [-95.059616, 34.680736], [-95.025139, 34.680804], [-94.937555, 34.680792], [-94.937511, 34.666676], [-94.937489, 34.666196], [-94.937502, 34.625104], [-94.937559, 34.59433], [-94.937562, 34.593591], [-94.937484, 34.538461], [-94.937569, 34.53794], [-94.937604, 34.507296], [-94.990057, 34.507289], [-95.046746, 34.507276], [-95.046753, 34.477546], [-95.046772, 34.419364], [-95.046767, 34.417547], [-95.046628, 34.396453], [-95.046521, 34.39587], [-95.046621, 34.395483], [-95.046608, 34.297993], [-95.0466, 34.287261], [-95.046585, 34.243776], [-95.135144, 34.243747], [-95.135597, 34.243743], [-95.151323, 34.243737], [-95.151337, 34.182684], [-95.151344, 34.156841], [-95.156521, 34.156965], [-95.273323, 34.156925], [-95.27366, 34.156868], [-95.330296, 34.156882], [-95.382325, 34.156873], [-95.442215, 34.156869], [-95.487655, 34.156846], [-95.554109, 34.1568], [-95.555399, 34.156884], [-95.556454, 34.156869], [-95.556926, 34.156798], [-95.561473, 34.156793], [-95.570157, 34.156786], [-95.587573, 34.156785], [-95.605119, 34.156789], [-95.624595, 34.156711], [-95.637251, 34.1567], [-95.637794, 34.156769], [-95.67758, 34.156644], [-95.678822, 34.156742], [-95.779376, 34.156699], [-95.779332, 34.164169], [-95.779517, 34.164968], [-95.779394, 34.165612], [-95.779178, 34.171751], [-95.779238, 34.248316]]]}}, {"type": "Feature", "geometry": {"type": "Polygon", "coordinates": [[[-95.059957, 34.753208], [-95.059957, 34.753632], [-95.059957, 34.753929], [-95.059929, 34.767829], [-95.059828, 34.796459], [-95.059654, 34.835179], [-95.059512, 34.855019], [-94.997832, 34.854915], [-94.99783, 34.859395], [-94.997563, 34.863046], [-94.997843, 34.865614], [-94.99786, 34.876395], [-94.997957, 34.925776], [-94.997961, 34.930762], [-94.998125, 34.941964], [-94.980329, 34.941965], [-94.945132, 34.942016], [-94.936324, 34.942023], [-94.927664, 34.942025], [-94.927673, 34.970923], [-94.927678, 34.973187], [-94.927756, 35.005219], [-94.92771, 35.01479], [-94.927673, 35.02058], [-94.927863, 35.058212], [-94.927863, 35.058246], [-94.927853, 35.152108], [-94.927965, 35.152646], [-94.927869, 35.154129], [-94.927904, 35.180387], [-94.927814, 35.181008], [-94.927774, 35.20261], [-94.89304, 35.202501], [-94.814276, 35.202331], [-94.814273, 35.21477], [-94.814236, 35.24572], [-94.814162, 35.260388], [-94.813987, 35.318613], [-94.813629, 35.323344], [-94.811716, 35.32307], [-94.806051, 35.323855], [-94.800908, 35.324952], [-94.796291, 35.32646], [-94.794374, 35.327086], [-94.792713, 35.32835], [-94.790528, 35.331334], [-94.790095, 35.333384], [-94.788584, 35.335567], [-94.785001, 35.342186], [-94.781615, 35.347153], [-94.778444, 35.350895], [-94.777758, 35.351366], [-94.777657, 35.351436], [-94.775247, 35.35318], [-94.769727, 35.355317], [-94.763835, 35.355688], [-94.756413, 35.356807], [-94.750224, 35.356969], [-94.743382, 35.356009], [-94.73782, 35.354648], [-94.730013, 35.35195], [-94.725697, 35.349702], [-94.720559, 35.34593], [-94.714589, 35.339689], [-94.709581, 35.335988], [-94.703995, 35.332475], [-94.702276, 35.332011], [-94.695228, 35.330987], [-94.69086, 35.329869], [-94.684885, 35.32729], [-94.683459, 35.326252], [-94.680435, 35.322659], [-94.678889, 35.318409], [-94.678379, 35.315569], [-94.67819, 35.311888], [-94.678556, 35.3071], [-94.678342, 35.3048], [-94.675601, 35.300527], [-94.6738, 35.298756], [-94.668796, 35.295029], [-94.66313, 35.292563], [-94.65743, 35.291582], [-94.65182, 35.291214], [-94.647967, 35.29123], [-94.643506, 35.29178], [-94.633432, 35.293769], [-94.629504, 35.29527], [-94.625221, 35.297522], [-94.621156, 35.300749], [-94.615879, 35.304111], [-94.612975, 35.307628], [-94.60997, 35.312993], [-94.603862, 35.321683], [-94.59882, 35.326445], [-94.594801, 35.327974], [-94.588959, 35.328526], [-94.583178, 35.328294], [-94.579056, 35.328783], [-94.576472, 35.328867], [-94.569148, 35.325641], [-94.565201, 35.322632], [-94.563551, 35.319864], [-94.558996, 35.315031], [-94.55463, 35.310219], [-94.547647, 35.306352], [-94.542732, 35.304961], [-94.538461, 35.30435], [-94.533528, 35.304331], [-94.52865, 35.3052], [-94.519129, 35.308193], [-94.516956, 35.309517], [-94.515201, 35.308692], [-94.515224, 35.306574], [-94.511175, 35.30452], [-94.505696, 35.304939], [-94.504128, 35.305924], [-94.501091, 35.305835], [-94.498307, 35.304545], [-94.496241, 35.301844], [-94.494555, 35.301126], [-94.491437, 35.302228], [-94.490178, 35.303183], [-94.485328, 35.304792], [-94.482368, 35.307248], [-94.481147, 35.309507], [-94.482063, 35.315374], [-94.483299, 35.318105], [-94.48774, 35.322507], [-94.492005, 35.325406], [-94.494797, 35.329809], [-94.494738, 35.332276], [-94.494379, 35.337144], [-94.494771, 35.342566], [-94.492349, 35.344283], [-94.489051, 35.345127], [-94.486369, 35.346834], [-94.482458, 35.349072], [-94.481543, 35.349987], [-94.480521, 35.352291], [-94.483267, 35.355076], [-94.485861, 35.360363], [-94.486688, 35.36488], [-94.486224, 35.366057], [-94.483603, 35.369419], [-94.481783, 35.37012], [-94.480034, 35.372162], [-94.476914, 35.374119], [-94.472803, 35.375781], [-94.466842, 35.376998], [-94.468258, 35.376399], [-94.460616, 35.378637], [-94.454785, 35.378495], [-94.448749, 35.379374], [-94.446008, 35.380101], [-94.441136, 35.382146], [-94.43559, 35.386122], [-94.433091, 35.378296], [-94.433415, 35.376291], [-94.431596, 35.369538], [-94.433117, 35.365922], [-94.4330203146629, 35.3656608830632], [-94.432245, 35.363567], [-94.4325648003149, 35.3538064207623], [-94.4326195725702, 35.3521347246674], [-94.4328059644109, 35.3464458862082], [-94.4330362300113, 35.3394179830659], [-94.4333946476263, 35.3284787707881], [-94.4336738039734, 35.3199586802259], [-94.4337576680391, 35.3173990771846], [-94.4338618685357, 35.3142187888734], [-94.4338686837462, 35.3140107828189], [-94.4339209412965, 35.3124158376704], [-94.4340213312718, 35.3093518497298], [-94.434115, 35.306493], [-94.4344325938489, 35.3019777486835], [-94.4351390099158, 35.2919345879366], [-94.43517, 35.291494], [-94.43528, 35.287485], [-94.4353022862065, 35.280308841525], [-94.4353071098533, 35.2787556272262], [-94.435316, 35.275893], [-94.4354761037734, 35.2752254904214], [-94.435706, 35.274267], [-94.435793020746, 35.2718312400612], [-94.435812, 35.2713], [-94.4362979446268, 35.258139154845], [-94.436595, 35.250094], [-94.4370118276822, 35.2467475055261], [-94.4374650725653, 35.2431086361292], [-94.437578, 35.242202], [-94.4377613407812, 35.2394603069918], [-94.437774, 35.239271], [-94.437578, 35.230936], [-94.437832901149, 35.2233369738201], [-94.4378954790434, 35.2214714229583], [-94.438247, 35.210992], [-94.43847, 35.208587], [-94.4388323943956, 35.2019240190031], [-94.439084, 35.197298], [-94.439056, 35.193588], [-94.43886, 35.187183], [-94.4389249638177, 35.1856438880409], [-94.439509, 35.171807], [-94.43955, 35.169037], [-94.4397173405717, 35.1634454065285], [-94.439717441608, 35.1634420304557], [-94.440754, 35.128806], [-94.441232, 35.119724], [-94.4415373136765, 35.1112031181818], [-94.4415374478223, 35.1111993743583], [-94.4426479196819, 35.0802076428869], [-94.4432827507, 35.0624903884852], [-94.4444947678289, 35.0286646691999], [-94.4454691933468, 35.0014698026883], [-94.4455986087128, 34.9978579990775], [-94.4463019423841, 34.9782289305087], [-94.4476029001944, 34.941921], [-94.4478837250623, 34.9340835669104], [-94.449253, 34.895869], [-94.449086, 34.894152], [-94.449058, 34.890556], [-94.4491082159722, 34.8892125471621], [-94.4496260315601, 34.8753591696434], [-94.44963, 34.875253], [-94.450065, 34.861335], [-94.45014, 34.858694], [-94.450233, 34.855413], [-94.4503230102843, 34.8527923524853], [-94.4507578062899, 34.8401332760176], [-94.451081948725, 34.8306958759053], [-94.4511884490086, 34.8275951224108], [-94.4533001508935, 34.766112966887], [-94.4545765776714, 34.7289498283625], [-94.4547469400015, 34.723989732741], [-94.4553402653971, 34.7067150764506], [-94.4557938240506, 34.6935097258868], [-94.4560193410089, 34.6869438044374], [-94.4562041041542, 34.6815644293862], [-94.4562563395033, 34.6800435983062], [-94.4562642038509, 34.6798146279936], [-94.4575117588871, 34.6434920896136], [-94.45753, 34.642961], [-94.4575, 34.634945], [-94.4586993561652, 34.5940221405], [-94.460052, 34.547869], [-94.460058, 34.545264], [-94.460363325772, 34.534683384543], [-94.4610827807396, 34.5097517310505], [-94.461149, 34.507457], [-94.674303, 34.507263], [-94.785096, 34.50728], [-94.937604, 34.507296], [-94.937569, 34.53794], [-94.937484, 34.538461], [-94.937562, 34.593591], [-94.937559, 34.59433], [-94.937502, 34.625104], [-94.937489, 34.666196], [-94.937511, 34.666676], [-94.937555, 34.680792], [-95.025139, 34.680804], [-95.059616, 34.680736], [-95.059732, 34.695561], [-95.059958, 34.738926], [-95.059957, 34.753208]]]}, "properties": {"hpsa_id": "7405778020", "name": "Le Flore County", "score": 19, "discipline": "Mental Health", "type": "High Needs Geographic HPSA", "status": "Designated", "rural": "Rural", "provider_ratio": "20000:1", "designation_pop": "194044.0", "underserved_pop": "190044", "pct_poverty": "20.0", "original_name": "MHCA 21", "from_multi_county": true, "multi_county_name": "MHCA 21"}}, {"type": "Feature", "geometry": {"type": "Polygon", "coordinates": [[[-95.991538, 34.156805], [-95.987767, 34.156795], [-95.919018, 34.156734], [-95.836137, 34.156691], [-95.826616, 34.157002], [-95.826264, 34.156572], [-95.816758, 34.15664], [-95.808791, 34.156556], [-95.803172, 34.156756], [-95.779376, 34.156699], [-95.678822, 34.156742], [-95.67758, 34.156644], [-95.637794, 34.156769], [-95.637251, 34.1567], [-95.624595, 34.156711], [-95.605119, 34.156789], [-95.587573, 34.156785], [-95.570157, 34.156786], [-95.561473, 34.156793], [-95.556926, 34.156798], [-95.556454, 34.156869], [-95.555399, 34.156884], [-95.554109, 34.1568], [-95.487655, 34.156846], [-95.442215, 34.156869], [-95.382325, 34.156873], [-95.330296, 34.156882], [-95.27366, 34.156868], [-95.273323, 34.156925], [-95.156521, 34.156965], [-95.156533, 34.113301], [-95.156504, 34.083544], [-95.156497, 34.083525], [-95.156466, 34.01449], [-95.15646, 34.00449], [-95.156488, 33.975303], [-95.156736, 33.942918], [-95.155919, 33.93932], [-95.1558864704409, 33.9368927541364], [-95.158296, 33.937526], [-95.163392, 33.940857], [-95.167527, 33.944738], [-95.171154, 33.946506], [-95.174794, 33.947457], [-95.179686, 33.948688], [-95.182232, 33.948941], [-95.184968, 33.949529], [-95.189758, 33.951361], [-95.197029, 33.953105], [-95.19935, 33.953973], [-95.202615, 33.956907], [-95.206882, 33.959088], [-95.211908, 33.961241], [-95.214137, 33.962142], [-95.217633, 33.962646], [-95.220488, 33.961997], [-95.22401, 33.962161], [-95.226393, 33.961954], [-95.227574, 33.960798], [-95.229521, 33.960451], [-95.230637, 33.959799], [-95.230377, 33.955768], [-95.231644, 33.953294], [-95.232879, 33.949736], [-95.235707, 33.948259], [-95.239748, 33.947543], [-95.245847, 33.943747], [-95.250171, 33.938497], [-95.248273, 33.92019], [-95.249743, 33.902755], [-95.252694, 33.894234], [-95.260595, 33.88765], [-95.264019, 33.889757], [-95.265891, 33.895378], [-95.265227, 33.905566], [-95.266126, 33.909773], [-95.270674, 33.91151], [-95.278577, 33.910191], [-95.282981, 33.907402], [-95.285591, 33.903357], [-95.284298, 33.899238], [-95.280351, 33.896751], [-95.27794, 33.887508], [-95.278318, 33.881677], [-95.278767, 33.877906], [-95.280922, 33.875403], [-95.289302, 33.873103], [-95.30579, 33.874805], [-95.3104056193911, 33.8773685301904], [-95.310898, 33.877642], [-95.314428, 33.881632], [-95.322222, 33.884753], [-95.326436, 33.88607], [-95.32986, 33.885543], [-95.3319380081905, 33.8798287240363], [-95.331967, 33.879749], [-95.334854, 33.876831], [-95.343423, 33.872542], [-95.356541, 33.869382], [-95.362517, 33.866581], [-95.3656395923795, 33.866696488932], [-95.369628, 33.866844], [-95.375233, 33.868243], [-95.384639, 33.868425], [-95.392804, 33.867108], [-95.402055, 33.864188], [-95.427313, 33.870446], [-95.440928, 33.866429], [-95.453458, 33.870346], [-95.458564, 33.871678], [-95.462339, 33.871678], [-95.464211, 33.873372], [-95.464115, 33.876119], [-95.461229, 33.882557], [-95.459452, 33.884112], [-95.459452, 33.886332], [-95.461673, 33.886998], [-95.463785, 33.887232], [-95.466113, 33.886554], [-95.467609, 33.884635], [-95.469265, 33.882511], [-95.472552, 33.880337], [-95.478102, 33.878561], [-95.484541, 33.875897], [-95.492028, 33.874822], [-95.497418, 33.874343], [-95.502304, 33.874742], [-95.5025825052733, 33.8749500632667], [-95.5026354334394, 33.8749896043748], [-95.505633, 33.877229], [-95.504523, 33.883668], [-95.504944, 33.889143], [-95.505189, 33.894991], [-95.507556, 33.897216], [-95.510739, 33.897877], [-95.512732, 33.896392], [-95.514955, 33.894735], [-95.520138, 33.889329], [-95.5213340987801, 33.8884425394457], [-95.525322, 33.885487], [-95.533283, 33.881162], [-95.53979, 33.879904], [-95.545197, 33.880294], [-95.548325, 33.882744], [-95.550259, 33.88833], [-95.550925, 33.892992], [-95.548483, 33.896767], [-95.548039, 33.901207], [-95.548483, 33.908534], [-95.550481, 33.915195], [-95.55248, 33.919857], [-95.55248, 33.922965], [-95.553146, 33.925408], [-95.554478, 33.928072], [-95.557364, 33.930514], [-95.561007, 33.931552], [-95.563803, 33.932956], [-95.569353, 33.933178], [-95.573766, 33.933525], [-95.578012, 33.933178], [-95.580898, 33.933844], [-95.584369, 33.936311], [-95.586449, 33.939395], [-95.589557, 33.941615], [-95.593827, 33.943031], [-95.596662, 33.942059], [-95.5970477783238, 33.9412393764507], [-95.598524, 33.938103], [-95.59866, 33.934066], [-95.600695, 33.931268], [-95.603767, 33.929182], [-95.608207, 33.928738], [-95.611981, 33.928738], [-95.616422, 33.927406], [-95.619286, 33.922743], [-95.622394, 33.918303], [-95.625058, 33.913196], [-95.625947, 33.91031], [-95.626835, 33.907868], [-95.629055, 33.90587], [-95.632163, 33.904982], [-95.635938, 33.905204], [-95.640156, 33.904982], [-95.645262, 33.906536], [-95.649703, 33.907424], [-95.651701, 33.9092], [-95.656364, 33.910088], [-95.660138, 33.910088], [-95.665466, 33.908978], [-95.669978, 33.905844], [-95.676925, 33.897237], [-95.684831, 33.890232], [-95.697882, 33.88611], [-95.710537, 33.885], [-95.714089, 33.885888], [-95.718308, 33.889662], [-95.728449, 33.893704], [-95.7290757033093, 33.8940061009969], [-95.732961, 33.895879], [-95.73769, 33.896545], [-95.745905, 33.896323], [-95.756367, 33.892625], [-95.761916, 33.883402], [-95.762559, 33.874367], [-95.7614490359398, 33.8731846176704], [-95.764487, 33.871313], [-95.765593, 33.871016], [-95.769861, 33.871451], [-95.771895, 33.873798], [-95.775168, 33.874524], [-95.776993, 33.872717], [-95.776941, 33.871404], [-95.779496, 33.870135], [-95.781459, 33.868301], [-95.783982, 33.869092], [-95.785779, 33.872394], [-95.786747, 33.873532], [-95.78753, 33.872812], [-95.788505, 33.873598], [-95.789434, 33.872466], [-95.790514, 33.873329], [-95.792358, 33.873483], [-95.792865, 33.872637], [-95.794426, 33.873944], [-95.794933, 33.87334], [-95.797041, 33.873708], [-95.798911, 33.873197], [-95.79924, 33.871753], [-95.800966, 33.871632], [-95.801763, 33.872533], [-95.805095, 33.870116], [-95.806965, 33.870247], [-95.809152, 33.871203], [-95.812023, 33.869852], [-95.813979, 33.871434], [-95.814243, 33.87284], [-95.818293, 33.872345], [-95.820862, 33.872845], [-95.822541, 33.873663], [-95.823509, 33.872811], [-95.826032, 33.873745], [-95.828178, 33.87314], [-95.830583, 33.874035], [-95.830721, 33.875378], [-95.832704, 33.875746], [-95.834567, 33.873726], [-95.836135, 33.874468], [-95.836905, 33.873374], [-95.839586, 33.874928], [-95.839776, 33.874186], [-95.841641, 33.875404], [-95.842741, 33.878002], [-95.844124, 33.877914], [-95.845086, 33.878759], [-95.847444, 33.879154], [-95.847761, 33.88], [-95.851279, 33.881205], [-95.851951, 33.883427], [-95.853414, 33.884102], [-95.854691, 33.883525], [-95.853823, 33.885162], [-95.856609, 33.885831], [-95.857644, 33.887473], [-95.85908, 33.887962], [-95.861155, 33.8874], [-95.862922, 33.889591], [-95.864109, 33.89253], [-95.863114, 33.892585], [-95.864419, 33.89381], [-95.863676, 33.894662], [-95.864927, 33.895002], [-95.866048, 33.896451], [-95.865682, 33.90056], [-95.866934, 33.901109], [-95.866131, 33.902406], [-95.867119, 33.902356], [-95.867179, 33.903801], [-95.868187, 33.903745], [-95.868518, 33.905031], [-95.867339, 33.905476], [-95.86952, 33.905722], [-95.871168, 33.907567], [-95.872037, 33.907336], [-95.873627, 33.909906], [-95.87347, 33.910719], [-95.876574, 33.913492], [-95.875868, 33.913767], [-95.878595, 33.915762], [-95.880979, 33.916702], [-95.883674, 33.916425], [-95.886429, 33.915771], [-95.886936, 33.916716], [-95.885908, 33.917062], [-95.887337, 33.918507], [-95.891863, 33.919525], [-95.892146, 33.92031], [-95.893609, 33.9203], [-95.894807, 33.921305], [-95.89573, 33.920844], [-95.896619, 33.921724], [-95.89892, 33.919796], [-95.900369, 33.920708], [-95.901166, 33.92], [-95.903933, 33.921857], [-95.903353, 33.923198], [-95.904176, 33.923802], [-95.905593, 33.92266], [-95.909053, 33.923221], [-95.909422, 33.921826], [-95.914687, 33.923244], [-95.918871, 33.925057], [-95.918304, 33.926139], [-95.919648, 33.926266], [-95.922112, 33.927908], [-95.922659, 33.92876], [-95.921183, 33.930094], [-95.921762, 33.931627], [-95.923693, 33.932929], [-95.924925, 33.932314], [-95.926171, 33.934462], [-95.926632, 33.93717], [-95.92936, 33.938005], [-95.928892, 33.939631], [-95.930349, 33.93962], [-95.931258, 33.940417], [-95.932471, 33.939933], [-95.935944, 33.942443], [-95.93541, 33.944816], [-95.936973, 33.945838], [-95.937989, 33.948219], [-95.938013, 34.010733], [-95.938152, 34.011877], [-95.93809, 34.040697], [-95.938128, 34.068182], [-95.938318, 34.069644], [-95.938206, 34.095268], [-95.938138, 34.096314], [-95.938191, 34.096749], [-95.938224, 34.098674], [-95.938196, 34.125591], [-95.939875, 34.126182], [-95.940817, 34.124042], [-95.943954, 34.124088], [-95.944415, 34.125568], [-95.945737, 34.126319], [-95.947416, 34.128814], [-95.949783, 34.129157], [-95.950086, 34.130965], [-95.948765, 34.131469], [-95.949564, 34.133231], [-95.948408, 34.134147], [-95.950693, 34.136435], [-95.950583, 34.139204], [-95.951877, 34.139639], [-95.953803, 34.138906], [-95.952785, 34.140051], [-95.952703, 34.141813], [-95.950721, 34.141676], [-95.951823, 34.144056], [-95.950254, 34.143965], [-95.949758, 34.145109], [-95.951272, 34.144743], [-95.952649, 34.14591], [-95.954768, 34.145658], [-95.956035, 34.147558], [-95.953337, 34.147718], [-95.954576, 34.14932], [-95.956008, 34.149114], [-95.962368, 34.151218], [-95.964818, 34.150256], [-95.966029, 34.151492], [-95.967818, 34.151217], [-95.969718, 34.152429], [-95.971453, 34.152521], [-95.971508, 34.153413], [-95.969857, 34.15378], [-95.970187, 34.155016], [-95.973105, 34.154008], [-95.974563, 34.152405], [-95.976105, 34.153229], [-95.976959, 34.154876], [-95.978253, 34.154052], [-95.977838, 34.151077], [-95.978912, 34.150824], [-95.981638, 34.152654], [-95.983291, 34.152402], [-95.981887, 34.153501], [-95.982603, 34.154348], [-95.984696, 34.154301], [-95.985798, 34.156131], [-95.988193, 34.155832], [-95.990036, 34.154962], [-95.991578, 34.156805], [-95.991538, 34.156805]]]}, "properties": {"hpsa_id": "7405778020", "name": "Choctaw County", "score": 19, "discipline": "Mental Health", "type": "High Needs Geographic HPSA", "status": "Designated", "rural": "Rural", "provider_ratio": "20000:1", "designation_pop": "194044.0", "underserved_pop": "190044", "pct_poverty": "20.0", "original_name": "MHCA 21", "from_multi_county": true, "multi_county_name": "MHCA 21"}}, {"type": "Feature", "geometry": {"type": "Polygon", "coordinates": [[[-96.513787, 34.505396], [-96.512099, 34.505562], [-96.512085, 34.512686], [-96.512057, 34.540132], [-96.512208, 34.544942], [-96.512133, 34.545333], [-96.512087, 34.592825], [-96.512165, 34.610586], [-96.512183, 34.642321], [-96.512171, 34.680065], [-96.452769, 34.680077], [-96.427559, 34.680204], [-96.425625, 34.680045], [-96.406357, 34.680023], [-96.40645, 34.684263], [-96.406229, 34.694665], [-96.406501, 34.695904], [-96.406489, 34.737995], [-96.406515, 34.745524], [-96.406522, 34.747443], [-96.406483, 34.767328], [-96.292841, 34.766865], [-96.292671, 34.766868], [-96.258212, 34.766879], [-96.25743, 34.766839], [-96.179487, 34.76717], [-96.161926, 34.767239], [-96.092816, 34.76758], [-96.092001, 34.767479], [-96.092043, 34.680556], [-96.09211, 34.675017], [-96.091885, 34.673085], [-96.092106, 34.668001], [-96.09209, 34.614027], [-96.092238, 34.61312], [-96.092112, 34.60754], [-96.092084, 34.593145], [-96.092051, 34.549529], [-96.092044, 34.535054], [-96.092029, 34.506157], [-96.092625, 34.506061], [-96.095251, 34.506044], [-96.145442, 34.505944], [-96.145441, 34.491034], [-96.145435, 34.47549], [-96.14527, 34.47293], [-96.14514, 34.432269], [-96.145426, 34.430118], [-96.145423, 34.418313], [-96.151509, 34.418325], [-96.232827, 34.418407], [-96.24452, 34.418403], [-96.246656, 34.418532], [-96.247524, 34.418398], [-96.26298, 34.418392], [-96.264574, 34.418301], [-96.302664, 34.418294], [-96.346263, 34.418307], [-96.354738, 34.418319], [-96.406783, 34.418391], [-96.407074, 34.41839], [-96.453052, 34.418382], [-96.453484, 34.419324], [-96.454221, 34.419551], [-96.487164, 34.419576], [-96.487571, 34.419523], [-96.496329, 34.41949], [-96.49855, 34.41944], [-96.500649, 34.41949], [-96.513768, 34.419569], [-96.513773, 34.463188], [-96.513787, 34.505396]]]}, "properties": {"hpsa_id": "7405778020", "name": "Coal County", "score": 19, "discipline": "Mental Health", "type": "High Needs Geographic HPSA", "status": "Designated", "rural": "Rural", "provider_ratio": "20000:1", "designation_pop": "194044.0", "underserved_pop": "190044", "pct_poverty": "20.0", "original_name": "MHCA 21", "from_multi_county": true, "multi_county_name": "MHCA 21"}}, {"type": "Feature", "geometry": {"type": "Polygon", "coordinates": [[[-95.156488, 33.975303], [-95.15646, 34.00449], [-95.156466, 34.01449], [-95.156497, 34.083525], [-95.156504, 34.083544], [-95.156533, 34.113301], [-95.156521, 34.156965], [-95.151344, 34.156841], [-95.151337, 34.182684], [-95.151323, 34.243737], [-95.135597, 34.243743], [-95.135144, 34.243747], [-95.046585, 34.243776], [-95.0466, 34.287261], [-95.046608, 34.297993], [-95.046621, 34.395483], [-95.046521, 34.39587], [-95.046628, 34.396453], [-95.046767, 34.417547], [-95.046772, 34.419364], [-95.046753, 34.477546], [-95.046746, 34.507276], [-94.990057, 34.507289], [-94.937604, 34.507296], [-94.785096, 34.50728], [-94.674303, 34.507263], [-94.461149, 34.507457], [-94.4624269636125, 34.4629299506126], [-94.4628707066503, 34.4474689719384], [-94.4632950100883, 34.4326853114694], [-94.4636642212177, 34.4198211876128], [-94.463671, 34.419585], [-94.463816, 34.414465], [-94.464176, 34.402713], [-94.4648940685785, 34.3778968028879], [-94.465425, 34.359548], [-94.4654374209984, 34.3593279834998], [-94.465847, 34.352073], [-94.4664318657452, 34.3307313788693], [-94.4686660864144, 34.2492051629228], [-94.4702836220645, 34.1901816463447], [-94.4711327575236, 34.1591968820544], [-94.4726734005021, 34.102979161983], [-94.4738659911863, 34.0594617928208], [-94.474896, 34.021877], [-94.474896, 34.021838], [-94.474895, 34.019655], [-94.4750193436354, 34.0158987608879], [-94.476957, 33.957365], [-94.477038, 33.953838], [-94.4773177317554, 33.9409503011619], [-94.4773197138202, 33.9408589841988], [-94.477387, 33.937759], [-94.478842, 33.881485], [-94.478994, 33.881197], [-94.47978111686, 33.8567086466061], [-94.479954, 33.85133], [-94.480574, 33.830166], [-94.4807750925827, 33.8231421785369], [-94.481355, 33.802887], [-94.481361, 33.802649], [-94.4815346322382, 33.7960376186244], [-94.481543, 33.795719], [-94.4818414166684, 33.7890210927706], [-94.481842, 33.789008], [-94.4824593259722, 33.7649602137344], [-94.482682, 33.756286], [-94.482777, 33.753638], [-94.4828532911324, 33.7510728228643], [-94.482862, 33.75078], [-94.48287, 33.750564], [-94.4833022351874, 33.7359993101336], [-94.4833025467398, 33.735988811995], [-94.483574094426, 33.7268386827408], [-94.4836528495159, 33.7241849342885], [-94.483874, 33.716733], [-94.48384, 33.711332], [-94.484616, 33.691592], [-94.48452, 33.687909], [-94.485528, 33.663388], [-94.485577, 33.65331], [-94.485875, 33.637867], [-94.491109, 33.636233], [-94.488434, 33.632367], [-94.487514, 33.628939], [-94.491503, 33.625115], [-94.497801, 33.624013], [-94.504615, 33.620682], [-94.511514, 33.623105], [-94.51726, 33.632729], [-94.520245, 33.629805], [-94.518057, 33.622978], [-94.519838, 33.618077], [-94.523004, 33.616077], [-94.527376, 33.615833], [-94.531871, 33.618648], [-94.535169, 33.621919], [-94.535065, 33.625115], [-94.531992, 33.627833], [-94.524573, 33.632609], [-94.518932, 33.637164], [-94.519133, 33.638298], [-94.521837, 33.640728], [-94.527491, 33.641344], [-94.534818, 33.639277], [-94.541095, 33.636529], [-94.551405, 33.628491], [-94.555747, 33.62709], [-94.564076, 33.626265], [-94.569523, 33.627832], [-94.570447, 33.629947], [-94.568386, 33.637203], [-94.559042, 33.641971], [-94.545436, 33.646228], [-94.542593, 33.651411], [-94.543332, 33.655686], [-94.546366, 33.659161], [-94.549636, 33.660676], [-94.560198, 33.656967], [-94.570566, 33.652226], [-94.577838, 33.645557], [-94.583273, 33.643793], [-94.588632, 33.644183], [-94.59083, 33.645563], [-94.586986, 33.65018], [-94.57557, 33.659409], [-94.563251, 33.662684], [-94.560339, 33.666591], [-94.562166, 33.668965], [-94.569065, 33.668562], [-94.577876, 33.665682], [-94.579864, 33.666167], [-94.580292, 33.678819], [-94.582997, 33.681167], [-94.587072, 33.68582], [-94.590544, 33.686222], [-94.59314, 33.683236], [-94.590027, 33.67585], [-94.591953, 33.672863], [-94.591435, 33.668914], [-94.59312, 33.665429], [-94.59797, 33.663381], [-94.602999, 33.663059], [-94.607683, 33.665569], [-94.611712, 33.670167], [-94.6128302526765, 33.6740011087097], [-94.613317, 33.67567], [-94.617625, 33.681242], [-94.622379, 33.682428], [-94.628191, 33.681073], [-94.63045, 33.677123], [-94.630919, 33.673442], [-94.635573, 33.667527], [-94.637996, 33.664578], [-94.655891, 33.660166], [-94.663195, 33.661084], [-94.669311, 33.664362], [-94.671048, 33.668388], [-94.668848, 33.671878], [-94.661806, 33.675133], [-94.657916, 33.674186], [-94.653996, 33.671147], [-94.651296, 33.670419], [-94.645535, 33.673531], [-94.645579, 33.6755], [-94.648478, 33.682125], [-94.648902, 33.684024], [-94.64547, 33.685344], [-94.643132, 33.690323], [-94.638646, 33.695804], [-94.639003, 33.697681], [-94.644322, 33.701666], [-94.647389, 33.70112], [-94.648641, 33.697988], [-94.647241, 33.692654], [-94.649007, 33.68735], [-94.650961, 33.686558], [-94.652995, 33.687224], [-94.661701, 33.693136], [-94.667852, 33.694607], [-94.671773, 33.693307], [-94.677883, 33.687822], [-94.684792, 33.684353], [-94.705449, 33.688038], [-94.712067, 33.687935], [-94.716188, 33.687902], [-94.717344, 33.688994], [-94.714344, 33.694074], [-94.713935, 33.696835], [-94.712845, 33.697551], [-94.706336, 33.696726], [-94.702187, 33.697452], [-94.701055, 33.700053], [-94.701729, 33.703413], [-94.706024, 33.706293], [-94.711359, 33.708916], [-94.727867, 33.715565], [-94.732309, 33.715987], [-94.734831, 33.713924], [-94.73309, 33.710147], [-94.731306, 33.707081], [-94.72695, 33.705247], [-94.721447, 33.704559], [-94.717788, 33.701846], [-94.716594, 33.695164], [-94.719814, 33.689739], [-94.720742, 33.689056], [-94.725593, 33.690459], [-94.735856, 33.691625], [-94.741877, 33.701223], [-94.746096, 33.7027682201853], [-94.752023, 33.704939], [-94.753801, 33.707729], [-94.75327, 33.710277], [-94.747564, 33.711682], [-94.738572, 33.714501], [-94.732786, 33.720035], [-94.73263, 33.723917], [-94.735178, 33.726616], [-94.738251, 33.727168], [-94.741775, 33.72687], [-94.743976, 33.725001], [-94.744805, 33.722189], [-94.745108, 33.717908], [-94.747149, 33.715293], [-94.752129, 33.713835], [-94.755905, 33.715073], [-94.757611, 33.717164], [-94.757313, 33.718168], [-94.748236, 33.724712], [-94.747998, 33.725539], [-94.751371, 33.733727], [-94.752512, 33.734468], [-94.754396, 33.73339], [-94.7547364038521, 33.7330425775117], [-94.760604, 33.727054], [-94.773126, 33.727187], [-94.782636, 33.730247], [-94.788251, 33.735316], [-94.777393, 33.745196], [-94.773819, 33.746512], [-94.769435, 33.746265], [-94.761751, 33.746795], [-94.757813, 33.750109], [-94.757205, 33.754818], [-94.760058, 33.758291], [-94.76444, 33.760178], [-94.770499, 33.760942], [-94.774923, 33.758115], [-94.7760174461645, 33.756198781544], [-94.777841, 33.753006], [-94.778202, 33.749739], [-94.780966, 33.744804], [-94.786762, 33.741532], [-94.795844, 33.737588], [-94.802252, 33.732788], [-94.811101, 33.734825], [-94.816065, 33.739215], [-94.816208, 33.741931], [-94.812912, 33.745447], [-94.812155, 33.750936], [-94.814282, 33.7519], [-94.816663, 33.755265], [-94.816158, 33.763403], [-94.818574, 33.767704], [-94.821783, 33.768752], [-94.825294, 33.768525], [-94.83009, 33.763661], [-94.830844, 33.758079], [-94.823042, 33.747525], [-94.820089, 33.734826], [-94.822473, 33.732716], [-94.828321, 33.734947], [-94.828037, 33.73916], [-94.830717, 33.7405], [-94.842574, 33.739445], [-94.849296, 33.739585], [-94.860687, 33.741945], [-94.8693, 33.745871], [-94.874668, 33.749164], [-94.87708, 33.75222], [-94.875376, 33.75492], [-94.86914, 33.759045], [-94.866736, 33.76183], [-94.866064, 33.766156], [-94.868144, 33.768874], [-94.871274, 33.770323], [-94.873837, 33.770315], [-94.87493, 33.767432], [-94.874571, 33.762857], [-94.873944, 33.76057], [-94.8748, 33.757894], [-94.876504, 33.757405], [-94.8778145626702, 33.7584469535433], [-94.883847, 33.763243], [-94.887748, 33.769016], [-94.897718, 33.768839], [-94.904198, 33.773249], [-94.904172, 33.777198], [-94.906243, 33.77819], [-94.911427, 33.778383], [-94.914496, 33.78215], [-94.917522, 33.786512], [-94.9217865330701, 33.7914056791626], [-94.921955, 33.791599], [-94.921667, 33.795919], [-94.91863, 33.802944], [-94.917029, 33.808321], [-94.912621, 33.808678], [-94.910209, 33.812429], [-94.910882, 33.815915], [-94.912085, 33.820468], [-94.914764, 33.824487], [-94.918599, 33.82682], [-94.921999, 33.828775], [-94.926072, 33.828533], [-94.926822, 33.826631], [-94.926287, 33.822612], [-94.924411, 33.81886], [-94.923099, 33.815456], [-94.923071, 33.811357], [-94.925215, 33.808678], [-94.929211, 33.807754], [-94.939992, 33.805679], [-94.947874, 33.808356], [-94.953518, 33.816475], [-94.943831, 33.8293], [-94.949481, 33.833534], [-94.957676, 33.835004], [-94.964401, 33.837021], [-94.965888, 33.848422], [-94.9684727933635, 33.8591617433602], [-94.968895, 33.860916], [-94.971435, 33.862123], [-94.973411, 33.861731], [-94.976208, 33.859847], [-94.98165, 33.852284], [-94.983303, 33.851354], [-94.988487, 33.851], [-94.992671, 33.852455], [-94.995524, 33.857438], [-94.997485, 33.860501], [-95.000223, 33.862505], [-95.001993, 33.863049], [-95.004737, 33.861677], [-95.007873, 33.859521], [-95.012353, 33.858012], [-95.01728, 33.857953], [-95.023944, 33.859325], [-95.03144126158, 33.8598478807179], [-95.037207, 33.86025], [-95.046568, 33.862565], [-95.049423, 33.864813], [-95.050821, 33.86944], [-95.050572, 33.877497], [-95.058243, 33.887548], [-95.060105, 33.901873], [-95.062554, 33.903031], [-95.065581, 33.903559], [-95.070198, 33.902443], [-95.072413, 33.902699], [-95.072158, 33.905579], [-95.070498, 33.908402], [-95.065923, 33.908703], [-95.0642611440143, 33.9100967732213], [-95.063338, 33.910871], [-95.063248, 33.913262], [-95.06569, 33.915966], [-95.068729, 33.917601], [-95.074052, 33.915349], [-95.074902, 33.910479], [-95.075098, 33.908911], [-95.077058, 33.906559], [-95.078822, 33.903031], [-95.079369, 33.894626], [-95.079834, 33.887479], [-95.080586, 33.882256], [-95.082408, 33.879882], [-95.089607, 33.880857], [-95.093815, 33.885196], [-95.0955800164211, 33.8880245743835], [-95.095833, 33.88843], [-95.098911, 33.89088], [-95.100168, 33.896101], [-95.096755, 33.899699], [-95.091636, 33.902104], [-95.086759, 33.903815], [-95.080488, 33.907735], [-95.078528, 33.910283], [-95.076372, 33.915378], [-95.07795, 33.918696], [-95.082387, 33.921758], [-95.083819, 33.921062], [-95.085975, 33.916946], [-95.089111, 33.914203], [-95.092668, 33.912831], [-95.104789, 33.909595], [-95.112575, 33.904603], [-95.117138, 33.903619], [-95.122038, 33.904795], [-95.126442, 33.90708], [-95.131249, 33.912243], [-95.131642, 33.916027], [-95.12733, 33.920278], [-95.122795, 33.924696], [-95.120862, 33.928118], [-95.121184, 33.931307], [-95.1247, 33.934675], [-95.131056, 33.936925], [-95.135953, 33.93537], [-95.140069, 33.934782], [-95.147909, 33.935566], [-95.154978, 33.936654], [-95.1558864704409, 33.9368927541364], [-95.155919, 33.93932], [-95.156736, 33.942918], [-95.156488, 33.975303]]]}, "properties": {"hpsa_id": "7405778020", "name": "McCurtain County", "score": 19, "discipline": "Mental Health", "type": "High Needs Geographic HPSA", "status": "Designated", "rural": "Rural", "provider_ratio": "20000:1", "designation_pop": "194044.0", "underserved_pop": "190044", "pct_poverty": "20.0", "original_name": "MHCA 21", "from_multi_county": true, "multi_county_name": "MHCA 21"}}, {"type": "Feature", "geometry": {"type": "Polygon", "coordinates": [[[-95.514316, 34.724163], [-95.51421, 34.753147], [-95.514157, 34.767586], [-95.514178, 34.831984], [-95.514124, 34.840165], [-95.514103, 34.854929], [-95.507469, 34.854937], [-95.507509, 34.876559], [-95.507526, 34.899967], [-95.50759, 34.948978], [-95.507605, 34.956363], [-95.507685, 35.000591], [-95.507738, 35.029265], [-95.454468, 35.029318], [-95.349437, 35.029299], [-95.349409, 35.05852], [-95.348536, 35.058467], [-95.323363, 35.058244], [-95.2439, 35.057847], [-95.20846, 35.057784], [-95.178983, 35.057728], [-95.059566, 35.057658], [-94.927863, 35.058246], [-94.927863, 35.058212], [-94.927673, 35.02058], [-94.92771, 35.01479], [-94.927756, 35.005219], [-94.927678, 34.973187], [-94.927673, 34.970923], [-94.927664, 34.942025], [-94.936324, 34.942023], [-94.945132, 34.942016], [-94.980329, 34.941965], [-94.998125, 34.941964], [-94.997961, 34.930762], [-94.997957, 34.925776], [-94.99786, 34.876395], [-94.997843, 34.865614], [-94.997563, 34.863046], [-94.99783, 34.859395], [-94.997832, 34.854915], [-95.059512, 34.855019], [-95.059654, 34.835179], [-95.059828, 34.796459], [-95.059929, 34.767829], [-95.059957, 34.753929], [-95.059957, 34.753632], [-95.059957, 34.753208], [-95.059958, 34.738926], [-95.059732, 34.695561], [-95.059616, 34.680736], [-95.099692, 34.680776], [-95.101397, 34.680656], [-95.132088, 34.680585], [-95.182083, 34.680542], [-95.2001, 34.680537], [-95.30466, 34.680861], [-95.305658, 34.680924], [-95.314067, 34.680981], [-95.315164, 34.680926], [-95.444805, 34.680833], [-95.514475, 34.680718], [-95.514316, 34.724163]]]}, "properties": {"hpsa_id": "7405778020", "name": "Latimer County", "score": 19, "discipline": "Mental Health", "type": "High Needs Geographic HPSA", "status": "Designated", "rural": "Rural", "provider_ratio": "20000:1", "designation_pop": "194044.0", "underserved_pop": "190044", "pct_poverty": "20.0", "original_name": "MHCA 21", "from_multi_county": true, "multi_county_name": "MHCA 21"}}, {"type": "Feature", "geometry": {"type": "Polygon", "coordinates": [[[-96.490653, 34.966094], [-96.490577, 35.021293], [-96.490535, 35.049896], [-96.490529, 35.057734], [-96.490521, 35.061405], [-96.490495, 35.07233], [-96.490477, 35.086814], [-96.490468, 35.094062], [-96.490434, 35.115857], [-96.472242, 35.115794], [-96.441305, 35.115771], [-96.441277, 35.135308], [-96.441228, 35.159282], [-96.441192, 35.173922], [-96.441252, 35.202885], [-96.441339, 35.2319], [-96.441368, 35.290122], [-96.405906, 35.290183], [-96.2821, 35.290051], [-96.244618, 35.290052], [-96.225658, 35.290052], [-96.175727, 35.290031], [-96.141495, 35.289987], [-96.122825, 35.289961], [-96.096222, 35.289887], [-96.066241, 35.289839], [-96.064641, 35.289769], [-95.981511, 35.28978], [-95.98149, 35.224327], [-95.9812, 35.216065], [-95.981416, 35.213866], [-95.981401, 35.204789], [-95.981399, 35.202853], [-95.98313, 35.202744], [-95.983105, 35.188946], [-95.983077, 35.151695], [-95.983376, 35.151595], [-95.990279, 35.150838], [-96.0051, 35.14877], [-96.009127, 35.147221], [-96.010257, 35.146626], [-96.012291, 35.14506], [-96.013639, 35.141787], [-96.013026, 35.136922], [-96.01117, 35.131814], [-96.008879, 35.122201], [-96.009214, 35.118759], [-96.010362, 35.117438], [-96.012314, 35.116714], [-96.013871, 35.116558], [-96.026244, 35.120584], [-96.02892, 35.120819], [-96.029969, 35.120336], [-96.035208, 35.11393], [-96.037944, 35.109392], [-96.041857, 35.104348], [-96.047391, 35.101332], [-96.054934, 35.097299], [-96.056571, 35.096098], [-96.060943, 35.091577], [-96.062707, 35.08807], [-96.063314, 35.083274], [-96.063842, 35.074633], [-96.064303, 35.071134], [-96.065625, 35.066193], [-96.066898, 35.062501], [-96.068211, 35.059761], [-96.069239, 35.056585], [-96.070101, 35.055513], [-96.072436, 35.053821], [-96.073243, 35.053409], [-96.080133, 35.051669], [-96.088792, 35.049875], [-96.089079, 34.951278], [-96.088913, 34.94898], [-96.088987, 34.93208], [-96.088912, 34.931165], [-96.088936, 34.911696], [-96.089008, 34.854736], [-96.091877, 34.854536], [-96.091913, 34.811095], [-96.092001, 34.767479], [-96.092816, 34.76758], [-96.161926, 34.767239], [-96.179487, 34.76717], [-96.25743, 34.766839], [-96.258212, 34.766879], [-96.292671, 34.766868], [-96.292841, 34.766865], [-96.406483, 34.767328], [-96.406256, 34.852424], [-96.40619, 34.852958], [-96.406184, 34.869116], [-96.406203, 34.872721], [-96.406212, 34.876404], [-96.406189, 34.877936], [-96.406168, 34.879995], [-96.406167, 34.883603], [-96.406171, 34.898103], [-96.406255, 34.898868], [-96.406163, 34.900446], [-96.406135, 34.934191], [-96.409568, 34.92945], [-96.40976, 34.926093], [-96.409285, 34.925081], [-96.410831, 34.923692], [-96.410689, 34.92214], [-96.413669, 34.916382], [-96.413781, 34.915619], [-96.417798, 34.911726], [-96.417475, 34.909652], [-96.418412, 34.907851], [-96.420933, 34.907441], [-96.424701, 34.903687], [-96.426871, 34.903128], [-96.431013, 34.903468], [-96.431551, 34.90258], [-96.435587, 34.90228], [-96.437203, 34.903049], [-96.437214, 34.904774], [-96.442593, 34.906398], [-96.444728, 34.907632], [-96.444865, 34.909086], [-96.449677, 34.910678], [-96.452101, 34.91212], [-96.45663, 34.915262], [-96.460367, 34.916499], [-96.46108, 34.915636], [-96.463893, 34.915898], [-96.465716, 34.915223], [-96.475939, 34.916375], [-96.478095, 34.916352], [-96.486483, 34.912986], [-96.490786, 34.910585], [-96.490653, 34.966094]]]}, "properties": {"hpsa_id": "7405778020", "name": "Hughes County", "score": 19, "discipline": "Mental Health", "type": "High Needs Geographic HPSA", "status": "Designated", "rural": "Rural", "provider_ratio": "20000:1", "designation_pop": "194044.0", "underserved_pop": "190044", "pct_poverty": "20.0", "original_name": "MHCA 21", "from_multi_county": true, "multi_county_name": "MHCA 21"}}, {"type": "Feature", "geometry": {"type": "Polygon", "coordinates": [[[-96.092001, 34.767479], [-96.091913, 34.811095], [-96.091877, 34.854536], [-96.089008, 34.854736], [-96.088936, 34.911696], [-96.088912, 34.931165], [-96.088987, 34.93208], [-96.088913, 34.94898], [-96.089079, 34.951278], [-96.088792, 35.049875], [-96.080133, 35.051669], [-96.073243, 35.053409], [-96.072436, 35.053821], [-96.070101, 35.055513], [-96.069239, 35.056585], [-96.068211, 35.059761], [-96.066898, 35.062501], [-96.065625, 35.066193], [-96.064303, 35.071134], [-96.063842, 35.074633], [-96.063314, 35.083274], [-96.062707, 35.08807], [-96.060943, 35.091577], [-96.056571, 35.096098], [-96.054934, 35.097299], [-96.047391, 35.101332], [-96.041857, 35.104348], [-96.037944, 35.109392], [-96.035208, 35.11393], [-96.029969, 35.120336], [-96.02892, 35.120819], [-96.026244, 35.120584], [-96.013871, 35.116558], [-96.012314, 35.116714], [-96.010362, 35.117438], [-96.009214, 35.118759], [-96.008879, 35.122201], [-96.01117, 35.131814], [-96.013026, 35.136922], [-96.013639, 35.141787], [-96.012291, 35.14506], [-96.010257, 35.146626], [-96.009127, 35.147221], [-96.0051, 35.14877], [-95.990279, 35.150838], [-95.983376, 35.151595], [-95.983077, 35.151695], [-95.971777, 35.152496], [-95.965551, 35.152496], [-95.959377, 35.152096], [-95.957376, 35.151696], [-95.952776, 35.151396], [-95.946576, 35.149996], [-95.942576, 35.148396], [-95.937876, 35.146996], [-95.928458, 35.143594], [-95.925578, 35.142896], [-95.917786, 35.142501], [-95.907966, 35.143494], [-95.905867, 35.143987], [-95.900658, 35.146551], [-95.899975, 35.146896], [-95.896541, 35.149048], [-95.892174, 35.152096], [-95.888374, 35.155696], [-95.885274, 35.159696], [-95.883574, 35.162597], [-95.876374, 35.176897], [-95.874511, 35.180272], [-95.870663, 35.185986], [-95.869174, 35.186897], [-95.866674, 35.187297], [-95.862574, 35.186797], [-95.856773, 35.186597], [-95.849473, 35.188297], [-95.847773, 35.188397], [-95.844573, 35.187197], [-95.839673, 35.184397], [-95.838873, 35.184297], [-95.828272, 35.186197], [-95.824272, 35.187497], [-95.816872, 35.191197], [-95.813272, 35.193497], [-95.808372, 35.195398], [-95.804172, 35.196298], [-95.797572, 35.197098], [-95.793271, 35.197298], [-95.787571, 35.196398], [-95.784771, 35.195298], [-95.781971, 35.193498], [-95.779471, 35.190798], [-95.777071, 35.188698], [-95.772171, 35.183698], [-95.770525, 35.181766], [-95.768471, 35.178998], [-95.76707, 35.178098], [-95.76397, 35.177098], [-95.75797, 35.176698], [-95.75597, 35.177198], [-95.751871, 35.180968], [-95.749568, 35.183709], [-95.748019, 35.187716], [-95.745818, 35.190472], [-95.743894, 35.191882], [-95.739993, 35.192805], [-95.735171, 35.192815], [-95.729767, 35.192045], [-95.727788, 35.191379], [-95.727534, 35.191293], [-95.722143, 35.189455], [-95.71896, 35.188847], [-95.716157, 35.189352], [-95.71478, 35.19131], [-95.712382, 35.19713], [-95.709825, 35.200466], [-95.708263, 35.201819], [-95.707153, 35.202301], [-95.703768, 35.202398], [-95.697168, 35.202998], [-95.691205, 35.204668], [-95.686824, 35.204993], [-95.67998, 35.203459], [-95.679107, 35.203869], [-95.677461, 35.206721], [-95.674189, 35.20891], [-95.675274, 35.210162], [-95.679101, 35.211281], [-95.680489, 35.212339], [-95.682332, 35.215012], [-95.682767, 35.216398], [-95.680967, 35.220998], [-95.676867, 35.224798], [-95.672066, 35.227298], [-95.665066, 35.228898], [-95.657466, 35.231398], [-95.643265, 35.238198], [-95.635867, 35.241318], [-95.634965, 35.241698], [-95.628064, 35.246798], [-95.624264, 35.247998], [-95.615664, 35.249698], [-95.610264, 35.249698], [-95.609163, 35.249298], [-95.606063, 35.247098], [-95.603663, 35.242998], [-95.603463, 35.239398], [-95.604563, 35.236998], [-95.606763, 35.235098], [-95.611764, 35.233698], [-95.619864, 35.230398], [-95.622664, 35.228398], [-95.622964, 35.227598], [-95.622464, 35.224698], [-95.619464, 35.222198], [-95.616864, 35.221398], [-95.612864, 35.221098], [-95.608136, 35.220404], [-95.605647, 35.220348], [-95.602342, 35.220739], [-95.59938, 35.221651], [-95.596201, 35.223438], [-95.594263, 35.224898], [-95.591163, 35.227998], [-95.586262, 35.234098], [-95.572662, 35.244298], [-95.57037, 35.245497], [-95.564869, 35.24605], [-95.562937, 35.246404], [-95.556955, 35.249404], [-95.549861, 35.250897], [-95.54646, 35.251197], [-95.54326, 35.251897], [-95.53956, 35.253297], [-95.53466, 35.255997], [-95.53126, 35.257597], [-95.528059, 35.259997], [-95.521659, 35.262397], [-95.518059, 35.262397], [-95.514959, 35.263197], [-95.513259, 35.265197], [-95.512959, 35.267197], [-95.513359, 35.268697], [-95.515559, 35.271797], [-95.517654, 35.275383], [-95.519167, 35.280392], [-95.519057, 35.281194], [-95.516668, 35.284992], [-95.511963, 35.289092], [-95.509462, 35.293099], [-95.507572, 35.296886], [-95.503655, 35.299892], [-95.500366, 35.300892], [-95.49206, 35.300899], [-95.48888, 35.300492], [-95.480057, 35.298497], [-95.464956, 35.293697], [-95.461656, 35.292997], [-95.455855, 35.294297], [-95.45125, 35.296019], [-95.451022, 35.268519], [-95.450939, 35.268248], [-95.451109, 35.265962], [-95.451023, 35.22843], [-95.450987, 35.202787], [-95.45519, 35.202681], [-95.455053, 35.18962], [-95.455018, 35.160381], [-95.453618, 35.160376], [-95.452464, 35.160513], [-95.393676, 35.160182], [-95.349525, 35.160021], [-95.349523, 35.145657], [-95.349504, 35.126037], [-95.349474, 35.102912], [-95.349409, 35.05852], [-95.349437, 35.029299], [-95.454468, 35.029318], [-95.507738, 35.029265], [-95.507685, 35.000591], [-95.507605, 34.956363], [-95.50759, 34.948978], [-95.507526, 34.899967], [-95.507509, 34.876559], [-95.507469, 34.854937], [-95.514103, 34.854929], [-95.514124, 34.840165], [-95.514178, 34.831984], [-95.514157, 34.767586], [-95.51421, 34.753147], [-95.514316, 34.724163], [-95.514475, 34.680718], [-95.514481, 34.666527], [-95.514494, 34.637446], [-95.51448, 34.625], [-95.514511, 34.594153], [-95.56652, 34.594159], [-95.567156, 34.594067], [-95.570479, 34.594133], [-95.670879, 34.593851], [-95.67181, 34.593732], [-95.689539, 34.593722], [-95.697914, 34.593698], [-95.753119, 34.593701], [-95.806648, 34.593658], [-95.829033, 34.593622], [-95.881987, 34.593528], [-95.882057, 34.622354], [-95.88212, 34.651618], [-95.882198, 34.680475], [-95.901754, 34.680551], [-95.92965, 34.680544], [-96.039627, 34.680464], [-96.088517, 34.680378], [-96.092043, 34.680556], [-96.092001, 34.767479]]]}, "properties": {"hpsa_id": "7405778020", "name": "Pittsburg County", "score": 19, "discipline": "Mental Health", "type": "High Needs Geographic HPSA", "status": "Designated", "rural": "Rural", "provider_ratio": "20000:1", "designation_pop": "194044.0", "underserved_pop": "190044", "pct_poverty": "20.0", "original_name": "MHCA 21", "from_multi_county": true, "multi_county_name": "MHCA 21"}}, {"type": "Feature", "geometry": {"type": "Polygon", "coordinates": [[[-96.407517, 34.157317], [-96.407496, 34.169848], [-96.407439, 34.208014], [-96.407256, 34.244238], [-96.407204, 34.284261], [-96.407158, 34.302307], [-96.407131, 34.309424], [-96.407124, 34.30949], [-96.407155, 34.317232], [-96.407118, 34.317331], [-96.407028, 34.370754], [-96.407134, 34.37215], [-96.407094, 34.396819], [-96.407074, 34.41839], [-96.406783, 34.418391], [-96.354738, 34.418319], [-96.346263, 34.418307], [-96.302664, 34.418294], [-96.264574, 34.418301], [-96.26298, 34.418392], [-96.247524, 34.418398], [-96.246656, 34.418532], [-96.24452, 34.418403], [-96.232827, 34.418407], [-96.151509, 34.418325], [-96.145423, 34.418313], [-96.145426, 34.430118], [-96.14514, 34.432269], [-96.14527, 34.47293], [-96.145435, 34.47549], [-96.145441, 34.491034], [-96.145442, 34.505944], [-96.095251, 34.506044], [-96.092625, 34.506061], [-96.092029, 34.506157], [-96.092044, 34.535054], [-96.092051, 34.549529], [-96.092084, 34.593145], [-96.092112, 34.60754], [-96.092238, 34.61312], [-96.09209, 34.614027], [-96.092106, 34.668001], [-96.091885, 34.673085], [-96.09211, 34.675017], [-96.092043, 34.680556], [-96.088517, 34.680378], [-96.039627, 34.680464], [-95.92965, 34.680544], [-95.901754, 34.680551], [-95.882198, 34.680475], [-95.88212, 34.651618], [-95.882057, 34.622354], [-95.881987, 34.593528], [-95.829033, 34.593622], [-95.806648, 34.593658], [-95.753119, 34.593701], [-95.697914, 34.593698], [-95.689539, 34.593722], [-95.67181, 34.593732], [-95.671784, 34.554014], [-95.671777, 34.543412], [-95.67175, 34.506794], [-95.674334, 34.506792], [-95.679451, 34.506786], [-95.706644, 34.50675], [-95.726913, 34.506724], [-95.729138, 34.506721], [-95.73172, 34.506719], [-95.779134, 34.506644], [-95.779244, 34.417569], [-95.779249, 34.326712], [-95.779203, 34.272683], [-95.779238, 34.248316], [-95.779178, 34.171751], [-95.779394, 34.165612], [-95.779517, 34.164968], [-95.779332, 34.164169], [-95.779376, 34.156699], [-95.803172, 34.156756], [-95.808791, 34.156556], [-95.816758, 34.15664], [-95.826264, 34.156572], [-95.826616, 34.157002], [-95.836137, 34.156691], [-95.919018, 34.156734], [-95.987767, 34.156795], [-95.991538, 34.156805], [-95.991578, 34.156805], [-95.998535, 34.156818], [-96.051847, 34.156863], [-96.068649, 34.156906], [-96.071094, 34.156906], [-96.085925, 34.156926], [-96.102549, 34.156942], [-96.147633, 34.156966], [-96.221561, 34.15701], [-96.22305, 34.15714], [-96.233953, 34.157172], [-96.235491, 34.15703], [-96.268274, 34.157088], [-96.279867, 34.15709], [-96.284894, 34.157083], [-96.320709, 34.157179], [-96.355669, 34.157186], [-96.372653, 34.157177], [-96.388745, 34.157165], [-96.407517, 34.157188], [-96.407517, 34.157317]]]}, "properties": {"hpsa_id": "7405778020", "name": "Atoka County", "score": 19, "discipline": "Mental Health", "type": "High Needs Geographic HPSA", "status": "Designated", "rural": "Rural", "provider_ratio": "20000:1", "designation_pop": "194044.0", "underserved_pop": "190044", "pct_poverty": "20.0", "original_name": "MHCA 21", "from_multi_county": true, "multi_county_name": "MHCA 21"}}, {"type": "Feature", "geometry": {"type": "Polygon", "coordinates": [[[-95.45519, 35.202681], [-95.450987, 35.202787], [-95.451023, 35.22843], [-95.451109, 35.265962], [-95.450939, 35.268248], [-95.451022, 35.268519], [-95.45125, 35.296019], [-95.450885, 35.296147], [-95.444555, 35.297697], [-95.437654, 35.299897], [-95.432654, 35.301797], [-95.430454, 35.302997], [-95.427054, 35.305497], [-95.421453, 35.311697], [-95.416853, 35.318297], [-95.41607, 35.319123], [-95.413453, 35.321797], [-95.411153, 35.323397], [-95.407153, 35.324397], [-95.402252, 35.326197], [-95.397552, 35.327197], [-95.393752, 35.327597], [-95.390252, 35.327497], [-95.387551, 35.326997], [-95.385751, 35.326097], [-95.380251, 35.321297], [-95.376951, 35.318797], [-95.375251, 35.316597], [-95.369551, 35.312997], [-95.366651, 35.311997], [-95.358297, 35.306632], [-95.35565, 35.304697], [-95.35325, 35.301697], [-95.35275, 35.298897], [-95.35265, 35.292197], [-95.351582, 35.290231], [-95.348824, 35.290869], [-95.344766, 35.293035], [-95.340849, 35.294897], [-95.336449, 35.297397], [-95.331949, 35.298797], [-95.319949, 35.301246], [-95.316674, 35.30209], [-95.311748, 35.302697], [-95.305447, 35.302297], [-95.300947, 35.301397], [-95.287647, 35.294797], [-95.285746, 35.293397], [-95.280446, 35.288697], [-95.279146, 35.287997], [-95.273689, 35.28294], [-95.270646, 35.279597], [-95.265646, 35.273297], [-95.263556, 35.271108], [-95.26215, 35.268994], [-95.256979, 35.265766], [-95.250245, 35.263197], [-95.248432, 35.262881], [-95.245916, 35.261808], [-95.243809, 35.261636], [-95.240718, 35.26231], [-95.237552, 35.263615], [-95.23134, 35.265927], [-95.226087, 35.2692], [-95.222605, 35.271722], [-95.221357, 35.272821], [-95.218437, 35.275831], [-95.211339, 35.281983], [-95.209413, 35.28382], [-95.206164, 35.28807], [-95.205385, 35.289418], [-95.204069, 35.293387], [-95.202864, 35.299151], [-95.200678, 35.30249], [-95.19919, 35.303592], [-95.194098, 35.305306], [-95.191165, 35.305334], [-95.187939, 35.304949], [-95.185734, 35.304219], [-95.180307, 35.301267], [-95.176474, 35.301344], [-95.174962, 35.302199], [-95.171763, 35.305553], [-95.170462, 35.310106], [-95.17057, 35.31271], [-95.17118, 35.315426], [-95.172434, 35.318827], [-95.176792, 35.327538], [-95.179921, 35.333171], [-95.182549, 35.336857], [-95.182886, 35.338706], [-95.181846, 35.341878], [-95.179518, 35.345701], [-95.177214, 35.34857], [-95.174958, 35.350554], [-95.172116, 35.352172], [-95.170378, 35.352726], [-95.165656, 35.353066], [-95.163283, 35.352585], [-95.157831, 35.350936], [-95.154275, 35.34892], [-95.150497, 35.345871], [-95.148024, 35.345953], [-95.146059, 35.346757], [-95.144227, 35.348627], [-95.141296, 35.355565], [-95.141673, 35.357067], [-95.142797, 35.358313], [-95.147459, 35.361163], [-95.151214, 35.362309], [-95.154148, 35.362346], [-95.155776, 35.362832], [-95.159611, 35.365224], [-95.161583, 35.366978], [-95.161766, 35.367915], [-95.159815, 35.370132], [-95.157754, 35.371513], [-95.152341, 35.373679], [-95.148339, 35.375796], [-95.146039, 35.376696], [-95.144339, 35.377896], [-95.139238, 35.379996], [-95.135438, 35.380396], [-95.132738, 35.379996], [-95.129938, 35.378796], [-95.126838, 35.376596], [-95.124877, 35.37367], [-95.123279, 35.372324], [-95.121239, 35.37221], [-95.120068, 35.373066], [-95.114907, 35.378607], [-95.112837, 35.381396], [-95.110437, 35.385896], [-95.107837, 35.389396], [-95.104837, 35.394396], [-95.102637, 35.396896], [-95.101837, 35.397596], [-95.091336, 35.403396], [-95.087836, 35.404396], [-95.085236, 35.407196], [-95.083336, 35.411496], [-95.082035, 35.416496], [-95.081035, 35.423096], [-95.080635, 35.427196], [-95.080635, 35.430796], [-95.079935, 35.432996], [-95.07862, 35.434857], [-95.076535, 35.437996], [-95.073935, 35.442596], [-95.070535, 35.447096], [-95.068835, 35.448895], [-95.063471, 35.452568], [-95.057634, 35.455695], [-95.049933, 35.458894], [-95.046234, 35.457495], [-95.043433, 35.456995], [-95.035933, 35.456995], [-95.032033, 35.456295], [-95.027733, 35.454795], [-95.024933, 35.453095], [-95.023532, 35.450795], [-95.023332, 35.448495], [-95.024433, 35.442195], [-95.024633, 35.435195], [-95.024433, 35.432395], [-95.023733, 35.430295], [-95.021533, 35.426795], [-95.019932, 35.424995], [-95.014432, 35.420995], [-95.011756, 35.418423], [-95.00651, 35.4146], [-95.004348, 35.413471], [-95.000232, 35.412025], [-94.996336, 35.411147], [-94.991955, 35.409497], [-94.986829, 35.40838], [-94.978971, 35.40826], [-94.974958, 35.407962], [-94.971475, 35.407099], [-94.965956, 35.406716], [-94.959155, 35.40827], [-94.955164, 35.408689], [-94.951328, 35.408334], [-94.948857, 35.407266], [-94.946243, 35.404538], [-94.945218, 35.403089], [-94.944608, 35.402457], [-94.940654, 35.39826], [-94.938516, 35.396595], [-94.934239, 35.395509], [-94.928892, 35.39342], [-94.925745, 35.392845], [-94.920495, 35.393104], [-94.917045, 35.393763], [-94.911143, 35.397183], [-94.908155, 35.398381], [-94.904685, 35.398838], [-94.901832, 35.39794], [-94.899477, 35.395605], [-94.896275, 35.391773], [-94.893928, 35.388099], [-94.8923, 35.384345], [-94.892302, 35.379676], [-94.893517, 35.375148], [-94.894739, 35.373088], [-94.902444, 35.367187], [-94.908688, 35.362891], [-94.913234, 35.360349], [-94.915314, 35.35865], [-94.919266, 35.354141], [-94.919579, 35.353317], [-94.918707, 35.350414], [-94.914454, 35.347525], [-94.911917, 35.346651], [-94.904692, 35.346422], [-94.90198, 35.346709], [-94.895516, 35.349189], [-94.886713, 35.351585], [-94.884542, 35.351927], [-94.876908, 35.354134], [-94.872418, 35.354526], [-94.865894, 35.356599], [-94.862371, 35.358274], [-94.859515, 35.360019], [-94.85406, 35.364117], [-94.849677, 35.368574], [-94.845184, 35.370785], [-94.842143, 35.371086], [-94.837067, 35.369451], [-94.834949, 35.368368], [-94.831227, 35.365549], [-94.82918, 35.361915], [-94.828947, 35.356117], [-94.829152, 35.351428], [-94.829013, 35.346798], [-94.82746, 35.337412], [-94.825912, 35.333399], [-94.823785, 35.329388], [-94.820681, 35.325889], [-94.817259, 35.323867], [-94.813629, 35.323344], [-94.813987, 35.318613], [-94.814162, 35.260388], [-94.814236, 35.24572], [-94.814273, 35.21477], [-94.814276, 35.202331], [-94.89304, 35.202501], [-94.927774, 35.20261], [-94.927814, 35.181008], [-94.927904, 35.180387], [-94.927869, 35.154129], [-94.927965, 35.152646], [-94.927853, 35.152108], [-94.927863, 35.058246], [-95.059566, 35.057658], [-95.178983, 35.057728], [-95.20846, 35.057784], [-95.2439, 35.057847], [-95.323363, 35.058244], [-95.348536, 35.058467], [-95.349409, 35.05852], [-95.349474, 35.102912], [-95.349504, 35.126037], [-95.349523, 35.145657], [-95.349525, 35.160021], [-95.393676, 35.160182], [-95.452464, 35.160513], [-95.453618, 35.160376], [-95.455018, 35.160381], [-95.455053, 35.18962], [-95.45519, 35.202681]]]}, "properties": {"hpsa_id": "7405778020", "name": "Haskell County", "score": 19, "discipline": "Mental Health", "type": "High Needs Geographic HPSA", "status": "Designated", "rural": "Rural", "provider_ratio": "20000:1", "designation_pop": "194044.0", "underserved_pop": "190044", "pct_poverty": "20.0", "original_name": "MHCA 21", "from_multi_county": true, "multi_county_name": "MHCA 21"}}, {"type": "Feature", "geometry": {"type": "Polygon", "coordinates": [[[-95.779394, 34.165612], [-95.779178, 34.171751], [-95.779238, 34.248316], [-95.779203, 34.272683], [-95.779249, 34.326712], [-95.779244, 34.417569], [-95.779134, 34.506644], [-95.73172, 34.506719], [-95.729138, 34.506721], [-95.726913, 34.506724], [-95.706644, 34.50675], [-95.679451, 34.506786], [-95.674334, 34.506792], [-95.67175, 34.506794], [-95.671777, 34.543412], [-95.671784, 34.554014], [-95.67181, 34.593732], [-95.670879, 34.593851], [-95.570479, 34.594133], [-95.567156, 34.594067], [-95.56652, 34.594159], [-95.514511, 34.594153], [-95.51448, 34.625], [-95.514494, 34.637446], [-95.514481, 34.666527], [-95.514475, 34.680718], [-95.444805, 34.680833], [-95.315164, 34.680926], [-95.314067, 34.680981], [-95.305658, 34.680924], [-95.30466, 34.680861], [-95.2001, 34.680537], [-95.182083, 34.680542], [-95.132088, 34.680585], [-95.101397, 34.680656], [-95.099692, 34.680776], [-95.059616, 34.680736], [-95.025139, 34.680804], [-94.937555, 34.680792], [-94.937511, 34.666676], [-94.937489, 34.666196], [-94.937502, 34.625104], [-94.937559, 34.59433], [-94.937562, 34.593591], [-94.937484, 34.538461], [-94.937569, 34.53794], [-94.937604, 34.507296], [-94.990057, 34.507289], [-95.046746, 34.507276], [-95.046753, 34.477546], [-95.046772, 34.419364], [-95.046767, 34.417547], [-95.046628, 34.396453], [-95.046521, 34.39587], [-95.046621, 34.395483], [-95.046608, 34.297993], [-95.0466, 34.287261], [-95.046585, 34.243776], [-95.135144, 34.243747], [-95.135597, 34.243743], [-95.151323, 34.243737], [-95.151337, 34.182684], [-95.151344, 34.156841], [-95.156521, 34.156965], [-95.273323, 34.156925], [-95.27366, 34.156868], [-95.330296, 34.156882], [-95.382325, 34.156873], [-95.442215, 34.156869], [-95.487655, 34.156846], [-95.554109, 34.1568], [-95.555399, 34.156884], [-95.556454, 34.156869], [-95.556926, 34.156798], [-95.561473, 34.156793], [-95.570157, 34.156786], [-95.587573, 34.156785], [-95.605119, 34.156789], [-95.624595, 34.156711], [-95.637251, 34.1567], [-95.637794, 34.156769], [-95.67758, 34.156644], [-95.678822, 34.156742], [-95.779376, 34.156699], [-95.779332, 34.164169], [-95.779517, 34.164968], [-95.779394, 34.165612]]]}, "properties": {"hpsa_id": "7405778020", "name": "Pushmataha County", "score": 19, "discipline": "Mental Health", "type": "High Needs Geographic HPSA", "status": "Designated", "rural": "Rural", "provider_ratio": "20000:1", "designation_pop": "194044.0", "underserved_pop": "190044", "pct_poverty": "20.0", "original_name": "MHCA 21", "from_multi_county": true, "multi_county_name": "MHCA 21"}}, {"type": "Feature", "geometry": {"type": "Polygon", "coordinates": [[[-97.064479, 36.680758], [-97.064107, 36.684207], [-97.061406, 36.686856], [-97.057019, 36.688991], [-97.053235, 36.69221], [-97.050199, 36.693861], [-97.048779, 36.694669], [-97.047138, 36.695437], [-97.044874, 36.696341], [-97.043057, 36.697025], [-97.038475, 36.69929], [-97.036352, 36.701078], [-97.032526, 36.701959], [-97.030678, 36.70159], [-97.02756, 36.699158], [-97.024188, 36.693404], [-97.021061, 36.69286], [-97.019251, 36.693066], [-97.015216, 36.694402], [-97.012018, 36.694037], [-97.006941, 36.692283], [-97.005391, 36.693999], [-97.003032, 36.693454], [-96.995683, 36.688208], [-96.995414, 36.688138], [-96.995355, 36.688123], [-96.992035, 36.687596], [-96.989756, 36.688244], [-96.98574, 36.688109], [-96.978407, 36.688671], [-96.972899, 36.688272], [-96.967086, 36.688536], [-96.965707, 36.687928], [-96.958997, 36.686227], [-96.950175, 36.683634], [-96.947682, 36.683535], [-96.943726, 36.683885], [-96.941104, 36.684686], [-96.931943, 36.686097], [-96.931009, 36.686505], [-96.92741, 36.68842], [-96.928517, 36.693681], [-96.928086, 36.69559], [-96.926789, 36.697813], [-96.922604, 36.702869], [-96.921886, 36.706374], [-96.92091, 36.717102], [-96.920554, 36.717752], [-96.918095, 36.718801], [-96.913196, 36.722717], [-96.909741, 36.727097], [-96.9086, 36.730145], [-96.907432, 36.735842], [-96.905861, 36.737129], [-96.90359, 36.7386], [-96.895706, 36.745819], [-96.888581, 36.751793], [-96.887344, 36.752133], [-96.882223, 36.751572], [-96.878784, 36.751854], [-96.87181, 36.753648], [-96.86869, 36.753537], [-96.866371, 36.752943], [-96.861678, 36.750036], [-96.853627, 36.746111], [-96.850122, 36.746343], [-96.848344, 36.746011], [-96.843674, 36.744389], [-96.838966, 36.743711], [-96.834103, 36.743438], [-96.830383, 36.744172], [-96.826639, 36.745342], [-96.824671, 36.74669], [-96.821675, 36.750036], [-96.820137, 36.75278], [-96.818061, 36.758988], [-96.818792, 36.761782], [-96.818827, 36.763661], [-96.820659, 36.765884], [-96.822585, 36.767559], [-96.788687, 36.767597], [-96.788652, 36.782006], [-96.752375, 36.782092], [-96.752318, 36.835463], [-96.752664, 36.838427], [-96.752576, 36.842797], [-96.752238, 36.842985], [-96.752293, 36.898856], [-96.752151, 36.94123], [-96.750027, 36.941237], [-96.749838, 36.998988], [-96.74127, 36.999239], [-96.73659, 36.999286], [-96.7319830041273, 36.9992833531125], [-96.710482, 36.999271], [-96.705431, 36.999203], [-96.6244880080759, 36.9989820415687], [-96.6073590074175, 36.9989352827694], [-96.5255776738603, 36.9987120358304], [-96.500288, 36.998643], [-96.4157735819161, 36.9991109977438], [-96.415412, 36.999113], [-96.394272, 36.999221], [-96.381556989653, 36.9992266293831], [-96.3803000623001, 36.9992271858691], [-96.3452839777254, 36.9992426887236], [-96.2848529997537, 36.9992694436469], [-96.279079, 36.999272], [-96.276368, 36.999271], [-96.2353201686152, 36.9991306762741], [-96.217571, 36.99907], [-96.200028, 36.999028], [-96.184768, 36.999211], [-96.1847130166869, 36.9992109105991], [-96.1847082066554, 36.9992109027782], [-96.154017, 36.999161], [-96.152384, 36.999051], [-96.149709, 36.99904], [-96.147143, 36.999022], [-96.143207, 36.999134], [-96.14121, 36.998973], [-96.0912791627285, 36.9989328134999], [-96.0357720634707, 36.9988881389827], [-96.00081, 36.99886], [-96.000765, 36.868687], [-96.000766, 36.867617], [-96.000758, 36.85868], [-96.000746, 36.839817], [-96.000718, 36.825377], [-96.000678, 36.786066], [-96.0007, 36.781818], [-96.000691, 36.780106], [-96.000693, 36.774232], [-96.000694, 36.772438], [-96.000656, 36.76731], [-96.000688, 36.758859], [-96.000641, 36.752283], [-96.000649, 36.748666], [-96.000654, 36.737328], [-96.000667, 36.725263], [-96.000676, 36.713387], [-96.000636, 36.676244], [-96.000729, 36.65071], [-96.000728, 36.641069], [-96.000748, 36.59782], [-96.000823, 36.597676], [-96.000864, 36.580382], [-96.000956, 36.535301], [-96.001038, 36.495972], [-96.001093, 36.466866], [-96.001126, 36.448397], [-96.001145, 36.439763], [-96.001171, 36.423686], [-96.001168, 36.423477], [-96.001205, 36.402451], [-96.001213, 36.398427], [-96.001258, 36.373977], [-96.001189, 36.372174], [-96.00119, 36.372074], [-96.001309, 36.368523], [-96.001249, 36.361539], [-96.00133, 36.347045], [-96.001331, 36.346957], [-96.001336, 36.345664], [-96.001326, 36.336612], [-96.001327, 36.334474], [-96.001325, 36.332597], [-96.001324, 36.322156], [-96.001323, 36.318484], [-96.001457, 36.317898], [-96.001463, 36.307448], [-96.001467, 36.307058], [-96.001504, 36.303372], [-96.001518, 36.292506], [-96.001508, 36.285484], [-96.001317, 36.279372], [-96.001313, 36.250019], [-96.001391, 36.249265], [-96.001409, 36.245301], [-96.001409, 36.245225], [-96.001407, 36.244824], [-96.001396, 36.242135], [-96.001399, 36.234953], [-96.001418, 36.230782], [-96.001457, 36.226966], [-96.001416, 36.223827], [-96.001418, 36.220637], [-96.001275, 36.219252], [-96.001276, 36.212991], [-96.001266, 36.205917], [-96.001261, 36.205291], [-96.001249, 36.191717], [-96.001238, 36.180574], [-96.001236, 36.176941], [-96.001231, 36.173323], [-96.001227, 36.168851], [-96.001217, 36.162438], [-96.001226, 36.161296], [-96.010951, 36.161317], [-96.014882, 36.161287], [-96.029233, 36.16122], [-96.043752, 36.161127], [-96.047288, 36.161133], [-96.055316, 36.161088], [-96.056193, 36.161089], [-96.062977, 36.16087], [-96.073365, 36.161082], [-96.073421, 36.161076], [-96.074583, 36.160919], [-96.076973, 36.160908], [-96.082498, 36.161005], [-96.082939, 36.160951], [-96.084069, 36.160887], [-96.090779, 36.160901], [-96.105736, 36.160932], [-96.106106, 36.160934], [-96.108744, 36.160939], [-96.111221, 36.160944], [-96.111288, 36.160944], [-96.119025, 36.160957], [-96.126415, 36.160977], [-96.139338, 36.161002], [-96.141501, 36.161005], [-96.162067, 36.16104], [-96.162107, 36.161041], [-96.174638, 36.161064], [-96.174995, 36.161078], [-96.18964, 36.161158], [-96.212633, 36.16148], [-96.219074, 36.16156], [-96.226006, 36.161574], [-96.266542, 36.16198], [-96.266894, 36.16198], [-96.268287, 36.16198], [-96.270207, 36.167624], [-96.269439, 36.173096], [-96.269183, 36.173684], [-96.264525, 36.179443], [-96.257727, 36.183661], [-96.250735, 36.188908], [-96.247559, 36.191549], [-96.245583, 36.194141], [-96.243967, 36.196965], [-96.243047, 36.200241], [-96.242873, 36.201896], [-96.242823, 36.204729], [-96.244607, 36.210809], [-96.246344, 36.214681], [-96.250288, 36.219981], [-96.251075, 36.220746], [-96.25396, 36.223772], [-96.256624, 36.225676], [-96.259432, 36.226492], [-96.267329, 36.227448], [-96.277144, 36.227291], [-96.279489, 36.227079], [-96.285746, 36.227175], [-96.290474, 36.226871], [-96.301474, 36.228222], [-96.306331, 36.228314], [-96.308771, 36.228002], [-96.313123, 36.22795], [-96.316515, 36.227534], [-96.322163, 36.226213], [-96.326732, 36.226551], [-96.329507, 36.227095], [-96.3366, 36.22884], [-96.339996, 36.230024], [-96.342892, 36.231576], [-96.347685, 36.234404], [-96.351477, 36.23748], [-96.357794, 36.244376], [-96.359137, 36.245947], [-96.362562, 36.250075], [-96.366169, 36.25272], [-96.371305, 36.255801], [-96.379088, 36.261543], [-96.381478, 36.263583], [-96.386793, 36.267137], [-96.392885, 36.270182], [-96.401306, 36.273467], [-96.408701, 36.27517], [-96.415502, 36.276245], [-96.422427, 36.277456], [-96.424955, 36.278484], [-96.427804, 36.280183], [-96.433812, 36.285889], [-96.436307, 36.289751], [-96.43795, 36.294159], [-96.438533, 36.30505], [-96.441998, 36.315117], [-96.445764, 36.321268], [-96.453269, 36.329403], [-96.454242, 36.330375], [-96.456832, 36.332173], [-96.461255, 36.333713], [-96.464398, 36.334048], [-96.474064, 36.333585], [-96.478612, 36.332676], [-96.484105, 36.331115], [-96.486993, 36.329617], [-96.488096, 36.327919], [-96.495436, 36.319761], [-96.497302, 36.317318], [-96.498696, 36.312137], [-96.501423, 36.307359], [-96.502748, 36.30589], [-96.505712, 36.303045], [-96.511033, 36.300011], [-96.513049, 36.299291], [-96.515229, 36.298332], [-96.519919, 36.297149], [-96.525281, 36.296405], [-96.528893, 36.296557], [-96.531872, 36.296307], [-96.536411, 36.296416], [-96.547026, 36.298126], [-96.552454, 36.299925], [-96.555191, 36.301472], [-96.560577, 36.303974], [-96.563906, 36.306097], [-96.566803, 36.308375], [-96.569307, 36.310828], [-96.573481, 36.315709], [-96.573506, 36.320126], [-96.572831, 36.327041], [-96.573295, 36.329421], [-96.572459, 36.332635], [-96.568471, 36.337878], [-96.564384, 36.342833], [-96.559027, 36.348543], [-96.555373, 36.350783], [-96.553972, 36.351279], [-96.546488, 36.352155], [-96.539234, 36.353892], [-96.536475, 36.355361], [-96.534179, 36.355957], [-96.531138, 36.358265], [-96.526746, 36.362386], [-96.523144, 36.365215], [-96.522022, 36.367272], [-96.521463, 36.371198], [-96.519311, 36.373432], [-96.518629, 36.375053], [-96.518709, 36.377576], [-96.520002, 36.380456], [-96.522397, 36.387061], [-96.523618, 36.38844], [-96.52432, 36.390861], [-96.526598, 36.394223], [-96.530076, 36.39662], [-96.531198, 36.396976], [-96.536341, 36.399875], [-96.538905, 36.400551], [-96.540725, 36.400402], [-96.54852, 36.396329], [-96.551385, 36.394179], [-96.554202, 36.391513], [-96.560955, 36.386278], [-96.566366, 36.380423], [-96.569258, 36.377941], [-96.572128, 36.375987], [-96.575697, 36.374347], [-96.578484, 36.373795], [-96.583094, 36.373511], [-96.586464, 36.373862], [-96.590115, 36.374929], [-96.591248, 36.375072], [-96.593705, 36.376215], [-96.595395, 36.3771], [-96.600545, 36.380628], [-96.60188, 36.382258], [-96.602267, 36.386967], [-96.603567, 36.39364], [-96.604244, 36.398256], [-96.606449, 36.403268], [-96.609291, 36.404735], [-96.613033, 36.40533], [-96.614742, 36.407043], [-96.617091, 36.407822], [-96.620232, 36.40995], [-96.621091, 36.411683], [-96.622474, 36.416369], [-96.627391, 36.422227], [-96.632515, 36.423817], [-96.635727, 36.425908], [-96.638269, 36.425831], [-96.647602, 36.423891], [-96.652896, 36.423538], [-96.661691, 36.422699], [-96.667515, 36.421163], [-96.674514, 36.420422], [-96.678459, 36.420854], [-96.682546, 36.421777], [-96.690165, 36.424108], [-96.692655, 36.426139], [-96.694783, 36.426954], [-96.701998, 36.431369], [-96.70615, 36.435394], [-96.710769, 36.437656], [-96.712225, 36.439705], [-96.715796, 36.443103], [-96.717126, 36.445344], [-96.717526, 36.448185], [-96.718075, 36.45398], [-96.717742, 36.455311], [-96.713259, 36.463406], [-96.712275, 36.465233], [-96.710227, 36.470918], [-96.708276, 36.47482], [-96.706195, 36.477564], [-96.705783, 36.478702], [-96.70556, 36.481124], [-96.706267, 36.486212], [-96.707642, 36.489366], [-96.709665, 36.49118], [-96.713901, 36.492781], [-96.719951, 36.496821], [-96.724851, 36.503204], [-96.724586, 36.50521], [-96.723149, 36.508937], [-96.722888, 36.516818], [-96.723489, 36.520178], [-96.725308, 36.522892], [-96.726952, 36.526125], [-96.728256, 36.531966], [-96.730388, 36.538318], [-96.732669, 36.543233], [-96.736204, 36.547987], [-96.737239, 36.550088], [-96.740583, 36.552988], [-96.743158, 36.554004], [-96.746512, 36.557679], [-96.748705, 36.559526], [-96.751698, 36.561136], [-96.753554, 36.562601], [-96.755094, 36.562562], [-96.763544, 36.564722], [-96.766975, 36.565305], [-96.76947, 36.565407], [-96.773391, 36.56353], [-96.780472, 36.561028], [-96.783215, 36.560515], [-96.786803, 36.558346], [-96.789411, 36.556268], [-96.790883, 36.555562], [-96.798149, 36.553557], [-96.802356, 36.551121], [-96.807895, 36.546951], [-96.820613, 36.539317], [-96.82247, 36.535318], [-96.824108, 36.533453], [-96.826363, 36.529506], [-96.831686, 36.5264], [-96.834366, 36.524605], [-96.836276, 36.522855], [-96.837714, 36.520767], [-96.837175, 36.516221], [-96.837413, 36.514415], [-96.837911, 36.511749], [-96.839017, 36.509697], [-96.842292, 36.507282], [-96.842703, 36.505951], [-96.847619, 36.498862], [-96.851385, 36.49259], [-96.851853, 36.491056], [-96.855814, 36.487696], [-96.857438, 36.485882], [-96.860412, 36.485019], [-96.865584, 36.481168], [-96.867976, 36.477474], [-96.870681, 36.474638], [-96.873936, 36.47262], [-96.875321, 36.470915], [-96.877373, 36.470704], [-96.883977, 36.47249], [-96.887563, 36.472783], [-96.890449, 36.472022], [-96.893202, 36.470193], [-96.89667, 36.468747], [-96.901839, 36.468272], [-96.903784, 36.468973], [-96.907197, 36.468679], [-96.912476, 36.467841], [-96.917536, 36.463933], [-96.919927, 36.463185], [-96.923513, 36.463429], [-96.925556, 36.462694], [-96.926003, 36.461499], [-96.928242, 36.459564], [-96.930456, 36.458994], [-96.933828, 36.456276], [-96.935276, 36.455938], [-96.940235, 36.455525], [-96.947566, 36.457461], [-96.954337, 36.460049], [-96.96097, 36.460081], [-96.967249, 36.460119], [-96.974579, 36.462604], [-96.977986, 36.464371], [-96.981961, 36.466059], [-96.982506, 36.466667], [-96.983787, 36.470476], [-96.988732, 36.474964], [-96.992656, 36.477862], [-96.99799, 36.480369], [-97.000761, 36.481205], [-97.005201, 36.485659], [-97.00697, 36.489247], [-97.006802, 36.492905], [-97.008424, 36.496609], [-97.008617, 36.500034], [-97.009732, 36.503911], [-97.009785, 36.506935], [-97.009456, 36.512532], [-97.008802, 36.515585], [-97.007761, 36.518317], [-97.005018, 36.521825], [-97.001497, 36.525536], [-96.996194, 36.528979], [-96.988155, 36.532372], [-96.981787, 36.534493], [-96.978973, 36.535211], [-96.971483, 36.535955], [-96.963791, 36.534158], [-96.958521, 36.534307], [-96.94991, 36.537301], [-96.946505, 36.540359], [-96.943981, 36.543469], [-96.938406, 36.546826], [-96.933566, 36.54863], [-96.929781, 36.550796], [-96.92471, 36.552558], [-96.921044, 36.552383], [-96.916155, 36.552994], [-96.912709, 36.55291], [-96.908945, 36.552127], [-96.902643, 36.551388], [-96.901263, 36.551741], [-96.89908, 36.553224], [-96.895665, 36.558053], [-96.892497, 36.560973], [-96.890368, 36.563605], [-96.888989, 36.566406], [-96.88914, 36.571395], [-96.888017, 36.574886], [-96.888304, 36.57559], [-96.892561, 36.578355], [-96.896504, 36.582438], [-96.902063, 36.587379], [-96.904456, 36.588944], [-96.907357, 36.593915], [-96.90871, 36.595792], [-96.909279, 36.59631], [-96.912756, 36.598949], [-96.915324, 36.599967], [-96.920492, 36.600663], [-96.923876, 36.600369], [-96.926442, 36.599597], [-96.930437, 36.596847], [-96.933726, 36.595542], [-96.938876, 36.594983], [-96.941559, 36.594051], [-96.946146, 36.59122], [-96.948628, 36.589997], [-96.953272, 36.589484], [-96.958105, 36.588389], [-96.964034, 36.587399], [-96.966962, 36.58628], [-96.970972, 36.586059], [-96.975848, 36.585208], [-96.980578, 36.58596], [-96.985625, 36.584996], [-96.990052, 36.585141], [-96.992839, 36.584957], [-97.000312, 36.582854], [-97.004293, 36.582595], [-97.013289, 36.583564], [-97.016614, 36.583765], [-97.021296, 36.584613], [-97.029117, 36.585205], [-97.035868, 36.586215], [-97.040622, 36.587937], [-97.049011, 36.590399], [-97.051343, 36.590827], [-97.055881, 36.592462], [-97.057556, 36.593872], [-97.058147, 36.596531], [-97.057099, 36.597829], [-97.054135, 36.598117], [-97.048973, 36.597182], [-97.046887, 36.597437], [-97.043911, 36.599934], [-97.044685, 36.602721], [-97.049443, 36.608101], [-97.051714, 36.61111], [-97.052107, 36.612579], [-97.051764, 36.616274], [-97.049617, 36.620184], [-97.048564, 36.623233], [-97.048836, 36.625039], [-97.050897, 36.628811], [-97.051098, 36.62995], [-97.050978, 36.637436], [-97.051521, 36.641225], [-97.053007, 36.643934], [-97.054599, 36.645449], [-97.057931, 36.647746], [-97.061009, 36.649086], [-97.061988, 36.650733], [-97.062165, 36.653105], [-97.063069, 36.655738], [-97.063228, 36.657919], [-97.062529, 36.660348], [-97.063442, 36.664227], [-97.064051, 36.665312], [-97.063859, 36.672108], [-97.064382, 36.675882], [-97.06447, 36.680483], [-97.064479, 36.680758]]]}, "properties": {"hpsa_id": "7406438805", "name": "Osage County", "score": 17, "discipline": "Mental Health", "type": "Geographic HPSA", "status": "Designated", "rural": "Rural", "provider_ratio": "30000:1", "designation_pop": "185385.0", "underserved_pop": "113385", "pct_poverty": "17.9", "original_name": "MHCA 11 - Edwin Fair", "from_multi_county": true, "multi_county_name": "MHCA 11 - Edwin Fair"}}, {"type": "Feature", "geometry": {"type": "Polygon", "coordinates": [[[-97.032118, 36.506957], [-97.012527, 36.507042], [-97.009785, 36.506935], [-97.009732, 36.503911], [-97.008617, 36.500034], [-97.008424, 36.496609], [-97.006802, 36.492905], [-97.00697, 36.489247], [-97.005201, 36.485659], [-97.000761, 36.481205], [-96.99799, 36.480369], [-96.992656, 36.477862], [-96.988732, 36.474964], [-96.983787, 36.470476], [-96.982506, 36.466667], [-96.981961, 36.466059], [-96.977986, 36.464371], [-96.974579, 36.462604], [-96.967249, 36.460119], [-96.96097, 36.460081], [-96.954337, 36.460049], [-96.947566, 36.457461], [-96.940235, 36.455525], [-96.935276, 36.455938], [-96.933828, 36.456276], [-96.930456, 36.458994], [-96.928242, 36.459564], [-96.926003, 36.461499], [-96.925556, 36.462694], [-96.923513, 36.463429], [-96.919927, 36.463185], [-96.917536, 36.463933], [-96.912476, 36.467841], [-96.907197, 36.468679], [-96.903784, 36.468973], [-96.901839, 36.468272], [-96.89667, 36.468747], [-96.893202, 36.470193], [-96.890449, 36.472022], [-96.887563, 36.472783], [-96.883977, 36.47249], [-96.877373, 36.470704], [-96.875321, 36.470915], [-96.873936, 36.47262], [-96.870681, 36.474638], [-96.867976, 36.477474], [-96.865584, 36.481168], [-96.860412, 36.485019], [-96.857438, 36.485882], [-96.855814, 36.487696], [-96.851853, 36.491056], [-96.851385, 36.49259], [-96.847619, 36.498862], [-96.842703, 36.505951], [-96.842292, 36.507282], [-96.839017, 36.509697], [-96.837911, 36.511749], [-96.837413, 36.514415], [-96.837175, 36.516221], [-96.837714, 36.520767], [-96.836276, 36.522855], [-96.834366, 36.524605], [-96.831686, 36.5264], [-96.826363, 36.529506], [-96.824108, 36.533453], [-96.82247, 36.535318], [-96.820613, 36.539317], [-96.807895, 36.546951], [-96.802356, 36.551121], [-96.798149, 36.553557], [-96.790883, 36.555562], [-96.789411, 36.556268], [-96.786803, 36.558346], [-96.783215, 36.560515], [-96.780472, 36.561028], [-96.773391, 36.56353], [-96.76947, 36.565407], [-96.766975, 36.565305], [-96.763544, 36.564722], [-96.755094, 36.562562], [-96.753554, 36.562601], [-96.751698, 36.561136], [-96.748705, 36.559526], [-96.746512, 36.557679], [-96.743158, 36.554004], [-96.740583, 36.552988], [-96.737239, 36.550088], [-96.736204, 36.547987], [-96.732669, 36.543233], [-96.730388, 36.538318], [-96.728256, 36.531966], [-96.726952, 36.526125], [-96.725308, 36.522892], [-96.723489, 36.520178], [-96.722888, 36.516818], [-96.723149, 36.508937], [-96.724586, 36.50521], [-96.724851, 36.503204], [-96.719951, 36.496821], [-96.713901, 36.492781], [-96.709665, 36.49118], [-96.707642, 36.489366], [-96.706267, 36.486212], [-96.70556, 36.481124], [-96.705783, 36.478702], [-96.706195, 36.477564], [-96.708276, 36.47482], [-96.710227, 36.470918], [-96.712275, 36.465233], [-96.713259, 36.463406], [-96.717742, 36.455311], [-96.718075, 36.45398], [-96.717526, 36.448185], [-96.717126, 36.445344], [-96.715796, 36.443103], [-96.712225, 36.439705], [-96.710769, 36.437656], [-96.70615, 36.435394], [-96.701998, 36.431369], [-96.694783, 36.426954], [-96.692655, 36.426139], [-96.690165, 36.424108], [-96.682546, 36.421777], [-96.678459, 36.420854], [-96.674514, 36.420422], [-96.667515, 36.421163], [-96.661691, 36.422699], [-96.652896, 36.423538], [-96.647602, 36.423891], [-96.638269, 36.425831], [-96.635727, 36.425908], [-96.632515, 36.423817], [-96.627391, 36.422227], [-96.622474, 36.416369], [-96.621091, 36.411683], [-96.620232, 36.40995], [-96.617091, 36.407822], [-96.614742, 36.407043], [-96.613033, 36.40533], [-96.609291, 36.404735], [-96.606449, 36.403268], [-96.604244, 36.398256], [-96.603567, 36.39364], [-96.602267, 36.386967], [-96.60188, 36.382258], [-96.600545, 36.380628], [-96.595395, 36.3771], [-96.593705, 36.376215], [-96.591248, 36.375072], [-96.590115, 36.374929], [-96.586464, 36.373862], [-96.583094, 36.373511], [-96.578484, 36.373795], [-96.575697, 36.374347], [-96.572128, 36.375987], [-96.569258, 36.377941], [-96.566366, 36.380423], [-96.560955, 36.386278], [-96.554202, 36.391513], [-96.551385, 36.394179], [-96.54852, 36.396329], [-96.540725, 36.400402], [-96.538905, 36.400551], [-96.536341, 36.399875], [-96.531198, 36.396976], [-96.530076, 36.39662], [-96.526598, 36.394223], [-96.52432, 36.390861], [-96.523618, 36.38844], [-96.522397, 36.387061], [-96.520002, 36.380456], [-96.518709, 36.377576], [-96.518629, 36.375053], [-96.519311, 36.373432], [-96.521463, 36.371198], [-96.522022, 36.367272], [-96.523144, 36.365215], [-96.526746, 36.362386], [-96.531138, 36.358265], [-96.534179, 36.355957], [-96.536475, 36.355361], [-96.539234, 36.353892], [-96.546488, 36.352155], [-96.553972, 36.351279], [-96.555373, 36.350783], [-96.559027, 36.348543], [-96.564384, 36.342833], [-96.568471, 36.337878], [-96.572459, 36.332635], [-96.573295, 36.329421], [-96.572831, 36.327041], [-96.573506, 36.320126], [-96.573481, 36.315709], [-96.569307, 36.310828], [-96.566803, 36.308375], [-96.563906, 36.306097], [-96.560577, 36.303974], [-96.555191, 36.301472], [-96.552454, 36.299925], [-96.547026, 36.298126], [-96.536411, 36.296416], [-96.531872, 36.296307], [-96.528893, 36.296557], [-96.525281, 36.296405], [-96.519919, 36.297149], [-96.515229, 36.298332], [-96.513049, 36.299291], [-96.511033, 36.300011], [-96.505712, 36.303045], [-96.502748, 36.30589], [-96.501423, 36.307359], [-96.498696, 36.312137], [-96.497302, 36.317318], [-96.495436, 36.319761], [-96.488096, 36.327919], [-96.486993, 36.329617], [-96.484105, 36.331115], [-96.478612, 36.332676], [-96.474064, 36.333585], [-96.464398, 36.334048], [-96.461255, 36.333713], [-96.456832, 36.332173], [-96.454242, 36.330375], [-96.453269, 36.329403], [-96.445764, 36.321268], [-96.441998, 36.315117], [-96.438533, 36.30505], [-96.43795, 36.294159], [-96.436307, 36.289751], [-96.433812, 36.285889], [-96.427804, 36.280183], [-96.424955, 36.278484], [-96.422427, 36.277456], [-96.415502, 36.276245], [-96.408701, 36.27517], [-96.401306, 36.273467], [-96.392885, 36.270182], [-96.386793, 36.267137], [-96.381478, 36.263583], [-96.379088, 36.261543], [-96.371305, 36.255801], [-96.366169, 36.25272], [-96.362562, 36.250075], [-96.359137, 36.245947], [-96.357794, 36.244376], [-96.351477, 36.23748], [-96.347685, 36.234404], [-96.342892, 36.231576], [-96.339996, 36.230024], [-96.3366, 36.22884], [-96.329507, 36.227095], [-96.326732, 36.226551], [-96.322163, 36.226213], [-96.316515, 36.227534], [-96.313123, 36.22795], [-96.308771, 36.228002], [-96.306331, 36.228314], [-96.301474, 36.228222], [-96.290474, 36.226871], [-96.285746, 36.227175], [-96.279489, 36.227079], [-96.277144, 36.227291], [-96.267329, 36.227448], [-96.259432, 36.226492], [-96.256624, 36.225676], [-96.25396, 36.223772], [-96.251075, 36.220746], [-96.250288, 36.219981], [-96.246344, 36.214681], [-96.244607, 36.210809], [-96.242823, 36.204729], [-96.242873, 36.201896], [-96.243047, 36.200241], [-96.243967, 36.196965], [-96.245583, 36.194141], [-96.247559, 36.191549], [-96.250735, 36.188908], [-96.257727, 36.183661], [-96.264525, 36.179443], [-96.269183, 36.173684], [-96.269439, 36.173096], [-96.270207, 36.167624], [-96.268287, 36.16198], [-96.272711, 36.16208], [-96.273488, 36.16208], [-96.297888, 36.162279], [-96.305349, 36.162322], [-96.329224, 36.162459], [-96.351688, 36.162588], [-96.352699, 36.162593], [-96.371335, 36.1627], [-96.376132, 36.162726], [-96.400806, 36.16288], [-96.422355, 36.163021], [-96.422732, 36.163036], [-96.428131, 36.163057], [-96.440538, 36.163132], [-96.446667, 36.163169], [-96.447961, 36.163177], [-96.512716, 36.163476], [-96.516534, 36.163479], [-96.552798, 36.163495], [-96.570998, 36.1635], [-96.620917, 36.163439], [-96.622093, 36.162787], [-96.62212, 36.159903], [-96.626393, 36.160161], [-96.629061, 36.159841], [-96.641755, 36.159781], [-96.65857, 36.159741], [-96.661484, 36.159639], [-96.704685, 36.159608], [-96.713151, 36.159571], [-96.72449, 36.159492], [-96.727051, 36.159234], [-96.727971, 36.159441], [-96.783975, 36.159232], [-96.785543, 36.159416], [-96.802363, 36.159359], [-96.804712, 36.15904], [-96.819005, 36.158886], [-96.81901, 36.161672], [-96.818996, 36.162437], [-96.818858, 36.187761], [-96.818712, 36.216866], [-96.818888, 36.225516], [-96.818361, 36.229893], [-96.818496, 36.23531], [-96.818968, 36.246478], [-96.837117, 36.246514], [-96.853888, 36.246515], [-96.854138, 36.246541], [-96.871343, 36.246468], [-96.889611, 36.246475], [-96.925069, 36.246474], [-96.924937, 36.247892], [-96.924989, 36.297176], [-96.924986, 36.297334], [-96.924957, 36.318488], [-96.924936, 36.333344], [-96.934375, 36.333331], [-97.032106, 36.333354], [-97.032088, 36.420353], [-97.032044, 36.448624], [-97.032026, 36.478021], [-97.032118, 36.506957]]]}, "properties": {"hpsa_id": "7406438805", "name": "Pawnee County", "score": 17, "discipline": "Mental Health", "type": "Geographic HPSA", "status": "Designated", "rural": "Rural", "provider_ratio": "30000:1", "designation_pop": "185385.0", "underserved_pop": "113385", "pct_poverty": "17.9", "original_name": "MHCA 11 - Edwin Fair", "from_multi_county": true, "multi_county_name": "MHCA 11 - Edwin Fair"}}, {"type": "Feature", "geometry": {"type": "Polygon", "coordinates": [[[-97.462477, 36.600736], [-97.462364, 36.629808], [-97.462378, 36.643582], [-97.462358, 36.687756], [-97.462326, 36.73479], [-97.462309, 36.738382], [-97.46222, 36.767311], [-97.462316, 36.767821], [-97.4623, 36.810772], [-97.462421, 36.839766], [-97.462412, 36.883317], [-97.462381, 36.897805], [-97.462474, 36.940265], [-97.462299, 36.941721], [-97.4623463219255, 36.9986852256487], [-97.46228, 36.998685], [-97.4144861297395, 36.9987826204706], [-97.400903929478, 36.9988103625382], [-97.384925, 36.998843], [-97.372421, 36.998861], [-97.3648660500938, 36.9988694055962], [-97.3427570756608, 36.9988940039212], [-97.3427376532895, 36.9988940255304], [-97.2557711236909, 36.998990784019], [-97.2198833931369, 36.9990307125132], [-97.2014651159374, 36.9990512045884], [-97.1562390840263, 36.999101522826], [-97.147721, 36.999111], [-97.122597, 36.999036], [-97.120285, 36.999014], [-97.1114071565137, 36.9990173273197], [-97.104276, 36.99902], [-97.100652, 36.998998], [-97.0459060006177, 36.9989997988434], [-97.039784, 36.999], [-97.0396942016544, 36.9989993428486], [-97.030082, 36.998929], [-96.975562, 36.999019], [-96.967371, 36.999067], [-96.934642, 36.99907], [-96.9252940031478, 36.9991294945977], [-96.921915, 36.999151], [-96.917093, 36.999182], [-96.903748155059, 36.9991328766659], [-96.90351, 36.999132], [-96.902083, 36.999155], [-96.87629, 36.999233], [-96.867517, 36.999217], [-96.8674690282009, 36.99921696246], [-96.8229000218444, 36.9991820853142], [-96.822791, 36.999182], [-96.795199, 36.99886], [-96.79206, 36.99918], [-96.749838, 36.998988], [-96.750027, 36.941237], [-96.752151, 36.94123], [-96.752293, 36.898856], [-96.752238, 36.842985], [-96.752576, 36.842797], [-96.752664, 36.838427], [-96.752318, 36.835463], [-96.752375, 36.782092], [-96.788652, 36.782006], [-96.788687, 36.767597], [-96.822585, 36.767559], [-96.820659, 36.765884], [-96.818827, 36.763661], [-96.818792, 36.761782], [-96.818061, 36.758988], [-96.820137, 36.75278], [-96.821675, 36.750036], [-96.824671, 36.74669], [-96.826639, 36.745342], [-96.830383, 36.744172], [-96.834103, 36.743438], [-96.838966, 36.743711], [-96.843674, 36.744389], [-96.848344, 36.746011], [-96.850122, 36.746343], [-96.853627, 36.746111], [-96.861678, 36.750036], [-96.866371, 36.752943], [-96.86869, 36.753537], [-96.87181, 36.753648], [-96.878784, 36.751854], [-96.882223, 36.751572], [-96.887344, 36.752133], [-96.888581, 36.751793], [-96.895706, 36.745819], [-96.90359, 36.7386], [-96.905861, 36.737129], [-96.907432, 36.735842], [-96.9086, 36.730145], [-96.909741, 36.727097], [-96.913196, 36.722717], [-96.918095, 36.718801], [-96.920554, 36.717752], [-96.92091, 36.717102], [-96.921886, 36.706374], [-96.922604, 36.702869], [-96.926789, 36.697813], [-96.928086, 36.69559], [-96.928517, 36.693681], [-96.92741, 36.68842], [-96.931009, 36.686505], [-96.931943, 36.686097], [-96.941104, 36.684686], [-96.943726, 36.683885], [-96.947682, 36.683535], [-96.950175, 36.683634], [-96.958997, 36.686227], [-96.965707, 36.687928], [-96.967086, 36.688536], [-96.972899, 36.688272], [-96.978407, 36.688671], [-96.98574, 36.688109], [-96.989756, 36.688244], [-96.992035, 36.687596], [-96.995355, 36.688123], [-96.995414, 36.688138], [-96.995683, 36.688208], [-97.003032, 36.693454], [-97.005391, 36.693999], [-97.006941, 36.692283], [-97.012018, 36.694037], [-97.015216, 36.694402], [-97.019251, 36.693066], [-97.021061, 36.69286], [-97.024188, 36.693404], [-97.02756, 36.699158], [-97.030678, 36.70159], [-97.032526, 36.701959], [-97.036352, 36.701078], [-97.038475, 36.69929], [-97.043057, 36.697025], [-97.044874, 36.696341], [-97.047138, 36.695437], [-97.048779, 36.694669], [-97.050199, 36.693861], [-97.053235, 36.69221], [-97.057019, 36.688991], [-97.061406, 36.686856], [-97.064107, 36.684207], [-97.064479, 36.680758], [-97.06447, 36.680483], [-97.064382, 36.675882], [-97.063859, 36.672108], [-97.064051, 36.665312], [-97.063442, 36.664227], [-97.062529, 36.660348], [-97.063228, 36.657919], [-97.063069, 36.655738], [-97.062165, 36.653105], [-97.061988, 36.650733], [-97.061009, 36.649086], [-97.057931, 36.647746], [-97.054599, 36.645449], [-97.053007, 36.643934], [-97.051521, 36.641225], [-97.050978, 36.637436], [-97.051098, 36.62995], [-97.050897, 36.628811], [-97.048836, 36.625039], [-97.048564, 36.623233], [-97.049617, 36.620184], [-97.051764, 36.616274], [-97.052107, 36.612579], [-97.051714, 36.61111], [-97.049443, 36.608101], [-97.044685, 36.602721], [-97.043911, 36.599934], [-97.046887, 36.597437], [-97.048973, 36.597182], [-97.054135, 36.598117], [-97.057099, 36.597829], [-97.058147, 36.596531], [-97.057556, 36.593872], [-97.062072, 36.593871], [-97.067469, 36.593811], [-97.068866, 36.593853], [-97.103085, 36.59397], [-97.122833, 36.594019], [-97.122883, 36.594019], [-97.139428, 36.594028], [-97.184085, 36.593991], [-97.188566, 36.59399], [-97.211002, 36.593981], [-97.246774, 36.593957], [-97.248035, 36.593891], [-97.268388, 36.593905], [-97.282883, 36.593831], [-97.354691, 36.593869], [-97.363175, 36.593854], [-97.461603, 36.593637], [-97.462459, 36.593627], [-97.462477, 36.600736]]]}, "properties": {"hpsa_id": "7406438805", "name": "Kay County", "score": 17, "discipline": "Mental Health", "type": "Geographic HPSA", "status": "Designated", "rural": "Rural", "provider_ratio": "30000:1", "designation_pop": "185385.0", "underserved_pop": "113385", "pct_poverty": "17.9", "original_name": "MHCA 11 - Edwin Fair", "from_multi_county": true, "multi_county_name": "MHCA 11 - Edwin Fair"}}, {"type": "Feature", "geometry": {"type": "Polygon", "coordinates": [[[-97.461603, 36.593637], [-97.363175, 36.593854], [-97.354691, 36.593869], [-97.282883, 36.593831], [-97.268388, 36.593905], [-97.248035, 36.593891], [-97.246774, 36.593957], [-97.211002, 36.593981], [-97.188566, 36.59399], [-97.184085, 36.593991], [-97.139428, 36.594028], [-97.122883, 36.594019], [-97.122833, 36.594019], [-97.103085, 36.59397], [-97.068866, 36.593853], [-97.067469, 36.593811], [-97.062072, 36.593871], [-97.057556, 36.593872], [-97.055881, 36.592462], [-97.051343, 36.590827], [-97.049011, 36.590399], [-97.040622, 36.587937], [-97.035868, 36.586215], [-97.029117, 36.585205], [-97.021296, 36.584613], [-97.016614, 36.583765], [-97.013289, 36.583564], [-97.004293, 36.582595], [-97.000312, 36.582854], [-96.992839, 36.584957], [-96.990052, 36.585141], [-96.985625, 36.584996], [-96.980578, 36.58596], [-96.975848, 36.585208], [-96.970972, 36.586059], [-96.966962, 36.58628], [-96.964034, 36.587399], [-96.958105, 36.588389], [-96.953272, 36.589484], [-96.948628, 36.589997], [-96.946146, 36.59122], [-96.941559, 36.594051], [-96.938876, 36.594983], [-96.933726, 36.595542], [-96.930437, 36.596847], [-96.926442, 36.599597], [-96.923876, 36.600369], [-96.920492, 36.600663], [-96.915324, 36.599967], [-96.912756, 36.598949], [-96.909279, 36.59631], [-96.90871, 36.595792], [-96.907357, 36.593915], [-96.904456, 36.588944], [-96.902063, 36.587379], [-96.896504, 36.582438], [-96.892561, 36.578355], [-96.888304, 36.57559], [-96.888017, 36.574886], [-96.88914, 36.571395], [-96.888989, 36.566406], [-96.890368, 36.563605], [-96.892497, 36.560973], [-96.895665, 36.558053], [-96.89908, 36.553224], [-96.901263, 36.551741], [-96.902643, 36.551388], [-96.908945, 36.552127], [-96.912709, 36.55291], [-96.916155, 36.552994], [-96.921044, 36.552383], [-96.92471, 36.552558], [-96.929781, 36.550796], [-96.933566, 36.54863], [-96.938406, 36.546826], [-96.943981, 36.543469], [-96.946505, 36.540359], [-96.94991, 36.537301], [-96.958521, 36.534307], [-96.963791, 36.534158], [-96.971483, 36.535955], [-96.978973, 36.535211], [-96.981787, 36.534493], [-96.988155, 36.532372], [-96.996194, 36.528979], [-97.001497, 36.525536], [-97.005018, 36.521825], [-97.007761, 36.518317], [-97.008802, 36.515585], [-97.009456, 36.512532], [-97.009785, 36.506935], [-97.012527, 36.507042], [-97.032118, 36.506957], [-97.032026, 36.478021], [-97.032044, 36.448624], [-97.032088, 36.420353], [-97.032106, 36.333354], [-96.934375, 36.333331], [-96.924936, 36.333344], [-96.924957, 36.318488], [-96.924986, 36.297334], [-96.924989, 36.297176], [-96.924937, 36.247892], [-96.925069, 36.246474], [-96.926008, 36.246473], [-96.934739, 36.246472], [-96.969378, 36.246426], [-96.997242, 36.246501], [-97.014537, 36.246466], [-97.103655, 36.246465], [-97.13889, 36.246422], [-97.140968, 36.246435], [-97.140855, 36.209855], [-97.140793, 36.188803], [-97.140696, 36.188203], [-97.14069, 36.162827], [-97.140668, 36.159231], [-97.17642, 36.159235], [-97.230155, 36.159278], [-97.230345, 36.159234], [-97.23806, 36.159319], [-97.255652, 36.159337], [-97.282667, 36.159259], [-97.300568, 36.15919], [-97.327169, 36.15913], [-97.354132, 36.159072], [-97.353671, 36.162109], [-97.353946, 36.164304], [-97.460792, 36.164462], [-97.460653, 36.195645], [-97.460618, 36.217456], [-97.460519, 36.24506], [-97.461282, 36.246383], [-97.461298, 36.267589], [-97.46127, 36.275368], [-97.4612, 36.288447], [-97.461189, 36.289347], [-97.461119, 36.339802], [-97.461094, 36.347085], [-97.46114, 36.375949], [-97.461172, 36.383583], [-97.46119, 36.390371], [-97.461215, 36.419258], [-97.461318, 36.433733], [-97.46152, 36.484304], [-97.461556, 36.504922], [-97.461405, 36.505972], [-97.461563, 36.515437], [-97.461422, 36.533649], [-97.461522, 36.534982], [-97.461603, 36.593637]]]}, "properties": {"hpsa_id": "7406438805", "name": "Noble County", "score": 17, "discipline": "Mental Health", "type": "Geographic HPSA", "status": "Designated", "rural": "Rural", "provider_ratio": "30000:1", "designation_pop": "185385.0", "underserved_pop": "113385", "pct_poverty": "17.9", "original_name": "MHCA 11 - Edwin Fair", "from_multi_county": true, "multi_county_name": "MHCA 11 - Edwin Fair"}}, {"type": "Feature", "geometry": {"type": "Polygon", "coordinates": [[[-97.354132, 36.159072], [-97.327169, 36.15913], [-97.300568, 36.15919], [-97.282667, 36.159259], [-97.255652, 36.159337], [-97.23806, 36.159319], [-97.230345, 36.159234], [-97.230155, 36.159278], [-97.17642, 36.159235], [-97.140668, 36.159231], [-97.14069, 36.162827], [-97.140696, 36.188203], [-97.140793, 36.188803], [-97.140855, 36.209855], [-97.140968, 36.246435], [-97.13889, 36.246422], [-97.103655, 36.246465], [-97.014537, 36.246466], [-96.997242, 36.246501], [-96.969378, 36.246426], [-96.934739, 36.246472], [-96.926008, 36.246473], [-96.925069, 36.246474], [-96.889611, 36.246475], [-96.871343, 36.246468], [-96.854138, 36.246541], [-96.853888, 36.246515], [-96.837117, 36.246514], [-96.818968, 36.246478], [-96.818496, 36.23531], [-96.818361, 36.229893], [-96.818888, 36.225516], [-96.818712, 36.216866], [-96.818858, 36.187761], [-96.818996, 36.162437], [-96.81901, 36.161672], [-96.819005, 36.158886], [-96.804712, 36.15904], [-96.802363, 36.159359], [-96.785543, 36.159416], [-96.783975, 36.159232], [-96.727971, 36.159441], [-96.727051, 36.159234], [-96.72449, 36.159492], [-96.713151, 36.159571], [-96.704685, 36.159608], [-96.661484, 36.159639], [-96.65857, 36.159741], [-96.641755, 36.159781], [-96.629061, 36.159841], [-96.626393, 36.160161], [-96.62212, 36.159903], [-96.621441, 36.159929], [-96.62231, 36.126568], [-96.622483, 36.090849], [-96.622649, 36.087556], [-96.622499, 36.086987], [-96.622609, 36.073075], [-96.622541, 36.060972], [-96.622863, 36.058417], [-96.622464, 36.055228], [-96.622354, 36.046967], [-96.622353, 36.046919], [-96.622069, 36.025623], [-96.621732, 36.000409], [-96.621669, 35.995659], [-96.62148, 35.986997], [-96.62103, 35.976406], [-96.621135, 35.971941], [-96.620792, 35.970368], [-96.620357, 35.959306], [-96.619655, 35.941571], [-96.633181, 35.941502], [-96.637832, 35.941686], [-96.642477, 35.941925], [-96.647031, 35.941957], [-96.648506, 35.941815], [-96.651047, 35.941758], [-96.660119, 35.941665], [-96.665042, 35.941931], [-96.677874, 35.942073], [-96.695896, 35.942085], [-96.731535, 35.942176], [-96.757865, 35.942144], [-96.767255, 35.942126], [-96.784766, 35.942187], [-96.820292, 35.94229], [-96.86488, 35.942153], [-96.873767, 35.942139], [-96.879351, 35.941778], [-96.906259, 35.941658], [-96.909532, 35.941545], [-96.918026, 35.941834], [-96.926069, 35.941891], [-96.92704, 35.942038], [-96.941587, 35.941898], [-96.945041, 35.942153], [-96.962706, 35.942165], [-96.966344, 35.941928], [-97.016421, 35.942068], [-97.120704, 35.942221], [-97.124801, 35.941996], [-97.140583, 35.941991], [-97.140455, 35.95906], [-97.14289, 35.954219], [-97.144106, 35.953118], [-97.151411, 35.948423], [-97.158227, 35.945153], [-97.161856, 35.943855], [-97.16687, 35.942825], [-97.172378, 35.941006], [-97.180593, 35.940687], [-97.189552, 35.941156], [-97.19264, 35.941639], [-97.198105, 35.943029], [-97.203592, 35.944795], [-97.205841, 35.945959], [-97.208062, 35.94776], [-97.20955, 35.951429], [-97.212172, 35.954724], [-97.217617, 35.96034], [-97.219109, 35.96266], [-97.221192, 35.964573], [-97.226261, 35.96637], [-97.232046, 35.968042], [-97.234292, 35.969601], [-97.243174, 35.972182], [-97.246852, 35.972368], [-97.251805, 35.972566], [-97.257915, 35.97328], [-97.263616, 35.973392], [-97.26539, 35.972789], [-97.270401, 35.972798], [-97.275325, 35.973146], [-97.27756, 35.973782], [-97.282228, 35.977972], [-97.284264, 35.978818], [-97.285885, 35.98049], [-97.284528, 35.985448], [-97.284544, 35.987142], [-97.285359, 35.99179], [-97.287467, 35.996682], [-97.294601, 36.005557], [-97.297101, 36.007693], [-97.300453, 36.009273], [-97.308611, 36.01099], [-97.311947, 36.010306], [-97.316755, 36.011298], [-97.32362, 36.010877], [-97.326259, 36.008174], [-97.328282, 36.006912], [-97.331398, 36.006734], [-97.334042, 36.004669], [-97.336624, 36.000061], [-97.336612, 35.999169], [-97.339747, 35.993674], [-97.347057, 35.988405], [-97.353249, 35.985334], [-97.35387, 35.984934], [-97.353829, 36.012406], [-97.353955, 36.012655], [-97.353963, 36.057765], [-97.353963, 36.057821], [-97.353966, 36.057992], [-97.353967, 36.058049], [-97.3539, 36.111362], [-97.353827, 36.112005], [-97.353803, 36.114302], [-97.353803, 36.115669], [-97.353804, 36.115995], [-97.353804, 36.116066], [-97.353805, 36.116278], [-97.353806, 36.11637], [-97.354132, 36.159072]]]}, "properties": {"hpsa_id": "7406438805", "name": "Payne County", "score": 17, "discipline": "Mental Health", "type": "Geographic HPSA", "status": "Designated", "rural": "Rural", "provider_ratio": "30000:1", "designation_pop": "185385.0", "underserved_pop": "113385", "pct_poverty": "17.9", "original_name": "MHCA 11 - Edwin Fair", "from_multi_county": true, "multi_county_name": "MHCA 11 - Edwin Fair"}}, {"type": "Feature", "geometry": {"type": "Polygon", "coordinates": [[[-96.969627, 34.07102], [-96.968067, 34.071001], [-96.968222, 34.099992], [-96.968296, 34.100944], [-96.968389, 34.111874], [-96.968278, 34.114503], [-96.968424, 34.172684], [-96.933503, 34.172748], [-96.889539, 34.172473], [-96.887786, 34.172374], [-96.88708, 34.172541], [-96.845598, 34.172571], [-96.837718, 34.172552], [-96.752346, 34.172547], [-96.713244, 34.172553], [-96.669963, 34.172521], [-96.669711, 34.169103], [-96.667751, 34.166758], [-96.665476, 34.168808], [-96.663287, 34.16788], [-96.661857, 34.165689], [-96.659698, 34.163783], [-96.656145, 34.161193], [-96.653728, 34.161402], [-96.649451, 34.16278], [-96.643376, 34.168066], [-96.641897, 34.168243], [-96.638597, 34.168103], [-96.636384, 34.165877], [-96.636758, 34.164429], [-96.640308, 34.16295], [-96.64148, 34.159718], [-96.641157, 34.158398], [-96.63763, 34.156508], [-96.635267, 34.156432], [-96.632272, 34.154645], [-96.628636, 34.153698], [-96.627282, 34.154627], [-96.62739, 34.157699], [-96.625277, 34.160527], [-96.621981, 34.162244], [-96.620784, 34.162041], [-96.619783, 34.161191], [-96.619449, 34.157111], [-96.620173, 34.155355], [-96.619187, 34.154043], [-96.613129, 34.151981], [-96.611071, 34.148409], [-96.609778, 34.146889], [-96.607789, 34.146176], [-96.609203, 34.144239], [-96.612783, 34.144407], [-96.613799, 34.14198], [-96.613268, 34.141377], [-96.610638, 34.139769], [-96.606821, 34.139873], [-96.605533, 34.141223], [-96.604975, 34.144556], [-96.602995, 34.145635], [-96.600318, 34.143283], [-96.59869, 34.140397], [-96.600827, 34.13796], [-96.600875, 34.135583], [-96.599094, 34.133914], [-96.594746, 34.131426], [-96.590786, 34.128038], [-96.588569, 34.126743], [-96.58457, 34.126848], [-96.582251, 34.125327], [-96.581792, 34.121429], [-96.582052, 34.119102], [-96.583086, 34.117835], [-96.586854, 34.118018], [-96.58705, 34.11738], [-96.585355, 34.114459], [-96.584955, 34.112701], [-96.583678, 34.111186], [-96.580166, 34.110631], [-96.579334, 34.110064], [-96.579128, 34.107997], [-96.582029, 34.105907], [-96.58139, 34.104808], [-96.573977, 34.097881], [-96.57166, 34.096698], [-96.570122, 34.09495], [-96.569019, 34.091916], [-96.567466, 34.090254], [-96.565716, 34.089691], [-96.565761, 34.088435], [-96.568924, 34.086031], [-96.568602, 34.084785], [-96.565442, 34.083217], [-96.564742, 34.082088], [-96.56061, 34.081274], [-96.55757, 34.081658], [-96.555892, 34.081178], [-96.556047, 34.078876], [-96.556991, 34.078086], [-96.558748, 34.078153], [-96.561305, 34.079482], [-96.564035, 34.079025], [-96.564284, 34.077159], [-96.560344, 34.073436], [-96.555889, 34.073866], [-96.550753, 34.071749], [-96.550721, 34.069931], [-96.548727, 34.068135], [-96.549181, 34.066245], [-96.547789, 34.064917], [-96.547642, 34.063652], [-96.552854, 34.060045], [-96.555983, 34.056326], [-96.5565, 34.052731], [-96.558012, 34.050463], [-96.561503, 34.048691], [-96.564756, 34.048057], [-96.56758, 34.047948], [-96.56867, 34.047085], [-96.569584, 34.043741], [-96.571548, 34.042516], [-96.5745, 34.042002], [-96.576195, 34.042675], [-96.576484, 34.043476], [-96.576074, 34.044235], [-96.572123, 34.047332], [-96.571321, 34.04927], [-96.573054, 34.050444], [-96.576017, 34.049575], [-96.577844, 34.048568], [-96.578665, 34.046775], [-96.578574, 34.04503], [-96.574494, 34.037971], [-96.574332, 34.03696], [-96.576361, 34.033804], [-96.57998, 34.033873], [-96.579989, 34.031199], [-96.578945, 34.029848], [-96.577442, 34.029652], [-96.574199, 34.030448], [-96.573114, 34.03018], [-96.573022, 34.02862], [-96.57538, 34.025561], [-96.578899, 34.023537], [-96.579581, 34.022609], [-96.579169, 34.020944], [-96.577891, 34.02028], [-96.573649, 34.020985], [-96.573324, 34.019611], [-96.5741, 34.016679], [-96.578946, 34.00914], [-96.581791, 34.00819], [-96.582949, 34.006875], [-96.584898, 34.007297], [-96.587028, 34.00856], [-96.590026, 34.011311], [-96.591079, 34.015545], [-96.593423, 34.016728], [-96.595122, 34.016334], [-96.599162, 34.014618], [-96.602345, 34.014194], [-96.603561, 34.013088], [-96.604089, 34.011497], [-96.603591, 34.009484], [-96.604294, 34.007869], [-96.607223, 34.007929], [-96.612292, 34.009324], [-96.614183, 34.009407], [-96.616993, 34.010209], [-96.618139, 34.009895], [-96.620944, 34.005527], [-96.622415, 34.006724], [-96.623355, 34.009487], [-96.624803, 34.009724], [-96.62488, 34.007571], [-96.624748, 34.005417], [-96.6233, 34.002418], [-96.621274, 34.001025], [-96.619939, 33.999449], [-96.614316, 33.997017], [-96.613076, 33.994228], [-96.613369, 33.992401], [-96.615642, 33.99213], [-96.615638, 33.990729], [-96.612717, 33.989852], [-96.610642, 33.988232], [-96.608877, 33.987512], [-96.603708, 33.988724], [-96.602762, 33.987938], [-96.603979, 33.985351], [-96.606596, 33.9845], [-96.607354, 33.983243], [-96.606792, 33.98194], [-96.605016, 33.980513], [-96.602375, 33.979642], [-96.600371, 33.97943], [-96.599834, 33.976518], [-96.598279, 33.974904], [-96.593664, 33.974095], [-96.594343, 33.972444], [-96.593646, 33.971013], [-96.588983, 33.970163], [-96.58707, 33.97156], [-96.585874, 33.974661], [-96.58469, 33.97093], [-96.585202, 33.967356], [-96.584362, 33.966505], [-96.57701, 33.964406], [-96.57619, 33.963885], [-96.575927, 33.962534], [-96.576366, 33.960811], [-96.576574, 33.960467], [-96.577796, 33.95845], [-96.58188, 33.95494], [-96.585384, 33.954884], [-96.585931, 33.953884], [-96.584353, 33.95042], [-96.5879, 33.948005], [-96.590911, 33.951185], [-96.593058, 33.950922], [-96.593944, 33.947339], [-96.596462, 33.945667], [-96.595823, 33.944051], [-96.592214, 33.940519], [-96.590791, 33.937328], [-96.590932, 33.935944], [-96.593158, 33.932961], [-96.589545, 33.927884], [-96.588282, 33.926696], [-96.584014, 33.925354], [-96.581029, 33.925015], [-96.580591, 33.923312], [-96.581567, 33.920292], [-96.584565, 33.918587], [-96.587396, 33.91887], [-96.590401, 33.919764], [-96.59091, 33.919231], [-96.590976, 33.918555], [-96.586945, 33.915668], [-96.582491, 33.916242], [-96.580949, 33.915425], [-96.581744, 33.909903], [-96.58253, 33.908299], [-96.58498, 33.906708], [-96.588739, 33.905315], [-96.59111, 33.903225], [-96.590992, 33.901994], [-96.587131, 33.896982], [-96.5885189157485, 33.8948810582175], [-96.592948, 33.895616], [-96.607562, 33.894735], [-96.6262173962632, 33.8945028423579], [-96.628294, 33.894477], [-96.630117, 33.895422], [-96.6394636540167, 33.902492532788], [-96.64405, 33.905962], [-96.645951221609, 33.9072462784364], [-96.659896, 33.916666], [-96.66441, 33.917267], [-96.667187, 33.91694], [-96.670618, 33.914914], [-96.673449, 33.912278], [-96.675306, 33.909114], [-96.6782986558143, 33.9022650039775], [-96.680947, 33.896204], [-96.683464, 33.884217], [-96.6830897710888, 33.8821349564176], [-96.682103, 33.876645], [-96.682209, 33.873876], [-96.684727, 33.862905], [-96.688191, 33.854613], [-96.690708, 33.849959], [-96.6919140053451, 33.8484749577809], [-96.6931029507083, 33.8470119086141], [-96.699574, 33.839049], [-96.7022011641094, 33.8368818451704], [-96.704457, 33.835021], [-96.708134, 33.83306], [-96.712422, 33.831633], [-96.746038, 33.825699], [-96.754041, 33.824658], [-96.761588, 33.824406], [-96.766235, 33.825458], [-96.7679359661585, 33.8265506664569], [-96.769378, 33.827477], [-96.770676, 33.829621], [-96.7716159294573, 33.8315278683817], [-96.776766, 33.841976], [-96.777202, 33.848162], [-96.779588, 33.857939], [-96.780569, 33.860098], [-96.783485, 33.863534], [-96.7868593685454, 33.8652075817306], [-96.7888924383728, 33.8662159210612], [-96.794276, 33.868886], [-96.7983890294503, 33.8697218550823], [-96.812778, 33.872646], [-96.832157, 33.874835], [-96.8338917485549, 33.8736844418831], [-96.837413, 33.871349], [-96.839778, 33.868396], [-96.840819, 33.863645], [-96.841592, 33.852894], [-96.845896, 33.848975], [-96.850593, 33.847211], [-96.85609, 33.84749], [-96.866438, 33.853149], [-96.875281, 33.860505], [-96.88301, 33.868019], [-96.8926863575097, 33.8896230392742], [-96.895728, 33.896414], [-96.897194, 33.902954], [-96.896469, 33.913318], [-96.899442, 33.933728], [-96.902434, 33.942018], [-96.905253, 33.947219], [-96.907387, 33.950025], [-96.9100841561795, 33.9527125942178], [-96.911336, 33.95396], [-96.9163, 33.957798], [-96.918618, 33.958926], [-96.922114, 33.959579], [-96.924268, 33.959159], [-96.932252, 33.955688], [-96.9347906714179, 33.9543587870584], [-96.934817, 33.983975], [-96.934833, 34.01293], [-96.969736, 34.012953], [-96.969627, 34.07102]]]}, "properties": {"hpsa_id": "7407517593", "name": "Marshall County", "score": 18, "discipline": "Mental Health", "type": "Geographic HPSA", "status": "Designated", "rural": "Rural", "provider_ratio": "30000:1", "designation_pop": "227093.0", "underserved_pop": "197093", "pct_poverty": "16.1", "original_name": "MHCA 18/Southern Oklahoma", "from_multi_county": true, "multi_county_name": "MHCA 18/Southern Oklahoma"}}, {"type": "Feature", "geometry": {"type": "Polygon", "coordinates": [[[-96.629747, 33.850866], [-96.628969, 33.852407], [-96.625399, 33.856542], [-96.6146783636591, 33.8665002409499], [-96.61197, 33.869016], [-96.601686, 33.872823], [-96.597348, 33.875101], [-96.590112, 33.880665], [-96.587494, 33.884251], [-96.5873434435115, 33.8845823794876], [-96.58536, 33.888948], [-96.585452, 33.891281], [-96.587934, 33.894784], [-96.5885189157485, 33.8948810582175], [-96.587131, 33.896982], [-96.590992, 33.901994], [-96.59111, 33.903225], [-96.588739, 33.905315], [-96.58498, 33.906708], [-96.58253, 33.908299], [-96.581744, 33.909903], [-96.580949, 33.915425], [-96.582491, 33.916242], [-96.586945, 33.915668], [-96.590976, 33.918555], [-96.59091, 33.919231], [-96.590401, 33.919764], [-96.587396, 33.91887], [-96.584565, 33.918587], [-96.581567, 33.920292], [-96.580591, 33.923312], [-96.581029, 33.925015], [-96.584014, 33.925354], [-96.588282, 33.926696], [-96.589545, 33.927884], [-96.593158, 33.932961], [-96.590932, 33.935944], [-96.590791, 33.937328], [-96.592214, 33.940519], [-96.595823, 33.944051], [-96.596462, 33.945667], [-96.593944, 33.947339], [-96.593058, 33.950922], [-96.590911, 33.951185], [-96.5879, 33.948005], [-96.584353, 33.95042], [-96.585931, 33.953884], [-96.585384, 33.954884], [-96.58188, 33.95494], [-96.577796, 33.95845], [-96.576574, 33.960467], [-96.576366, 33.960811], [-96.575927, 33.962534], [-96.57619, 33.963885], [-96.57701, 33.964406], [-96.584362, 33.966505], [-96.585202, 33.967356], [-96.58469, 33.97093], [-96.585874, 33.974661], [-96.58707, 33.97156], [-96.588983, 33.970163], [-96.593646, 33.971013], [-96.594343, 33.972444], [-96.593664, 33.974095], [-96.598279, 33.974904], [-96.599834, 33.976518], [-96.600371, 33.97943], [-96.602375, 33.979642], [-96.605016, 33.980513], [-96.606792, 33.98194], [-96.607354, 33.983243], [-96.606596, 33.9845], [-96.603979, 33.985351], [-96.602762, 33.987938], [-96.603708, 33.988724], [-96.608877, 33.987512], [-96.610642, 33.988232], [-96.612717, 33.989852], [-96.615638, 33.990729], [-96.615642, 33.99213], [-96.613369, 33.992401], [-96.613076, 33.994228], [-96.614316, 33.997017], [-96.619939, 33.999449], [-96.621274, 34.001025], [-96.6233, 34.002418], [-96.624748, 34.005417], [-96.62488, 34.007571], [-96.624803, 34.009724], [-96.623355, 34.009487], [-96.622415, 34.006724], [-96.620944, 34.005527], [-96.618139, 34.009895], [-96.616993, 34.010209], [-96.614183, 34.009407], [-96.612292, 34.009324], [-96.607223, 34.007929], [-96.604294, 34.007869], [-96.603591, 34.009484], [-96.604089, 34.011497], [-96.603561, 34.013088], [-96.602345, 34.014194], [-96.599162, 34.014618], [-96.595122, 34.016334], [-96.593423, 34.016728], [-96.591079, 34.015545], [-96.590026, 34.011311], [-96.587028, 34.00856], [-96.584898, 34.007297], [-96.582949, 34.006875], [-96.581791, 34.00819], [-96.578946, 34.00914], [-96.5741, 34.016679], [-96.573324, 34.019611], [-96.573649, 34.020985], [-96.577891, 34.02028], [-96.579169, 34.020944], [-96.579581, 34.022609], [-96.578899, 34.023537], [-96.57538, 34.025561], [-96.573022, 34.02862], [-96.573114, 34.03018], [-96.574199, 34.030448], [-96.577442, 34.029652], [-96.578945, 34.029848], [-96.579989, 34.031199], [-96.57998, 34.033873], [-96.576361, 34.033804], [-96.574332, 34.03696], [-96.574494, 34.037971], [-96.578574, 34.04503], [-96.578665, 34.046775], [-96.577844, 34.048568], [-96.576017, 34.049575], [-96.573054, 34.050444], [-96.571321, 34.04927], [-96.572123, 34.047332], [-96.576074, 34.044235], [-96.576484, 34.043476], [-96.576195, 34.042675], [-96.5745, 34.042002], [-96.571548, 34.042516], [-96.569584, 34.043741], [-96.56867, 34.047085], [-96.56758, 34.047948], [-96.564756, 34.048057], [-96.561503, 34.048691], [-96.558012, 34.050463], [-96.5565, 34.052731], [-96.555983, 34.056326], [-96.552854, 34.060045], [-96.547642, 34.063652], [-96.547789, 34.064917], [-96.549181, 34.066245], [-96.548727, 34.068135], [-96.550721, 34.069931], [-96.550753, 34.071749], [-96.555889, 34.073866], [-96.560344, 34.073436], [-96.564284, 34.077159], [-96.564035, 34.079025], [-96.561305, 34.079482], [-96.558748, 34.078153], [-96.556991, 34.078086], [-96.556047, 34.078876], [-96.555892, 34.081178], [-96.55757, 34.081658], [-96.56061, 34.081274], [-96.564742, 34.082088], [-96.565442, 34.083217], [-96.568602, 34.084785], [-96.568924, 34.086031], [-96.565761, 34.088435], [-96.565716, 34.089691], [-96.567466, 34.090254], [-96.569019, 34.091916], [-96.570122, 34.09495], [-96.57166, 34.096698], [-96.573977, 34.097881], [-96.58139, 34.104808], [-96.582029, 34.105907], [-96.579128, 34.107997], [-96.579334, 34.110064], [-96.580166, 34.110631], [-96.583678, 34.111186], [-96.584955, 34.112701], [-96.585355, 34.114459], [-96.58383, 34.114314], [-96.572263, 34.114289], [-96.563237, 34.114274], [-96.478891, 34.114195], [-96.453836, 34.1141], [-96.45397, 34.125095], [-96.453813, 34.156716], [-96.453901, 34.157348], [-96.413538, 34.157335], [-96.410577, 34.157326], [-96.407517, 34.157317], [-96.407517, 34.157188], [-96.388745, 34.157165], [-96.372653, 34.157177], [-96.355669, 34.157186], [-96.320709, 34.157179], [-96.284894, 34.157083], [-96.279867, 34.15709], [-96.268274, 34.157088], [-96.235491, 34.15703], [-96.233953, 34.157172], [-96.22305, 34.15714], [-96.221561, 34.15701], [-96.147633, 34.156966], [-96.102549, 34.156942], [-96.085925, 34.156926], [-96.071094, 34.156906], [-96.068649, 34.156906], [-96.051847, 34.156863], [-95.998535, 34.156818], [-95.991578, 34.156805], [-95.990036, 34.154962], [-95.988193, 34.155832], [-95.985798, 34.156131], [-95.984696, 34.154301], [-95.982603, 34.154348], [-95.981887, 34.153501], [-95.983291, 34.152402], [-95.981638, 34.152654], [-95.978912, 34.150824], [-95.977838, 34.151077], [-95.978253, 34.154052], [-95.976959, 34.154876], [-95.976105, 34.153229], [-95.974563, 34.152405], [-95.973105, 34.154008], [-95.970187, 34.155016], [-95.969857, 34.15378], [-95.971508, 34.153413], [-95.971453, 34.152521], [-95.969718, 34.152429], [-95.967818, 34.151217], [-95.966029, 34.151492], [-95.964818, 34.150256], [-95.962368, 34.151218], [-95.956008, 34.149114], [-95.954576, 34.14932], [-95.953337, 34.147718], [-95.956035, 34.147558], [-95.954768, 34.145658], [-95.952649, 34.14591], [-95.951272, 34.144743], [-95.949758, 34.145109], [-95.950254, 34.143965], [-95.951823, 34.144056], [-95.950721, 34.141676], [-95.952703, 34.141813], [-95.952785, 34.140051], [-95.953803, 34.138906], [-95.951877, 34.139639], [-95.950583, 34.139204], [-95.950693, 34.136435], [-95.948408, 34.134147], [-95.949564, 34.133231], [-95.948765, 34.131469], [-95.950086, 34.130965], [-95.949783, 34.129157], [-95.947416, 34.128814], [-95.945737, 34.126319], [-95.944415, 34.125568], [-95.943954, 34.124088], [-95.940817, 34.124042], [-95.939875, 34.126182], [-95.938196, 34.125591], [-95.938224, 34.098674], [-95.938191, 34.096749], [-95.938138, 34.096314], [-95.938206, 34.095268], [-95.938318, 34.069644], [-95.938128, 34.068182], [-95.93809, 34.040697], [-95.938152, 34.011877], [-95.938013, 34.010733], [-95.937989, 33.948219], [-95.936973, 33.945838], [-95.93541, 33.944816], [-95.935944, 33.942443], [-95.932471, 33.939933], [-95.931258, 33.940417], [-95.930349, 33.93962], [-95.928892, 33.939631], [-95.92936, 33.938005], [-95.926632, 33.93717], [-95.926171, 33.934462], [-95.924925, 33.932314], [-95.923693, 33.932929], [-95.921762, 33.931627], [-95.921183, 33.930094], [-95.922659, 33.92876], [-95.922112, 33.927908], [-95.919648, 33.926266], [-95.918304, 33.926139], [-95.918871, 33.925057], [-95.914687, 33.923244], [-95.909422, 33.921826], [-95.909053, 33.923221], [-95.905593, 33.92266], [-95.904176, 33.923802], [-95.903353, 33.923198], [-95.903933, 33.921857], [-95.901166, 33.92], [-95.900369, 33.920708], [-95.89892, 33.919796], [-95.896619, 33.921724], [-95.89573, 33.920844], [-95.894807, 33.921305], [-95.893609, 33.9203], [-95.892146, 33.92031], [-95.891863, 33.919525], [-95.887337, 33.918507], [-95.885908, 33.917062], [-95.886936, 33.916716], [-95.886429, 33.915771], [-95.883674, 33.916425], [-95.880979, 33.916702], [-95.878595, 33.915762], [-95.875868, 33.913767], [-95.876574, 33.913492], [-95.87347, 33.910719], [-95.873627, 33.909906], [-95.872037, 33.907336], [-95.871168, 33.907567], [-95.86952, 33.905722], [-95.867339, 33.905476], [-95.868518, 33.905031], [-95.868187, 33.903745], [-95.867179, 33.903801], [-95.867119, 33.902356], [-95.866131, 33.902406], [-95.866934, 33.901109], [-95.865682, 33.90056], [-95.866048, 33.896451], [-95.864927, 33.895002], [-95.863676, 33.894662], [-95.864419, 33.89381], [-95.863114, 33.892585], [-95.864109, 33.89253], [-95.862922, 33.889591], [-95.861155, 33.8874], [-95.85908, 33.887962], [-95.857644, 33.887473], [-95.856609, 33.885831], [-95.853823, 33.885162], [-95.854691, 33.883525], [-95.853414, 33.884102], [-95.851951, 33.883427], [-95.851279, 33.881205], [-95.847761, 33.88], [-95.847444, 33.879154], [-95.845086, 33.878759], [-95.844124, 33.877914], [-95.842741, 33.878002], [-95.841641, 33.875404], [-95.839776, 33.874186], [-95.839586, 33.874928], [-95.836905, 33.873374], [-95.836135, 33.874468], [-95.834567, 33.873726], [-95.832704, 33.875746], [-95.830721, 33.875378], [-95.830583, 33.874035], [-95.828178, 33.87314], [-95.826032, 33.873745], [-95.823509, 33.872811], [-95.822541, 33.873663], [-95.820862, 33.872845], [-95.818293, 33.872345], [-95.814243, 33.87284], [-95.813979, 33.871434], [-95.812023, 33.869852], [-95.809152, 33.871203], [-95.806965, 33.870247], [-95.805095, 33.870116], [-95.801763, 33.872533], [-95.800966, 33.871632], [-95.79924, 33.871753], [-95.798911, 33.873197], [-95.797041, 33.873708], [-95.794933, 33.87334], [-95.794426, 33.873944], [-95.792865, 33.872637], [-95.792358, 33.873483], [-95.790514, 33.873329], [-95.789434, 33.872466], [-95.788505, 33.873598], [-95.78753, 33.872812], [-95.786747, 33.873532], [-95.785779, 33.872394], [-95.783982, 33.869092], [-95.781459, 33.868301], [-95.779496, 33.870135], [-95.776941, 33.871404], [-95.776993, 33.872717], [-95.775168, 33.874524], [-95.771895, 33.873798], [-95.769861, 33.871451], [-95.765593, 33.871016], [-95.764487, 33.871313], [-95.7614490359398, 33.8731846176704], [-95.756796, 33.868228], [-95.75321, 33.863656], [-95.751644, 33.8611], [-95.75129, 33.858881], [-95.751746, 33.855557], [-95.75373, 33.853179], [-95.757465, 33.850039], [-95.763586, 33.846824], [-95.770556, 33.845269], [-95.775902, 33.847311], [-95.779884, 33.851331], [-95.782395, 33.85105], [-95.787891, 33.856336], [-95.789867, 33.857686], [-95.800842, 33.861212], [-95.805149, 33.861304], [-95.817618, 33.859023], [-95.821666, 33.856633], [-95.821666, 33.855443], [-95.820677, 33.850751], [-95.819525, 33.848439], [-95.818976, 33.844456], [-95.819358, 33.842785], [-95.820784, 33.840564], [-95.822787, 33.838756], [-95.828245, 33.836054], [-95.831948, 33.835161], [-95.837516, 33.83564], [-95.840012, 33.836486], [-95.845243, 33.83907], [-95.8463781777365, 33.8400397456755], [-95.849367, 33.842593], [-95.855521, 33.849258], [-95.858808, 33.850668], [-95.860912, 33.84992], [-95.866907, 33.851474], [-95.8749, 33.855915], [-95.881292, 33.860627], [-95.883542, 33.862715], [-95.886688, 33.864814], [-95.894556, 33.86741], [-95.905828, 33.874053], [-95.918583, 33.880838], [-95.922712, 33.883758], [-95.925787, 33.885], [-95.929561, 33.885], [-95.9319804940729, 33.8835107582378], [-95.932448, 33.883223], [-95.933558, 33.879449], [-95.935325, 33.875099], [-95.936631, 33.870615], [-95.941267, 33.861619], [-95.944284, 33.859811], [-95.952652, 33.858357], [-95.972156, 33.856371], [-95.984253, 33.852664], [-95.9842807839486, 33.8527308979177], [-95.985511, 33.855693], [-95.983957, 33.858579], [-95.983735, 33.861687], [-95.984254, 33.864403], [-95.989191, 33.86859], [-95.998617, 33.87223], [-96.001186, 33.872344], [-96.003406, 33.872344], [-96.00444, 33.869742], [-96.002962, 33.866794], [-96.001336, 33.863496], [-95.998077, 33.861687], [-95.994525, 33.861465], [-95.995191, 33.858135], [-95.995857, 33.855693], [-95.997709, 33.852182], [-95.998351, 33.851049], [-96.00163, 33.8477], [-96.005296, 33.845505], [-96.019599, 33.840566], [-96.02139, 33.841039], [-96.023241, 33.842479], [-96.021783, 33.846927], [-96.019542, 33.853497], [-96.021168, 33.855471], [-96.023907, 33.857067], [-96.02694, 33.856803], [-96.029438, 33.856348], [-96.031158, 33.852584], [-96.031372, 33.847249], [-96.037191, 33.841245], [-96.048834, 33.836468], [-96.055358, 33.838262], [-96.0592032603593, 33.8397258564128], [-96.063924, 33.841523], [-96.084626, 33.846656], [-96.0951210947664, 33.8475481746472], [-96.100095, 33.847971], [-96.1001850746561, 33.8478885078258], [-96.101473, 33.846709], [-96.101349, 33.845721], [-96.100785, 33.84423], [-96.099153, 33.842409], [-96.097638, 33.837935], [-96.097448, 33.832725], [-96.09936, 33.83047], [-96.104075, 33.83073], [-96.109993, 33.832396], [-96.118169, 33.837884], [-96.122951, 33.839964], [-96.138905, 33.839159], [-96.14807, 33.837799], [-96.150147, 33.835856], [-96.15163, 33.831946], [-96.148792, 33.819197], [-96.150765, 33.816987], [-96.156656, 33.818223], [-96.164808, 33.817797], [-96.17589, 33.814627], [-96.178964, 33.810553], [-96.17734, 33.805117], [-96.17515, 33.801951], [-96.170373, 33.799382], [-96.168829, 33.802605], [-96.169748, 33.804902], [-96.168829, 33.807658], [-96.166991, 33.811103], [-96.161939, 33.81317], [-96.156355, 33.813349], [-96.159182, 33.810184], [-96.161114, 33.805767], [-96.161249, 33.795715], [-96.162757, 33.788769], [-96.169452, 33.770131], [-96.174633, 33.763699], [-96.178059, 33.760518], [-96.1862574503319, 33.7565196268717], [-96.186554, 33.756375], [-96.1963749095337, 33.7532416692046], [-96.1963803242589, 33.7532399416533], [-96.1999, 33.752117], [-96.220521, 33.74739], [-96.229023, 33.748021], [-96.248232, 33.758986], [-96.255565, 33.762079], [-96.257511, 33.763948], [-96.263593, 33.767467], [-96.267876, 33.76777], [-96.269896, 33.768405], [-96.277847, 33.770477], [-96.288254, 33.771221], [-96.293708, 33.769409], [-96.29653, 33.765789], [-96.301706, 33.753756], [-96.303009, 33.750878], [-96.3061, 33.741002], [-96.307389, 33.735005], [-96.306596, 33.726786], [-96.307035, 33.719987], [-96.3078409391777, 33.7173735447901], [-96.3083403378994, 33.7157541221002], [-96.309964, 33.710489], [-96.316925, 33.698997], [-96.31876, 33.696753], [-96.321103, 33.6951], [-96.331874, 33.693449], [-96.334932, 33.69208], [-96.338013, 33.688728], [-96.342665, 33.686975], [-96.348306, 33.686379], [-96.355946, 33.687155], [-96.362198, 33.691818], [-96.363135, 33.694215], [-96.363253, 33.70105], [-96.366945, 33.711222], [-96.36959, 33.716809], [-96.3794039922769, 33.7258163072446], [-96.384116, 33.730141], [-96.403507, 33.746289], [-96.408469, 33.751192], [-96.4118730854082, 33.7556871295874], [-96.413408, 33.757714], [-96.416146, 33.766099], [-96.417562, 33.769038], [-96.419205722102, 33.7717759381074], [-96.419961, 33.773034], [-96.422643, 33.776041], [-96.430214, 33.778654], [-96.436714, 33.779329], [-96.441206, 33.780327], [-96.448045, 33.781031], [-96.4486706614633, 33.7809185586092], [-96.45051, 33.780588], [-96.456254, 33.776035], [-96.4571133726479, 33.7757970426771], [-96.459154, 33.775232], [-96.467872, 33.775795], [-96.473092, 33.775445], [-96.48606, 33.77301], [-96.500268, 33.772583], [-96.502286, 33.77346], [-96.511914, 33.781478], [-96.515912, 33.787795], [-96.5159148630408, 33.7884735406623], [-96.5159324371729, 33.7926386099697], [-96.5159450940336, 33.7956382859546], [-96.515959, 33.798934], [-96.516584, 33.803168], [-96.519911, 33.811347], [-96.523863, 33.818114], [-96.526655, 33.820891], [-96.529234, 33.822127], [-96.5320921136834, 33.8228181109374], [-96.5322256788429, 33.8228504078832], [-96.532865, 33.823005], [-96.5440365134042, 33.8206463124548], [-96.551223, 33.819129], [-96.566298, 33.818511], [-96.572937, 33.819098], [-96.587067, 33.828009], [-96.592926, 33.830916], [-96.601258, 33.834327], [-96.623155, 33.841483], [-96.62929, 33.845488], [-96.630022, 33.847541], [-96.629747, 33.850866]]]}, "properties": {"hpsa_id": "7407517593", "name": "Bryan County", "score": 18, "discipline": "Mental Health", "type": "Geographic HPSA", "status": "Designated", "rural": "Rural", "provider_ratio": "30000:1", "designation_pop": "227093.0", "underserved_pop": "197093", "pct_poverty": "16.1", "original_name": "MHCA 18/Southern Oklahoma", "from_multi_county": true, "multi_county_name": "MHCA 18/Southern Oklahoma"}}, {"type": "Feature", "geometry": {"type": "Polygon", "coordinates": [[[-96.777033, 35.290007], [-96.777089, 35.297257], [-96.777108, 35.304141], [-96.776803, 35.333378], [-96.776766, 35.362072], [-96.776712, 35.383989], [-96.776714, 35.384265], [-96.776694, 35.405417], [-96.776882, 35.405562], [-96.776886, 35.409881], [-96.776695, 35.410886], [-96.775809, 35.411275], [-96.774381, 35.40808], [-96.775093, 35.406726], [-96.774473, 35.405802], [-96.770564, 35.407146], [-96.7692, 35.41062], [-96.767024, 35.408457], [-96.765048, 35.409265], [-96.762372, 35.40923], [-96.760647, 35.407962], [-96.759034, 35.407502], [-96.752593, 35.406972], [-96.749954, 35.406332], [-96.748759, 35.40704], [-96.744271, 35.406589], [-96.742784, 35.406825], [-96.741155, 35.407454], [-96.740119, 35.408862], [-96.741664, 35.412069], [-96.741446, 35.414387], [-96.73686, 35.415452], [-96.735754, 35.413528], [-96.734264, 35.4138], [-96.73314, 35.416557], [-96.736294, 35.417654], [-96.73806, 35.419858], [-96.734933, 35.420442], [-96.731324, 35.423413], [-96.729119, 35.423714], [-96.724807, 35.425007], [-96.721457, 35.424312], [-96.720274, 35.423473], [-96.716876, 35.419181], [-96.717195, 35.41706], [-96.720009, 35.414443], [-96.720368, 35.412628], [-96.718812, 35.411967], [-96.713321, 35.414484], [-96.711746, 35.415521], [-96.709213, 35.415734], [-96.707696, 35.414878], [-96.706445, 35.415129], [-96.705702, 35.416671], [-96.704536, 35.416829], [-96.702399, 35.416048], [-96.701805, 35.414877], [-96.700728, 35.409672], [-96.697089, 35.409426], [-96.695055, 35.408746], [-96.692844, 35.408844], [-96.690412, 35.407688], [-96.690037, 35.406313], [-96.690793, 35.405192], [-96.690002, 35.403856], [-96.688615, 35.403641], [-96.682537, 35.405918], [-96.680222, 35.405084], [-96.679001, 35.402334], [-96.677737, 35.402205], [-96.676906, 35.403814], [-96.675319, 35.403942], [-96.67438, 35.401941], [-96.674556, 35.400388], [-96.672272, 35.40065], [-96.668295, 35.399333], [-96.665411, 35.398912], [-96.661162, 35.395287], [-96.659408, 35.394854], [-96.654854, 35.395465], [-96.653489, 35.394743], [-96.653747, 35.392112], [-96.652425, 35.391649], [-96.646668, 35.392883], [-96.645548, 35.392667], [-96.641402, 35.394812], [-96.636243, 35.39901], [-96.635632, 35.396749], [-96.633823, 35.393116], [-96.632125, 35.392172], [-96.630182, 35.392695], [-96.62866, 35.39599], [-96.625707, 35.399928], [-96.623699, 35.400722], [-96.622639, 35.400256], [-96.621297, 35.398089], [-96.617305, 35.395825], [-96.616029, 35.395698], [-96.613776, 35.396816], [-96.612608, 35.396574], [-96.611392, 35.394227], [-96.610198, 35.394258], [-96.606764, 35.395876], [-96.606372, 35.397978], [-96.606708, 35.399368], [-96.604829, 35.399381], [-96.599717, 35.396955], [-96.597282, 35.398835], [-96.596254, 35.400204], [-96.595, 35.403153], [-96.594004, 35.404278], [-96.591698, 35.408784], [-96.589102, 35.411575], [-96.585654, 35.411474], [-96.581367, 35.409527], [-96.578682, 35.407178], [-96.57745, 35.404787], [-96.577325, 35.402658], [-96.576671, 35.401934], [-96.574218, 35.40194], [-96.569848, 35.40108], [-96.566948, 35.399383], [-96.565418, 35.399367], [-96.561114, 35.400187], [-96.556862, 35.402401], [-96.555566, 35.402437], [-96.554935, 35.401692], [-96.55651, 35.399021], [-96.55673, 35.394974], [-96.554396, 35.39366], [-96.550001, 35.392178], [-96.546585, 35.392608], [-96.541906, 35.39256], [-96.539402, 35.391827], [-96.538291, 35.390932], [-96.536718, 35.390772], [-96.535146, 35.391371], [-96.535096, 35.391455], [-96.534393, 35.393893], [-96.534576, 35.394978], [-96.533768, 35.397152], [-96.5317, 35.399812], [-96.531879, 35.400906], [-96.534551, 35.402708], [-96.537415, 35.403535], [-96.538133, 35.405235], [-96.536919, 35.409689], [-96.537163, 35.41094], [-96.54051, 35.412041], [-96.544049, 35.411842], [-96.546913, 35.412963], [-96.549996, 35.414942], [-96.550009, 35.415739], [-96.548104, 35.417534], [-96.547775, 35.418546], [-96.549188, 35.4196], [-96.551099, 35.420131], [-96.551714, 35.422251], [-96.552633, 35.422987], [-96.554804, 35.422835], [-96.555618, 35.422001], [-96.555485, 35.41984], [-96.556844, 35.418816], [-96.560102, 35.421559], [-96.56082, 35.422691], [-96.560671, 35.424427], [-96.559065, 35.429198], [-96.556313, 35.43262], [-96.555722, 35.434566], [-96.564634, 35.436057], [-96.568476, 35.438165], [-96.569602, 35.439564], [-96.569126, 35.44168], [-96.568159, 35.442218], [-96.565367, 35.442267], [-96.563054, 35.443276], [-96.562339, 35.444178], [-96.561234, 35.447466], [-96.560295, 35.448753], [-96.558695, 35.448915], [-96.556485, 35.447356], [-96.554093, 35.447831], [-96.553286, 35.449907], [-96.554661, 35.45345], [-96.553641, 35.454309], [-96.548918, 35.453543], [-96.54564, 35.452677], [-96.544469, 35.452733], [-96.543684, 35.454141], [-96.54612, 35.456419], [-96.546184, 35.457474], [-96.544121, 35.457827], [-96.543213, 35.457323], [-96.540327, 35.45339], [-96.539282, 35.449769], [-96.536492, 35.447165], [-96.53461, 35.446867], [-96.532335, 35.446371], [-96.529665, 35.444458], [-96.52548, 35.441137], [-96.521552, 35.438493], [-96.519714, 35.435809], [-96.520412, 35.4326], [-96.518633, 35.431205], [-96.511413, 35.429642], [-96.505701, 35.430001], [-96.501573, 35.428723], [-96.496594, 35.428896], [-96.491756, 35.430425], [-96.49012, 35.430944], [-96.487522, 35.432521], [-96.484402, 35.436548], [-96.483016, 35.439842], [-96.48306, 35.44249], [-96.484285, 35.44453], [-96.487965, 35.445829], [-96.488281, 35.448229], [-96.487735, 35.449159], [-96.485502, 35.450775], [-96.484193, 35.451197], [-96.481062, 35.453883], [-96.476734, 35.458874], [-96.476692, 35.460907], [-96.475754, 35.463421], [-96.473097, 35.463958], [-96.471513, 35.462988], [-96.470414, 35.46058], [-96.4693, 35.459567], [-96.465588, 35.45811], [-96.463825, 35.458727], [-96.462239, 35.460914], [-96.459052, 35.46151], [-96.45651, 35.461263], [-96.454562, 35.460149], [-96.45399, 35.458813], [-96.452554, 35.458209], [-96.449236, 35.45943], [-96.446202, 35.458444], [-96.443483, 35.461144], [-96.442219, 35.46556], [-96.44129, 35.467712], [-96.441216, 35.435425], [-96.44115, 35.43494], [-96.441248, 35.39182], [-96.441275, 35.348138], [-96.441277, 35.333715], [-96.441382, 35.311731], [-96.441368, 35.290122], [-96.441339, 35.2319], [-96.441252, 35.202885], [-96.441192, 35.173922], [-96.441228, 35.159282], [-96.441277, 35.135308], [-96.441305, 35.115771], [-96.472242, 35.115794], [-96.490434, 35.115857], [-96.490468, 35.094062], [-96.490477, 35.086814], [-96.490495, 35.07233], [-96.490521, 35.061405], [-96.490529, 35.057734], [-96.490535, 35.049896], [-96.490577, 35.021293], [-96.490653, 34.966094], [-96.490786, 34.910585], [-96.494387, 34.907385], [-96.496887, 34.904585], [-96.497987, 34.902685], [-96.498487, 34.899085], [-96.499607, 34.896974], [-96.500287, 34.893465], [-96.502224, 34.891874], [-96.504508, 34.888181], [-96.506187, 34.886485], [-96.510486, 34.87862], [-96.512599, 34.875466], [-96.514587, 34.873386], [-96.516987, 34.871586], [-96.519886, 34.870187], [-96.521486, 34.869887], [-96.528587, 34.869586], [-96.530287, 34.869985], [-96.533787, 34.872184], [-96.543762, 34.880097], [-96.545984, 34.88227], [-96.549579, 34.887112], [-96.551767, 34.890914], [-96.552962, 34.893613], [-96.555888, 34.898084], [-96.556588, 34.900884], [-96.556288, 34.904584], [-96.555288, 34.907484], [-96.555389, 34.911284], [-96.556889, 34.914184], [-96.564089, 34.917284], [-96.568689, 34.916584], [-96.571889, 34.916784], [-96.577089, 34.916584], [-96.578489, 34.915984], [-96.584188, 34.91219], [-96.589138, 34.909968], [-96.590363, 34.909168], [-96.592689, 34.907584], [-96.59579, 34.905984], [-96.59879, 34.904884], [-96.603224, 34.903707], [-96.61319, 34.900484], [-96.61649, 34.899684], [-96.62189, 34.898984], [-96.62529, 34.898984], [-96.63319, 34.898584], [-96.636791, 34.898784], [-96.640791, 34.899484], [-96.64449, 34.900583], [-96.64599, 34.901384], [-96.64949, 34.905282], [-96.65309, 34.91038], [-96.655491, 34.915083], [-96.657992, 34.920983], [-96.659292, 34.923083], [-96.662092, 34.925883], [-96.665392, 34.928383], [-96.667692, 34.929583], [-96.683574, 34.933035], [-96.691967, 34.933314], [-96.694154, 34.932792], [-96.699488, 34.930273], [-96.702526, 34.928152], [-96.704596, 34.926281], [-96.706493, 34.923983], [-96.708093, 34.921083], [-96.711492, 34.916282], [-96.712092, 34.913883], [-96.711578, 34.912359], [-96.710934, 34.911715], [-96.70353, 34.909305], [-96.701728, 34.908266], [-96.700615, 34.906908], [-96.695689, 34.903614], [-96.693452, 34.901257], [-96.690144, 34.896272], [-96.689192, 34.895583], [-96.686992, 34.891283], [-96.686303, 34.888546], [-96.68647, 34.883185], [-96.687292, 34.880984], [-96.690407, 34.874997], [-96.694936, 34.870623], [-96.694103, 34.870068], [-96.694182, 34.868495], [-96.697992, 34.866884], [-96.703792, 34.863384], [-96.710093, 34.860883], [-96.712395, 34.859681], [-96.720071, 34.857461], [-96.722891, 34.856782], [-96.727591, 34.857182], [-96.729391, 34.857582], [-96.733692, 34.859684], [-96.737034, 34.862925], [-96.740393, 34.866883], [-96.742093, 34.869383], [-96.747193, 34.881783], [-96.748793, 34.890283], [-96.750094, 34.892983], [-96.755517, 34.899809], [-96.760654, 34.90084], [-96.763407, 34.90038], [-96.767529, 34.900652], [-96.771534, 34.900248], [-96.772561, 34.900638], [-96.775681, 34.899958], [-96.775144, 34.901638], [-96.77543, 34.941609], [-96.775373, 34.970603], [-96.7754, 35.014144], [-96.775365, 35.043224], [-96.775551, 35.082172], [-96.775671, 35.115861], [-96.775675, 35.124268], [-96.775687, 35.12583], [-96.775726, 35.137539], [-96.775786, 35.144707], [-96.776567, 35.174564], [-96.776626, 35.180677], [-96.776741, 35.19543], [-96.776858, 35.217287], [-96.777021, 35.253138], [-96.777042, 35.260413], [-96.776924, 35.26096], [-96.776826, 35.268219], [-96.777147, 35.289861], [-96.777033, 35.290007]]]}, "properties": {"hpsa_id": "7407517593", "name": "Seminole County", "score": 18, "discipline": "Mental Health", "type": "Geographic HPSA", "status": "Designated", "rural": "Rural", "provider_ratio": "30000:1", "designation_pop": "227093.0", "underserved_pop": "197093", "pct_poverty": "16.1", "original_name": "MHCA 18/Southern Oklahoma", "from_multi_county": true, "multi_county_name": "MHCA 18/Southern Oklahoma"}}, {"type": "Feature", "geometry": {"type": "Polygon", "coordinates": [[[-96.933493, 34.179987], [-96.93348, 34.190936], [-96.933466, 34.2019], [-96.933448, 34.214517], [-96.933443, 34.214565], [-96.933256, 34.226968], [-96.933411, 34.245662], [-96.933305, 34.332561], [-96.933006, 34.332664], [-96.881005, 34.332977], [-96.880802, 34.433745], [-96.880812, 34.455496], [-96.88079, 34.506053], [-96.861384, 34.506023], [-96.859509, 34.506128], [-96.829273, 34.506062], [-96.827343, 34.506062], [-96.758374, 34.505841], [-96.757536, 34.505947], [-96.740376, 34.505903], [-96.695033, 34.505806], [-96.676373, 34.505783], [-96.629008, 34.505692], [-96.6284, 34.505719], [-96.565979, 34.505484], [-96.513787, 34.505396], [-96.513773, 34.463188], [-96.513768, 34.419569], [-96.500649, 34.41949], [-96.49855, 34.41944], [-96.496329, 34.41949], [-96.487571, 34.419523], [-96.487164, 34.419576], [-96.454221, 34.419551], [-96.453484, 34.419324], [-96.453052, 34.418382], [-96.407074, 34.41839], [-96.407094, 34.396819], [-96.407134, 34.37215], [-96.407028, 34.370754], [-96.407118, 34.317331], [-96.407155, 34.317232], [-96.407124, 34.30949], [-96.407131, 34.309424], [-96.407158, 34.302307], [-96.407204, 34.284261], [-96.407256, 34.244238], [-96.407439, 34.208014], [-96.407496, 34.169848], [-96.407517, 34.157317], [-96.410577, 34.157326], [-96.413538, 34.157335], [-96.453901, 34.157348], [-96.453813, 34.156716], [-96.45397, 34.125095], [-96.453836, 34.1141], [-96.478891, 34.114195], [-96.563237, 34.114274], [-96.572263, 34.114289], [-96.58383, 34.114314], [-96.585355, 34.114459], [-96.58705, 34.11738], [-96.586854, 34.118018], [-96.583086, 34.117835], [-96.582052, 34.119102], [-96.581792, 34.121429], [-96.582251, 34.125327], [-96.58457, 34.126848], [-96.588569, 34.126743], [-96.590786, 34.128038], [-96.594746, 34.131426], [-96.599094, 34.133914], [-96.600875, 34.135583], [-96.600827, 34.13796], [-96.59869, 34.140397], [-96.600318, 34.143283], [-96.602995, 34.145635], [-96.604975, 34.144556], [-96.605533, 34.141223], [-96.606821, 34.139873], [-96.610638, 34.139769], [-96.613268, 34.141377], [-96.613799, 34.14198], [-96.612783, 34.144407], [-96.609203, 34.144239], [-96.607789, 34.146176], [-96.609778, 34.146889], [-96.611071, 34.148409], [-96.613129, 34.151981], [-96.619187, 34.154043], [-96.620173, 34.155355], [-96.619449, 34.157111], [-96.619783, 34.161191], [-96.620784, 34.162041], [-96.621981, 34.162244], [-96.625277, 34.160527], [-96.62739, 34.157699], [-96.627282, 34.154627], [-96.628636, 34.153698], [-96.632272, 34.154645], [-96.635267, 34.156432], [-96.63763, 34.156508], [-96.641157, 34.158398], [-96.64148, 34.159718], [-96.640308, 34.16295], [-96.636758, 34.164429], [-96.636384, 34.165877], [-96.638597, 34.168103], [-96.641897, 34.168243], [-96.643376, 34.168066], [-96.649451, 34.16278], [-96.653728, 34.161402], [-96.656145, 34.161193], [-96.659698, 34.163783], [-96.661857, 34.165689], [-96.663287, 34.16788], [-96.665476, 34.168808], [-96.667751, 34.166758], [-96.669711, 34.169103], [-96.669963, 34.172521], [-96.713244, 34.172553], [-96.752346, 34.172547], [-96.837718, 34.172552], [-96.845598, 34.172571], [-96.88708, 34.172541], [-96.887786, 34.172374], [-96.889539, 34.172473], [-96.933503, 34.172748], [-96.933493, 34.179987]]]}, "properties": {"hpsa_id": "7407517593", "name": "Johnston County", "score": 18, "discipline": "Mental Health", "type": "Geographic HPSA", "status": "Designated", "rural": "Rural", "provider_ratio": "30000:1", "designation_pop": "227093.0", "underserved_pop": "197093", "pct_poverty": "16.1", "original_name": "MHCA 18/Southern Oklahoma", "from_multi_county": true, "multi_county_name": "MHCA 18/Southern Oklahoma"}}, {"type": "Feature", "geometry": {"type": "Polygon", "coordinates": [[[-97.560743, 33.983964], [-97.536818, 33.983877], [-97.537532, 33.986534], [-97.539402, 33.985161], [-97.541299, 33.985321], [-97.540363, 33.98681], [-97.54149, 33.988528], [-97.542233, 33.987978], [-97.542838, 33.985826], [-97.544653, 33.986605], [-97.545147, 33.98759], [-97.547099, 33.987978], [-97.545834, 33.989398], [-97.546934, 33.990498], [-97.547593, 33.991735], [-97.549051, 33.991094], [-97.551058, 33.991941], [-97.549242, 33.993773], [-97.5496, 33.994712], [-97.550782, 33.994254], [-97.550809, 33.995308], [-97.551937, 33.995904], [-97.551799, 33.997782], [-97.554852, 33.998263], [-97.555209, 33.998882], [-97.553699, 34.000434], [-97.551719, 34.001003], [-97.553754, 34.002721], [-97.556422, 34.001988], [-97.560872, 34.002978], [-97.560761, 34.07115], [-97.474073, 34.071147], [-97.466506, 34.07119], [-97.422036, 34.071188], [-97.370124, 34.071146], [-97.369714, 34.071085], [-97.29418, 34.071079], [-97.265097, 34.071065], [-97.238482, 34.071051], [-97.229794, 34.071041], [-97.167127, 34.070985], [-97.150189, 34.070986], [-97.149455, 34.070989], [-97.087732, 34.070957], [-97.063917, 34.070952], [-97.055512, 34.070945], [-97.052759, 34.070768], [-97.0515, 34.070868], [-96.969627, 34.07102], [-96.969736, 34.012953], [-96.934833, 34.01293], [-96.934817, 33.983975], [-96.9347906714179, 33.9543587870584], [-96.944611, 33.949217], [-96.952313, 33.944582], [-96.972542, 33.935795], [-96.973807, 33.935697], [-96.976955, 33.937453], [-96.979818, 33.941588], [-96.981031, 33.94916], [-96.980676, 33.951814], [-96.979347, 33.95513], [-96.979415, 33.956178], [-96.981337, 33.956378], [-96.987892, 33.954671], [-96.990835, 33.952701], [-96.994288, 33.949206], [-96.995368, 33.947302], [-96.996183, 33.941728], [-96.995023, 33.932035], [-96.993997, 33.928979], [-96.988745, 33.918468], [-96.984939, 33.904866], [-96.983835, 33.890949], [-96.988043, 33.886013], [-96.991897642823, 33.8796222621588], [-96.997088, 33.871017], [-97.009856, 33.859762], [-97.021438, 33.846379], [-97.0290486529474, 33.8428336240719], [-97.038858, 33.838264], [-97.041245, 33.837761], [-97.046126, 33.83956], [-97.050952, 33.846568], [-97.055838, 33.855741], [-97.059826, 33.858404], [-97.068071, 33.860465], [-97.075621, 33.858661], [-97.0867195241222, 33.8536845157192], [-97.087247, 33.853448], [-97.089464, 33.849847], [-97.090479, 33.844841], [-97.087731, 33.841956], [-97.08345, 33.840456], [-97.069486, 33.839412], [-97.058343, 33.836764], [-97.053024, 33.833884], [-97.049316, 33.829794], [-97.048146, 33.817456], [-97.0526945876577, 33.8167555980067], [-97.054926, 33.816412], [-97.062632, 33.816079], [-97.067977, 33.814476], [-97.07859, 33.812756], [-97.087999, 33.808747], [-97.092112, 33.804097], [-97.094771, 33.798532], [-97.095236, 33.794136], [-97.093917, 33.789052], [-97.087852, 33.774099], [-97.085218, 33.765512], [-97.084613, 33.759993], [-97.084693, 33.753147], [-97.0859635968142, 33.7453525399161], [-97.086195, 33.743933], [-97.091072, 33.735115], [-97.094085, 33.730992], [-97.097154, 33.727809], [-97.1004494293666, 33.7254837350243], [-97.104525, 33.722608], [-97.108936, 33.720294], [-97.113265, 33.718804], [-97.121102, 33.717174], [-97.126102, 33.716941], [-97.13753, 33.718664], [-97.149394, 33.721967], [-97.155066, 33.724442], [-97.1628103273886, 33.7291175310722], [-97.163149, 33.729322], [-97.172192, 33.737545], [-97.181843, 33.75587], [-97.185325, 33.755503], [-97.192817, 33.761169], [-97.187724, 33.769831], [-97.190809, 33.781772], [-97.200492, 33.793198], [-97.205705, 33.802908], [-97.204939, 33.815229], [-97.203514, 33.821825], [-97.1997, 33.827322], [-97.19369, 33.831307], [-97.186254, 33.830894], [-97.18137, 33.831375], [-97.171627, 33.835335], [-97.166824, 33.840395], [-97.166629, 33.847311], [-97.1725478642641, 33.8678031295196], [-97.179609, 33.89225], [-97.180845, 33.895204], [-97.1814903420956, 33.8959728706173], [-97.185458, 33.9007], [-97.1898531541979, 33.9035857609635], [-97.206141, 33.91428], [-97.210921, 33.916064], [-97.226522, 33.914642], [-97.242092, 33.906277], [-97.243983023282, 33.9041666604229], [-97.244946, 33.903092], [-97.24618, 33.900344], [-97.249209, 33.875101], [-97.254235, 33.865323], [-97.256625, 33.863286], [-97.265087, 33.862413], [-97.270314, 33.858221], [-97.275607, 33.858168], [-97.275348, 33.863225], [-97.279108, 33.864555], [-97.285983, 33.868526], [-97.294227, 33.876412], [-97.305565, 33.886435], [-97.310143, 33.888532], [-97.309846, 33.883003], [-97.309946, 33.874449], [-97.314413, 33.866989], [-97.315035584309, 33.866685347914], [-97.318243, 33.865121], [-97.323947, 33.858986], [-97.328729, 33.855434], [-97.3298198749724, 33.8557669883345], [-97.334616, 33.857231], [-97.333382, 33.864148], [-97.32345, 33.87846], [-97.325812, 33.883888], [-97.332457, 33.884253], [-97.335915, 33.879168], [-97.339202, 33.862063], [-97.348338, 33.843876], [-97.358513, 33.830018], [-97.365507, 33.823763], [-97.372941, 33.819454], [-97.4033285787733, 33.8189597940642], [-97.410387, 33.818845], [-97.426493, 33.819398], [-97.444193, 33.823773], [-97.453057, 33.828536], [-97.459068, 33.834581], [-97.462857, 33.841772], [-97.461486, 33.84956], [-97.457617, 33.855126], [-97.451469, 33.87093], [-97.450954, 33.891398], [-97.458069, 33.901635], [-97.460376, 33.903948], [-97.4611287310089, 33.9043238325516], [-97.48403724377, 33.9157618691195], [-97.486505, 33.916994], [-97.494858, 33.919258], [-97.50096, 33.919643], [-97.5099279122316, 33.916685868983], [-97.5174446404745, 33.9142072597304], [-97.519171, 33.913638], [-97.525277, 33.911751], [-97.532723, 33.906577], [-97.543246, 33.901289], [-97.551541, 33.897947], [-97.555002, 33.897282], [-97.55827, 33.897099], [-97.559917, 33.897603], [-97.56055, 33.899343], [-97.5608977260312, 33.8995888009747], [-97.560743, 33.983964]]]}, "properties": {"hpsa_id": "7407517593", "name": "Love County", "score": 18, "discipline": "Mental Health", "type": "Geographic HPSA", "status": "Designated", "rural": "Rural", "provider_ratio": "30000:1", "designation_pop": "227093.0", "underserved_pop": "197093", "pct_poverty": "16.1", "original_name": "MHCA 18/Southern Oklahoma", "from_multi_county": true, "multi_county_name": "MHCA 18/Southern Oklahoma"}}, {"type": "Feature", "geometry": {"type": "Polygon", "coordinates": [[[-96.932491, 34.694964], [-96.93249, 34.767595], [-96.932459, 34.782095], [-96.932438, 34.81128], [-96.932433, 34.811406], [-96.932501, 34.854117], [-96.932436, 34.854496], [-96.930872, 34.854632], [-96.930779, 34.876262], [-96.930781, 34.898113], [-96.930749, 34.92648], [-96.930671, 34.927203], [-96.930698, 34.9508], [-96.930421, 34.956206], [-96.930666, 34.957081], [-96.930586, 34.964364], [-96.929872, 34.965109], [-96.928271, 34.965213], [-96.921288, 34.963986], [-96.917914, 34.962419], [-96.915119, 34.960426], [-96.913952, 34.959045], [-96.911243, 34.959177], [-96.910609, 34.958659], [-96.903156, 34.946092], [-96.902189, 34.9448], [-96.899456, 34.943059], [-96.896838, 34.94219], [-96.894458, 34.939079], [-96.892283, 34.934868], [-96.890528, 34.932617], [-96.889965, 34.929461], [-96.887362, 34.926849], [-96.8854, 34.926251], [-96.876318, 34.926029], [-96.872037, 34.927481], [-96.86994, 34.928823], [-96.868097, 34.929415], [-96.860976, 34.93008], [-96.853051, 34.928819], [-96.849442, 34.929689], [-96.846207, 34.931504], [-96.841374, 34.933797], [-96.837102, 34.937798], [-96.834995, 34.939427], [-96.830772, 34.941908], [-96.825779, 34.943368], [-96.821488, 34.946112], [-96.819333, 34.946591], [-96.817509, 34.946329], [-96.813452, 34.944649], [-96.811774, 34.943504], [-96.809899, 34.940967], [-96.807171, 34.939512], [-96.803857, 34.936712], [-96.801742, 34.933548], [-96.799818, 34.932119], [-96.798208, 34.929992], [-96.798364, 34.92757], [-96.797866, 34.924425], [-96.799378, 34.919972], [-96.799876, 34.915334], [-96.799966, 34.910463], [-96.798583, 34.905939], [-96.797711, 34.905132], [-96.790595, 34.900834], [-96.785069, 34.899145], [-96.779972, 34.898853], [-96.775681, 34.899958], [-96.772561, 34.900638], [-96.771534, 34.900248], [-96.767529, 34.900652], [-96.763407, 34.90038], [-96.760654, 34.90084], [-96.755517, 34.899809], [-96.750094, 34.892983], [-96.748793, 34.890283], [-96.747193, 34.881783], [-96.742093, 34.869383], [-96.740393, 34.866883], [-96.737034, 34.862925], [-96.733692, 34.859684], [-96.729391, 34.857582], [-96.727591, 34.857182], [-96.722891, 34.856782], [-96.720071, 34.857461], [-96.712395, 34.859681], [-96.710093, 34.860883], [-96.703792, 34.863384], [-96.697992, 34.866884], [-96.694182, 34.868495], [-96.694103, 34.870068], [-96.694936, 34.870623], [-96.690407, 34.874997], [-96.687292, 34.880984], [-96.68647, 34.883185], [-96.686303, 34.888546], [-96.686992, 34.891283], [-96.689192, 34.895583], [-96.690144, 34.896272], [-96.693452, 34.901257], [-96.695689, 34.903614], [-96.700615, 34.906908], [-96.701728, 34.908266], [-96.70353, 34.909305], [-96.710934, 34.911715], [-96.711578, 34.912359], [-96.712092, 34.913883], [-96.711492, 34.916282], [-96.708093, 34.921083], [-96.706493, 34.923983], [-96.704596, 34.926281], [-96.702526, 34.928152], [-96.699488, 34.930273], [-96.694154, 34.932792], [-96.691967, 34.933314], [-96.683574, 34.933035], [-96.667692, 34.929583], [-96.665392, 34.928383], [-96.662092, 34.925883], [-96.659292, 34.923083], [-96.657992, 34.920983], [-96.655491, 34.915083], [-96.65309, 34.91038], [-96.64949, 34.905282], [-96.64599, 34.901384], [-96.64449, 34.900583], [-96.640791, 34.899484], [-96.636791, 34.898784], [-96.63319, 34.898584], [-96.62529, 34.898984], [-96.62189, 34.898984], [-96.61649, 34.899684], [-96.61319, 34.900484], [-96.603224, 34.903707], [-96.59879, 34.904884], [-96.59579, 34.905984], [-96.592689, 34.907584], [-96.590363, 34.909168], [-96.589138, 34.909968], [-96.584188, 34.91219], [-96.578489, 34.915984], [-96.577089, 34.916584], [-96.571889, 34.916784], [-96.568689, 34.916584], [-96.564089, 34.917284], [-96.556889, 34.914184], [-96.555389, 34.911284], [-96.555288, 34.907484], [-96.556288, 34.904584], [-96.556588, 34.900884], [-96.555888, 34.898084], [-96.552962, 34.893613], [-96.551767, 34.890914], [-96.549579, 34.887112], [-96.545984, 34.88227], [-96.543762, 34.880097], [-96.533787, 34.872184], [-96.530287, 34.869985], [-96.528587, 34.869586], [-96.521486, 34.869887], [-96.519886, 34.870187], [-96.516987, 34.871586], [-96.514587, 34.873386], [-96.512599, 34.875466], [-96.510486, 34.87862], [-96.506187, 34.886485], [-96.504508, 34.888181], [-96.502224, 34.891874], [-96.500287, 34.893465], [-96.499607, 34.896974], [-96.498487, 34.899085], [-96.497987, 34.902685], [-96.496887, 34.904585], [-96.494387, 34.907385], [-96.490786, 34.910585], [-96.486483, 34.912986], [-96.478095, 34.916352], [-96.475939, 34.916375], [-96.465716, 34.915223], [-96.463893, 34.915898], [-96.46108, 34.915636], [-96.460367, 34.916499], [-96.45663, 34.915262], [-96.452101, 34.91212], [-96.449677, 34.910678], [-96.444865, 34.909086], [-96.444728, 34.907632], [-96.442593, 34.906398], [-96.437214, 34.904774], [-96.437203, 34.903049], [-96.435587, 34.90228], [-96.431551, 34.90258], [-96.431013, 34.903468], [-96.426871, 34.903128], [-96.424701, 34.903687], [-96.420933, 34.907441], [-96.418412, 34.907851], [-96.417475, 34.909652], [-96.417798, 34.911726], [-96.413781, 34.915619], [-96.413669, 34.916382], [-96.410689, 34.92214], [-96.410831, 34.923692], [-96.409285, 34.925081], [-96.40976, 34.926093], [-96.409568, 34.92945], [-96.406135, 34.934191], [-96.406163, 34.900446], [-96.406255, 34.898868], [-96.406171, 34.898103], [-96.406167, 34.883603], [-96.406168, 34.879995], [-96.406189, 34.877936], [-96.406212, 34.876404], [-96.406203, 34.872721], [-96.406184, 34.869116], [-96.40619, 34.852958], [-96.406256, 34.852424], [-96.406483, 34.767328], [-96.406522, 34.747443], [-96.406515, 34.745524], [-96.406489, 34.737995], [-96.406501, 34.695904], [-96.406229, 34.694665], [-96.40645, 34.684263], [-96.406357, 34.680023], [-96.425625, 34.680045], [-96.427559, 34.680204], [-96.452769, 34.680077], [-96.512171, 34.680065], [-96.512183, 34.642321], [-96.512165, 34.610586], [-96.512087, 34.592825], [-96.512133, 34.545333], [-96.512208, 34.544942], [-96.512057, 34.540132], [-96.512085, 34.512686], [-96.512099, 34.505562], [-96.513787, 34.505396], [-96.565979, 34.505484], [-96.6284, 34.505719], [-96.629008, 34.505692], [-96.676373, 34.505783], [-96.695033, 34.505806], [-96.740376, 34.505903], [-96.757536, 34.505947], [-96.758374, 34.505841], [-96.827343, 34.506062], [-96.827308, 34.520611], [-96.827144, 34.59322], [-96.844869, 34.593294], [-96.909763, 34.593267], [-96.932423, 34.593261], [-96.932452, 34.636812], [-96.932262, 34.637296], [-96.932455, 34.638506], [-96.932515, 34.680425], [-96.932491, 34.694964]]]}, "properties": {"hpsa_id": "7407517593", "name": "Pontotoc County", "score": 18, "discipline": "Mental Health", "type": "Geographic HPSA", "status": "Designated", "rural": "Rural", "provider_ratio": "30000:1", "designation_pop": "227093.0", "underserved_pop": "197093", "pct_poverty": "16.1", "original_name": "MHCA 18/Southern Oklahoma", "from_multi_county": true, "multi_county_name": "MHCA 18/Southern Oklahoma"}}, {"type": "Feature", "geometry": {"type": "Polygon", "coordinates": [[[-97.562632, 34.318173], [-97.562427, 34.405178], [-97.562423, 34.4273], [-97.562328, 34.476437], [-97.562388, 34.477034], [-97.562388, 34.477779], [-97.562375, 34.485329], [-97.562323, 34.507036], [-97.509346, 34.506988], [-97.405061, 34.506884], [-97.360935, 34.50687], [-97.352183, 34.506796], [-97.352191, 34.492329], [-97.352217, 34.455933], [-97.352139, 34.397756], [-97.352115, 34.376188], [-97.334584, 34.376206], [-97.28232, 34.376177], [-97.282113, 34.376177], [-97.280127, 34.376177], [-97.273699, 34.376156], [-97.178205, 34.376216], [-97.177738, 34.376098], [-97.144874, 34.376051], [-97.038239, 34.375707], [-97.036542, 34.375417], [-97.035932, 34.374232], [-97.033734, 34.372915], [-97.034384, 34.371626], [-97.038135, 34.368465], [-97.038838, 34.36691], [-97.038393, 34.364948], [-97.035568, 34.361982], [-97.034856, 34.36061], [-97.034748, 34.358052], [-97.035214, 34.35538], [-97.034251, 34.35413], [-97.031663, 34.352138], [-97.031546, 34.350524], [-97.035683, 34.347589], [-97.042611, 34.344608], [-97.042639, 34.341783], [-97.040644, 34.3385], [-97.039515, 34.33754], [-97.032922, 34.335172], [-97.030744, 34.334875], [-97.02912, 34.333262], [-97.02919, 34.332235], [-97.014164, 34.33234], [-96.933305, 34.332561], [-96.933411, 34.245662], [-96.933256, 34.226968], [-96.933443, 34.214565], [-96.933448, 34.214517], [-96.933466, 34.2019], [-96.93348, 34.190936], [-96.933493, 34.179987], [-96.933503, 34.172748], [-96.968424, 34.172684], [-96.968278, 34.114503], [-96.968389, 34.111874], [-96.968296, 34.100944], [-96.968222, 34.099992], [-96.968067, 34.071001], [-96.969627, 34.07102], [-97.0515, 34.070868], [-97.052759, 34.070768], [-97.055512, 34.070945], [-97.063917, 34.070952], [-97.087732, 34.070957], [-97.149455, 34.070989], [-97.150189, 34.070986], [-97.167127, 34.070985], [-97.229794, 34.071041], [-97.238482, 34.071051], [-97.265097, 34.071065], [-97.29418, 34.071079], [-97.369714, 34.071085], [-97.370124, 34.071146], [-97.422036, 34.071188], [-97.466506, 34.07119], [-97.474073, 34.071147], [-97.560761, 34.07115], [-97.56234, 34.07115], [-97.562371, 34.098885], [-97.56254, 34.101941], [-97.562558, 34.11482], [-97.562394, 34.115899], [-97.562509, 34.172921], [-97.562505, 34.201998], [-97.562507, 34.209198], [-97.562508, 34.215992], [-97.56257, 34.216574], [-97.562568, 34.223627], [-97.56251, 34.224375], [-97.562517, 34.245663], [-97.562546, 34.267221], [-97.562544, 34.281842], [-97.562512, 34.289183], [-97.562572, 34.303582], [-97.562603, 34.310889], [-97.562632, 34.318173]]]}, "properties": {"hpsa_id": "7407517593", "name": "Carter County", "score": 18, "discipline": "Mental Health", "type": "Geographic HPSA", "status": "Designated", "rural": "Rural", "provider_ratio": "30000:1", "designation_pop": "227093.0", "underserved_pop": "197093", "pct_poverty": "16.1", "original_name": "MHCA 18/Southern Oklahoma", "from_multi_county": true, "multi_county_name": "MHCA 18/Southern Oklahoma"}}, {"type": "Feature", "geometry": {"type": "Polygon", "coordinates": [[[-97.352191, 34.492329], [-97.352183, 34.506796], [-97.341444, 34.506837], [-97.341358, 34.506823], [-97.335064, 34.506857], [-97.317167, 34.50687], [-97.28229, 34.506852], [-97.281243, 34.506808], [-97.186491, 34.506647], [-97.177382, 34.506655], [-97.176223, 34.506648], [-97.174136, 34.506655], [-97.16981, 34.506649], [-97.14939, 34.506598], [-97.143973, 34.506606], [-97.143371, 34.508825], [-97.144025, 34.509914], [-97.148765, 34.512186], [-97.150331, 34.513285], [-97.153095, 34.516788], [-97.150153, 34.518356], [-97.14807, 34.518286], [-97.145224, 34.518964], [-97.143736, 34.520719], [-97.144282, 34.522017], [-97.146496, 34.522512], [-97.149808, 34.521423], [-97.153292, 34.521226], [-97.156792, 34.521777], [-97.158054, 34.522714], [-97.159076, 34.52505], [-97.159184, 34.528054], [-97.160347, 34.529716], [-97.161671, 34.530254], [-97.164864, 34.530638], [-97.165706, 34.531686], [-97.164806, 34.532903], [-97.16202, 34.532701], [-97.16021, 34.534866], [-97.160641, 34.538025], [-97.161961, 34.540869], [-97.16243, 34.542769], [-97.163686, 34.547405], [-97.163343, 34.548506], [-97.159513, 34.549437], [-97.158449, 34.5501], [-97.157504, 34.552163], [-97.158403, 34.553392], [-97.162534, 34.556469], [-97.164765, 34.559197], [-97.164313, 34.559761], [-97.159373, 34.561427], [-97.157438, 34.562801], [-97.157314, 34.563995], [-97.158415, 34.564693], [-97.164108, 34.563116], [-97.169622, 34.56315], [-97.171558, 34.563713], [-97.173167, 34.565067], [-97.174129, 34.568196], [-97.175465, 34.569554], [-97.176025, 34.57159], [-97.174337, 34.574311], [-97.171932, 34.574211], [-97.167468, 34.572376], [-97.165189, 34.572508], [-97.164306, 34.573638], [-97.164304, 34.575034], [-97.167963, 34.576103], [-97.170219, 34.577282], [-97.171613, 34.578577], [-97.173001, 34.581073], [-97.173064, 34.583747], [-97.174196, 34.584851], [-97.174401, 34.586205], [-97.173519, 34.586814], [-97.168906, 34.585845], [-97.167418, 34.58608], [-97.167061, 34.588181], [-97.170223, 34.590109], [-97.171495, 34.593265], [-97.173979, 34.595011], [-97.175956, 34.595659], [-97.180529, 34.595036], [-97.184844, 34.595303], [-97.18596, 34.596198], [-97.18935, 34.596011], [-97.190278, 34.596374], [-97.19134, 34.597443], [-97.192877, 34.600639], [-97.192352, 34.602694], [-97.190454, 34.604637], [-97.190676, 34.605607], [-97.192644, 34.6067], [-97.195453, 34.606737], [-97.196664, 34.607228], [-97.198015, 34.608759], [-97.199007, 34.611469], [-97.198216, 34.613815], [-97.195806, 34.614928], [-97.194838, 34.616145], [-97.195344, 34.618249], [-97.197424, 34.62087], [-97.200073, 34.622762], [-97.162315, 34.62261], [-97.142604, 34.622593], [-97.142671, 34.637126], [-97.090193, 34.636997], [-97.072639, 34.637001], [-97.019727, 34.636966], [-97.00379, 34.636929], [-97.002661, 34.636803], [-97.002588, 34.636799], [-96.932452, 34.636812], [-96.932423, 34.593261], [-96.909763, 34.593267], [-96.844869, 34.593294], [-96.827144, 34.59322], [-96.827308, 34.520611], [-96.827343, 34.506062], [-96.829273, 34.506062], [-96.859509, 34.506128], [-96.861384, 34.506023], [-96.88079, 34.506053], [-96.880812, 34.455496], [-96.880802, 34.433745], [-96.881005, 34.332977], [-96.933006, 34.332664], [-96.933305, 34.332561], [-97.014164, 34.33234], [-97.02919, 34.332235], [-97.02912, 34.333262], [-97.030744, 34.334875], [-97.032922, 34.335172], [-97.039515, 34.33754], [-97.040644, 34.3385], [-97.042639, 34.341783], [-97.042611, 34.344608], [-97.035683, 34.347589], [-97.031546, 34.350524], [-97.031663, 34.352138], [-97.034251, 34.35413], [-97.035214, 34.35538], [-97.034748, 34.358052], [-97.034856, 34.36061], [-97.035568, 34.361982], [-97.038393, 34.364948], [-97.038838, 34.36691], [-97.038135, 34.368465], [-97.034384, 34.371626], [-97.033734, 34.372915], [-97.035932, 34.374232], [-97.036542, 34.375417], [-97.038239, 34.375707], [-97.144874, 34.376051], [-97.177738, 34.376098], [-97.178205, 34.376216], [-97.273699, 34.376156], [-97.280127, 34.376177], [-97.282113, 34.376177], [-97.28232, 34.376177], [-97.334584, 34.376206], [-97.352115, 34.376188], [-97.352139, 34.397756], [-97.352217, 34.455933], [-97.352191, 34.492329]]]}, "properties": {"hpsa_id": "7407517593", "name": "Murray County", "score": 18, "discipline": "Mental Health", "type": "Geographic HPSA", "status": "Designated", "rural": "Rural", "provider_ratio": "30000:1", "designation_pop": "227093.0", "underserved_pop": "197093", "pct_poverty": "16.1", "original_name": "MHCA 18/Southern Oklahoma", "from_multi_county": true, "multi_county_name": "MHCA 18/Southern Oklahoma"}}, {"type": "Feature", "geometry": {"type": "Polygon", "coordinates": [[[-97.668483, 34.693492], [-97.668227, 34.790011], [-97.668186, 34.804839], [-97.668194, 34.812102], [-97.668196, 34.817312], [-97.668181, 34.824594], [-97.668134, 34.835237], [-97.668162, 34.847927], [-97.668099, 34.855164], [-97.635046, 34.855213], [-97.621323, 34.855221], [-97.620062, 34.855218], [-97.609377, 34.855218], [-97.607813, 34.855207], [-97.606732, 34.85521], [-97.564017, 34.855265], [-97.494761, 34.855112], [-97.494048, 34.855275], [-97.485677, 34.855265], [-97.483721, 34.855274], [-97.424038, 34.85531], [-97.405692, 34.855291], [-97.405506, 34.855291], [-97.388134, 34.855279], [-97.353153, 34.855279], [-97.352546, 34.85528], [-97.335907, 34.855274], [-97.32503, 34.855228], [-97.300208, 34.855214], [-97.283047, 34.855244], [-97.265454, 34.85525], [-97.264382, 34.855191], [-97.247819, 34.855228], [-97.230159, 34.855217], [-97.195128, 34.855231], [-97.142731, 34.855111], [-97.107772, 34.855026], [-97.090447, 34.854983], [-97.05572, 34.854909], [-97.037608, 34.854841], [-96.98364, 34.854766], [-96.9746, 34.854851], [-96.971363, 34.854729], [-96.93244, 34.854556], [-96.932436, 34.854496], [-96.932501, 34.854117], [-96.932433, 34.811406], [-96.932438, 34.81128], [-96.932459, 34.782095], [-96.93249, 34.767595], [-96.932491, 34.694964], [-96.932515, 34.680425], [-96.932455, 34.638506], [-96.932262, 34.637296], [-96.932452, 34.636812], [-97.002588, 34.636799], [-97.002661, 34.636803], [-97.00379, 34.636929], [-97.019727, 34.636966], [-97.072639, 34.637001], [-97.090193, 34.636997], [-97.142671, 34.637126], [-97.142604, 34.622593], [-97.162315, 34.62261], [-97.200073, 34.622762], [-97.197424, 34.62087], [-97.195344, 34.618249], [-97.194838, 34.616145], [-97.195806, 34.614928], [-97.198216, 34.613815], [-97.199007, 34.611469], [-97.198015, 34.608759], [-97.196664, 34.607228], [-97.195453, 34.606737], [-97.192644, 34.6067], [-97.190676, 34.605607], [-97.190454, 34.604637], [-97.192352, 34.602694], [-97.192877, 34.600639], [-97.19134, 34.597443], [-97.190278, 34.596374], [-97.18935, 34.596011], [-97.18596, 34.596198], [-97.184844, 34.595303], [-97.180529, 34.595036], [-97.175956, 34.595659], [-97.173979, 34.595011], [-97.171495, 34.593265], [-97.170223, 34.590109], [-97.167061, 34.588181], [-97.167418, 34.58608], [-97.168906, 34.585845], [-97.173519, 34.586814], [-97.174401, 34.586205], [-97.174196, 34.584851], [-97.173064, 34.583747], [-97.173001, 34.581073], [-97.171613, 34.578577], [-97.170219, 34.577282], [-97.167963, 34.576103], [-97.164304, 34.575034], [-97.164306, 34.573638], [-97.165189, 34.572508], [-97.167468, 34.572376], [-97.171932, 34.574211], [-97.174337, 34.574311], [-97.176025, 34.57159], [-97.175465, 34.569554], [-97.174129, 34.568196], [-97.173167, 34.565067], [-97.171558, 34.563713], [-97.169622, 34.56315], [-97.164108, 34.563116], [-97.158415, 34.564693], [-97.157314, 34.563995], [-97.157438, 34.562801], [-97.159373, 34.561427], [-97.164313, 34.559761], [-97.164765, 34.559197], [-97.162534, 34.556469], [-97.158403, 34.553392], [-97.157504, 34.552163], [-97.158449, 34.5501], [-97.159513, 34.549437], [-97.163343, 34.548506], [-97.163686, 34.547405], [-97.16243, 34.542769], [-97.161961, 34.540869], [-97.160641, 34.538025], [-97.16021, 34.534866], [-97.16202, 34.532701], [-97.164806, 34.532903], [-97.165706, 34.531686], [-97.164864, 34.530638], [-97.161671, 34.530254], [-97.160347, 34.529716], [-97.159184, 34.528054], [-97.159076, 34.52505], [-97.158054, 34.522714], [-97.156792, 34.521777], [-97.153292, 34.521226], [-97.149808, 34.521423], [-97.146496, 34.522512], [-97.144282, 34.522017], [-97.143736, 34.520719], [-97.145224, 34.518964], [-97.14807, 34.518286], [-97.150153, 34.518356], [-97.153095, 34.516788], [-97.150331, 34.513285], [-97.148765, 34.512186], [-97.144025, 34.509914], [-97.143371, 34.508825], [-97.143973, 34.506606], [-97.14939, 34.506598], [-97.16981, 34.506649], [-97.174136, 34.506655], [-97.176223, 34.506648], [-97.177382, 34.506655], [-97.186491, 34.506647], [-97.281243, 34.506808], [-97.28229, 34.506852], [-97.317167, 34.50687], [-97.335064, 34.506857], [-97.341358, 34.506823], [-97.341444, 34.506837], [-97.352183, 34.506796], [-97.360935, 34.50687], [-97.405061, 34.506884], [-97.509346, 34.506988], [-97.562323, 34.507036], [-97.563183, 34.507026], [-97.562944, 34.511533], [-97.563294, 34.515519], [-97.563082, 34.528636], [-97.56286, 34.56518], [-97.562886, 34.572567], [-97.562859, 34.594163], [-97.562899, 34.616094], [-97.562836, 34.630337], [-97.562827, 34.631486], [-97.562959, 34.632797], [-97.563006, 34.677587], [-97.563004, 34.681185], [-97.598007, 34.681216], [-97.599434, 34.681284], [-97.668512, 34.68134], [-97.668483, 34.693492]]]}, "properties": {"hpsa_id": "7407517593", "name": "Garvin County", "score": 18, "discipline": "Mental Health", "type": "Geographic HPSA", "status": "Designated", "rural": "Rural", "provider_ratio": "30000:1", "designation_pop": "227093.0", "underserved_pop": "197093", "pct_poverty": "16.1", "original_name": "MHCA 18/Southern Oklahoma", "from_multi_county": true, "multi_county_name": "MHCA 18/Southern Oklahoma"}}, {"type": "Feature", "geometry": {"type": "Polygon", "coordinates": [[[-99.381901, 36.098691], [-99.382074, 36.164301], [-99.254237, 36.163917], [-99.245921, 36.163408], [-99.222096, 36.163193], [-99.133462, 36.162332], [-99.125576, 36.162243], [-99.117263, 36.162811], [-99.079951, 36.162426], [-99.062098, 36.162285], [-99.057801, 36.162265], [-99.057615, 36.162264], [-98.955849, 36.161577], [-98.938457, 36.161374], [-98.937518, 36.16137], [-98.929583, 36.161325], [-98.925128, 36.161288], [-98.923073, 36.161271], [-98.920438, 36.161271], [-98.89476, 36.161217], [-98.726454, 36.16324], [-98.726183, 36.163297], [-98.725784, 36.163263], [-98.66333, 36.164554], [-98.636899, 36.164894], [-98.636806, 36.143288], [-98.63613, 35.956676], [-98.636124, 35.949513], [-98.636094, 35.942203], [-98.636161, 35.913748], [-98.63617, 35.91326], [-98.636149, 35.898808], [-98.632097, 35.898789], [-98.632118, 35.842245], [-98.631982, 35.841444], [-98.631985, 35.812402], [-98.649765, 35.812455], [-98.667602, 35.81246], [-98.702059, 35.812471], [-98.702502, 35.812518], [-98.709097, 35.81244], [-98.723217, 35.812108], [-98.830977, 35.812465], [-98.832586, 35.812621], [-98.84458, 35.81271], [-98.88107, 35.81261], [-98.882765, 35.812461], [-99.011267, 35.812302], [-99.01483, 35.81239], [-99.017333, 35.812092], [-99.018623, 35.812354], [-99.075111, 35.812352], [-99.110641, 35.812412], [-99.128375, 35.812383], [-99.14619, 35.812402], [-99.163643, 35.812412], [-99.217071, 35.81234], [-99.35919, 35.812134], [-99.359811, 35.812158], [-99.375817, 35.812188], [-99.376018, 35.898893], [-99.381191, 35.898881], [-99.381119, 35.946582], [-99.380891, 35.948253], [-99.380946, 35.971363], [-99.381019, 36.012726], [-99.381022, 36.012925], [-99.382205, 36.097196], [-99.381901, 36.098691]]]}, "properties": {"hpsa_id": "7409908178", "name": "Dewey County", "score": 19, "discipline": "Mental Health", "type": "Geographic HPSA", "status": "Designated", "rural": "Rural", "provider_ratio": "30000:1", "designation_pop": "142084.0", "underserved_pop": "112084", "pct_poverty": "13.6", "original_name": "MHCA 10/Northwest Center for Behavioral Health", "from_multi_county": true, "multi_county_name": "MHCA 10/Northwest Center for Behavioral Health"}}, {"type": "Feature", "geometry": {"type": "Polygon", "coordinates": [[[-98.104433, 36.260373], [-98.104427, 36.267594], [-98.104424, 36.274857], [-98.104449, 36.296505], [-98.104477, 36.318284], [-98.104437, 36.339769], [-98.104477, 36.34728], [-98.104508, 36.376292], [-98.104525, 36.419685], [-98.104486, 36.441359], [-98.104434, 36.455669], [-98.104446, 36.459503], [-98.104427, 36.463105], [-98.104375, 36.47031], [-98.104317, 36.513795], [-98.104316, 36.557317], [-98.104311, 36.570934], [-98.104382, 36.571756], [-98.104299, 36.578921], [-98.104286, 36.593578], [-98.077873, 36.593527], [-98.068847, 36.593506], [-98.037423, 36.593502], [-98.028394, 36.593528], [-98.018674, 36.593561], [-97.96177, 36.593552], [-97.938549, 36.593592], [-97.912863, 36.593554], [-97.911604, 36.593549], [-97.774146, 36.593297], [-97.710634, 36.59338], [-97.642103, 36.593462], [-97.542555, 36.593485], [-97.525546, 36.593514], [-97.516248, 36.59355], [-97.498464, 36.593553], [-97.462459, 36.593627], [-97.461603, 36.593637], [-97.461522, 36.534982], [-97.461422, 36.533649], [-97.461563, 36.515437], [-97.461405, 36.505972], [-97.461556, 36.504922], [-97.46152, 36.484304], [-97.461318, 36.433733], [-97.461215, 36.419258], [-97.46119, 36.390371], [-97.461172, 36.383583], [-97.46114, 36.375949], [-97.461094, 36.347085], [-97.461119, 36.339802], [-97.461189, 36.289347], [-97.4612, 36.288447], [-97.46127, 36.275368], [-97.461298, 36.267589], [-97.461282, 36.246383], [-97.460519, 36.24506], [-97.460618, 36.217456], [-97.460653, 36.195645], [-97.460792, 36.164462], [-97.496435, 36.164567], [-97.532379, 36.164595], [-97.586098, 36.164749], [-97.621819, 36.164777], [-97.627648, 36.164691], [-97.675617, 36.164663], [-97.719702, 36.164743], [-97.738327, 36.164736], [-97.790274, 36.164618], [-97.827059, 36.164633], [-97.835933, 36.164631], [-97.871768, 36.16463], [-97.892862, 36.164695], [-97.957383, 36.164523], [-97.961235, 36.164792], [-97.9791, 36.164798], [-97.988243, 36.1648], [-97.99715, 36.164802], [-98.023994, 36.164935], [-98.032964, 36.164989], [-98.037529, 36.164955], [-98.068605, 36.164997], [-98.073041, 36.165003], [-98.077475, 36.16501], [-98.077521, 36.16501], [-98.095166, 36.165035], [-98.09523, 36.165035], [-98.097349, 36.165039], [-98.103904, 36.164877], [-98.103917, 36.173589], [-98.103726, 36.245918], [-98.104575, 36.245922], [-98.104433, 36.260373]]]}, "properties": {"hpsa_id": "7409908178", "name": "Garfield County", "score": 19, "discipline": "Mental Health", "type": "Geographic HPSA", "status": "Designated", "rural": "Rural", "provider_ratio": "30000:1", "designation_pop": "142084.0", "underserved_pop": "112084", "pct_poverty": "13.6", "original_name": "MHCA 10/Northwest Center for Behavioral Health", "from_multi_county": true, "multi_county_name": "MHCA 10/Northwest Center for Behavioral Health"}}, {"type": "Feature", "geometry": {"type": "Polygon", "coordinates": [[[-100.954348, 36.670856], [-100.954213, 36.717978], [-100.95405, 36.747105], [-100.954074, 36.761642], [-100.953893, 36.848185], [-100.945551, 36.848654], [-100.945496, 36.87772], [-100.945468897552, 36.9981529691762], [-100.904588, 36.998561], [-100.904274, 36.998745], [-100.904215897903, 36.9987443505315], [-100.89166, 36.998604], [-100.868239870722, 36.998618301972], [-100.855634, 36.998626], [-100.849999795024, 36.9986885311334], [-100.814277, 36.999085], [-100.806116, 36.999091], [-100.765484, 36.999177], [-100.756894, 36.999357], [-100.734517, 36.999059], [-100.729364903664, 36.9991139591893], [-100.675552, 36.999688], [-100.675320239551, 36.9996893611981], [-100.633327, 36.999936], [-100.62977, 37.000025], [-100.591413, 37.000399], [-100.591328, 37.000376], [-100.552683, 37.000735], [-100.552218029947, 37.0006857174598], [-100.551598, 37.00062], [-100.434274261089, 37.0011098519743], [-100.269986614997, 37.0017957884142], [-100.216074999503, 37.0020208810641], [-100.201676, 37.002081], [-100.193754, 37.002133], [-100.192371, 37.002036], [-100.187547, 37.002082], [-100.124494240073, 37.0021908554435], [-100.115722, 37.002206], [-100.089483739431, 37.0020915224233], [-100.005706, 37.001726], [-100.002563, 37.001706], [-100.002915, 36.999184], [-100.002747, 36.997196], [-100.002616, 36.944011], [-100.003711, 36.796972], [-100.00375, 36.776152], [-100.003864, 36.775499], [-100.00316, 36.59325], [-100.00377, 36.528868], [-100.003811, 36.522388], [-100.003677, 36.513861], [-100.003658, 36.500835], [-100.003761886524, 36.4996994535481], [-100.025724867049, 36.4996827880047], [-100.090021, 36.499634], [-100.181221, 36.499633], [-100.253333137412, 36.4996380146747], [-100.258247025541, 36.4996383563863], [-100.310643, 36.499642], [-100.310911387708, 36.4996749222256], [-100.311018, 36.499688], [-100.311245, 36.499631], [-100.32415, 36.499679], [-100.334441, 36.49944], [-100.334464, 36.49942], [-100.351842, 36.499473], [-100.351852, 36.499487], [-100.378592, 36.499445], [-100.378634, 36.499517], [-100.41355, 36.499469], [-100.413634, 36.499444], [-100.421301, 36.499488], [-100.421328, 36.499447], [-100.424473999828, 36.4994492416276], [-100.433959, 36.499456], [-100.441064, 36.499462], [-100.441065, 36.49949], [-100.450508913803, 36.4994668445966], [-100.486568034646, 36.4993784317304], [-100.489069748186, 36.4993722978131], [-100.522122998185, 36.4992912550006], [-100.522227, 36.499291], [-100.530314, 36.499357], [-100.530478, 36.49924], [-100.531215, 36.49929], [-100.531215, 36.499341], [-100.546145, 36.499343], [-100.578114, 36.499439], [-100.578114, 36.499463], [-100.583379, 36.499443], [-100.583539, 36.499483], [-100.592551, 36.499429], [-100.592556, 36.499469], [-100.592614, 36.499469], [-100.612161000742, 36.4994668955319], [-100.648344, 36.499463], [-100.648343, 36.499495], [-100.657763, 36.4995], [-100.657763, 36.499483], [-100.708628, 36.499521], [-100.708626, 36.499553], [-100.724361, 36.499558], [-100.724362, 36.49958], [-100.761811, 36.49958], [-100.761811, 36.499618], [-100.802886, 36.499621], [-100.802909, 36.499621], [-100.806126905829, 36.4996338203419], [-100.806172, 36.499634], [-100.80619, 36.499674], [-100.824218, 36.499618], [-100.824236, 36.499618], [-100.85084, 36.4997], [-100.859657, 36.499687], [-100.88408, 36.499682], [-100.884174, 36.499682], [-100.918513, 36.499621], [-100.936058, 36.499602], [-100.954152945903, 36.4995989128779], [-100.954294, 36.64599], [-100.954348, 36.670856]]]}, "properties": {"hpsa_id": "7409908178", "name": "Beaver County", "score": 19, "discipline": "Mental Health", "type": "Geographic HPSA", "status": "Designated", "rural": "Rural", "provider_ratio": "30000:1", "designation_pop": "142084.0", "underserved_pop": "112084", "pct_poverty": "13.6", "original_name": "MHCA 10/Northwest Center for Behavioral Health", "from_multi_county": true, "multi_county_name": "MHCA 10/Northwest Center for Behavioral Health"}}, {"type": "Feature", "geometry": {"type": "Polygon", "coordinates": [[[-103.002565, 36.526588], [-103.002188, 36.602716], [-103.002252, 36.61718], [-103.002518, 36.675186], [-103.002198, 36.719427], [-103.002143744581, 36.7635143968073], [-103.001964, 36.909573], [-103.002247, 36.911587], [-103.002199, 37.000104], [-102.986976, 36.998524], [-102.985807, 36.998571], [-102.979613, 36.998549], [-102.886686995862, 36.9995115946768], [-102.877863, 36.999603], [-102.841933096288, 36.9996791058814], [-102.832541, 36.999699], [-102.812469, 36.999725], [-102.74206, 36.997689], [-102.698142, 36.995149], [-102.355367, 36.994575], [-102.355288, 36.994506], [-102.325156624789, 36.9944683752392], [-102.27025005042, 36.9943998139234], [-102.260789, 36.994388], [-102.252197617289, 36.9942802659306], [-102.208316, 36.99373], [-102.184271, 36.993593], [-102.136450934193, 36.9934146439195], [-102.054503, 36.993109], [-102.042089, 36.993016], [-102.028207, 36.993125], [-102.02832, 36.849362], [-102.032085, 36.849181], [-102.031832, 36.762308], [-102.031901, 36.761616], [-102.032006, 36.704156], [-102.032339034056, 36.5006100932816], [-102.122066, 36.500684], [-102.12545, 36.500324], [-102.1438, 36.5003249915435], [-102.162463, 36.500326], [-102.24499, 36.500704], [-102.250453, 36.500369], [-102.382613575418, 36.5003739209968], [-102.570696000934, 36.5003809242428], [-102.792202179535, 36.5003891720217], [-103.002434, 36.500397], [-103.002565, 36.526588]]]}, "properties": {"hpsa_id": "7409908178", "name": "Cimarron County", "score": 19, "discipline": "Mental Health", "type": "Geographic HPSA", "status": "Designated", "rural": "Rural", "provider_ratio": "30000:1", "designation_pop": "142084.0", "underserved_pop": "112084", "pct_poverty": "13.6", "original_name": "MHCA 10/Northwest Center for Behavioral Health", "from_multi_county": true, "multi_county_name": "MHCA 10/Northwest Center for Behavioral Health"}}, {"type": "Feature", "geometry": {"type": "Polygon", "coordinates": [[[-98.111985, 36.998133], [-98.045342, 36.998327], [-98.03989, 36.998349], [-98.0387515954215, 36.998352260805], [-98.033955, 36.998366], [-98.0302049855076, 36.9983716171626], [-97.9652919188895, 36.9984688507196], [-97.8764508232088, 36.9986019261725], [-97.8023129924768, 36.9987129775427], [-97.802298, 36.998713], [-97.783489, 36.998847], [-97.783432, 36.998961], [-97.768704, 36.99875], [-97.697104, 36.998826], [-97.692179983944, 36.9988447931485], [-97.650466, 36.999004], [-97.637137, 36.99909], [-97.6368440053919, 36.9990860918726], [-97.6147895742673, 36.9987919174284], [-97.606549, 36.998682], [-97.582376688337, 36.9986986852412], [-97.564536, 36.998711], [-97.546498, 36.998747], [-97.5459, 36.998709], [-97.527292, 36.99875], [-97.472861, 36.998721], [-97.4623463219255, 36.9986852256487], [-97.462299, 36.941721], [-97.462474, 36.940265], [-97.462381, 36.897805], [-97.462412, 36.883317], [-97.462421, 36.839766], [-97.4623, 36.810772], [-97.462316, 36.767821], [-97.46222, 36.767311], [-97.462309, 36.738382], [-97.462326, 36.73479], [-97.462358, 36.687756], [-97.462378, 36.643582], [-97.462364, 36.629808], [-97.462477, 36.600736], [-97.462459, 36.593627], [-97.498464, 36.593553], [-97.516248, 36.59355], [-97.525546, 36.593514], [-97.542555, 36.593485], [-97.642103, 36.593462], [-97.710634, 36.59338], [-97.774146, 36.593297], [-97.911604, 36.593549], [-97.912863, 36.593554], [-97.938549, 36.593592], [-97.96177, 36.593552], [-98.018674, 36.593561], [-98.028394, 36.593528], [-98.037423, 36.593502], [-98.068847, 36.593506], [-98.077873, 36.593527], [-98.104286, 36.593578], [-98.109311, 36.593588], [-98.109428, 36.664981], [-98.109647, 36.666078], [-98.110195, 36.749189], [-98.109846, 36.750858], [-98.109922, 36.764331], [-98.110015, 36.764894], [-98.110473, 36.767649], [-98.110182, 36.796715], [-98.110189, 36.797571], [-98.110169, 36.811216], [-98.109757, 36.814032], [-98.10965, 36.840818], [-98.109612, 36.898277], [-98.109576, 36.942038], [-98.111481, 36.942041], [-98.111542, 36.949335], [-98.111985, 36.998133]]]}, "properties": {"hpsa_id": "7409908178", "name": "Grant County", "score": 19, "discipline": "Mental Health", "type": "Geographic HPSA", "status": "Designated", "rural": "Rural", "provider_ratio": "30000:1", "designation_pop": "142084.0", "underserved_pop": "112084", "pct_poverty": "13.6", "original_name": "MHCA 10/Northwest Center for Behavioral Health", "from_multi_county": true, "multi_county_name": "MHCA 10/Northwest Center for Behavioral Health"}}, {"type": "Feature", "geometry": {"type": "Polygon", "coordinates": [[[-100.00377, 36.528868], [-100.00316, 36.59325], [-99.910862, 36.593292], [-99.910143, 36.593189], [-99.83784, 36.593288], [-99.746391, 36.593271], [-99.739534, 36.593255], [-99.692853, 36.593165], [-99.688247, 36.592989], [-99.677128, 36.59306], [-99.674075, 36.593233], [-99.605634, 36.592754], [-99.60543, 36.568644], [-99.605403, 36.568467], [-99.605436, 36.464082], [-99.605432, 36.449521], [-99.605606, 36.40963], [-99.605688, 36.40926], [-99.605568, 36.348112], [-99.605266, 36.291187], [-99.605169, 36.290167], [-99.605087, 36.275672], [-99.605067, 36.246741], [-99.595942, 36.246754], [-99.596033, 36.21703], [-99.596067, 36.202865], [-99.595886, 36.188206], [-99.596079, 36.164061], [-99.453619, 36.163926], [-99.382074, 36.164301], [-99.381901, 36.098691], [-99.382205, 36.097196], [-99.381022, 36.012925], [-99.383472, 36.013668], [-99.386361, 36.01317], [-99.389632, 36.013281], [-99.396438, 36.012505], [-99.399515, 36.011905], [-99.40763, 36.012519], [-99.411516, 36.012442], [-99.42215, 36.011926], [-99.425517, 36.011393], [-99.431171, 36.009571], [-99.437206, 36.00818], [-99.446522, 36.006987], [-99.45189, 36.005508], [-99.458844, 36.002378], [-99.462871, 36.000046], [-99.46695, 35.994654], [-99.469779, 35.991234], [-99.477493, 35.985731], [-99.479424, 35.985473], [-99.4852, 35.986289], [-99.488105, 35.984542], [-99.49368, 35.979679], [-99.495812, 35.978732], [-99.496025, 35.977734], [-99.497926, 35.975233], [-99.499264, 35.972142], [-99.499566, 35.968948], [-99.500316, 35.967035], [-99.505396, 35.957778], [-99.506037, 35.948902], [-99.508937, 35.945855], [-99.509273, 35.943745], [-99.50899, 35.941367], [-99.509243, 35.939224], [-99.511108, 35.936813], [-99.511702, 35.934407], [-99.513897, 35.927671], [-99.515306, 35.925796], [-99.524698, 35.91987], [-99.525692, 35.918463], [-99.531652, 35.913374], [-99.534175, 35.9116], [-99.53486, 35.909629], [-99.53594, 35.908434], [-99.538625, 35.906762], [-99.544393, 35.902584], [-99.549632, 35.90022], [-99.55067, 35.898894], [-99.551903, 35.896337], [-99.55214, 35.894803], [-99.549713, 35.887218], [-99.549715, 35.886046], [-99.550337, 35.88484], [-99.555055, 35.878979], [-99.556631, 35.875046], [-99.557784, 35.868771], [-99.558486, 35.865988], [-99.560717, 35.863977], [-99.561915, 35.863374], [-99.56807, 35.862638], [-99.577363, 35.85959], [-99.580626, 35.858886], [-99.583683, 35.858853], [-99.58757, 35.857864], [-99.596043, 35.857232], [-99.601795, 35.855905], [-99.605489, 35.853189], [-99.607181, 35.850976], [-99.610942, 35.847454], [-99.615148, 35.844973], [-99.617666, 35.84286], [-99.620556, 35.841955], [-99.624397, 35.84296], [-99.629657, 35.842563], [-99.634971, 35.843104], [-99.640452, 35.845354], [-99.642512, 35.845825], [-99.649969, 35.849215], [-99.653183, 35.850123], [-99.664425, 35.851805], [-99.677824, 35.851008], [-99.681409, 35.85101], [-99.685489, 35.851749], [-99.68792, 35.85289], [-99.693815, 35.854501], [-99.702717, 35.85628], [-99.717101, 35.859769], [-99.722709, 35.86255], [-99.723885, 35.86568], [-99.726087, 35.867672], [-99.7274, 35.870309], [-99.727821, 35.868611], [-99.729391, 35.870291], [-99.738381, 35.875044], [-99.742386, 35.879687], [-99.746429, 35.881961], [-99.750389, 35.882729], [-99.753292, 35.882626], [-99.759187, 35.88088], [-99.761084, 35.880745], [-99.763807, 35.881412], [-99.766996, 35.882645], [-99.76822, 35.883841], [-99.77234, 35.886301], [-99.774951, 35.887334], [-99.77699, 35.889062], [-99.778658, 35.89364], [-99.779103, 35.896393], [-99.781551, 35.898586], [-99.785347, 35.899487], [-99.78653, 35.900284], [-99.786947, 35.901856], [-99.789774, 35.904248], [-99.796473, 35.906867], [-99.801389, 35.910645], [-99.802012, 35.912721], [-99.802315, 35.920391], [-99.80306, 35.922031], [-99.804963, 35.924608], [-99.809136, 35.927483], [-99.810219, 35.928909], [-99.810708, 35.931839], [-99.810439, 35.934144], [-99.807213, 35.940872], [-99.807838, 35.942632], [-99.809225, 35.943684], [-99.80977, 35.945488], [-99.809765, 35.953339], [-99.807921, 35.960342], [-99.805779, 35.962555], [-99.804873, 35.964097], [-99.803355, 35.969089], [-99.802287, 35.971603], [-99.804408, 35.980174], [-99.805943, 35.983823], [-99.805659, 35.986269], [-99.804919, 35.988447], [-99.807403, 35.991358], [-99.807242, 35.993635], [-99.808903, 35.997719], [-99.809444, 36.000044], [-99.810355, 36.000044], [-99.811842, 36.001878], [-99.813814, 36.003076], [-99.817344, 36.004345], [-99.82356, 36.00553], [-99.830464, 36.006327], [-99.837948, 36.006794], [-99.847304, 36.006078], [-99.85154, 36.005128], [-99.855014, 36.003685], [-99.859832, 35.999451], [-99.860047, 35.998829], [-99.864517, 35.995186], [-99.868893, 35.990927], [-99.872273, 35.98871], [-99.874047, 35.988003], [-99.875394, 35.987798], [-99.882273, 35.987842], [-99.884338, 35.988191], [-99.888309, 35.987847], [-99.893372, 35.985295], [-99.894415, 35.984128], [-99.894418, 35.978324], [-99.895047, 35.97712], [-99.902242, 35.971395], [-99.905862, 35.968129], [-99.908271, 35.966634], [-99.910521, 35.964132], [-99.911447, 35.961924], [-99.912531, 35.954986], [-99.911276, 35.946021], [-99.910668, 35.94444], [-99.908737, 35.942986], [-99.907047, 35.942338], [-99.905704, 35.939545], [-99.905601, 35.936727], [-99.908392, 35.928122], [-99.909938, 35.926974], [-99.916444, 35.923072], [-99.918933, 35.921811], [-99.921178, 35.919812], [-99.925147, 35.913664], [-99.929955, 35.911311], [-99.93447, 35.909492], [-99.943287, 35.906492], [-99.949045, 35.903909], [-99.956163, 35.901803], [-99.959628, 35.900036], [-99.963759, 35.896385], [-99.967008, 35.892102], [-99.968711, 35.890569], [-99.97211, 35.888776], [-99.977238, 35.88753], [-99.981712, 35.885375], [-99.985436, 35.884053], [-99.988701, 35.883602], [-99.994823, 35.881823], [-100.000396202899, 35.8812329999967], [-100.000398790976, 36.0426410036671], [-100.000399, 36.055677], [-100.000400703064, 36.1637059999889], [-100.000401313985, 36.202457999995], [-100.000402224684, 36.260225587313], [-100.000402433433, 36.2734669993205], [-100.000406, 36.499702], [-100.003761886524, 36.4996994535481], [-100.003658, 36.500835], [-100.003677, 36.513861], [-100.003811, 36.522388], [-100.00377, 36.528868]]]}, "properties": {"hpsa_id": "7409908178", "name": "Ellis County", "score": 19, "discipline": "Mental Health", "type": "Geographic HPSA", "status": "Designated", "rural": "Rural", "provider_ratio": "30000:1", "designation_pop": "142084.0", "underserved_pop": "112084", "pct_poverty": "13.6", "original_name": "MHCA 10/Northwest Center for Behavioral Health", "from_multi_county": true, "multi_county_name": "MHCA 10/Northwest Center for Behavioral Health"}}, {"type": "Feature", "geometry": {"type": "Polygon", "coordinates": [[[-102.032006, 36.704156], [-102.031901, 36.761616], [-102.031832, 36.762308], [-102.032085, 36.849181], [-102.02832, 36.849362], [-102.028207, 36.993125], [-102.000447, 36.993272], [-102.000447, 36.993249], [-101.935216302728, 36.993550504034], [-101.908051206128, 36.9936760643385], [-101.90244, 36.993702], [-101.898975209825, 36.9937180428813], [-101.88086906271, 36.9938018790603], [-101.862678891166, 36.9938861042942], [-101.826552132886, 36.9940533805984], [-101.718255341421, 36.9945548229612], [-101.703684195819, 36.9946222911621], [-101.632505170711, 36.994951868595], [-101.601593, 36.995095], [-101.600396, 36.995153], [-101.595196508927, 36.9951830521994], [-101.555260303913, 36.9954138768669], [-101.555239, 36.995414], [-101.519066, 36.995546], [-101.485326, 36.995611], [-101.415005, 36.995966], [-101.413868, 36.996008], [-101.39704079598, 36.9960815553639], [-101.37818, 36.996164], [-101.361127690394, 36.996226658438], [-101.359674, 36.996232], [-101.357797, 36.996271], [-101.283207834316, 36.9966689447923], [-101.214917193591, 36.997033285975], [-101.212909, 36.997044], [-101.211486, 36.997124], [-101.090050193514, 36.99779265872], [-101.066742, 36.997921], [-101.066451000186, 36.9979220177139], [-101.053589, 36.997967], [-101.017729108601, 36.9981500301187], [-101.012641, 36.998176], [-100.996502, 36.998044], [-100.958226495697, 36.9981251558517], [-100.945566, 36.998152], [-100.945468897552, 36.9981529691762], [-100.945496, 36.87772], [-100.945551, 36.848654], [-100.953893, 36.848185], [-100.954074, 36.761642], [-100.95405, 36.747105], [-100.954213, 36.717978], [-100.954348, 36.670856], [-100.954294, 36.64599], [-100.954152945903, 36.4995989128779], [-100.977088, 36.499595], [-101.045331, 36.49954], [-101.052418, 36.499563], [-101.085156, 36.499244], [-101.204790103731, 36.4993070636063], [-101.366842098845, 36.4993924872681], [-101.583013007148, 36.4995064390312], [-101.623915, 36.499528], [-101.649966, 36.499573], [-101.653708, 36.499573], [-101.672774979829, 36.4995454447231], [-101.690633999473, 36.4995196351698], [-101.698685, 36.499508], [-101.709314, 36.499722], [-101.751677321421, 36.4997292497519], [-101.773235947556, 36.499732939139], [-101.778134001578, 36.4997337773565], [-101.779435, 36.499734], [-101.78061, 36.499727], [-101.781987, 36.499718], [-101.783359, 36.499709], [-101.787183, 36.4996840486213], [-101.78811, 36.499678], [-101.814493093514, 36.4995797197465], [-101.826498, 36.499535], [-101.826565, 36.499654], [-101.914828339439, 36.5003963382715], [-101.930245, 36.500526], [-101.931657648976, 36.5005271635772], [-102.032339034056, 36.5006100932816], [-102.032006, 36.704156]]]}, "properties": {"hpsa_id": "7409908178", "name": "Texas County", "score": 19, "discipline": "Mental Health", "type": "Geographic HPSA", "status": "Designated", "rural": "Rural", "provider_ratio": "30000:1", "designation_pop": "142084.0", "underserved_pop": "112084", "pct_poverty": "13.6", "original_name": "MHCA 10/Northwest Center for Behavioral Health", "from_multi_county": true, "multi_county_name": "MHCA 10/Northwest Center for Behavioral Health"}}, {"type": "Feature", "geometry": {"type": "Polygon", "coordinates": [[[-98.5446600848551, 36.9989961823461], [-98.4764037804055, 36.9987328220673], [-98.420209, 36.998516], [-98.418268, 36.998538], [-98.408991, 36.998513], [-98.354073, 36.997961], [-98.3471489755077, 36.9979618781261], [-98.346188, 36.997962], [-98.2917921267673, 36.9979670145537], [-98.237712, 36.997972], [-98.219499, 36.997824], [-98.208218, 36.997997], [-98.1903680175914, 36.998003994964], [-98.177722572632, 36.9980089503993], [-98.177596, 36.998009], [-98.147452, 36.998162], [-98.1463112238645, 36.9981610672313], [-98.1281777220003, 36.9981462401652], [-98.111985, 36.998133], [-98.111542, 36.949335], [-98.111481, 36.942041], [-98.109576, 36.942038], [-98.109612, 36.898277], [-98.10965, 36.840818], [-98.109757, 36.814032], [-98.110169, 36.811216], [-98.110189, 36.797571], [-98.110182, 36.796715], [-98.110473, 36.767649], [-98.110015, 36.764894], [-98.109922, 36.764331], [-98.109846, 36.750858], [-98.110195, 36.749189], [-98.109647, 36.666078], [-98.109428, 36.664981], [-98.109311, 36.593588], [-98.104286, 36.593578], [-98.104299, 36.578921], [-98.104382, 36.571756], [-98.104311, 36.570934], [-98.104316, 36.557317], [-98.104317, 36.513795], [-98.104375, 36.47031], [-98.104427, 36.463105], [-98.113538, 36.463138], [-98.122015, 36.463189], [-98.150203, 36.463183], [-98.166408, 36.463198], [-98.166887, 36.4632], [-98.220436, 36.463376], [-98.247454, 36.463351], [-98.28321, 36.463334], [-98.363198, 36.463233], [-98.372455, 36.463177], [-98.533617, 36.46323], [-98.533477, 36.528135], [-98.533479, 36.528404], [-98.5334, 36.594217], [-98.5405, 36.59421], [-98.540482, 36.652135], [-98.540574, 36.673772], [-98.540539, 36.688341], [-98.540504, 36.695646], [-98.540567, 36.710166], [-98.540547, 36.724664], [-98.540405, 36.739195], [-98.54048, 36.76094], [-98.540473, 36.77543], [-98.54035, 36.821721], [-98.540262, 36.86252], [-98.540371, 36.906128], [-98.540237, 36.942228], [-98.544989, 36.942241], [-98.5446600848551, 36.9989961823461]]]}, "properties": {"hpsa_id": "7409908178", "name": "Alfalfa County", "score": 19, "discipline": "Mental Health", "type": "Geographic HPSA", "status": "Designated", "rural": "Rural", "provider_ratio": "30000:1", "designation_pop": "142084.0", "underserved_pop": "112084", "pct_poverty": "13.6", "original_name": "MHCA 10/Northwest Center for Behavioral Health", "from_multi_county": true, "multi_county_name": "MHCA 10/Northwest Center for Behavioral Health"}}, {"type": "Feature", "geometry": {"type": "Polygon", "coordinates": [[[-100.00375, 36.776152], [-100.003711, 36.796972], [-100.002616, 36.944011], [-100.002747, 36.997196], [-100.002915, 36.999184], [-100.002563, 37.001706], [-100.001286, 37.001699], [-99.995201, 37.001631], [-99.9048971396057, 37.0016521074871], [-99.875409, 37.001659], [-99.8286446159415, 37.001278159536], [-99.786016, 37.000931], [-99.774816, 37.000841], [-99.774255, 37.000837], [-99.7741724011459, 37.0008365466155], [-99.7225871545953, 37.00055339561], [-99.657658, 37.000197], [-99.648652, 36.999604], [-99.625399, 36.999671], [-99.558068, 36.999528], [-99.5411159015717, 36.9995725260596], [-99.508574, 36.999658], [-99.504093, 36.999648], [-99.502665, 36.999645], [-99.500395, 36.999637], [-99.500395, 36.999576], [-99.484333, 36.999626], [-99.456203, 36.999471], [-99.455935, 36.998581], [-99.452885, 36.995549], [-99.451475, 36.994804], [-99.450058, 36.994728], [-99.446626, 36.995578], [-99.443415, 36.995491], [-99.442339, 36.994747], [-99.441188, 36.993434], [-99.439949, 36.990734], [-99.439971, 36.987266], [-99.438888, 36.983845], [-99.439191, 36.980377], [-99.43558, 36.974864], [-99.434054, 36.970064], [-99.429952, 36.964211], [-99.428435, 36.963094], [-99.427216, 36.959951], [-99.428218, 36.955332], [-99.42657, 36.950935], [-99.424787, 36.947702], [-99.423242, 36.945793], [-99.420519, 36.941137], [-99.41606, 36.93756], [-99.413992, 36.935457], [-99.410495, 36.930621], [-99.407435, 36.927329], [-99.404905, 36.925144], [-99.398092, 36.921539], [-99.396294, 36.917707], [-99.393, 36.912726], [-99.391013, 36.911042], [-99.386976, 36.905874], [-99.388141, 36.903654], [-99.38831, 36.901579], [-99.386325, 36.896705], [-99.3855, 36.893933], [-99.383679, 36.891094], [-99.377711, 36.885947], [-99.37653, 36.884289], [-99.375856, 36.881776], [-99.374218, 36.879597], [-99.371114, 36.877957], [-99.367903, 36.8783], [-99.365306, 36.877569], [-99.361694, 36.87503], [-99.356414, 36.872015], [-99.350127, 36.870232], [-99.338979, 36.866162], [-99.337002, 36.864974], [-99.333074, 36.864046], [-99.330252, 36.862972], [-99.326595, 36.859299], [-99.324779, 36.858119], [-99.322109, 36.857214], [-99.314288, 36.856191], [-99.313752, 36.855495], [-99.313423, 36.853917], [-99.315936, 36.851832], [-99.318246, 36.85002], [-99.318832, 36.848134], [-99.318037, 36.845722], [-99.317419, 36.842331], [-99.316547, 36.840518], [-99.313737, 36.837184], [-99.31075, 36.834717], [-99.309756, 36.83012], [-99.308433, 36.828882], [-99.303506, 36.8264], [-99.299082, 36.823909], [-99.296851, 36.821959], [-99.295186, 36.819566], [-99.294944, 36.772321], [-99.295399, 36.681525], [-99.295283, 36.638221], [-99.295339, 36.596455], [-99.295193, 36.595122], [-99.299922, 36.59499], [-99.353712, 36.594636], [-99.403708, 36.594164], [-99.421727, 36.594108], [-99.43026, 36.594018], [-99.43998, 36.593923], [-99.440397, 36.594175], [-99.448389, 36.594119], [-99.449138, 36.594061], [-99.498078, 36.594015], [-99.592728, 36.593929], [-99.605642, 36.593934], [-99.605634, 36.592754], [-99.674075, 36.593233], [-99.677128, 36.59306], [-99.688247, 36.592989], [-99.692853, 36.593165], [-99.739534, 36.593255], [-99.746391, 36.593271], [-99.83784, 36.593288], [-99.910143, 36.593189], [-99.910862, 36.593292], [-100.00316, 36.59325], [-100.003864, 36.775499], [-100.00375, 36.776152]]]}, "properties": {"hpsa_id": "7409908178", "name": "Harper County", "score": 19, "discipline": "Mental Health", "type": "Geographic HPSA", "status": "Designated", "rural": "Rural", "provider_ratio": "30000:1", "designation_pop": "142084.0", "underserved_pop": "112084", "pct_poverty": "13.6", "original_name": "MHCA 10/Northwest Center for Behavioral Health", "from_multi_county": true, "multi_county_name": "MHCA 10/Northwest Center for Behavioral Health"}}, {"type": "Feature", "geometry": {"type": "Polygon", "coordinates": [[[-98.960893, 36.347938], [-98.960857, 36.361607], [-98.960618, 36.362439], [-98.960539, 36.391163], [-98.960773, 36.393838], [-98.960708, 36.42029], [-98.960539, 36.492495], [-98.960531, 36.495941], [-98.960334, 36.506914], [-98.843702, 36.506315], [-98.838466, 36.500034], [-98.83819, 36.499255], [-98.833705, 36.491055], [-98.829134, 36.484163], [-98.823194, 36.477632], [-98.81946, 36.470995], [-98.80782, 36.460744], [-98.802748, 36.458802], [-98.792471, 36.453263], [-98.785344, 36.450549], [-98.777705, 36.448442], [-98.764456, 36.446666], [-98.756508, 36.447456], [-98.750365, 36.448339], [-98.74334, 36.448617], [-98.736644, 36.447529], [-98.72681, 36.445332], [-98.723044, 36.442671], [-98.718541, 36.437497], [-98.709224, 36.421958], [-98.704922, 36.419004], [-98.699493, 36.416013], [-98.693872, 36.41409], [-98.693404, 36.413934], [-98.687472, 36.412029], [-98.680553, 36.41042], [-98.669166, 36.406727], [-98.66546, 36.405284], [-98.662782, 36.404571], [-98.644267, 36.397167], [-98.625361, 36.392595], [-98.622196, 36.392356], [-98.616881, 36.392379], [-98.602813, 36.390848], [-98.599816, 36.391086], [-98.593447, 36.392031], [-98.586882, 36.393719], [-98.581658, 36.395522], [-98.576072, 36.396542], [-98.573333, 36.397775], [-98.564033, 36.400182], [-98.559753, 36.401911], [-98.552542, 36.402318], [-98.547304, 36.40079], [-98.54449, 36.400956], [-98.533658, 36.397866], [-98.533617, 36.46323], [-98.372455, 36.463177], [-98.363198, 36.463233], [-98.28321, 36.463334], [-98.247454, 36.463351], [-98.220436, 36.463376], [-98.166887, 36.4632], [-98.166408, 36.463198], [-98.150203, 36.463183], [-98.122015, 36.463189], [-98.113538, 36.463138], [-98.104427, 36.463105], [-98.104446, 36.459503], [-98.104434, 36.455669], [-98.104486, 36.441359], [-98.104525, 36.419685], [-98.104508, 36.376292], [-98.104477, 36.34728], [-98.104437, 36.339769], [-98.104477, 36.318284], [-98.104449, 36.296505], [-98.104424, 36.274857], [-98.104427, 36.267594], [-98.104433, 36.260373], [-98.104575, 36.245922], [-98.103726, 36.245918], [-98.103917, 36.173589], [-98.103904, 36.164877], [-98.121809, 36.164794], [-98.125346, 36.164924], [-98.139711, 36.164804], [-98.148582, 36.164723], [-98.148652, 36.164722], [-98.152334, 36.164897], [-98.166855, 36.164767], [-98.175309, 36.16478], [-98.210405, 36.164889], [-98.23032, 36.164951], [-98.317243, 36.164875], [-98.353019, 36.164909], [-98.371022, 36.164927], [-98.379764, 36.164903], [-98.388703, 36.164898], [-98.432659, 36.16491], [-98.441585, 36.164927], [-98.477164, 36.164939], [-98.619067, 36.165372], [-98.636899, 36.164894], [-98.66333, 36.164554], [-98.725784, 36.163263], [-98.726183, 36.163297], [-98.726454, 36.16324], [-98.89476, 36.161217], [-98.920438, 36.161271], [-98.923073, 36.161271], [-98.925128, 36.161288], [-98.929583, 36.161325], [-98.937518, 36.16137], [-98.938457, 36.161374], [-98.955849, 36.161577], [-98.955852, 36.165981], [-98.955862, 36.171377], [-98.955887, 36.188333], [-98.95596, 36.230901], [-98.955943, 36.246748], [-98.96057, 36.2467], [-98.960772, 36.304649], [-98.960719, 36.319082], [-98.960874, 36.319747], [-98.960893, 36.347938]]]}, "properties": {"hpsa_id": "7409908178", "name": "Major County", "score": 19, "discipline": "Mental Health", "type": "Geographic HPSA", "status": "Designated", "rural": "Rural", "provider_ratio": "30000:1", "designation_pop": "142084.0", "underserved_pop": "112084", "pct_poverty": "13.6", "original_name": "MHCA 10/Northwest Center for Behavioral Health", "from_multi_county": true, "multi_county_name": "MHCA 10/Northwest Center for Behavioral Health"}}, {"type": "Feature", "geometry": {"type": "Polygon", "coordinates": [[[-99.605606, 36.40963], [-99.605432, 36.449521], [-99.605436, 36.464082], [-99.605403, 36.568467], [-99.60543, 36.568644], [-99.605634, 36.592754], [-99.605642, 36.593934], [-99.592728, 36.593929], [-99.498078, 36.594015], [-99.449138, 36.594061], [-99.448389, 36.594119], [-99.440397, 36.594175], [-99.43998, 36.593923], [-99.43026, 36.594018], [-99.421727, 36.594108], [-99.403708, 36.594164], [-99.353712, 36.594636], [-99.299922, 36.59499], [-99.295193, 36.595122], [-99.295339, 36.596455], [-99.295283, 36.638221], [-99.295399, 36.681525], [-99.294944, 36.772321], [-99.295186, 36.819566], [-99.294753, 36.817775], [-99.294259, 36.805939], [-99.292718, 36.804568], [-99.286681, 36.802068], [-99.282304, 36.79869], [-99.277262, 36.795818], [-99.270217, 36.789727], [-99.268636, 36.789228], [-99.259941, 36.787473], [-99.255946, 36.786074], [-99.25141, 36.785079], [-99.250383, 36.785015], [-99.245274, 36.786438], [-99.242385, 36.785754], [-99.236952, 36.786683], [-99.233162, 36.787015], [-99.229834, 36.788161], [-99.227688, 36.788106], [-99.217759, 36.786811], [-99.216455, 36.786996], [-99.210563, 36.79069], [-99.202772, 36.791215], [-99.199061, 36.790885], [-99.197355, 36.789474], [-99.195299, 36.788701], [-99.18909, 36.787363], [-99.180838, 36.787411], [-99.17773, 36.788402], [-99.17005, 36.789998], [-99.165277, 36.790642], [-99.163542, 36.790222], [-99.158145, 36.787802], [-99.152299, 36.787624], [-99.139855, 36.78304], [-99.137507, 36.781201], [-99.13501, 36.778387], [-99.132815, 36.774033], [-99.128273, 36.769411], [-99.12671, 36.76596], [-99.12656, 36.762566], [-99.125379, 36.762095], [-99.121439, 36.758919], [-99.119468, 36.75791], [-99.114047, 36.754014], [-99.107752, 36.750445], [-99.106757, 36.747437], [-99.105284, 36.745685], [-99.10236, 36.743894], [-99.100457, 36.743549], [-99.097449, 36.742059], [-99.095417, 36.738226], [-99.095723, 36.736752], [-99.086727, 36.724454], [-99.085494, 36.72343], [-99.08449, 36.721582], [-99.083187, 36.720558], [-99.080671, 36.719454], [-99.078244, 36.71789], [-99.075688, 36.716989], [-99.069815, 36.716106], [-99.065795, 36.716359], [-99.062908, 36.71603], [-99.061515, 36.71545], [-99.057235, 36.711296], [-99.05515, 36.707349], [-99.052223, 36.70518], [-99.051031, 36.701878], [-99.049568, 36.699691], [-99.046081, 36.697118], [-99.044347, 36.694948], [-99.044618, 36.692743], [-99.046051, 36.69007], [-99.048065, 36.688519], [-99.048435, 36.686823], [-99.044248, 36.682902], [-99.042413, 36.682031], [-99.040801, 36.68028], [-99.039954, 36.678548], [-99.039326, 36.673615], [-99.036333, 36.669426], [-99.034206, 36.66733], [-99.03088, 36.664937], [-99.025071, 36.662136], [-99.024998, 36.662092], [-99.024156, 36.661591], [-99.022365, 36.658912], [-99.022415, 36.657571], [-99.023768, 36.654915], [-99.024911, 36.651249], [-99.024821, 36.650345], [-99.022809, 36.647084], [-99.02299, 36.643992], [-99.02254, 36.642434], [-99.018956, 36.640901], [-99.012958, 36.640241], [-99.010296, 36.635981], [-99.010087, 36.633268], [-99.006694, 36.631097], [-99.002217, 36.629725], [-99.000373, 36.629526], [-98.990982, 36.619183], [-98.988804, 36.615611], [-98.98773, 36.614677], [-98.976083, 36.603054], [-98.971484, 36.60032], [-98.966736, 36.599464], [-98.959973, 36.598991], [-98.960505, 36.506984], [-98.960334, 36.506914], [-98.960531, 36.495941], [-98.960539, 36.492495], [-98.960708, 36.42029], [-98.960773, 36.393838], [-98.960539, 36.391163], [-98.960618, 36.362439], [-98.960857, 36.361607], [-98.960893, 36.347938], [-98.960874, 36.319747], [-98.960719, 36.319082], [-98.960772, 36.304649], [-98.96057, 36.2467], [-98.955943, 36.246748], [-98.95596, 36.230901], [-98.955887, 36.188333], [-98.955862, 36.171377], [-98.955852, 36.165981], [-98.955849, 36.161577], [-99.057615, 36.162264], [-99.057801, 36.162265], [-99.062098, 36.162285], [-99.079951, 36.162426], [-99.117263, 36.162811], [-99.125576, 36.162243], [-99.133462, 36.162332], [-99.222096, 36.163193], [-99.245921, 36.163408], [-99.254237, 36.163917], [-99.382074, 36.164301], [-99.453619, 36.163926], [-99.596079, 36.164061], [-99.595886, 36.188206], [-99.596067, 36.202865], [-99.596033, 36.21703], [-99.595942, 36.246754], [-99.605067, 36.246741], [-99.605087, 36.275672], [-99.605169, 36.290167], [-99.605266, 36.291187], [-99.605568, 36.348112], [-99.605688, 36.40926], [-99.605606, 36.40963]]]}, "properties": {"hpsa_id": "7409908178", "name": "Woodward County", "score": 19, "discipline": "Mental Health", "type": "Geographic HPSA", "status": "Designated", "rural": "Rural", "provider_ratio": "30000:1", "designation_pop": "142084.0", "underserved_pop": "112084", "pct_poverty": "13.6", "original_name": "MHCA 10/Northwest Center for Behavioral Health", "from_multi_county": true, "multi_county_name": "MHCA 10/Northwest Center for Behavioral Health"}}, {"type": "Feature", "geometry": {"type": "Polygon", "coordinates": [[[-99.456203, 36.999471], [-99.407015, 36.999579], [-99.3966738001589, 36.9997745488713], [-99.375391, 37.000177], [-99.277506, 36.999579], [-99.24812, 36.999565], [-99.2154330378231, 36.9995256118126], [-99.129449, 36.999422], [-99.124883, 36.99942], [-99.049695, 36.999221], [-99.029337, 36.999595], [-99.0136679087193, 36.9995492913885], [-99.0003029130325, 36.9995103040991], [-98.994371, 36.999493], [-98.9860503090387, 36.9994795454461], [-98.88058, 36.999309], [-98.880009, 36.999263], [-98.869449, 36.999286], [-98.8118320432389, 36.9992403846753], [-98.797452, 36.999229], [-98.793711, 36.999227], [-98.791936, 36.999255], [-98.761597, 36.999425], [-98.718465, 36.99918], [-98.714512, 36.99906], [-98.6518419384536, 36.9990367259262], [-98.6222650058374, 36.9990257418024], [-98.544872, 36.998997], [-98.5446600848551, 36.9989961823461], [-98.544989, 36.942241], [-98.540237, 36.942228], [-98.540371, 36.906128], [-98.540262, 36.86252], [-98.54035, 36.821721], [-98.540473, 36.77543], [-98.54048, 36.76094], [-98.540405, 36.739195], [-98.540547, 36.724664], [-98.540567, 36.710166], [-98.540504, 36.695646], [-98.540539, 36.688341], [-98.540574, 36.673772], [-98.540482, 36.652135], [-98.5405, 36.59421], [-98.5334, 36.594217], [-98.533479, 36.528404], [-98.533477, 36.528135], [-98.533617, 36.46323], [-98.533658, 36.397866], [-98.54449, 36.400956], [-98.547304, 36.40079], [-98.552542, 36.402318], [-98.559753, 36.401911], [-98.564033, 36.400182], [-98.573333, 36.397775], [-98.576072, 36.396542], [-98.581658, 36.395522], [-98.586882, 36.393719], [-98.593447, 36.392031], [-98.599816, 36.391086], [-98.602813, 36.390848], [-98.616881, 36.392379], [-98.622196, 36.392356], [-98.625361, 36.392595], [-98.644267, 36.397167], [-98.662782, 36.404571], [-98.66546, 36.405284], [-98.669166, 36.406727], [-98.680553, 36.41042], [-98.687472, 36.412029], [-98.693404, 36.413934], [-98.693872, 36.41409], [-98.699493, 36.416013], [-98.704922, 36.419004], [-98.709224, 36.421958], [-98.718541, 36.437497], [-98.723044, 36.442671], [-98.72681, 36.445332], [-98.736644, 36.447529], [-98.74334, 36.448617], [-98.750365, 36.448339], [-98.756508, 36.447456], [-98.764456, 36.446666], [-98.777705, 36.448442], [-98.785344, 36.450549], [-98.792471, 36.453263], [-98.802748, 36.458802], [-98.80782, 36.460744], [-98.81946, 36.470995], [-98.823194, 36.477632], [-98.829134, 36.484163], [-98.833705, 36.491055], [-98.83819, 36.499255], [-98.838466, 36.500034], [-98.843702, 36.506315], [-98.960334, 36.506914], [-98.960505, 36.506984], [-98.959973, 36.598991], [-98.966736, 36.599464], [-98.971484, 36.60032], [-98.976083, 36.603054], [-98.98773, 36.614677], [-98.988804, 36.615611], [-98.990982, 36.619183], [-99.000373, 36.629526], [-99.002217, 36.629725], [-99.006694, 36.631097], [-99.010087, 36.633268], [-99.010296, 36.635981], [-99.012958, 36.640241], [-99.018956, 36.640901], [-99.02254, 36.642434], [-99.02299, 36.643992], [-99.022809, 36.647084], [-99.024821, 36.650345], [-99.024911, 36.651249], [-99.023768, 36.654915], [-99.022415, 36.657571], [-99.022365, 36.658912], [-99.024156, 36.661591], [-99.024998, 36.662092], [-99.025071, 36.662136], [-99.03088, 36.664937], [-99.034206, 36.66733], [-99.036333, 36.669426], [-99.039326, 36.673615], [-99.039954, 36.678548], [-99.040801, 36.68028], [-99.042413, 36.682031], [-99.044248, 36.682902], [-99.048435, 36.686823], [-99.048065, 36.688519], [-99.046051, 36.69007], [-99.044618, 36.692743], [-99.044347, 36.694948], [-99.046081, 36.697118], [-99.049568, 36.699691], [-99.051031, 36.701878], [-99.052223, 36.70518], [-99.05515, 36.707349], [-99.057235, 36.711296], [-99.061515, 36.71545], [-99.062908, 36.71603], [-99.065795, 36.716359], [-99.069815, 36.716106], [-99.075688, 36.716989], [-99.078244, 36.71789], [-99.080671, 36.719454], [-99.083187, 36.720558], [-99.08449, 36.721582], [-99.085494, 36.72343], [-99.086727, 36.724454], [-99.095723, 36.736752], [-99.095417, 36.738226], [-99.097449, 36.742059], [-99.100457, 36.743549], [-99.10236, 36.743894], [-99.105284, 36.745685], [-99.106757, 36.747437], [-99.107752, 36.750445], [-99.114047, 36.754014], [-99.119468, 36.75791], [-99.121439, 36.758919], [-99.125379, 36.762095], [-99.12656, 36.762566], [-99.12671, 36.76596], [-99.128273, 36.769411], [-99.132815, 36.774033], [-99.13501, 36.778387], [-99.137507, 36.781201], [-99.139855, 36.78304], [-99.152299, 36.787624], [-99.158145, 36.787802], [-99.163542, 36.790222], [-99.165277, 36.790642], [-99.17005, 36.789998], [-99.17773, 36.788402], [-99.180838, 36.787411], [-99.18909, 36.787363], [-99.195299, 36.788701], [-99.197355, 36.789474], [-99.199061, 36.790885], [-99.202772, 36.791215], [-99.210563, 36.79069], [-99.216455, 36.786996], [-99.217759, 36.786811], [-99.227688, 36.788106], [-99.229834, 36.788161], [-99.233162, 36.787015], [-99.236952, 36.786683], [-99.242385, 36.785754], [-99.245274, 36.786438], [-99.250383, 36.785015], [-99.25141, 36.785079], [-99.255946, 36.786074], [-99.259941, 36.787473], [-99.268636, 36.789228], [-99.270217, 36.789727], [-99.277262, 36.795818], [-99.282304, 36.79869], [-99.286681, 36.802068], [-99.292718, 36.804568], [-99.294259, 36.805939], [-99.294753, 36.817775], [-99.295186, 36.819566], [-99.296851, 36.821959], [-99.299082, 36.823909], [-99.303506, 36.8264], [-99.308433, 36.828882], [-99.309756, 36.83012], [-99.31075, 36.834717], [-99.313737, 36.837184], [-99.316547, 36.840518], [-99.317419, 36.842331], [-99.318037, 36.845722], [-99.318832, 36.848134], [-99.318246, 36.85002], [-99.315936, 36.851832], [-99.313423, 36.853917], [-99.313752, 36.855495], [-99.314288, 36.856191], [-99.322109, 36.857214], [-99.324779, 36.858119], [-99.326595, 36.859299], [-99.330252, 36.862972], [-99.333074, 36.864046], [-99.337002, 36.864974], [-99.338979, 36.866162], [-99.350127, 36.870232], [-99.356414, 36.872015], [-99.361694, 36.87503], [-99.365306, 36.877569], [-99.367903, 36.8783], [-99.371114, 36.877957], [-99.374218, 36.879597], [-99.375856, 36.881776], [-99.37653, 36.884289], [-99.377711, 36.885947], [-99.383679, 36.891094], [-99.3855, 36.893933], [-99.386325, 36.896705], [-99.38831, 36.901579], [-99.388141, 36.903654], [-99.386976, 36.905874], [-99.391013, 36.911042], [-99.393, 36.912726], [-99.396294, 36.917707], [-99.398092, 36.921539], [-99.404905, 36.925144], [-99.407435, 36.927329], [-99.410495, 36.930621], [-99.413992, 36.935457], [-99.41606, 36.93756], [-99.420519, 36.941137], [-99.423242, 36.945793], [-99.424787, 36.947702], [-99.42657, 36.950935], [-99.428218, 36.955332], [-99.427216, 36.959951], [-99.428435, 36.963094], [-99.429952, 36.964211], [-99.434054, 36.970064], [-99.43558, 36.974864], [-99.439191, 36.980377], [-99.438888, 36.983845], [-99.439971, 36.987266], [-99.439949, 36.990734], [-99.441188, 36.993434], [-99.442339, 36.994747], [-99.443415, 36.995491], [-99.446626, 36.995578], [-99.450058, 36.994728], [-99.451475, 36.994804], [-99.452885, 36.995549], [-99.455935, 36.998581], [-99.456203, 36.999471]]]}, "properties": {"hpsa_id": "7409908178", "name": "Woods County", "score": 19, "discipline": "Mental Health", "type": "Geographic HPSA", "status": "Designated", "rural": "Rural", "provider_ratio": "30000:1", "designation_pop": "142084.0", "underserved_pop": "112084", "pct_poverty": "13.6", "original_name": "MHCA 10/Northwest Center for Behavioral Health", "from_multi_county": true, "multi_county_name": "MHCA 10/Northwest Center for Behavioral Health"}}]}