{"type": "FeatureCollection", "features": [{"type": "Feature", "geometry": {"type": "Polygon", "coordinates": [[[-97.64438, 35.478819], [-97.641663, 35.478831], [-97.636666, 35.478853], [-97.630033, 35.478828], [-97.627816, 35.478819], [-97.626345, 35.478814], [-97.625599, 35.478811], [-97.618931, 35.478785], [-97.610061, 35.47878], [-97.601085, 35.478774], [-97.601103, 35.472026], [-97.601119, 35.46427], [-97.610044, 35.464152], [-97.618727, 35.464159], [-97.618896, 35.464306], [-97.627693, 35.46419], [-97.636605, 35.464374], [-97.636635, 35.471619], [-97.644397, 35.471589], [-97.644337, 35.474731], [-97.644759, 35.476542], [-97.64438, 35.478819]]]}, "properties": {"GEOID": "40109106913", "designation_types": "MUP", "imu_score": 59.2, "imu_scores": [59.2], "population_types": "MUP Low Income", "county": "Oklahoma County", "poverty_rate": 23.7, "pct_65_plus": 11.4, "providers_per_1000": 0.17, "service_area": "Low Income - Northwest 10th Tulakes"}}, {"type": "Feature", "geometry": {"type": "Polygon", "coordinates": [[[-97.636671, 35.486105], [-97.63663, 35.489745], [-97.636662, 35.493373], [-97.632255, 35.493344], [-97.627854, 35.493307], [-97.627413, 35.493305], [-97.623555, 35.493285], [-97.619063, 35.493264], [-97.61903, 35.489645], [-97.618997, 35.486024], [-97.618931, 35.478785], [-97.625599, 35.478811], [-97.626345, 35.478814], [-97.627816, 35.478819], [-97.630033, 35.478828], [-97.636666, 35.478853], [-97.636671, 35.486105]]]}, "properties": {"GEOID": "40109106914", "designation_types": "MUP", "imu_score": 59.2, "imu_scores": [59.2], "population_types": "MUP Low Income", "county": "Oklahoma County", "poverty_rate": 23.7, "pct_65_plus": 11.4, "providers_per_1000": 0.17, "service_area": "Low Income - Northwest 10th Tulakes"}}, {"type": "Feature", "geometry": {"type": "Polygon", "coordinates": [[[-97.601185, 35.51122], [-97.596918, 35.51121], [-97.592274, 35.511214], [-97.583414, 35.511301], [-97.583405, 35.50782], [-97.583398, 35.505071], [-97.583395, 35.503847], [-97.58339, 35.501746], [-97.584828, 35.501693], [-97.588355, 35.499229], [-97.588361, 35.500172], [-97.589575, 35.500166], [-97.59206, 35.500535], [-97.594517, 35.50056], [-97.596747, 35.500547], [-97.601163, 35.500529], [-97.601172, 35.503747], [-97.601183, 35.507785], [-97.601185, 35.51122]]]}, "properties": {"GEOID": "40109105903", "designation_types": "MUP", "imu_score": 59.2, "imu_scores": [59.2], "population_types": "MUP Low Income", "county": "Oklahoma County", "poverty_rate": 23.7, "pct_65_plus": 11.4, "providers_per_1000": 0.17, "service_area": "Low Income - Northwest 10th Tulakes"}}, {"type": "Feature", "geometry": {"type": "Polygon", "coordinates": [[[-97.601163, 35.500529], [-97.596747, 35.500547], [-97.594517, 35.50056], [-97.59206, 35.500535], [-97.589575, 35.500166], [-97.588361, 35.500172], [-97.588355, 35.499229], [-97.584828, 35.501693], [-97.58339, 35.501746], [-97.583386, 35.500586], [-97.58337, 35.493335], [-97.590816, 35.493327], [-97.59232, 35.493323], [-97.594903, 35.493318], [-97.596685, 35.493316], [-97.601142, 35.493309], [-97.60116, 35.499565], [-97.601163, 35.500529]]]}, "properties": {"GEOID": "40109105905", "designation_types": "MUP", "imu_score": 59.2, "imu_scores": [59.2], "population_types": "MUP Low Income", "county": "Oklahoma County", "poverty_rate": 23.7, "pct_65_plus": 11.4, "providers_per_1000": 0.17, "service_area": "Low Income - Northwest 10th Tulakes"}}, {"type": "Feature", "geometry": {"type": "Polygon", "coordinates": [[[-97.601142, 35.493309], [-97.596685, 35.493316], [-97.594903, 35.493318], [-97.59232, 35.493323], [-97.590816, 35.493327], [-97.58337, 35.493335], [-97.583353, 35.48603], [-97.59226, 35.486058], [-97.601113, 35.486047], [-97.601127, 35.489414], [-97.60113, 35.490264], [-97.601141, 35.493061], [-97.601142, 35.493309]]]}, "properties": {"GEOID": "40109105906", "designation_types": "MUP", "imu_score": 59.2, "imu_scores": [59.2], "population_types": "MUP Low Income", "county": "Oklahoma County", "poverty_rate": 23.7, "pct_65_plus": 11.4, "providers_per_1000": 0.17, "service_area": "Low Income - Northwest 10th Tulakes"}}, {"type": "Feature", "geometry": {"type": "Polygon", "coordinates": [[[-97.601113, 35.486047], [-97.59226, 35.486058], [-97.583353, 35.48603], [-97.583344, 35.478765], [-97.583336, 35.471701], [-97.587662, 35.47259], [-97.592219, 35.472697], [-97.601103, 35.472026], [-97.601085, 35.478774], [-97.601113, 35.486047]]]}, "properties": {"GEOID": "40109105907", "designation_types": "MUP", "imu_score": 59.2, "imu_scores": [59.2], "population_types": "MUP Low Income", "county": "Oklahoma County", "poverty_rate": 23.7, "pct_65_plus": 11.4, "providers_per_1000": 0.17, "service_area": "Low Income - Northwest 10th Tulakes"}}, {"type": "Feature", "geometry": {"type": "Polygon", "coordinates": [[[-97.63667, 35.500657], [-97.632232, 35.500607], [-97.627839, 35.500564], [-97.618997, 35.50051], [-97.619063, 35.493264], [-97.623555, 35.493285], [-97.627413, 35.493305], [-97.627854, 35.493307], [-97.632255, 35.493344], [-97.636662, 35.493373], [-97.63667, 35.500657]]]}, "properties": {"GEOID": "40109106902", "designation_types": "MUP", "imu_score": 59.2, "imu_scores": [59.2], "population_types": "MUP Low Income", "county": "Oklahoma County", "poverty_rate": 23.7, "pct_65_plus": 11.4, "providers_per_1000": 0.17, "service_area": "Low Income - Northwest 10th Tulakes"}}, {"type": "Feature", "geometry": {"type": "Polygon", "coordinates": [[[-97.610061, 35.507768], [-97.601183, 35.507785], [-97.601172, 35.503747], [-97.601163, 35.500529], [-97.60116, 35.499565], [-97.601142, 35.493309], [-97.610022, 35.493287], [-97.610032, 35.499619], [-97.610032, 35.500047], [-97.610037, 35.503586], [-97.610061, 35.507768]]]}, "properties": {"GEOID": "40109106906", "designation_types": "MUP", "imu_score": 59.2, "imu_scores": [59.2], "population_types": "MUP Low Income", "county": "Oklahoma County", "poverty_rate": 23.7, "pct_65_plus": 11.4, "providers_per_1000": 0.17, "service_area": "Low Income - Northwest 10th Tulakes"}}, {"type": "Feature", "geometry": {"type": "Polygon", "coordinates": [[[-97.618997, 35.50051], [-97.618986, 35.501724], [-97.618956, 35.504982], [-97.618932, 35.507752], [-97.610061, 35.507768], [-97.610037, 35.503586], [-97.610032, 35.500047], [-97.610032, 35.499619], [-97.610022, 35.493287], [-97.619063, 35.493264], [-97.618997, 35.50051]]]}, "properties": {"GEOID": "40109106907", "designation_types": "MUP", "imu_score": 59.2, "imu_scores": [59.2], "population_types": "MUP Low Income", "county": "Oklahoma County", "poverty_rate": 23.7, "pct_65_plus": 11.4, "providers_per_1000": 0.17, "service_area": "Low Income - Northwest 10th Tulakes"}}, {"type": "Feature", "geometry": {"type": "Polygon", "coordinates": [[[-97.654311, 35.482398], [-97.654302, 35.486045], [-97.645482, 35.486033], [-97.636671, 35.486105], [-97.636666, 35.478853], [-97.641663, 35.478831], [-97.64438, 35.478819], [-97.65432, 35.478775], [-97.654311, 35.482398]]]}, "properties": {"GEOID": "40109106909", "designation_types": "MUP", "imu_score": 59.2, "imu_scores": [59.2], "population_types": "MUP Low Income", "county": "Oklahoma County", "poverty_rate": 23.7, "pct_65_plus": 11.4, "providers_per_1000": 0.17, "service_area": "Low Income - Northwest 10th Tulakes"}}, {"type": "Feature", "geometry": {"type": "Polygon", "coordinates": [[[-97.654293, 35.489655], [-97.654285, 35.493281], [-97.645448, 35.493341], [-97.636662, 35.493373], [-97.63663, 35.489745], [-97.636671, 35.486105], [-97.645482, 35.486033], [-97.654302, 35.486045], [-97.654293, 35.489655]]]}, "properties": {"GEOID": "40109106910", "designation_types": "MUP", "imu_score": 59.2, "imu_scores": [59.2], "population_types": "MUP Low Income", "county": "Oklahoma County", "poverty_rate": 23.7, "pct_65_plus": 11.4, "providers_per_1000": 0.17, "service_area": "Low Income - Northwest 10th Tulakes"}}, {"type": "Feature", "geometry": {"type": "Polygon", "coordinates": [[[-97.671533, 35.471354], [-97.671465, 35.478745], [-97.662802, 35.47876], [-97.65432, 35.478775], [-97.64438, 35.478819], [-97.644759, 35.476542], [-97.644337, 35.474731], [-97.644397, 35.471589], [-97.636635, 35.471619], [-97.636605, 35.464374], [-97.654049, 35.464141], [-97.654242, 35.464294], [-97.671539, 35.464209], [-97.671533, 35.471354]]]}, "properties": {"GEOID": "40109106912", "designation_types": "MUP", "imu_score": 59.2, "imu_scores": [59.2], "population_types": "MUP Low Income", "county": "Oklahoma County", "poverty_rate": 23.7, "pct_65_plus": 11.4, "providers_per_1000": 0.17, "service_area": "Low Income - Northwest 10th Tulakes"}}, {"type": "Feature", "geometry": {"type": "Polygon", "coordinates": [[[-97.63663, 35.507867], [-97.636623, 35.513033], [-97.628874, 35.511353], [-97.627835, 35.511209], [-97.622995, 35.511163], [-97.61894, 35.511168], [-97.618932, 35.507752], [-97.618956, 35.504982], [-97.618986, 35.501724], [-97.618997, 35.50051], [-97.627839, 35.500564], [-97.632232, 35.500607], [-97.63667, 35.500657], [-97.63663, 35.507867]]]}, "properties": {"GEOID": "40109106803", "designation_types": "MUP", "imu_score": 59.2, "imu_scores": [59.2], "population_types": "MUP Low Income", "county": "Oklahoma County", "poverty_rate": 23.7, "pct_65_plus": 11.4, "providers_per_1000": 0.17, "service_area": "Low Income - Northwest 10th Tulakes"}}, {"type": "Feature", "geometry": {"type": "Polygon", "coordinates": [[[-97.549274, 35.559163], [-97.549272, 35.559689], [-97.544617, 35.560055], [-97.540397, 35.560626], [-97.540367, 35.56558], [-97.540358, 35.571361], [-97.531333, 35.57134], [-97.531323, 35.569541], [-97.531298, 35.565539], [-97.531281, 35.560426], [-97.531303, 35.557266], [-97.531459, 35.551114], [-97.534267, 35.551113], [-97.53736, 35.551112], [-97.54008, 35.551122], [-97.540415, 35.551125], [-97.540411, 35.558339], [-97.544957, 35.558359], [-97.546114, 35.559073], [-97.546114, 35.558655], [-97.549278, 35.558705], [-97.549274, 35.559163]]]}, "properties": {"GEOID": "40109106303", "designation_types": "MUP", "imu_score": 59.1, "imu_scores": [59.1], "population_types": "MUP Low Income", "county": "Oklahoma County", "poverty_rate": 19.9, "pct_65_plus": 11.6, "providers_per_1000": 0.05, "service_area": "North Central OKC"}}, {"type": "Feature", "geometry": {"type": "Polygon", "coordinates": [[[-97.567193, 35.594721], [-97.561637, 35.594694], [-97.558256, 35.594677], [-97.557162, 35.594672], [-97.55385, 35.594656], [-97.549377, 35.594633], [-97.549341, 35.587444], [-97.549304, 35.580159], [-97.553082, 35.580173], [-97.555033, 35.580181], [-97.558812, 35.580195], [-97.567188, 35.580226], [-97.56719, 35.585275], [-97.567191, 35.588034], [-97.567191, 35.588945], [-97.567193, 35.594721]]]}, "properties": {"GEOID": "40109108307", "designation_types": "MUP", "imu_score": 59.1, "imu_scores": [59.1], "population_types": "MUP Low Income", "county": "Oklahoma County", "poverty_rate": 19.9, "pct_65_plus": 11.6, "providers_per_1000": 0.05, "service_area": "North Central OKC"}}, {"type": "Feature", "geometry": {"type": "Polygon", "coordinates": [[[-97.540365, 35.580113], [-97.538533, 35.580103], [-97.531385, 35.580066], [-97.531365, 35.576654], [-97.531333, 35.57134], [-97.540358, 35.571361], [-97.540294, 35.576465], [-97.540365, 35.580113]]]}, "properties": {"GEOID": "40109108309", "designation_types": "MUP", "imu_score": 59.1, "imu_scores": [59.1], "population_types": "MUP Low Income", "county": "Oklahoma County", "poverty_rate": 19.9, "pct_65_plus": 11.6, "providers_per_1000": 0.05, "service_area": "North Central OKC"}}, {"type": "Feature", "geometry": {"type": "Polygon", "coordinates": [[[-97.549377, 35.594633], [-97.531507, 35.59454], [-97.531446, 35.587312], [-97.531385, 35.580066], [-97.538533, 35.580103], [-97.540365, 35.580113], [-97.549304, 35.580159], [-97.549341, 35.587444], [-97.549377, 35.594633]]]}, "properties": {"GEOID": "40109108310", "designation_types": "MUP", "imu_score": 59.1, "imu_scores": [59.1], "population_types": "MUP Low Income", "county": "Oklahoma County", "poverty_rate": 19.9, "pct_65_plus": 11.6, "providers_per_1000": 0.05, "service_area": "North Central OKC"}}, {"type": "Feature", "geometry": {"type": "Polygon", "coordinates": [[[-97.558366, 35.608568], [-97.549481, 35.608507], [-97.547566, 35.608459], [-97.53865, 35.608195], [-97.536759, 35.607799], [-97.531603, 35.606225], [-97.531565, 35.601594], [-97.531507, 35.59454], [-97.549377, 35.594633], [-97.55385, 35.594656], [-97.553869, 35.597193], [-97.554084, 35.598066], [-97.554367, 35.598877], [-97.554485, 35.60092], [-97.554132, 35.602118], [-97.55423, 35.602146], [-97.555631, 35.602825], [-97.557732, 35.605458], [-97.558366, 35.608568]]]}, "properties": {"GEOID": "40109108314", "designation_types": "MUP", "imu_score": 59.1, "imu_scores": [59.1], "population_types": "MUP Low Income", "county": "Oklahoma County", "poverty_rate": 19.9, "pct_65_plus": 11.6, "providers_per_1000": 0.05, "service_area": "North Central OKC"}}, {"type": "Feature", "geometry": {"type": "Polygon", "coordinates": [[[-97.576089, 35.580211], [-97.567188, 35.580226], [-97.567183, 35.572127], [-97.567178, 35.565688], [-97.57507, 35.565679], [-97.57598, 35.567146], [-97.575177, 35.567163], [-97.573785, 35.567157], [-97.574668, 35.568671], [-97.576111, 35.574824], [-97.576089, 35.580211]]]}, "properties": {"GEOID": "40109108402", "designation_types": "MUP", "imu_score": 59.1, "imu_scores": [59.1], "population_types": "MUP Low Income", "county": "Oklahoma County", "poverty_rate": 19.9, "pct_65_plus": 11.6, "providers_per_1000": 0.05, "service_area": "North Central OKC"}}, {"type": "Feature", "geometry": {"type": "Polygon", "coordinates": [[[-97.567188, 35.580226], [-97.558812, 35.580195], [-97.559562, 35.574855], [-97.55921, 35.570999], [-97.559202, 35.570285], [-97.559175, 35.567807], [-97.558914, 35.565655], [-97.562584, 35.565671], [-97.567178, 35.565688], [-97.567183, 35.572127], [-97.567188, 35.580226]]]}, "properties": {"GEOID": "40109108403", "designation_types": "MUP", "imu_score": 59.1, "imu_scores": [59.1], "population_types": "MUP Low Income", "county": "Oklahoma County", "poverty_rate": 19.9, "pct_65_plus": 11.6, "providers_per_1000": 0.05, "service_area": "North Central OKC"}}, {"type": "Feature", "geometry": {"type": "Polygon", "coordinates": [[[-97.559562, 35.574855], [-97.558812, 35.580195], [-97.555033, 35.580181], [-97.553082, 35.580173], [-97.549304, 35.580159], [-97.540365, 35.580113], [-97.540294, 35.576465], [-97.540358, 35.571361], [-97.540367, 35.56558], [-97.549251, 35.565619], [-97.557444, 35.565651], [-97.558914, 35.565655], [-97.559175, 35.567807], [-97.559202, 35.570285], [-97.55921, 35.570999], [-97.559562, 35.574855]]]}, "properties": {"GEOID": "40109108404", "designation_types": "MUP", "imu_score": 59.1, "imu_scores": [59.1], "population_types": "MUP Low Income", "county": "Oklahoma County", "poverty_rate": 19.9, "pct_65_plus": 11.6, "providers_per_1000": 0.05, "service_area": "North Central OKC"}}, {"type": "Feature", "geometry": {"type": "Polygon", "coordinates": [[[-97.567221, 35.55809], [-97.567178, 35.565688], [-97.562584, 35.565671], [-97.558914, 35.565655], [-97.557444, 35.565651], [-97.549251, 35.565619], [-97.540367, 35.56558], [-97.540397, 35.560626], [-97.544617, 35.560055], [-97.549272, 35.559689], [-97.549274, 35.559163], [-97.549278, 35.558705], [-97.546114, 35.558655], [-97.546114, 35.559073], [-97.544957, 35.558359], [-97.540411, 35.558339], [-97.540415, 35.551125], [-97.547246, 35.551081], [-97.549315, 35.550852], [-97.552355, 35.55062], [-97.553064, 35.550644], [-97.554212, 35.550692], [-97.556879, 35.550985], [-97.557044, 35.550979], [-97.558092, 35.55107], [-97.565648, 35.55111], [-97.567246, 35.553538], [-97.567221, 35.55809]]]}, "properties": {"GEOID": "40109106403", "designation_types": "MUP", "imu_score": 59.1, "imu_scores": [59.1], "population_types": "MUP Low Income", "county": "Oklahoma County", "poverty_rate": 19.9, "pct_65_plus": 11.6, "providers_per_1000": 0.05, "service_area": "North Central OKC"}}, {"type": "Feature", "geometry": {"type": "Polygon", "coordinates": [[[-97.531303, 35.557266], [-97.531281, 35.560426], [-97.531298, 35.565539], [-97.52242, 35.565565], [-97.513799, 35.565589], [-97.51378, 35.551129], [-97.514371, 35.551128], [-97.520657, 35.551123], [-97.529742, 35.551115], [-97.531459, 35.551114], [-97.531303, 35.557266]]]}, "properties": {"GEOID": "40109106301", "designation_types": "MUP", "imu_score": 59.1, "imu_scores": [59.1], "population_types": "MUP Low Income", "county": "Oklahoma County", "poverty_rate": 19.9, "pct_65_plus": 11.6, "providers_per_1000": 0.05, "service_area": "North Central OKC"}}, {"type": "Feature", "geometry": {"type": "Polygon", "coordinates": [[[-97.531507, 35.59454], [-97.522552, 35.59458], [-97.513712, 35.594617], [-97.513809, 35.586774], [-97.513169, 35.586458], [-97.513715, 35.584883], [-97.513864, 35.580105], [-97.513826, 35.569363], [-97.513799, 35.565589], [-97.52242, 35.565565], [-97.531298, 35.565539], [-97.531323, 35.569541], [-97.531333, 35.57134], [-97.531365, 35.576654], [-97.531385, 35.580066], [-97.531446, 35.587312], [-97.531507, 35.59454]]]}, "properties": {"GEOID": "40109106302", "designation_types": "MUP", "imu_score": 59.1, "imu_scores": [59.1], "population_types": "MUP Low Income", "county": "Oklahoma County", "poverty_rate": 19.9, "pct_65_plus": 11.6, "providers_per_1000": 0.05, "service_area": "North Central OKC"}}, {"type": "Feature", "geometry": {"type": "Polygon", "coordinates": [[[-97.521004, 35.500502], [-97.514021, 35.500565], [-97.513058, 35.500577], [-97.51276, 35.497641], [-97.512381, 35.493255], [-97.512345, 35.492896], [-97.512562, 35.493255], [-97.515791, 35.493217], [-97.521048, 35.493238], [-97.521004, 35.500502]]]}, "properties": {"GEOID": "40109101200", "designation_types": "MUA", "imu_score": 57.6, "imu_scores": [57.6], "population_types": "Medically Underserved Area", "county": "Oklahoma County", "poverty_rate": null, "pct_65_plus": null, "providers_per_1000": null, "service_area": "Nw 23rd Corridor Service Area"}}, {"type": "Feature", "geometry": {"type": "Polygon", "coordinates": [[[-97.547691, 35.50424], [-97.54769, 35.507764], [-97.543714, 35.507792], [-97.539075, 35.507768], [-97.538748, 35.507768], [-97.534422, 35.507769], [-97.529829, 35.50777], [-97.529882, 35.500541], [-97.534411, 35.500539], [-97.536788, 35.500537], [-97.538801, 35.500536], [-97.543916, 35.500535], [-97.547691, 35.500534], [-97.547691, 35.50424]]]}, "properties": {"GEOID": "40109100800", "designation_types": "MUA", "imu_score": 57.6, "imu_scores": [57.6], "population_types": "Medically Underserved Area", "county": "Oklahoma County", "poverty_rate": null, "pct_65_plus": null, "providers_per_1000": null, "service_area": "Nw 23rd Corridor Service Area"}}, {"type": "Feature", "geometry": {"type": "Polygon", "coordinates": [[[-97.547691, 35.500534], [-97.543916, 35.500535], [-97.538801, 35.500536], [-97.536788, 35.500537], [-97.534411, 35.500539], [-97.529882, 35.500541], [-97.529921, 35.495342], [-97.529936, 35.493274], [-97.531745, 35.493239], [-97.536781, 35.493273], [-97.53884, 35.493273], [-97.543937, 35.493235], [-97.547693, 35.493271], [-97.547691, 35.500534]]]}, "properties": {"GEOID": "40109101000", "designation_types": "MUA", "imu_score": 57.6, "imu_scores": [57.6], "population_types": "Medically Underserved Area", "county": "Oklahoma County", "poverty_rate": null, "pct_65_plus": null, "providers_per_1000": null, "service_area": "Nw 23rd Corridor Service Area"}}, {"type": "Feature", "geometry": {"type": "Polygon", "coordinates": [[[-97.529921, 35.495342], [-97.529882, 35.500541], [-97.525438, 35.500519], [-97.521004, 35.500502], [-97.521048, 35.493238], [-97.525879, 35.493258], [-97.529936, 35.493274], [-97.529921, 35.495342]]]}, "properties": {"GEOID": "40109101100", "designation_types": "MUA", "imu_score": 57.6, "imu_scores": [57.6], "population_types": "Medically Underserved Area", "county": "Oklahoma County", "poverty_rate": null, "pct_65_plus": null, "providers_per_1000": null, "service_area": "Nw 23rd Corridor Service Area"}}, {"type": "Feature", "geometry": {"type": "Polygon", "coordinates": [[[-97.547748, 35.481815], [-97.547808, 35.485969], [-97.541068, 35.485999], [-97.539239, 35.486001], [-97.53543, 35.486005], [-97.530197, 35.486015], [-97.530015, 35.482434], [-97.530018, 35.481731], [-97.530038, 35.47875], [-97.533249, 35.478745], [-97.535541, 35.478741], [-97.538934, 35.47872], [-97.547841, 35.47872], [-97.547748, 35.481815]]]}, "properties": {"GEOID": "40109102400", "designation_types": "MUA", "imu_score": 57.6, "imu_scores": [57.6], "population_types": "Medically Underserved Area", "county": "Oklahoma County", "poverty_rate": null, "pct_65_plus": null, "providers_per_1000": null, "service_area": "Nw 23rd Corridor Service Area"}}, {"type": "Feature", "geometry": {"type": "Polygon", "coordinates": [[[-97.583353, 35.48603], [-97.579229, 35.486017], [-97.576911, 35.485998], [-97.574599, 35.485975], [-97.572353, 35.485947], [-97.570189, 35.48592], [-97.56567, 35.485904], [-97.565682, 35.480642], [-97.565686, 35.478616], [-97.565748, 35.478616], [-97.574515, 35.478694], [-97.578843, 35.478741], [-97.583344, 35.478765], [-97.583353, 35.48603]]]}, "properties": {"GEOID": "40109102200", "designation_types": "MUA", "imu_score": 57.6, "imu_scores": [57.6], "population_types": "Medically Underserved Area", "county": "Oklahoma County", "poverty_rate": null, "pct_65_plus": null, "providers_per_1000": null, "service_area": "Nw 23rd Corridor Service Area"}}, {"type": "Feature", "geometry": {"type": "Polygon", "coordinates": [[[-97.565682, 35.480642], [-97.56567, 35.485904], [-97.561275, 35.485894], [-97.556641, 35.485936], [-97.552117, 35.485949], [-97.547808, 35.485969], [-97.547748, 35.481815], [-97.547841, 35.47872], [-97.552279, 35.478694], [-97.556714, 35.478668], [-97.561317, 35.478641], [-97.565686, 35.478616], [-97.565682, 35.480642]]]}, "properties": {"GEOID": "40109102300", "designation_types": "MUA", "imu_score": 57.6, "imu_scores": [57.6], "population_types": "Medically Underserved Area", "county": "Oklahoma County", "poverty_rate": null, "pct_65_plus": null, "providers_per_1000": null, "service_area": "Nw 23rd Corridor Service Area"}}, {"type": "Feature", "geometry": {"type": "Polygon", "coordinates": [[[-97.565655, 35.493162], [-97.556692, 35.493216], [-97.556587, 35.493217], [-97.547693, 35.493271], [-97.547721, 35.490114], [-97.547808, 35.485969], [-97.552117, 35.485949], [-97.556641, 35.485936], [-97.561275, 35.485894], [-97.56567, 35.485904], [-97.565655, 35.493162]]]}, "properties": {"GEOID": "40109102000", "designation_types": "MUA", "imu_score": 57.6, "imu_scores": [57.6], "population_types": "Medically Underserved Area", "county": "Oklahoma County", "poverty_rate": null, "pct_65_plus": null, "providers_per_1000": null, "service_area": "Nw 23rd Corridor Service Area"}}, {"type": "Feature", "geometry": {"type": "Polygon", "coordinates": [[[-97.58337, 35.493335], [-97.579381, 35.493296], [-97.578818, 35.493291], [-97.576795, 35.493254], [-97.570178, 35.493167], [-97.565655, 35.493162], [-97.56567, 35.485904], [-97.570189, 35.48592], [-97.572353, 35.485947], [-97.574599, 35.485975], [-97.576911, 35.485998], [-97.579229, 35.486017], [-97.583353, 35.48603], [-97.58337, 35.493335]]]}, "properties": {"GEOID": "40109102100", "designation_types": "MUA", "imu_score": 57.6, "imu_scores": [57.6], "population_types": "Medically Underserved Area", "county": "Oklahoma County", "poverty_rate": null, "pct_65_plus": null, "providers_per_1000": null, "service_area": "Nw 23rd Corridor Service Area"}}, {"type": "Feature", "geometry": {"type": "Polygon", "coordinates": [[[-97.529936, 35.493274], [-97.525879, 35.493258], [-97.521048, 35.493238], [-97.52112, 35.48599], [-97.525573, 35.486006], [-97.529446, 35.485989], [-97.530029, 35.486115], [-97.529936, 35.493274]]]}, "properties": {"GEOID": "40109101800", "designation_types": "MUA", "imu_score": 57.6, "imu_scores": [57.6], "population_types": "Medically Underserved Area", "county": "Oklahoma County", "poverty_rate": null, "pct_65_plus": null, "providers_per_1000": null, "service_area": "Nw 23rd Corridor Service Area"}}, {"type": "Feature", "geometry": {"type": "Polygon", "coordinates": [[[-97.547721, 35.490114], [-97.547693, 35.493271], [-97.543937, 35.493235], [-97.53884, 35.493273], [-97.536781, 35.493273], [-97.531745, 35.493239], [-97.529936, 35.493274], [-97.530029, 35.486115], [-97.530197, 35.486015], [-97.53543, 35.486005], [-97.539239, 35.486001], [-97.541068, 35.485999], [-97.547808, 35.485969], [-97.547721, 35.490114]]]}, "properties": {"GEOID": "40109101900", "designation_types": "MUA", "imu_score": 57.6, "imu_scores": [57.6], "population_types": "Medically Underserved Area", "county": "Oklahoma County", "poverty_rate": null, "pct_65_plus": null, "providers_per_1000": null, "service_area": "Nw 23rd Corridor Service Area"}}, {"type": "Feature", "geometry": {"type": "Polygon", "coordinates": [[[-97.512381, 35.493255], [-97.505487, 35.493226], [-97.501141, 35.493213], [-97.494495, 35.493218], [-97.494528, 35.488029], [-97.494544, 35.48548], [-97.498904, 35.485486], [-97.498894, 35.482365], [-97.501053, 35.482385], [-97.503396, 35.4824], [-97.505761, 35.48236], [-97.505698, 35.480291], [-97.508864, 35.480289], [-97.508869, 35.48232], [-97.511928, 35.482327], [-97.511776, 35.487028], [-97.512345, 35.492896], [-97.512381, 35.493255]]]}, "properties": {"GEOID": "40109101500", "designation_types": "MUA", "imu_score": 57.6, "imu_scores": [57.6], "population_types": "Medically Underserved Area", "county": "Oklahoma County", "poverty_rate": null, "pct_65_plus": null, "providers_per_1000": null, "service_area": "Nw 23rd Corridor Service Area"}}, {"type": "Feature", "geometry": {"type": "Polygon", "coordinates": [[[-97.579795, 35.496924], [-97.578809, 35.496912], [-97.576698, 35.496886], [-97.574515, 35.49686], [-97.565659, 35.496788], [-97.556593, 35.496829], [-97.556588, 35.494108], [-97.556692, 35.493216], [-97.565655, 35.493162], [-97.570178, 35.493167], [-97.576795, 35.493254], [-97.578818, 35.493291], [-97.579381, 35.493296], [-97.579795, 35.496924]]]}, "properties": {"GEOID": "40109100900", "designation_types": "MUA", "imu_score": 57.6, "imu_scores": [57.6], "population_types": "Medically Underserved Area", "county": "Oklahoma County", "poverty_rate": null, "pct_65_plus": null, "providers_per_1000": null, "service_area": "Nw 23rd Corridor Service Area"}}, {"type": "Feature", "geometry": {"type": "Polygon", "coordinates": [[[-97.530088, 35.470457], [-97.53005, 35.476829], [-97.530047, 35.477463], [-97.525685, 35.477341], [-97.524314, 35.477245], [-97.52272, 35.477237], [-97.521252, 35.477255], [-97.519213, 35.47724], [-97.516102, 35.477162], [-97.51618, 35.475075], [-97.516217, 35.474026], [-97.516297, 35.471938], [-97.517842, 35.471975], [-97.519384, 35.472013], [-97.519423, 35.470972], [-97.521297, 35.471017], [-97.521301, 35.470005], [-97.525745, 35.470139], [-97.525753, 35.469058], [-97.525767, 35.467876], [-97.530106, 35.467884], [-97.530088, 35.470457]]]}, "properties": {"GEOID": "40109103200", "designation_types": "MUA", "imu_score": 51.3, "imu_scores": [51.3], "population_types": "Medically Underserved Area", "county": "Oklahoma County", "poverty_rate": null, "pct_65_plus": null, "providers_per_1000": null, "service_area": "Central Oklahoma City"}}, {"type": "Feature", "geometry": {"type": "Polygon", "coordinates": [[[-97.601119, 35.46427], [-97.601103, 35.472026], [-97.592219, 35.472697], [-97.587662, 35.47259], [-97.583336, 35.471701], [-97.583344, 35.478765], [-97.578843, 35.478741], [-97.574515, 35.478694], [-97.565748, 35.478616], [-97.565863, 35.47764], [-97.565747, 35.473663], [-97.565735, 35.471554], [-97.565641, 35.471436], [-97.565595, 35.464179], [-97.565588, 35.460696], [-97.565584, 35.458219], [-97.566851, 35.458225], [-97.571815, 35.456177], [-97.573321, 35.455084], [-97.574422, 35.454531], [-97.581439, 35.450536], [-97.583279, 35.44999], [-97.583272, 35.449738], [-97.583308, 35.448101], [-97.583346, 35.44469], [-97.583335, 35.438113], [-97.583329, 35.435199], [-97.601036, 35.43525], [-97.601092, 35.449712], [-97.601111, 35.460203], [-97.601119, 35.46427]]]}, "properties": {"GEOID": "40109107002", "designation_types": "MUA", "imu_score": 51.3, "imu_scores": [51.3], "population_types": "Medically Underserved Area", "county": "Oklahoma County", "poverty_rate": null, "pct_65_plus": null, "providers_per_1000": null, "service_area": "Central Oklahoma City"}}, {"type": "Feature", "geometry": {"type": "Polygon", "coordinates": [[[-97.583346, 35.44469], [-97.583308, 35.448101], [-97.583272, 35.449738], [-97.583279, 35.44999], [-97.581439, 35.450536], [-97.574422, 35.454531], [-97.573321, 35.455084], [-97.571815, 35.456177], [-97.566851, 35.458225], [-97.565584, 35.458219], [-97.565579, 35.456309], [-97.565567, 35.449681], [-97.565561, 35.441837], [-97.565556, 35.435122], [-97.570087, 35.435141], [-97.574473, 35.435161], [-97.583329, 35.435199], [-97.583335, 35.438113], [-97.583346, 35.44469]]]}, "properties": {"GEOID": "40109105600", "designation_types": "MUA", "imu_score": 51.3, "imu_scores": [51.3], "population_types": "Medically Underserved Area", "county": "Oklahoma County", "poverty_rate": null, "pct_65_plus": null, "providers_per_1000": null, "service_area": "Central Oklahoma City"}}, {"type": "Feature", "geometry": {"type": "Polygon", "coordinates": [[[-97.530045, 35.477753], [-97.530038, 35.47875], [-97.530018, 35.481731], [-97.530015, 35.482434], [-97.525536, 35.482374], [-97.521124, 35.482376], [-97.515985, 35.482377], [-97.515985, 35.482348], [-97.511928, 35.482327], [-97.512049, 35.478101], [-97.516063, 35.478201], [-97.516102, 35.477162], [-97.519213, 35.47724], [-97.521252, 35.477255], [-97.521148, 35.480017], [-97.525565, 35.47998], [-97.525685, 35.477341], [-97.530047, 35.477463], [-97.530045, 35.477753]]]}, "properties": {"GEOID": "40109102500", "designation_types": "MUA", "imu_score": 51.3, "imu_scores": [51.3], "population_types": "Medically Underserved Area", "county": "Oklahoma County", "poverty_rate": null, "pct_65_plus": null, "providers_per_1000": null, "service_area": "Central Oklahoma City"}}, {"type": "Feature", "geometry": {"type": "Polygon", "coordinates": [[[-97.547854, 35.475826], [-97.547841, 35.47872], [-97.538934, 35.47872], [-97.535541, 35.478741], [-97.533249, 35.478745], [-97.530038, 35.47875], [-97.530045, 35.477753], [-97.530047, 35.477463], [-97.53005, 35.476829], [-97.530088, 35.470457], [-97.547858, 35.475021], [-97.547854, 35.475826]]]}, "properties": {"GEOID": "40109103300", "designation_types": "MUA", "imu_score": 51.3, "imu_scores": [51.3], "population_types": "Medically Underserved Area", "county": "Oklahoma County", "poverty_rate": null, "pct_65_plus": null, "providers_per_1000": null, "service_area": "Central Oklahoma City"}}, {"type": "Feature", "geometry": {"type": "Polygon", "coordinates": [[[-96.931009, 36.686505], [-96.92741, 36.68842], [-96.928517, 36.693681], [-96.928086, 36.69559], [-96.926789, 36.697813], [-96.922604, 36.702869], [-96.921886, 36.706374], [-96.92091, 36.717102], [-96.920554, 36.717752], [-96.918095, 36.718801], [-96.913196, 36.722717], [-96.909741, 36.727097], [-96.9086, 36.730145], [-96.907432, 36.735842], [-96.905861, 36.737129], [-96.90359, 36.7386], [-96.895706, 36.745819], [-96.888581, 36.751793], [-96.887344, 36.752133], [-96.882223, 36.751572], [-96.878784, 36.751854], [-96.87181, 36.753648], [-96.86869, 36.753537], [-96.866371, 36.752943], [-96.861678, 36.750036], [-96.853627, 36.746111], [-96.850122, 36.746343], [-96.848344, 36.746011], [-96.843674, 36.744389], [-96.838966, 36.743711], [-96.834103, 36.743438], [-96.830383, 36.744172], [-96.826639, 36.745342], [-96.824671, 36.74669], [-96.821675, 36.750036], [-96.820137, 36.75278], [-96.818061, 36.758988], [-96.818792, 36.761782], [-96.818827, 36.763661], [-96.820659, 36.765884], [-96.822585, 36.767559], [-96.788687, 36.767597], [-96.788652, 36.782006], [-96.752375, 36.782092], [-96.752318, 36.835463], [-96.752664, 36.838427], [-96.752576, 36.842797], [-96.752238, 36.842985], [-96.752293, 36.898856], [-96.752151, 36.94123], [-96.750027, 36.941237], [-96.749838, 36.998988], [-96.74127, 36.999239], [-96.73659, 36.999286], [-96.7319830041273, 36.9992833531125], [-96.710482, 36.999271], [-96.705431, 36.999203], [-96.6244880080759, 36.9989820415687], [-96.6073590074175, 36.9989352827694], [-96.5255776738603, 36.9987120358304], [-96.500288, 36.998643], [-96.4157735819161, 36.9991109977438], [-96.416782, 36.998008], [-96.417059, 36.970678], [-96.425979, 36.970652], [-96.426857, 36.970262], [-96.427613, 36.966953], [-96.429853, 36.963694], [-96.430587, 36.960674], [-96.434535, 36.956653], [-96.434909, 36.955881], [-96.434941, 36.947541], [-96.433381, 36.943903], [-96.431828, 36.94281], [-96.428337, 36.941527], [-96.426682, 36.940264], [-96.425085, 36.939796], [-96.424931, 36.936908], [-96.423737, 36.933876], [-96.424685, 36.932417], [-96.428072, 36.931207], [-96.429792, 36.928041], [-96.431127, 36.926622], [-96.431418, 36.925307], [-96.430513, 36.921886], [-96.43015, 36.920462], [-96.430125, 36.914801], [-96.430495, 36.912301], [-96.429227, 36.910557], [-96.428866, 36.903549], [-96.427595, 36.896911], [-96.429841, 36.893437], [-96.430004, 36.892356], [-96.422898, 36.882068], [-96.421525, 36.874024], [-96.420647, 36.868482], [-96.419926, 36.862739], [-96.422354, 36.856514], [-96.424002, 36.854024], [-96.425572, 36.849163], [-96.424752, 36.845251], [-96.42843, 36.843705], [-96.431194, 36.843191], [-96.438998, 36.840039], [-96.446701, 36.840038], [-96.446929, 36.83551], [-96.44652, 36.829035], [-96.440764, 36.818108], [-96.439331, 36.813267], [-96.435405, 36.811908], [-96.432752, 36.808773], [-96.429682, 36.805705], [-96.426507, 36.803351], [-96.425276, 36.802876], [-96.41533, 36.802694], [-96.414392, 36.802179], [-96.41237, 36.796168], [-96.411667, 36.795245], [-96.407929, 36.792126], [-96.396312, 36.786082], [-96.394709, 36.782995], [-96.394292, 36.779247], [-96.393403, 36.776874], [-96.392797, 36.773369], [-96.39208, 36.771686], [-96.38856, 36.766024], [-96.385738, 36.763278], [-96.381647, 36.755572], [-96.380206, 36.75425], [-96.376739, 36.752501], [-96.387277, 36.752472], [-96.390422, 36.750429], [-96.39452, 36.750007], [-96.397627, 36.750387], [-96.39961, 36.752849], [-96.401733, 36.754466], [-96.402117, 36.740698], [-96.399554, 36.736657], [-96.399267, 36.733536], [-96.397644, 36.731104], [-96.395822, 36.729863], [-96.395339, 36.728692], [-96.395478, 36.725274], [-96.394595, 36.723736], [-96.388164, 36.716572], [-96.386912, 36.715606], [-96.377468, 36.711392], [-96.371249, 36.706596], [-96.370418, 36.703523], [-96.367907, 36.699003], [-96.363153, 36.695811], [-96.365404, 36.695064], [-96.36606, 36.695311], [-96.366297, 36.695974], [-96.369538, 36.698196], [-96.384305, 36.698341], [-96.388245, 36.700187], [-96.391868, 36.700482], [-96.392853, 36.702347], [-96.394835, 36.704198], [-96.394853, 36.707527], [-96.395957, 36.708835], [-96.397591, 36.709303], [-96.40341, 36.709446], [-96.403991, 36.70989], [-96.404035, 36.711519], [-96.406942, 36.719091], [-96.407731, 36.722774], [-96.40923, 36.725761], [-96.411446, 36.729038], [-96.411931, 36.730919], [-96.413691, 36.734486], [-96.414028, 36.736641], [-96.416363, 36.738672], [-96.419933, 36.738234], [-96.423558, 36.739206], [-96.424676, 36.739844], [-96.425905, 36.741654], [-96.427383, 36.742603], [-96.433468, 36.743225], [-96.434423, 36.743608], [-96.438539, 36.74682], [-96.446149, 36.747424], [-96.44764, 36.747195], [-96.451331, 36.745826], [-96.457895, 36.739944], [-96.462924, 36.738421], [-96.465684, 36.737056], [-96.467057, 36.737182], [-96.46892, 36.738327], [-96.473254, 36.738944], [-96.478461, 36.739018], [-96.479372, 36.738688], [-96.4752, 36.732831], [-96.474396, 36.731156], [-96.475096, 36.727852], [-96.475281, 36.70911], [-96.474151, 36.707256], [-96.475807, 36.704048], [-96.475358, 36.699471], [-96.475556, 36.68077], [-96.484594, 36.680813], [-96.546179, 36.680687], [-96.612997, 36.680745], [-96.618179, 36.681088], [-96.652971, 36.685721], [-96.666286, 36.687556], [-96.670269, 36.687967], [-96.677657, 36.68825], [-96.710443, 36.688204], [-96.723408, 36.689134], [-96.725962, 36.689539], [-96.725971, 36.693061], [-96.729437, 36.693049], [-96.734906, 36.693111], [-96.734922, 36.695063], [-96.743918, 36.695077], [-96.747187, 36.694879], [-96.833711, 36.695048], [-96.858464, 36.69502], [-96.861298, 36.694922], [-96.868188, 36.693858], [-96.872186, 36.692657], [-96.879044, 36.689962], [-96.885224, 36.688404], [-96.892078, 36.687713], [-96.89697, 36.687659], [-96.908146, 36.68769], [-96.916304, 36.687504], [-96.91886, 36.68717], [-96.92187, 36.689155], [-96.925422, 36.690232], [-96.925764, 36.688629], [-96.931193, 36.686021], [-96.931009, 36.686505]]]}, "properties": {"GEOID": "40113940011", "designation_types": "MUA", "imu_score": 57.7, "imu_scores": [57.7], "population_types": "Medically Underserved Area", "county": "Osage County", "poverty_rate": null, "pct_65_plus": null, "providers_per_1000": null, "service_area": "West Osage Service Area"}}, {"type": "Feature", "geometry": {"type": "Polygon", "coordinates": [[[-97.064479, 36.680758], [-97.064107, 36.684207], [-97.061406, 36.686856], [-97.057019, 36.688991], [-97.053235, 36.69221], [-97.050199, 36.693861], [-97.048779, 36.694669], [-97.047138, 36.695437], [-97.044874, 36.696341], [-97.043057, 36.697025], [-97.038475, 36.69929], [-97.036352, 36.701078], [-97.032526, 36.701959], [-97.030678, 36.70159], [-97.02756, 36.699158], [-97.024188, 36.693404], [-97.021061, 36.69286], [-97.019251, 36.693066], [-97.015216, 36.694402], [-97.012018, 36.694037], [-97.006941, 36.692283], [-97.005391, 36.693999], [-97.003032, 36.693454], [-96.995683, 36.688208], [-96.995414, 36.688138], [-96.995355, 36.688123], [-96.992035, 36.687596], [-96.989756, 36.688244], [-96.98574, 36.688109], [-96.978407, 36.688671], [-96.972899, 36.688272], [-96.967086, 36.688536], [-96.965707, 36.687928], [-96.958997, 36.686227], [-96.950175, 36.683634], [-96.947682, 36.683535], [-96.943726, 36.683885], [-96.941104, 36.684686], [-96.931943, 36.686097], [-96.931009, 36.686505], [-96.931193, 36.686021], [-96.925764, 36.688629], [-96.925422, 36.690232], [-96.92187, 36.689155], [-96.91886, 36.68717], [-96.916304, 36.687504], [-96.908146, 36.68769], [-96.89697, 36.687659], [-96.892078, 36.687713], [-96.885224, 36.688404], [-96.879044, 36.689962], [-96.872186, 36.692657], [-96.868188, 36.693858], [-96.861298, 36.694922], [-96.858464, 36.69502], [-96.833711, 36.695048], [-96.747187, 36.694879], [-96.743918, 36.695077], [-96.734922, 36.695063], [-96.734906, 36.693111], [-96.729437, 36.693049], [-96.725971, 36.693061], [-96.725962, 36.689539], [-96.723408, 36.689134], [-96.710443, 36.688204], [-96.677657, 36.68825], [-96.670269, 36.687967], [-96.666286, 36.687556], [-96.652971, 36.685721], [-96.618179, 36.681088], [-96.612997, 36.680745], [-96.546179, 36.680687], [-96.484594, 36.680813], [-96.484667, 36.667729], [-96.485421, 36.666567], [-96.486237, 36.666235], [-96.490535, 36.666194], [-96.492918, 36.664562], [-96.493179, 36.637081], [-96.493256, 36.62978], [-96.493062, 36.621671], [-96.493377, 36.608434], [-96.494772, 36.608007], [-96.509351, 36.608107], [-96.510797, 36.607552], [-96.51126, 36.606511], [-96.511366, 36.601394], [-96.512349, 36.599643], [-96.515221, 36.58687], [-96.519264, 36.580982], [-96.529273, 36.572217], [-96.53327, 36.568136], [-96.539029, 36.568102], [-96.541282, 36.56584], [-96.542132, 36.561686], [-96.541645, 36.560526], [-96.539259, 36.557763], [-96.539072, 36.553104], [-96.540215, 36.548984], [-96.541097, 36.547874], [-96.541541, 36.543362], [-96.544199, 36.543372], [-96.547423, 36.5424], [-96.555214, 36.541512], [-96.555985, 36.541648], [-96.556042, 36.540302], [-96.555274, 36.534323], [-96.554449, 36.532989], [-96.55352, 36.529788], [-96.551983, 36.528817], [-96.549255, 36.528274], [-96.547941, 36.527435], [-96.542279, 36.52146], [-96.536095, 36.514898], [-96.532031, 36.508084], [-96.531401, 36.507469], [-96.530331, 36.507151], [-96.521114, 36.507132], [-96.520401, 36.506959], [-96.509672, 36.5026], [-96.508644, 36.501998], [-96.507471, 36.500544], [-96.506312, 36.495063], [-96.507017, 36.487161], [-96.506744, 36.486622], [-96.505665, 36.485968], [-96.500263, 36.484552], [-96.49508, 36.480499], [-96.494918, 36.47996], [-96.496494, 36.471427], [-96.496558, 36.465412], [-96.492651, 36.461943], [-96.492155, 36.460898], [-96.492178, 36.457471], [-96.490159, 36.449084], [-96.488378, 36.446344], [-96.486685, 36.444926], [-96.482651, 36.443589], [-96.478907, 36.441069], [-96.478466, 36.43702], [-96.477907, 36.426655], [-96.473896, 36.419437], [-96.474252, 36.415443], [-96.471262, 36.413598], [-96.473136, 36.41171], [-96.478488, 36.409353], [-96.481952, 36.407389], [-96.483082, 36.405523], [-96.513848, 36.405497], [-96.514379, 36.407668], [-96.51787, 36.413607], [-96.522043, 36.416355], [-96.525793, 36.416824], [-96.530686, 36.415332], [-96.534025, 36.415573], [-96.538541, 36.413153], [-96.54084, 36.410617], [-96.541767, 36.40703], [-96.542851, 36.406169], [-96.554091, 36.402268], [-96.557233, 36.400416], [-96.558723, 36.396918], [-96.565264, 36.392148], [-96.566228, 36.39191], [-96.585882, 36.391912], [-96.585891, 36.385838], [-96.58726, 36.382171], [-96.593705, 36.376215], [-96.595395, 36.3771], [-96.600545, 36.380628], [-96.60188, 36.382258], [-96.602267, 36.386967], [-96.603567, 36.39364], [-96.604244, 36.398256], [-96.606449, 36.403268], [-96.609291, 36.404735], [-96.613033, 36.40533], [-96.614742, 36.407043], [-96.617091, 36.407822], [-96.620232, 36.40995], [-96.621091, 36.411683], [-96.622474, 36.416369], [-96.627391, 36.422227], [-96.632515, 36.423817], [-96.635727, 36.425908], [-96.638269, 36.425831], [-96.647602, 36.423891], [-96.652896, 36.423538], [-96.661691, 36.422699], [-96.667515, 36.421163], [-96.674514, 36.420422], [-96.678459, 36.420854], [-96.682546, 36.421777], [-96.690165, 36.424108], [-96.692655, 36.426139], [-96.694783, 36.426954], [-96.701998, 36.431369], [-96.70615, 36.435394], [-96.710769, 36.437656], [-96.712225, 36.439705], [-96.715796, 36.443103], [-96.717126, 36.445344], [-96.717526, 36.448185], [-96.718075, 36.45398], [-96.717742, 36.455311], [-96.713259, 36.463406], [-96.712275, 36.465233], [-96.710227, 36.470918], [-96.708276, 36.47482], [-96.706195, 36.477564], [-96.705783, 36.478702], [-96.70556, 36.481124], [-96.706267, 36.486212], [-96.707642, 36.489366], [-96.709665, 36.49118], [-96.713901, 36.492781], [-96.719951, 36.496821], [-96.724851, 36.503204], [-96.724586, 36.50521], [-96.723149, 36.508937], [-96.722888, 36.516818], [-96.723489, 36.520178], [-96.725308, 36.522892], [-96.726952, 36.526125], [-96.728256, 36.531966], [-96.730388, 36.538318], [-96.732669, 36.543233], [-96.736204, 36.547987], [-96.737239, 36.550088], [-96.740583, 36.552988], [-96.743158, 36.554004], [-96.746512, 36.557679], [-96.748705, 36.559526], [-96.751698, 36.561136], [-96.753554, 36.562601], [-96.755094, 36.562562], [-96.763544, 36.564722], [-96.766975, 36.565305], [-96.76947, 36.565407], [-96.773391, 36.56353], [-96.780472, 36.561028], [-96.783215, 36.560515], [-96.786803, 36.558346], [-96.789411, 36.556268], [-96.790883, 36.555562], [-96.798149, 36.553557], [-96.802356, 36.551121], [-96.807895, 36.546951], [-96.820613, 36.539317], [-96.82247, 36.535318], [-96.824108, 36.533453], [-96.826363, 36.529506], [-96.831686, 36.5264], [-96.834366, 36.524605], [-96.836276, 36.522855], [-96.837714, 36.520767], [-96.837175, 36.516221], [-96.837413, 36.514415], [-96.837911, 36.511749], [-96.839017, 36.509697], [-96.842292, 36.507282], [-96.842703, 36.505951], [-96.847619, 36.498862], [-96.851385, 36.49259], [-96.851853, 36.491056], [-96.855814, 36.487696], [-96.857438, 36.485882], [-96.860412, 36.485019], [-96.865584, 36.481168], [-96.867976, 36.477474], [-96.870681, 36.474638], [-96.873936, 36.47262], [-96.875321, 36.470915], [-96.877373, 36.470704], [-96.883977, 36.47249], [-96.887563, 36.472783], [-96.890449, 36.472022], [-96.893202, 36.470193], [-96.89667, 36.468747], [-96.901839, 36.468272], [-96.903784, 36.468973], [-96.907197, 36.468679], [-96.912476, 36.467841], [-96.917536, 36.463933], [-96.919927, 36.463185], [-96.923513, 36.463429], [-96.925556, 36.462694], [-96.926003, 36.461499], [-96.928242, 36.459564], [-96.930456, 36.458994], [-96.933828, 36.456276], [-96.935276, 36.455938], [-96.940235, 36.455525], [-96.947566, 36.457461], [-96.954337, 36.460049], [-96.96097, 36.460081], [-96.967249, 36.460119], [-96.974579, 36.462604], [-96.977986, 36.464371], [-96.981961, 36.466059], [-96.982506, 36.466667], [-96.983787, 36.470476], [-96.988732, 36.474964], [-96.992656, 36.477862], [-96.99799, 36.480369], [-97.000761, 36.481205], [-97.005201, 36.485659], [-97.00697, 36.489247], [-97.006802, 36.492905], [-97.008424, 36.496609], [-97.008617, 36.500034], [-97.009732, 36.503911], [-97.009785, 36.506935], [-97.009456, 36.512532], [-97.008802, 36.515585], [-97.007761, 36.518317], [-97.005018, 36.521825], [-97.001497, 36.525536], [-96.996194, 36.528979], [-96.988155, 36.532372], [-96.981787, 36.534493], [-96.978973, 36.535211], [-96.971483, 36.535955], [-96.963791, 36.534158], [-96.958521, 36.534307], [-96.94991, 36.537301], [-96.946505, 36.540359], [-96.943981, 36.543469], [-96.938406, 36.546826], [-96.933566, 36.54863], [-96.929781, 36.550796], [-96.92471, 36.552558], [-96.921044, 36.552383], [-96.916155, 36.552994], [-96.912709, 36.55291], [-96.908945, 36.552127], [-96.902643, 36.551388], [-96.901263, 36.551741], [-96.89908, 36.553224], [-96.895665, 36.558053], [-96.892497, 36.560973], [-96.890368, 36.563605], [-96.888989, 36.566406], [-96.88914, 36.571395], [-96.888017, 36.574886], [-96.888304, 36.57559], [-96.892561, 36.578355], [-96.896504, 36.582438], [-96.902063, 36.587379], [-96.904456, 36.588944], [-96.907357, 36.593915], [-96.90871, 36.595792], [-96.909279, 36.59631], [-96.912756, 36.598949], [-96.915324, 36.599967], [-96.920492, 36.600663], [-96.923876, 36.600369], [-96.926442, 36.599597], [-96.930437, 36.596847], [-96.933726, 36.595542], [-96.938876, 36.594983], [-96.941559, 36.594051], [-96.946146, 36.59122], [-96.948628, 36.589997], [-96.953272, 36.589484], [-96.958105, 36.588389], [-96.964034, 36.587399], [-96.966962, 36.58628], [-96.970972, 36.586059], [-96.975848, 36.585208], [-96.980578, 36.58596], [-96.985625, 36.584996], [-96.990052, 36.585141], [-96.992839, 36.584957], [-97.000312, 36.582854], [-97.004293, 36.582595], [-97.013289, 36.583564], [-97.016614, 36.583765], [-97.021296, 36.584613], [-97.029117, 36.585205], [-97.035868, 36.586215], [-97.040622, 36.587937], [-97.049011, 36.590399], [-97.051343, 36.590827], [-97.055881, 36.592462], [-97.057556, 36.593872], [-97.058147, 36.596531], [-97.057099, 36.597829], [-97.054135, 36.598117], [-97.048973, 36.597182], [-97.046887, 36.597437], [-97.043911, 36.599934], [-97.044685, 36.602721], [-97.049443, 36.608101], [-97.051714, 36.61111], [-97.052107, 36.612579], [-97.051764, 36.616274], [-97.049617, 36.620184], [-97.048564, 36.623233], [-97.048836, 36.625039], [-97.050897, 36.628811], [-97.051098, 36.62995], [-97.050978, 36.637436], [-97.051521, 36.641225], [-97.053007, 36.643934], [-97.054599, 36.645449], [-97.057931, 36.647746], [-97.061009, 36.649086], [-97.061988, 36.650733], [-97.062165, 36.653105], [-97.063069, 36.655738], [-97.063228, 36.657919], [-97.062529, 36.660348], [-97.063442, 36.664227], [-97.064051, 36.665312], [-97.063859, 36.672108], [-97.064382, 36.675882], [-97.06447, 36.680483], [-97.064479, 36.680758]]]}, "properties": {"GEOID": "40113940003", "designation_types": "MUA", "imu_score": 57.7, "imu_scores": [57.7], "population_types": "Medically Underserved Area", "county": "Osage County", "poverty_rate": null, "pct_65_plus": null, "providers_per_1000": null, "service_area": "West Osage Service Area"}}, {"type": "Feature", "geometry": {"type": "Polygon", "coordinates": [[[-95.979026, 36.060763], [-95.975818, 36.060681], [-95.9755, 36.060676], [-95.974901, 36.060666], [-95.969041, 36.060749], [-95.967134, 36.060756], [-95.968086, 36.057158], [-95.966567, 36.053608], [-95.966544, 36.051975], [-95.972216, 36.046295], [-95.974472, 36.046295], [-95.975772, 36.047995], [-95.976272, 36.050094], [-95.978691, 36.06001], [-95.979026, 36.060763]]]}, "properties": {"GEOID": "40143007642", "designation_types": "MUA", "imu_score": 52.7, "imu_scores": [52.7], "population_types": "Medically Underserved Area", "county": "Tulsa County", "poverty_rate": null, "pct_65_plus": null, "providers_per_1000": null, "service_area": "Tulsa Riverside Service Area"}}, {"type": "Feature", "geometry": {"type": "Polygon", "coordinates": [[[-96.053755, 36.075491], [-96.049913, 36.078003], [-96.045332, 36.083002], [-96.040305, 36.0887], [-96.039644, 36.089252], [-96.038527, 36.089228], [-96.035641, 36.089122], [-96.034081, 36.089043], [-96.031775, 36.088994], [-96.029565, 36.089012], [-96.011653, 36.088959], [-96.001804, 36.08903], [-95.995413, 36.089974], [-95.987955, 36.089953], [-95.986073, 36.075194], [-95.989273, 36.075294], [-96.00021, 36.075139], [-96.005908, 36.075319], [-96.02347, 36.075339], [-96.029583, 36.075366], [-96.030373, 36.075368], [-96.045309, 36.075455], [-96.050797, 36.075436], [-96.052783, 36.075486], [-96.053755, 36.075491]]]}, "properties": {"GEOID": "40143006701", "designation_types": "MUA", "imu_score": 52.7, "imu_scores": [52.7], "population_types": "Medically Underserved Area", "county": "Tulsa County", "poverty_rate": null, "pct_65_plus": null, "providers_per_1000": null, "service_area": "Tulsa Riverside Service Area"}}, {"type": "Feature", "geometry": {"type": "Polygon", "coordinates": [[[-95.975781, 36.08248], [-95.975705, 36.089666], [-95.966887, 36.089686], [-95.967013, 36.083244], [-95.966865, 36.082118], [-95.966886, 36.076228], [-95.966356, 36.0753], [-95.971347, 36.075252], [-95.975778, 36.075214], [-95.975781, 36.08248]]]}, "properties": {"GEOID": "40143006804", "designation_types": "MUA", "imu_score": 52.7, "imu_scores": [52.7], "population_types": "Medically Underserved Area", "county": "Tulsa County", "poverty_rate": null, "pct_65_plus": null, "providers_per_1000": null, "service_area": "Tulsa Riverside Service Area"}}, {"type": "Feature", "geometry": {"type": "Polygon", "coordinates": [[[-95.987955, 36.089953], [-95.985261, 36.089958], [-95.984435, 36.089997], [-95.975705, 36.089666], [-95.975781, 36.08248], [-95.975778, 36.075214], [-95.979536, 36.075229], [-95.983052, 36.075203], [-95.986073, 36.075194], [-95.987955, 36.089953]]]}, "properties": {"GEOID": "40143006801", "designation_types": "MUA", "imu_score": 52.7, "imu_scores": [52.7], "population_types": "Medically Underserved Area", "county": "Tulsa County", "poverty_rate": null, "pct_65_plus": null, "providers_per_1000": null, "service_area": "Tulsa Riverside Service Area"}}, {"type": "Feature", "geometry": {"type": "Polygon", "coordinates": [[[-95.966887, 36.089686], [-95.95973, 36.090417], [-95.957943, 36.090398], [-95.957975, 36.081427], [-95.957957, 36.076396], [-95.958007, 36.075281], [-95.959977, 36.075282], [-95.960406, 36.07529], [-95.96294, 36.075268], [-95.966356, 36.0753], [-95.966886, 36.076228], [-95.966865, 36.082118], [-95.967013, 36.083244], [-95.966887, 36.089686]]]}, "properties": {"GEOID": "40143006803", "designation_types": "MUA", "imu_score": 52.7, "imu_scores": [52.7], "population_types": "Medically Underserved Area", "county": "Tulsa County", "poverty_rate": null, "pct_65_plus": null, "providers_per_1000": null, "service_area": "Tulsa Riverside Service Area"}}, {"type": "Feature", "geometry": {"type": "Polygon", "coordinates": [[[-95.983052, 36.075203], [-95.979536, 36.075229], [-95.975778, 36.075214], [-95.975787, 36.070629], [-95.975746, 36.069785], [-95.975777, 36.067351], [-95.975798, 36.066116], [-95.976541, 36.062502], [-95.975818, 36.060681], [-95.979026, 36.060763], [-95.986073, 36.075194], [-95.983052, 36.075203]]]}, "properties": {"GEOID": "40143007608", "designation_types": "MUA", "imu_score": 52.7, "imu_scores": [52.7], "population_types": "Medically Underserved Area", "county": "Tulsa County", "poverty_rate": null, "pct_65_plus": null, "providers_per_1000": null, "service_area": "Tulsa Riverside Service Area"}}, {"type": "Feature", "geometry": {"type": "Polygon", "coordinates": [[[-95.966544, 36.051975], [-95.966567, 36.053608], [-95.968086, 36.057158], [-95.967134, 36.060756], [-95.957884, 36.060776], [-95.957949, 36.060189], [-95.957876, 36.058017], [-95.957833, 36.046412], [-95.964105, 36.046382], [-95.965355, 36.046616], [-95.972216, 36.046295], [-95.966544, 36.051975]]]}, "properties": {"GEOID": "40143007641", "designation_types": "MUA", "imu_score": 52.7, "imu_scores": [52.7], "population_types": "Medically Underserved Area", "county": "Tulsa County", "poverty_rate": null, "pct_65_plus": null, "providers_per_1000": null, "service_area": "Tulsa Riverside Service Area"}}, {"type": "Feature", "geometry": {"type": "Polygon", "coordinates": [[[-97.462474, 36.940265], [-97.462299, 36.941721], [-97.4623463219255, 36.9986852256487], [-97.46228, 36.998685], [-97.4144861297395, 36.9987826204706], [-97.400903929478, 36.9988103625382], [-97.384925, 36.998843], [-97.372421, 36.998861], [-97.3648660500938, 36.9988694055962], [-97.3427570756608, 36.9988940039212], [-97.3427376532895, 36.9988940255304], [-97.2557711236909, 36.998990784019], [-97.2198833931369, 36.9990307125132], [-97.2014651159374, 36.9990512045884], [-97.1562390840263, 36.999101522826], [-97.15607, 36.94267], [-97.15648, 36.94126], [-97.15644, 36.89799], [-97.15665, 36.88356], [-97.15647, 36.85457], [-97.156468, 36.850732], [-97.156458, 36.847788], [-97.15669, 36.82571], [-97.156697, 36.822064], [-97.15679, 36.81117], [-97.15697, 36.79673], [-97.15703, 36.78224], [-97.15706, 36.76772], [-97.15702, 36.75333], [-97.16623, 36.753366], [-97.17495, 36.75338], [-97.179485, 36.753371], [-97.201784, 36.75333], [-97.232315, 36.75328], [-97.24684, 36.75327], [-97.30094, 36.75333], [-97.3009, 36.76796], [-97.30089, 36.78247], [-97.300898, 36.787413], [-97.3009, 36.78968], [-97.28303, 36.78985], [-97.28299, 36.79733], [-97.282987, 36.799312], [-97.28295, 36.81154], [-97.287801, 36.8115], [-97.30093, 36.81142], [-97.346167, 36.811235], [-97.440715, 36.810927], [-97.460185, 36.810789], [-97.4623, 36.810772], [-97.462421, 36.839766], [-97.462412, 36.883317], [-97.462381, 36.897805], [-97.462474, 36.940265]]]}, "properties": {"GEOID": "40071001302", "designation_types": "MUA", "imu_score": 55.8, "imu_scores": [55.8], "population_types": "Medically Underserved Area", "county": "Kay County", "poverty_rate": null, "pct_65_plus": null, "providers_per_1000": null, "service_area": "North Central Oklahoma Service Area"}}, {"type": "Feature", "geometry": {"type": "Polygon", "coordinates": [[[-97.15679, 36.81117], [-97.156697, 36.822064], [-97.15669, 36.82571], [-97.156458, 36.847788], [-97.156468, 36.850732], [-97.15647, 36.85457], [-97.15665, 36.88356], [-97.15644, 36.89799], [-97.15648, 36.94126], [-97.15607, 36.94267], [-97.1562390840263, 36.999101522826], [-97.147721, 36.999111], [-97.122597, 36.999036], [-97.120285, 36.999014], [-97.1114071565137, 36.9990173273197], [-97.104276, 36.99902], [-97.100652, 36.998998], [-97.0459060006177, 36.9989997988434], [-97.039784, 36.999], [-97.0396942016544, 36.9989993428486], [-97.030082, 36.998929], [-96.975562, 36.999019], [-96.967371, 36.999067], [-96.934642, 36.99907], [-96.9252940031478, 36.9991294945977], [-96.921915, 36.999151], [-96.917093, 36.999182], [-96.903748155059, 36.9991328766659], [-96.90351, 36.999132], [-96.902083, 36.999155], [-96.87629, 36.999233], [-96.867517, 36.999217], [-96.8674690282009, 36.99921696246], [-96.8229000218444, 36.9991820853142], [-96.822791, 36.999182], [-96.795199, 36.99886], [-96.79206, 36.99918], [-96.749838, 36.998988], [-96.750027, 36.941237], [-96.752151, 36.94123], [-96.752293, 36.898856], [-96.752238, 36.842985], [-96.752576, 36.842797], [-96.752664, 36.838427], [-96.752318, 36.835463], [-96.752375, 36.782092], [-96.788652, 36.782006], [-96.788687, 36.767597], [-96.822585, 36.767559], [-96.820659, 36.765884], [-96.818827, 36.763661], [-96.818792, 36.761782], [-96.818061, 36.758988], [-96.820137, 36.75278], [-96.821675, 36.750036], [-96.824671, 36.74669], [-96.826639, 36.745342], [-96.830383, 36.744172], [-96.834103, 36.743438], [-96.838966, 36.743711], [-96.843674, 36.744389], [-96.848344, 36.746011], [-96.850122, 36.746343], [-96.853627, 36.746111], [-96.861678, 36.750036], [-96.866371, 36.752943], [-96.86869, 36.753537], [-96.87181, 36.753648], [-96.878784, 36.751854], [-96.882223, 36.751572], [-96.887344, 36.752133], [-96.888581, 36.751793], [-96.895706, 36.745819], [-96.90359, 36.7386], [-96.905861, 36.737129], [-96.907432, 36.735842], [-96.9086, 36.730145], [-96.909741, 36.727097], [-96.913196, 36.722717], [-96.918095, 36.718801], [-96.920554, 36.717752], [-96.92091, 36.717102], [-96.921886, 36.706374], [-96.922604, 36.702869], [-96.926789, 36.697813], [-96.928086, 36.69559], [-96.928517, 36.693681], [-96.92741, 36.68842], [-96.931009, 36.686505], [-96.931943, 36.686097], [-96.941104, 36.684686], [-96.94102, 36.703], [-96.94157, 36.70948], [-96.9417, 36.72418], [-96.95972, 36.72411], [-96.95979, 36.731222], [-96.95985, 36.79631], [-97.06725, 36.79629], [-97.07183, 36.796324], [-97.076317, 36.796364], [-97.08526, 36.79645], [-97.15697, 36.79673], [-97.15679, 36.81117]]]}, "properties": {"GEOID": "40071001200", "designation_types": "MUA", "imu_score": 55.8, "imu_scores": [55.8], "population_types": "Medically Underserved Area", "county": "Kay County", "poverty_rate": null, "pct_65_plus": null, "providers_per_1000": null, "service_area": "North Central Oklahoma Service Area"}}, {"type": "Feature", "geometry": {"type": "Polygon", "coordinates": [[[-98.14199, 34.659261], [-98.141799, 34.681158], [-98.11575, 34.681198], [-98.115572, 34.6812], [-98.090209, 34.681208], [-98.089097, 34.681163], [-98.063658, 34.681388], [-98.063138, 34.681385], [-98.037028, 34.681522], [-97.997109, 34.681802], [-97.996791, 34.681801], [-97.992842, 34.681787], [-97.984254, 34.681763], [-97.966936, 34.681823], [-97.95816, 34.681699], [-97.958219, 34.670534], [-97.958215, 34.661944], [-97.957795, 34.660006], [-97.957808, 34.653558], [-97.957835, 34.642867], [-97.957836, 34.638213], [-97.958234, 34.636806], [-97.965803, 34.630757], [-97.966627, 34.629807], [-97.966996, 34.628519], [-97.967, 34.623469], [-97.966815, 34.597979], [-97.966816, 34.594447], [-97.981027, 34.594603], [-97.984842, 34.594601], [-97.985149, 34.594601], [-97.997134, 34.594609], [-97.997466, 34.594609], [-98.018948, 34.594647], [-98.019613, 34.594643], [-98.036811, 34.594588], [-98.142046, 34.594248], [-98.14199, 34.659261]]]}, "properties": {"GEOID": "40137000901", "designation_types": "MUA", "imu_score": 59.6, "imu_scores": [59.6], "population_types": "Medically Underserved Area", "county": "Stephens County", "poverty_rate": null, "pct_65_plus": null, "providers_per_1000": null, "service_area": "Stephens Service Area"}}, {"type": "Feature", "geometry": {"type": "Polygon", "coordinates": [[[-97.966996, 34.628519], [-97.966627, 34.629807], [-97.965803, 34.630757], [-97.958234, 34.636806], [-97.957836, 34.638213], [-97.957835, 34.642867], [-97.957808, 34.653558], [-97.957795, 34.660006], [-97.958215, 34.661944], [-97.958219, 34.670534], [-97.95816, 34.681699], [-97.949308, 34.681721], [-97.940459, 34.681681], [-97.896741, 34.681591], [-97.887712, 34.681551], [-97.87897, 34.681623], [-97.845154, 34.681568], [-97.844258, 34.681497], [-97.756669, 34.681481], [-97.756301, 34.681488], [-97.721187, 34.681434], [-97.719776, 34.681324], [-97.668512, 34.68134], [-97.599434, 34.681284], [-97.598007, 34.681216], [-97.563004, 34.681185], [-97.563006, 34.677587], [-97.562959, 34.632797], [-97.562827, 34.631486], [-97.562836, 34.630337], [-97.562899, 34.616094], [-97.562859, 34.594163], [-97.562886, 34.572567], [-97.56286, 34.56518], [-97.598031, 34.564808], [-97.598172, 34.550584], [-97.649473, 34.55059], [-97.653535, 34.55037], [-97.654883, 34.550587], [-97.661444, 34.550227], [-97.663575, 34.548547], [-97.664939, 34.546421], [-97.66558, 34.542681], [-97.665065, 34.539634], [-97.665135, 34.535673], [-97.665623, 34.530801], [-97.666074, 34.528925], [-97.667572, 34.526186], [-97.672595, 34.52214], [-97.673869, 34.524092], [-97.677208, 34.524925], [-97.680066, 34.527859], [-97.680558, 34.529112], [-97.68336, 34.532118], [-97.683827, 34.534216], [-97.684932, 34.535698], [-97.689442, 34.534208], [-97.69241, 34.530652], [-97.696545, 34.531624], [-97.69931, 34.533287], [-97.700754, 34.535345], [-97.703544, 34.542746], [-97.703476, 34.549205], [-97.706274, 34.550611], [-97.712157, 34.550665], [-97.75629, 34.550652], [-97.773576, 34.550717], [-97.773842, 34.550332], [-97.773831, 34.543456], [-97.790482, 34.543427], [-97.791454, 34.542459], [-97.791473, 34.53822], [-97.791539, 34.538053], [-97.792671, 34.536462], [-97.793184, 34.536197], [-97.809031, 34.536151], [-97.844064, 34.536065], [-97.8441, 34.579746], [-97.83645, 34.579758], [-97.836746, 34.583817], [-97.835471, 34.586614], [-97.834607, 34.59142], [-97.831371, 34.592531], [-97.83103, 34.594072], [-97.832735, 34.59522], [-97.835405, 34.595199], [-97.835471, 34.602362], [-97.841885, 34.602445], [-97.841917, 34.605294], [-97.841843, 34.607335], [-97.841611, 34.608078], [-97.840994, 34.608998], [-97.841048, 34.609336], [-97.842814, 34.610754], [-97.843982, 34.611175], [-97.844071, 34.612557], [-97.844094, 34.623393], [-97.847018, 34.623403], [-97.848475, 34.62337], [-97.852869, 34.623389], [-97.861684, 34.623434], [-97.879118, 34.623517], [-97.879153, 34.60894], [-97.879744, 34.608965], [-97.885856, 34.608924], [-97.8881, 34.608927], [-97.897875, 34.608929], [-97.907659, 34.608935], [-97.920738, 34.608964], [-97.927326, 34.608882], [-97.931842, 34.608915], [-97.931924, 34.594415], [-97.943141, 34.59439], [-97.951408, 34.594387], [-97.951986, 34.595313], [-97.95261, 34.594398], [-97.966816, 34.594447], [-97.966815, 34.597979], [-97.967, 34.623469], [-97.966996, 34.628519]]]}, "properties": {"GEOID": "40137000902", "designation_types": "MUA", "imu_score": 59.6, "imu_scores": [59.6], "population_types": "Medically Underserved Area", "county": "Stephens County", "poverty_rate": null, "pct_65_plus": null, "providers_per_1000": null, "service_area": "Stephens Service Area"}}, {"type": "Feature", "geometry": {"type": "Polygon", "coordinates": [[[-96.593705, 36.376215], [-96.58726, 36.382171], [-96.585891, 36.385838], [-96.585882, 36.391912], [-96.566228, 36.39191], [-96.565264, 36.392148], [-96.558723, 36.396918], [-96.557233, 36.400416], [-96.554091, 36.402268], [-96.542851, 36.406169], [-96.541767, 36.40703], [-96.54084, 36.410617], [-96.538541, 36.413153], [-96.534025, 36.415573], [-96.530686, 36.415332], [-96.525793, 36.416824], [-96.522043, 36.416355], [-96.51787, 36.413607], [-96.514379, 36.407668], [-96.513848, 36.405497], [-96.483082, 36.405523], [-96.481952, 36.407389], [-96.478488, 36.409353], [-96.473136, 36.41171], [-96.471262, 36.413598], [-96.474252, 36.415443], [-96.473896, 36.419437], [-96.477907, 36.426655], [-96.478466, 36.43702], [-96.478907, 36.441069], [-96.482651, 36.443589], [-96.486685, 36.444926], [-96.488378, 36.446344], [-96.490159, 36.449084], [-96.492178, 36.457471], [-96.492155, 36.460898], [-96.492651, 36.461943], [-96.496558, 36.465412], [-96.496494, 36.471427], [-96.494918, 36.47996], [-96.49508, 36.480499], [-96.500263, 36.484552], [-96.505665, 36.485968], [-96.506744, 36.486622], [-96.507017, 36.487161], [-96.506312, 36.495063], [-96.507471, 36.500544], [-96.508644, 36.501998], [-96.509672, 36.5026], [-96.520401, 36.506959], [-96.521114, 36.507132], [-96.530331, 36.507151], [-96.531401, 36.507469], [-96.532031, 36.508084], [-96.536095, 36.514898], [-96.542279, 36.52146], [-96.547941, 36.527435], [-96.549255, 36.528274], [-96.551983, 36.528817], [-96.55352, 36.529788], [-96.554449, 36.532989], [-96.555274, 36.534323], [-96.556042, 36.540302], [-96.555985, 36.541648], [-96.555214, 36.541512], [-96.547423, 36.5424], [-96.544199, 36.543372], [-96.541541, 36.543362], [-96.541097, 36.547874], [-96.540215, 36.548984], [-96.539072, 36.553104], [-96.539259, 36.557763], [-96.541645, 36.560526], [-96.542132, 36.561686], [-96.541282, 36.56584], [-96.539029, 36.568102], [-96.53327, 36.568136], [-96.529273, 36.572217], [-96.519264, 36.580982], [-96.515221, 36.58687], [-96.512349, 36.599643], [-96.511366, 36.601394], [-96.51126, 36.606511], [-96.510797, 36.607552], [-96.509351, 36.608107], [-96.494772, 36.608007], [-96.493377, 36.608434], [-96.493062, 36.621671], [-96.493256, 36.62978], [-96.485966, 36.629837], [-96.484695, 36.629463], [-96.468463, 36.61992], [-96.459242, 36.61887], [-96.458171, 36.61804], [-96.457654, 36.615456], [-96.443396, 36.615395], [-96.442024, 36.614838], [-96.439633, 36.612554], [-96.43721, 36.611776], [-96.430339, 36.611104], [-96.424248, 36.612797], [-96.422531, 36.612551], [-96.419823, 36.610584], [-96.414727, 36.608683], [-96.412904, 36.605934], [-96.409842, 36.604498], [-96.407259, 36.602172], [-96.40342, 36.599993], [-96.396645, 36.596339], [-96.391433, 36.595611], [-96.38894, 36.595912], [-96.386471, 36.597211], [-96.378576, 36.596586], [-96.374776, 36.597776], [-96.373214, 36.599233], [-96.370156, 36.598984], [-96.364327, 36.594168], [-96.362836, 36.593358], [-96.336197, 36.593314], [-96.335785, 36.566034], [-96.333346, 36.564612], [-96.326734, 36.564569], [-96.326827, 36.551288], [-96.326856, 36.550064], [-96.317962, 36.550042], [-96.317979, 36.542685], [-96.322136, 36.542719], [-96.322152, 36.539159], [-96.326746, 36.539173], [-96.326747, 36.535535], [-96.308483, 36.535503], [-96.308655, 36.519666], [-96.308305, 36.510092], [-96.308671, 36.503072], [-96.317465, 36.502541], [-96.317566, 36.477352], [-96.317346, 36.433869], [-96.299712, 36.433843], [-96.299409, 36.433844], [-96.295652, 36.433861], [-96.294497, 36.433412], [-96.290448, 36.429287], [-96.287138, 36.428606], [-96.285007, 36.426716], [-96.281098, 36.426816], [-96.275308, 36.424555], [-96.272837, 36.423208], [-96.265103, 36.420881], [-96.264179, 36.420902], [-96.263009, 36.42331], [-96.262028, 36.424188], [-96.256935, 36.425057], [-96.255749, 36.424915], [-96.251465, 36.423065], [-96.245921, 36.422778], [-96.244901, 36.42207], [-96.243739, 36.41939], [-96.242908, 36.418538], [-96.239918, 36.417682], [-96.237897, 36.417835], [-96.23548, 36.417195], [-96.235203, 36.415541], [-96.233749, 36.413427], [-96.232727, 36.409238], [-96.23304, 36.406507], [-96.235305, 36.405137], [-96.239603, 36.401296], [-96.240457, 36.399172], [-96.238437, 36.395974], [-96.235858, 36.394726], [-96.231204, 36.391351], [-96.23006, 36.389888], [-96.229274, 36.388131], [-96.230698, 36.385647], [-96.231955, 36.384239], [-96.232639, 36.383768], [-96.235562, 36.381597], [-96.236786, 36.377079], [-96.236088, 36.373573], [-96.23671, 36.371557], [-96.236813, 36.370119], [-96.234985, 36.365146], [-96.232916, 36.363184], [-96.232549, 36.362946], [-96.230925, 36.362154], [-96.230216, 36.36117], [-96.230104, 36.360563], [-96.230284, 36.358424], [-96.230804, 36.357396], [-96.232369, 36.35485], [-96.232789, 36.353815], [-96.233384, 36.352026], [-96.232825, 36.346607], [-96.23139, 36.342327], [-96.223866, 36.341327], [-96.220973, 36.338109], [-96.221836, 36.332005], [-96.234828, 36.321577], [-96.238548, 36.319353], [-96.241068, 36.313688], [-96.246104, 36.303881], [-96.246196, 36.30369], [-96.246369, 36.297093], [-96.246932, 36.296596], [-96.257511, 36.296001], [-96.256956, 36.29142], [-96.254591, 36.289018], [-96.255246, 36.28535], [-96.254215, 36.283918], [-96.25535, 36.281123], [-96.255346, 36.268348], [-96.255547, 36.267465], [-96.266646, 36.267502], [-96.26718, 36.266694], [-96.269784, 36.265794], [-96.271941, 36.266201], [-96.275834, 36.264248], [-96.275795, 36.260414], [-96.274691, 36.258514], [-96.275187, 36.255993], [-96.274774, 36.253137], [-96.275932, 36.252107], [-96.276608, 36.249822], [-96.276778, 36.246551], [-96.27629, 36.242591], [-96.273449, 36.238426], [-96.277441, 36.233179], [-96.278377, 36.231367], [-96.279489, 36.227079], [-96.285746, 36.227175], [-96.290474, 36.226871], [-96.301474, 36.228222], [-96.306331, 36.228314], [-96.308771, 36.228002], [-96.313123, 36.22795], [-96.316515, 36.227534], [-96.322163, 36.226213], [-96.326732, 36.226551], [-96.329507, 36.227095], [-96.3366, 36.22884], [-96.339996, 36.230024], [-96.342892, 36.231576], [-96.347685, 36.234404], [-96.351477, 36.23748], [-96.357794, 36.244376], [-96.359137, 36.245947], [-96.362562, 36.250075], [-96.366169, 36.25272], [-96.371305, 36.255801], [-96.379088, 36.261543], [-96.381478, 36.263583], [-96.386793, 36.267137], [-96.392885, 36.270182], [-96.401306, 36.273467], [-96.408701, 36.27517], [-96.415502, 36.276245], [-96.422427, 36.277456], [-96.424955, 36.278484], [-96.427804, 36.280183], [-96.433812, 36.285889], [-96.436307, 36.289751], [-96.43795, 36.294159], [-96.438533, 36.30505], [-96.441998, 36.315117], [-96.445764, 36.321268], [-96.453269, 36.329403], [-96.454242, 36.330375], [-96.456832, 36.332173], [-96.461255, 36.333713], [-96.464398, 36.334048], [-96.474064, 36.333585], [-96.478612, 36.332676], [-96.484105, 36.331115], [-96.486993, 36.329617], [-96.488096, 36.327919], [-96.495436, 36.319761], [-96.497302, 36.317318], [-96.498696, 36.312137], [-96.501423, 36.307359], [-96.502748, 36.30589], [-96.505712, 36.303045], [-96.511033, 36.300011], [-96.513049, 36.299291], [-96.515229, 36.298332], [-96.519919, 36.297149], [-96.525281, 36.296405], [-96.528893, 36.296557], [-96.531872, 36.296307], [-96.536411, 36.296416], [-96.547026, 36.298126], [-96.552454, 36.299925], [-96.555191, 36.301472], [-96.560577, 36.303974], [-96.563906, 36.306097], [-96.566803, 36.308375], [-96.569307, 36.310828], [-96.573481, 36.315709], [-96.573506, 36.320126], [-96.572831, 36.327041], [-96.573295, 36.329421], [-96.572459, 36.332635], [-96.568471, 36.337878], [-96.564384, 36.342833], [-96.559027, 36.348543], [-96.555373, 36.350783], [-96.553972, 36.351279], [-96.546488, 36.352155], [-96.539234, 36.353892], [-96.536475, 36.355361], [-96.534179, 36.355957], [-96.531138, 36.358265], [-96.526746, 36.362386], [-96.523144, 36.365215], [-96.522022, 36.367272], [-96.521463, 36.371198], [-96.519311, 36.373432], [-96.518629, 36.375053], [-96.518709, 36.377576], [-96.520002, 36.380456], [-96.522397, 36.387061], [-96.523618, 36.38844], [-96.52432, 36.390861], [-96.526598, 36.394223], [-96.530076, 36.39662], [-96.531198, 36.396976], [-96.536341, 36.399875], [-96.538905, 36.400551], [-96.540725, 36.400402], [-96.54852, 36.396329], [-96.551385, 36.394179], [-96.554202, 36.391513], [-96.560955, 36.386278], [-96.566366, 36.380423], [-96.569258, 36.377941], [-96.572128, 36.375987], [-96.575697, 36.374347], [-96.578484, 36.373795], [-96.583094, 36.373511], [-96.586464, 36.373862], [-96.590115, 36.374929], [-96.591248, 36.375072], [-96.593705, 36.376215]]]}, "properties": {"GEOID": "40113940001", "designation_types": "MUA", "imu_score": 43.7, "imu_scores": [43.7], "population_types": "Medically Underserved Area", "county": "Osage County", "poverty_rate": null, "pct_65_plus": null, "providers_per_1000": null, "service_area": "Osage Service Area"}}, {"type": "Feature", "geometry": {"type": "Polygon", "coordinates": [[[-98.404694, 34.616024], [-98.39682, 34.616054], [-98.387274, 34.616018], [-98.387223, 34.615569], [-98.38731, 34.608823], [-98.388205, 34.608673], [-98.396804, 34.608649], [-98.404784, 34.608689], [-98.404694, 34.616024]]]}, "properties": {"GEOID": "40031001100", "designation_types": "MUA", "imu_score": 52.75, "imu_scores": [52.75], "population_types": "Medically Underserved Area", "county": "Comanche County", "poverty_rate": null, "pct_65_plus": null, "providers_per_1000": null, "service_area": "Comanche Service Area"}}, {"type": "Feature", "geometry": {"type": "Polygon", "coordinates": [[[-98.422205, 34.594422], [-98.410791, 34.594323], [-98.404713, 34.594295], [-98.404662, 34.58205], [-98.404637, 34.579818], [-98.409296, 34.57983], [-98.413611, 34.579836], [-98.413671, 34.586164], [-98.413864, 34.587397], [-98.422161, 34.587402], [-98.422205, 34.594422]]]}, "properties": {"GEOID": "40031001600", "designation_types": "MUA", "imu_score": 52.75, "imu_scores": [52.75], "population_types": "Medically Underserved Area", "county": "Comanche County", "poverty_rate": null, "pct_65_plus": null, "providers_per_1000": null, "service_area": "Comanche Service Area"}}, {"type": "Feature", "geometry": {"type": "Polygon", "coordinates": [[[-98.375029, 34.619474], [-98.373429, 34.620474], [-98.374729, 34.621273], [-98.374129, 34.623073], [-98.372929, 34.623673], [-98.371229, 34.622773], [-98.370129, 34.624573], [-98.370429, 34.627373], [-98.368529, 34.630473], [-98.363729, 34.634073], [-98.360429, 34.635473], [-98.361929, 34.635673], [-98.361779, 34.637749], [-98.35243, 34.637603], [-98.352046, 34.637828], [-98.334685, 34.637862], [-98.285021, 34.637681], [-98.282628, 34.63757], [-98.273577, 34.637486], [-98.264836, 34.637459], [-98.264747, 34.615691], [-98.264745, 34.608479], [-98.31469, 34.608627], [-98.317187, 34.608661], [-98.325997, 34.60865], [-98.334755, 34.608661], [-98.352308, 34.608746], [-98.367517, 34.608662], [-98.369529, 34.610174], [-98.372029, 34.610674], [-98.372129, 34.613074], [-98.371329, 34.616074], [-98.372629, 34.617674], [-98.374429, 34.614174], [-98.375529, 34.615174], [-98.375029, 34.616574], [-98.376329, 34.617274], [-98.375029, 34.619474]]]}, "properties": {"GEOID": "40031002001", "designation_types": "MUA", "imu_score": 52.75, "imu_scores": [52.75], "population_types": "Medically Underserved Area", "county": "Comanche County", "poverty_rate": null, "pct_65_plus": null, "providers_per_1000": null, "service_area": "Comanche Service Area"}}, {"type": "Feature", "geometry": {"type": "Polygon", "coordinates": [[[-98.662144, 34.427645], [-98.661982, 34.50746], [-98.650452, 34.507478], [-98.650407, 34.521986], [-98.6504, 34.551021], [-98.632811, 34.551014], [-98.632768, 34.594488], [-98.632715, 34.609046], [-98.615096, 34.608983], [-98.615139, 34.61626], [-98.615137, 34.622306], [-98.615124, 34.623519], [-98.60653, 34.623521], [-98.599259, 34.623405], [-98.597802, 34.623448], [-98.597786, 34.630184], [-98.597548, 34.631195], [-98.600595, 34.631785], [-98.606168, 34.633516], [-98.605763, 34.635217], [-98.604518, 34.635973], [-98.60451, 34.637998], [-98.597754, 34.637985], [-98.597764, 34.638073], [-98.545229, 34.638021], [-98.52748, 34.63807], [-98.527478, 34.638002], [-98.527508, 34.630801], [-98.527603, 34.623518], [-98.527688, 34.607186], [-98.527686, 34.594454], [-98.510202, 34.594544], [-98.510036, 34.594544], [-98.510099, 34.58721], [-98.510122, 34.579942], [-98.492419, 34.579926], [-98.483394, 34.579899], [-98.474851, 34.579885], [-98.474793, 34.565401], [-98.45719, 34.56534], [-98.448357, 34.565407], [-98.422139, 34.565372], [-98.422139, 34.558139], [-98.422137, 34.550871], [-98.422099, 34.53637], [-98.422079, 34.528981], [-98.422073, 34.521834], [-98.422073, 34.521745], [-98.422114, 34.507381], [-98.419573, 34.507329], [-98.412694, 34.507394], [-98.409278, 34.507354], [-98.367096, 34.507214], [-98.369432, 34.506062], [-98.368104, 34.50491], [-98.366472, 34.505214], [-98.365192, 34.507342], [-98.363576, 34.504718], [-98.361736, 34.504078], [-98.36188, 34.502126], [-98.35996, 34.503022], [-98.359672, 34.503998], [-98.357352, 34.504846], [-98.356039, 34.504558], [-98.356535, 34.502782], [-98.355015, 34.502942], [-98.356288, 34.498586], [-98.354766, 34.497693], [-98.356592, 34.496432], [-98.354488, 34.494097], [-98.353217, 34.496479], [-98.350811, 34.498862], [-98.349815, 34.498336], [-98.34962, 34.496709], [-98.350588, 34.494945], [-98.352165, 34.494739], [-98.350587, 34.492953], [-98.352523, 34.491944], [-98.352273, 34.490341], [-98.353546, 34.491005], [-98.355067, 34.490592], [-98.355371, 34.489356], [-98.353821, 34.487845], [-98.352688, 34.488967], [-98.351332, 34.488945], [-98.352023, 34.486906], [-98.349146, 34.486792], [-98.349007, 34.486036], [-98.350888, 34.484501], [-98.350638, 34.483631], [-98.348508, 34.483059], [-98.348617, 34.479531], [-98.346625, 34.477562], [-98.347316, 34.476645], [-98.349003, 34.476508], [-98.349528, 34.473484], [-98.348836, 34.472636], [-98.347315, 34.473461], [-98.345434, 34.472385], [-98.346127, 34.475959], [-98.344191, 34.476096], [-98.342586, 34.47541], [-98.341148, 34.473852], [-98.341562, 34.471791], [-98.344881, 34.471744], [-98.343801, 34.470187], [-98.341257, 34.469455], [-98.341671, 34.466019], [-98.342721, 34.464782], [-98.342029, 34.463637], [-98.344795, 34.464278], [-98.347891, 34.462032], [-98.347006, 34.460727], [-98.344185, 34.460453], [-98.343355, 34.45862], [-98.345899, 34.45933], [-98.347807, 34.458024], [-98.347226, 34.45665], [-98.345096, 34.45578], [-98.343271, 34.457109], [-98.340258, 34.458117], [-98.340064, 34.456193], [-98.338488, 34.456537], [-98.337934, 34.454888], [-98.340809, 34.45365], [-98.339399, 34.452001], [-98.3381, 34.453399], [-98.338016, 34.451612], [-98.337075, 34.450926], [-98.338342, 34.450096], [-98.337098, 34.44892], [-98.339295, 34.448917], [-98.409442, 34.448849], [-98.461489, 34.44905], [-98.504958, 34.449414], [-98.504988, 34.420452], [-98.556482, 34.420414], [-98.557735, 34.420529], [-98.609561, 34.420623], [-98.609536, 34.406143], [-98.661956, 34.405948], [-98.66214, 34.420325], [-98.662148, 34.421345], [-98.662144, 34.427645]]]}, "properties": {"GEOID": "40031002301", "designation_types": "MUA", "imu_score": 52.75, "imu_scores": [52.75], "population_types": "Medically Underserved Area", "county": "Comanche County", "poverty_rate": null, "pct_65_plus": null, "providers_per_1000": null, "service_area": "Comanche Service Area"}}, {"type": "Feature", "geometry": {"type": "Polygon", "coordinates": [[[-98.826213, 34.681441], [-98.755857, 34.68171], [-98.755919, 34.638249], [-98.685558, 34.638266], [-98.668611, 34.638208], [-98.658903, 34.638073], [-98.650293, 34.638189], [-98.650306, 34.645428], [-98.632689, 34.645145], [-98.624017, 34.645039], [-98.614709, 34.644959], [-98.614766, 34.638064], [-98.597764, 34.638073], [-98.597754, 34.637985], [-98.60451, 34.637998], [-98.604518, 34.635973], [-98.605763, 34.635217], [-98.606168, 34.633516], [-98.600595, 34.631785], [-98.597548, 34.631195], [-98.597786, 34.630184], [-98.597802, 34.623448], [-98.599259, 34.623405], [-98.60653, 34.623521], [-98.615124, 34.623519], [-98.615137, 34.622306], [-98.615139, 34.61626], [-98.615096, 34.608983], [-98.632715, 34.609046], [-98.632768, 34.594488], [-98.632811, 34.551014], [-98.6504, 34.551021], [-98.650407, 34.521986], [-98.650452, 34.507478], [-98.661982, 34.50746], [-98.685529, 34.507468], [-98.729158, 34.507515], [-98.749034, 34.507493], [-98.818611, 34.507422], [-98.826144, 34.50737], [-98.826121, 34.520939], [-98.825992, 34.521928], [-98.826103, 34.543671], [-98.826043, 34.586957], [-98.826008, 34.594413], [-98.826172, 34.602239], [-98.826096, 34.630603], [-98.826213, 34.681441]]]}, "properties": {"GEOID": "40031002302", "designation_types": "MUA", "imu_score": 52.75, "imu_scores": [52.75], "population_types": "Medically Underserved Area", "county": "Comanche County", "poverty_rate": null, "pct_65_plus": null, "providers_per_1000": null, "service_area": "Comanche Service Area"}}, {"type": "Feature", "geometry": {"type": "Polygon", "coordinates": [[[-98.422184, 34.608847], [-98.413538, 34.608799], [-98.404784, 34.608689], [-98.396804, 34.608649], [-98.388205, 34.608673], [-98.38731, 34.608823], [-98.38742, 34.604038], [-98.387361, 34.601682], [-98.387326, 34.601004], [-98.39043, 34.601001], [-98.396804, 34.600986], [-98.404741, 34.601032], [-98.413564, 34.601034], [-98.422174, 34.60106], [-98.422184, 34.608847]]]}, "properties": {"GEOID": "40031002500", "designation_types": "MUA", "imu_score": 52.75, "imu_scores": [52.75], "population_types": "Medically Underserved Area", "county": "Comanche County", "poverty_rate": null, "pct_65_plus": null, "providers_per_1000": null, "service_area": "Comanche Service Area"}}, {"type": "Feature", "geometry": {"type": "Polygon", "coordinates": [[[-98.404741, 34.601032], [-98.396804, 34.600986], [-98.39043, 34.601001], [-98.390449, 34.592784], [-98.390839, 34.59164], [-98.391242, 34.591046], [-98.396797, 34.58776], [-98.402988, 34.58425], [-98.404662, 34.58205], [-98.404713, 34.594295], [-98.404741, 34.601032]]]}, "properties": {"GEOID": "40031001700", "designation_types": "MUA", "imu_score": 52.75, "imu_scores": [52.75], "population_types": "Medically Underserved Area", "county": "Comanche County", "poverty_rate": null, "pct_65_plus": null, "providers_per_1000": null, "service_area": "Comanche Service Area"}}, {"type": "Feature", "geometry": {"type": "Polygon", "coordinates": [[[-98.422161, 34.587402], [-98.413864, 34.587397], [-98.413671, 34.586164], [-98.413611, 34.579836], [-98.409296, 34.57983], [-98.404637, 34.579818], [-98.404662, 34.58205], [-98.402988, 34.58425], [-98.396797, 34.58776], [-98.391242, 34.591046], [-98.390839, 34.59164], [-98.390449, 34.592784], [-98.39043, 34.601001], [-98.387326, 34.601004], [-98.387361, 34.601682], [-98.38742, 34.604038], [-98.38731, 34.608823], [-98.387223, 34.615569], [-98.387274, 34.616018], [-98.386763, 34.616016], [-98.386714, 34.618412], [-98.379091, 34.613089], [-98.376771, 34.609165], [-98.367517, 34.608662], [-98.367573, 34.608188], [-98.369908, 34.607275], [-98.369013, 34.606075], [-98.369117, 34.601535], [-98.369229, 34.597474], [-98.370229, 34.596274], [-98.369528, 34.594422], [-98.371729, 34.593775], [-98.370129, 34.587475], [-98.371629, 34.586575], [-98.369815, 34.58608], [-98.369529, 34.586175], [-98.367629, 34.585175], [-98.367529, 34.583975], [-98.369429, 34.583575], [-98.368629, 34.581675], [-98.369808, 34.580345], [-98.370179, 34.579714], [-98.369291, 34.575819], [-98.370409, 34.572267], [-98.368919, 34.572526], [-98.368777, 34.572219], [-98.368905, 34.571787], [-98.369177, 34.571467], [-98.369327, 34.571196], [-98.370169, 34.569451], [-98.373529, 34.568923], [-98.373017, 34.567275], [-98.374521, 34.566747], [-98.374841, 34.563436], [-98.374089, 34.562028], [-98.371785, 34.561164], [-98.374985, 34.560364], [-98.375521, 34.55808], [-98.373593, 34.556684], [-98.376665, 34.55606], [-98.376361, 34.553516], [-98.375017, 34.552732], [-98.378158, 34.552921], [-98.378158, 34.551515], [-98.377657, 34.551084], [-98.376489, 34.55038], [-98.376441, 34.550092], [-98.377273, 34.54942], [-98.378157, 34.548369], [-98.378155, 34.545468], [-98.376826, 34.54383], [-98.377071, 34.543644], [-98.377836, 34.543168], [-98.37784, 34.542944], [-98.377018, 34.541977], [-98.378155, 34.541007], [-98.378889, 34.540364], [-98.378825, 34.538348], [-98.379097, 34.538044], [-98.380233, 34.536989], [-98.380041, 34.536365], [-98.378153, 34.536472], [-98.378153, 34.534796], [-98.381033, 34.527373], [-98.378809, 34.526733], [-98.378889, 34.524845], [-98.381932, 34.52257], [-98.379795, 34.521917], [-98.379322, 34.521864], [-98.376824, 34.521914], [-98.376813, 34.521868], [-98.377144, 34.519917], [-98.375175, 34.519037], [-98.375031, 34.516701], [-98.376567, 34.515437], [-98.375015, 34.514717], [-98.373703, 34.515645], [-98.372967, 34.514797], [-98.3746, 34.514413], [-98.37436, 34.513165], [-98.366664, 34.508078], [-98.367096, 34.507214], [-98.409278, 34.507354], [-98.412694, 34.507394], [-98.419573, 34.507329], [-98.422114, 34.507381], [-98.422073, 34.521745], [-98.422073, 34.521834], [-98.422079, 34.528981], [-98.422099, 34.53637], [-98.422137, 34.550871], [-98.422139, 34.558139], [-98.422139, 34.565372], [-98.422169, 34.579906], [-98.422161, 34.587402]]]}, "properties": {"GEOID": "40031001902", "designation_types": "MUA", "imu_score": 52.75, "imu_scores": [52.75], "population_types": "Medically Underserved Area", "county": "Comanche County", "poverty_rate": null, "pct_65_plus": null, "providers_per_1000": null, "service_area": "Comanche Service Area"}}, {"type": "Feature", "geometry": {"type": "Polygon", "coordinates": [[[-97.355108, 35.028675], [-97.353126, 35.029547], [-97.35275, 35.029411], [-97.335596, 35.029346], [-97.331226, 35.029356], [-97.317956, 35.029346], [-97.300424, 35.029429], [-97.282846, 35.0294], [-97.265157, 35.029396], [-97.265294, 35.01475], [-97.265356, 34.985774], [-97.282913, 34.98576], [-97.282945, 34.971279], [-97.293742, 34.971271], [-97.295827, 34.969144], [-97.293243, 34.969551], [-97.293464, 34.968281], [-97.292456, 34.967204], [-97.293318, 34.965374], [-97.292478, 34.962802], [-97.296218, 34.963545], [-97.299633, 34.964611], [-97.301304, 34.962923], [-97.302787, 34.960719], [-97.304397, 34.956385], [-97.305699, 34.95505], [-97.30771, 34.953983], [-97.311227, 34.953282], [-97.313283, 34.953837], [-97.321671, 34.954207], [-97.325925, 34.955092], [-97.329627, 34.956965], [-97.333833, 34.958948], [-97.337269, 34.961568], [-97.341509, 34.964001], [-97.342122, 34.966271], [-97.341849, 34.968935], [-97.342898, 34.971496], [-97.343259, 34.974409], [-97.344707, 34.976254], [-97.346523, 34.977446], [-97.347855, 34.979216], [-97.348362, 34.981659], [-97.347731, 34.983159], [-97.348165, 34.985437], [-97.346984, 34.987366], [-97.341894, 34.990256], [-97.341491, 34.993707], [-97.342188, 34.995411], [-97.346513, 34.998457], [-97.34697, 35.000391], [-97.345325, 35.002051], [-97.345841, 35.004599], [-97.348516, 35.006004], [-97.349329, 35.007828], [-97.349611, 35.009076], [-97.34986, 35.01026], [-97.350093, 35.011441], [-97.350774, 35.014304], [-97.352822, 35.018864], [-97.353387, 35.022791], [-97.35351, 35.023432], [-97.355108, 35.028675]]]}, "properties": {"GEOID": "40027202600", "designation_types": "MUA", "imu_score": 57.33, "imu_scores": [57.33], "population_types": "Medically Underserved Area", "county": "Cleveland County", "poverty_rate": null, "pct_65_plus": null, "providers_per_1000": null, "service_area": "Cleveland Service Area"}}, {"type": "Feature", "geometry": {"type": "Polygon", "coordinates": [[[-97.449821, 35.22171], [-97.445359, 35.223605], [-97.44093, 35.225476], [-97.43735, 35.219895], [-97.441799, 35.217985], [-97.446314, 35.216095], [-97.448088, 35.218931], [-97.449821, 35.22171]]]}, "properties": {"GEOID": "40027200100", "designation_types": "MUA", "imu_score": 57.33, "imu_scores": [57.33], "population_types": "Medically Underserved Area", "county": "Cleveland County", "poverty_rate": null, "pct_65_plus": null, "providers_per_1000": null, "service_area": "Cleveland Service Area"}}, {"type": "Feature", "geometry": {"type": "Polygon", "coordinates": [[[-97.441074, 35.232849], [-97.437507, 35.232856], [-97.432297, 35.232857], [-97.432488, 35.225496], [-97.429136, 35.225618], [-97.42968, 35.220764], [-97.432468, 35.218371], [-97.436518, 35.21849], [-97.43735, 35.219895], [-97.44093, 35.225476], [-97.44109, 35.228675], [-97.441074, 35.232849]]]}, "properties": {"GEOID": "40027200200", "designation_types": "MUA", "imu_score": 57.33, "imu_scores": [57.33], "population_types": "Medically Underserved Area", "county": "Cleveland County", "poverty_rate": null, "pct_65_plus": null, "providers_per_1000": null, "service_area": "Cleveland Service Area"}}, {"type": "Feature", "geometry": {"type": "Polygon", "coordinates": [[[-98.313282, 35.617081], [-98.313266, 35.621731], [-98.313281, 35.623783], [-98.313259, 35.629019], [-98.313282, 35.634402], [-98.313282, 35.634622], [-98.313283, 35.638279], [-98.313274, 35.645511], [-98.313196, 35.710716], [-98.313155, 35.724741], [-98.207104, 35.725187], [-98.207104, 35.72514], [-98.193546, 35.725132], [-98.162528, 35.725093], [-98.144836, 35.725314], [-98.120776, 35.725317], [-98.118447, 35.725318], [-98.118546, 35.710785], [-98.118624, 35.638276], [-98.118675, 35.60939], [-98.118647, 35.603566], [-98.118648, 35.594843], [-98.118557, 35.578026], [-98.117641, 35.576067], [-98.114856, 35.573141], [-98.113967, 35.570807], [-98.114088, 35.551293], [-98.114144, 35.543992], [-98.114174, 35.536859], [-98.114172, 35.529487], [-98.108418, 35.529197], [-98.096415, 35.52952], [-98.096607, 35.443327], [-98.096099, 35.436626], [-98.096295, 35.435655], [-98.096318, 35.427588], [-98.096118, 35.424364], [-98.096308, 35.41556], [-98.099124, 35.412649], [-98.097033, 35.411662], [-98.095174, 35.412514], [-98.09291, 35.412606], [-98.090204, 35.411719], [-98.087265, 35.412896], [-98.084627, 35.412978], [-98.081225, 35.412357], [-98.078593, 35.411386], [-98.076366, 35.411199], [-98.074818, 35.409946], [-98.070698, 35.409563], [-98.067748, 35.408524], [-98.066265, 35.409598], [-98.062537, 35.408124], [-98.05978, 35.407848], [-98.05554, 35.405117], [-98.052819, 35.401777], [-98.052003, 35.399501], [-98.052264, 35.395375], [-98.053007, 35.394007], [-98.055608, 35.391498], [-98.058147, 35.389962], [-98.05741, 35.386123], [-98.053828, 35.384652], [-98.050325, 35.384411], [-98.04802, 35.385094], [-98.045902, 35.386542], [-98.04288, 35.387745], [-98.039686, 35.388397], [-98.038787, 35.389797], [-98.035947, 35.390597], [-98.031999, 35.389678], [-98.029867, 35.387901], [-98.027979, 35.383897], [-98.025467, 35.382836], [-98.023126, 35.382662], [-98.017453, 35.377911], [-98.019312, 35.378433], [-98.020749, 35.377526], [-98.023535, 35.377816], [-98.096014, 35.377753], [-98.130927, 35.377494], [-98.131252, 35.377416], [-98.166415, 35.377205], [-98.167134, 35.377286], [-98.17088, 35.377264], [-98.192611, 35.376955], [-98.209965, 35.376811], [-98.255512, 35.376783], [-98.262833, 35.377031], [-98.289814, 35.377328], [-98.301966, 35.37735], [-98.303336, 35.377272], [-98.305204, 35.377162], [-98.306326, 35.377239], [-98.306309, 35.406026], [-98.306264, 35.406103], [-98.306382, 35.406904], [-98.306388, 35.420486], [-98.30625, 35.471069], [-98.306409, 35.479952], [-98.306255, 35.482377], [-98.30629, 35.514483], [-98.306462, 35.51525], [-98.306496, 35.536238], [-98.307571, 35.541047], [-98.308405, 35.544785], [-98.308398, 35.550101], [-98.308393, 35.551313], [-98.312833, 35.551311], [-98.313251, 35.551523], [-98.313326, 35.613363], [-98.313282, 35.617081]]]}, "properties": {"GEOID": "40017300100", "designation_types": "MUA", "imu_score": 56.85, "imu_scores": [56.85], "population_types": "Medically Underserved Area", "county": "Canadian County", "poverty_rate": null, "pct_65_plus": null, "providers_per_1000": null, "service_area": "Canadian Service Area"}}, {"type": "Feature", "geometry": {"type": "Polygon", "coordinates": [[[-97.9726, 35.533777], [-97.972568, 35.536829], [-97.972597, 35.551237], [-97.971433, 35.551266], [-97.972803, 35.55359], [-97.971809, 35.553181], [-97.966695, 35.551593], [-97.96611, 35.551257], [-97.95489, 35.544928], [-97.9549, 35.536816], [-97.954915, 35.53228], [-97.957145, 35.532278], [-97.972356, 35.532268], [-97.973254, 35.53235], [-97.9726, 35.533777]]]}, "properties": {"GEOID": "40017300400", "designation_types": "MUA", "imu_score": 56.85, "imu_scores": [56.85], "population_types": "Medically Underserved Area", "county": "Canadian County", "poverty_rate": null, "pct_65_plus": null, "providers_per_1000": null, "service_area": "Canadian Service Area"}}, {"type": "Feature", "geometry": {"type": "Polygon", "coordinates": [[[-96.001236, 36.176941], [-95.993505, 36.176913], [-95.993523, 36.171457], [-95.99346, 36.163464], [-95.992861, 36.162213], [-95.99416, 36.161767], [-95.998025, 36.161244], [-95.99942, 36.161257], [-96.001055, 36.161294], [-96.001226, 36.161296], [-96.001217, 36.162438], [-96.001227, 36.168851], [-96.001231, 36.173323], [-96.001236, 36.176941]]]}, "properties": {"GEOID": "40143000900", "designation_types": "MUA", "imu_score": 51.68, "imu_scores": [51.68], "population_types": "Medically Underserved Area", "county": "Tulsa County", "poverty_rate": null, "pct_65_plus": null, "providers_per_1000": null, "service_area": "Tulsa Service Area"}}, {"type": "Feature", "geometry": {"type": "Polygon", "coordinates": [[[-96.001418, 36.230782], [-96.001399, 36.234953], [-95.996089, 36.234904], [-95.993733, 36.234913], [-95.993511, 36.234914], [-95.990083, 36.234994], [-95.984518, 36.234966], [-95.975546, 36.235011], [-95.975545, 36.228862], [-95.975538, 36.228188], [-95.975538, 36.220513], [-95.980543, 36.220414], [-95.984527, 36.22047], [-95.986772, 36.220514], [-95.988986, 36.220467], [-95.990977, 36.220508], [-95.995744, 36.220472], [-95.99621, 36.220495], [-96.001159, 36.220479], [-96.001418, 36.220637], [-96.001416, 36.223827], [-96.001457, 36.226966], [-96.001418, 36.230782]]]}, "properties": {"GEOID": "40143007900", "designation_types": "MUA", "imu_score": 51.68, "imu_scores": [51.68], "population_types": "Medically Underserved Area", "county": "Tulsa County", "poverty_rate": null, "pct_65_plus": null, "providers_per_1000": null, "service_area": "Tulsa Service Area"}}, {"type": "Feature", "geometry": {"type": "Polygon", "coordinates": [[[-96.001409, 36.245301], [-96.001391, 36.249265], [-96.001313, 36.250019], [-96.001317, 36.279372], [-95.997965, 36.278406], [-95.995248, 36.278204], [-95.993184, 36.27792], [-95.992338, 36.27654], [-95.991725, 36.277815], [-95.991421, 36.278584], [-95.973663, 36.278585], [-95.973684, 36.273439], [-95.973668, 36.264028], [-95.973709, 36.251435], [-95.973876, 36.250915], [-95.974696, 36.249662], [-95.974779, 36.249554], [-95.974875, 36.249436], [-95.975449, 36.248565], [-95.975535, 36.240491], [-95.975546, 36.235011], [-95.984518, 36.234966], [-95.990083, 36.234994], [-95.993511, 36.234914], [-95.993733, 36.234913], [-95.996089, 36.234904], [-96.001399, 36.234953], [-96.001396, 36.242135], [-96.001407, 36.244824], [-96.001409, 36.245225], [-96.001409, 36.245301]]]}, "properties": {"GEOID": "40143009101", "designation_types": "MUA", "imu_score": 51.68, "imu_scores": [51.68], "population_types": "Medically Underserved Area", "county": "Tulsa County", "poverty_rate": null, "pct_65_plus": null, "providers_per_1000": null, "service_area": "Tulsa Service Area"}}, {"type": "Feature", "geometry": {"type": "Polygon", "coordinates": [[[-95.975538, 36.220513], [-95.958275, 36.220656], [-95.952673, 36.220592], [-95.951073, 36.219092], [-95.949073, 36.221392], [-95.949273, 36.223192], [-95.947573, 36.223292], [-95.945275, 36.225061], [-95.944464, 36.216883], [-95.944581, 36.215423], [-95.946982, 36.206145], [-95.955714, 36.206147], [-95.958204, 36.204778], [-95.958253, 36.20614], [-95.975535, 36.205971], [-95.975538, 36.220513]]]}, "properties": {"GEOID": "40143008001", "designation_types": "MUA", "imu_score": 51.68, "imu_scores": [51.68], "population_types": "Medically Underserved Area", "county": "Tulsa County", "poverty_rate": null, "pct_65_plus": null, "providers_per_1000": null, "service_area": "Tulsa Service Area"}}, {"type": "Feature", "geometry": {"type": "Polygon", "coordinates": [[[-95.975546, 36.235011], [-95.958904, 36.23512], [-95.958406, 36.235124], [-95.945228, 36.235174], [-95.945275, 36.225061], [-95.947573, 36.223292], [-95.949273, 36.223192], [-95.949073, 36.221392], [-95.951073, 36.219092], [-95.952673, 36.220592], [-95.958275, 36.220656], [-95.975538, 36.220513], [-95.975538, 36.228188], [-95.975545, 36.228862], [-95.975546, 36.235011]]]}, "properties": {"GEOID": "40143005700", "designation_types": "MUA", "imu_score": 51.68, "imu_scores": [51.68], "population_types": "Medically Underserved Area", "county": "Tulsa County", "poverty_rate": null, "pct_65_plus": null, "providers_per_1000": null, "service_area": "Tulsa Service Area"}}, {"type": "Feature", "geometry": {"type": "Polygon", "coordinates": [[[-95.940318, 36.183866], [-95.940307, 36.191573], [-95.931999, 36.191594], [-95.931322, 36.191631], [-95.922446, 36.191576], [-95.922525, 36.187956], [-95.922477, 36.181964], [-95.922492, 36.180249], [-95.922503, 36.177068], [-95.923614, 36.177087], [-95.924688, 36.177106], [-95.925244, 36.177096], [-95.927586, 36.177097], [-95.932381, 36.177162], [-95.932825, 36.177158], [-95.933975, 36.177134], [-95.935135, 36.177161], [-95.940282, 36.17713], [-95.940326, 36.18074], [-95.940318, 36.183866]]]}, "properties": {"GEOID": "40143000300", "designation_types": "MUA", "imu_score": 51.68, "imu_scores": [51.68], "population_types": "Medically Underserved Area", "county": "Tulsa County", "poverty_rate": null, "pct_65_plus": null, "providers_per_1000": null, "service_area": "Tulsa Service Area"}}, {"type": "Feature", "geometry": {"type": "Polygon", "coordinates": [[[-96.001266, 36.205917], [-95.985659, 36.205959], [-95.984581, 36.205995], [-95.975535, 36.205971], [-95.958253, 36.20614], [-95.958204, 36.204778], [-95.972387, 36.198684], [-95.974361, 36.198011], [-95.975473, 36.19803], [-95.975926, 36.191415], [-95.976635, 36.191376], [-95.984453, 36.191459], [-95.993546, 36.191454], [-95.995792, 36.191658], [-96.001249, 36.191717], [-96.001261, 36.205291], [-96.001266, 36.205917]]]}, "properties": {"GEOID": "40143006200", "designation_types": "MUA", "imu_score": 51.68, "imu_scores": [51.68], "population_types": "Medically Underserved Area", "county": "Tulsa County", "poverty_rate": null, "pct_65_plus": null, "providers_per_1000": null, "service_area": "Tulsa Service Area"}}, {"type": "Feature", "geometry": {"type": "Polygon", "coordinates": [[[-95.958231, 36.180811], [-95.95819, 36.190137], [-95.956108, 36.191012], [-95.955461, 36.191577], [-95.954724, 36.191607], [-95.950426, 36.191619], [-95.940307, 36.191573], [-95.940318, 36.183866], [-95.940326, 36.18074], [-95.940282, 36.17713], [-95.952102, 36.177116], [-95.953215, 36.17715], [-95.958239, 36.177129], [-95.958231, 36.180811]]]}, "properties": {"GEOID": "40143000400", "designation_types": "MUA", "imu_score": 51.68, "imu_scores": [51.68], "population_types": "Medically Underserved Area", "county": "Tulsa County", "poverty_rate": null, "pct_65_plus": null, "providers_per_1000": null, "service_area": "Tulsa Service Area"}}, {"type": "Feature", "geometry": {"type": "Polygon", "coordinates": [[[-95.958239, 36.177129], [-95.953215, 36.17715], [-95.952102, 36.177116], [-95.940282, 36.17713], [-95.940302, 36.1748], [-95.940338, 36.16625], [-95.940302, 36.160786], [-95.949231, 36.160775], [-95.957035, 36.160817], [-95.958173, 36.160957], [-95.958179, 36.166279], [-95.958201, 36.169777], [-95.958235, 36.175273], [-95.958239, 36.177129]]]}, "properties": {"GEOID": "40143001400", "designation_types": "MUA", "imu_score": 51.68, "imu_scores": [51.68], "population_types": "Medically Underserved Area", "county": "Tulsa County", "poverty_rate": null, "pct_65_plus": null, "providers_per_1000": null, "service_area": "Tulsa Service Area"}}, {"type": "Feature", "geometry": {"type": "Polygon", "coordinates": [[[-95.967185, 36.175219], [-95.967052, 36.180391], [-95.965614, 36.181416], [-95.96607, 36.181976], [-95.962621, 36.184336], [-95.96072, 36.185958], [-95.959378, 36.189362], [-95.95819, 36.190137], [-95.958231, 36.180811], [-95.958239, 36.177129], [-95.958235, 36.175273], [-95.958201, 36.169777], [-95.958179, 36.166279], [-95.958173, 36.160957], [-95.958178, 36.160747], [-95.962058, 36.160787], [-95.967101, 36.159239], [-95.967185, 36.175219]]]}, "properties": {"GEOID": "40143001300", "designation_types": "MUA", "imu_score": 51.68, "imu_scores": [51.68], "population_types": "Medically Underserved Area", "county": "Tulsa County", "poverty_rate": null, "pct_65_plus": null, "providers_per_1000": null, "service_area": "Tulsa Service Area"}}, {"type": "Feature", "geometry": {"type": "Polygon", "coordinates": [[[-95.975926, 36.191415], [-95.958168, 36.191624], [-95.955461, 36.191577], [-95.956108, 36.191012], [-95.95819, 36.190137], [-95.959378, 36.189362], [-95.96072, 36.185958], [-95.962621, 36.184336], [-95.96607, 36.181976], [-95.973494, 36.176981], [-95.975556, 36.176926], [-95.975931, 36.184209], [-95.975926, 36.191415]]]}, "properties": {"GEOID": "40143000500", "designation_types": "MUA", "imu_score": 51.68, "imu_scores": [51.68], "population_types": "Medically Underserved Area", "county": "Tulsa County", "poverty_rate": null, "pct_65_plus": null, "providers_per_1000": null, "service_area": "Tulsa Service Area"}}, {"type": "Feature", "geometry": {"type": "Polygon", "coordinates": [[[-96.001249, 36.191717], [-95.995792, 36.191658], [-95.993546, 36.191454], [-95.993531, 36.182386], [-95.993505, 36.176913], [-96.001236, 36.176941], [-96.001238, 36.180574], [-96.001249, 36.191717]]]}, "properties": {"GEOID": "40143000800", "designation_types": "MUA", "imu_score": 51.68, "imu_scores": [51.68], "population_types": "Medically Underserved Area", "county": "Tulsa County", "poverty_rate": null, "pct_65_plus": null, "providers_per_1000": null, "service_area": "Tulsa Service Area"}}, {"type": "Feature", "geometry": {"type": "Polygon", "coordinates": [[[-96.932071, 35.174521], [-96.926173, 35.174478], [-96.914657, 35.174012], [-96.879393, 35.174284], [-96.875199, 35.174266], [-96.861857, 35.173828], [-96.844368, 35.173795], [-96.80174, 35.173599], [-96.787287, 35.173557], [-96.78202, 35.173403], [-96.776567, 35.174564], [-96.775786, 35.144707], [-96.775726, 35.137539], [-96.775687, 35.12583], [-96.775675, 35.124268], [-96.775671, 35.115861], [-96.775551, 35.082172], [-96.775365, 35.043224], [-96.7754, 35.014144], [-96.776503, 35.014363], [-96.826746, 35.014514], [-96.84422, 35.014525], [-96.861781, 35.014604], [-96.908822, 35.014815], [-96.931344, 35.014886], [-96.931314, 35.065574], [-96.931217, 35.07285], [-96.931474, 35.087237], [-96.931919, 35.105446], [-96.931966, 35.159654], [-96.931973, 35.16683], [-96.932071, 35.174521]]]}, "properties": {"GEOID": "40125501201", "designation_types": "MUA", "imu_score": 55.0, "imu_scores": [55.0], "population_types": "Medically Underserved Area", "county": "Pottawatomie County", "poverty_rate": null, "pct_65_plus": null, "providers_per_1000": null, "service_area": "Pottawatomie Service Area"}}, {"type": "Feature", "geometry": {"type": "Polygon", "coordinates": [[[-97.142314, 35.012048], [-97.142084, 35.014818], [-97.142067, 35.018795], [-97.142314, 35.021853], [-97.142185, 35.072672], [-97.142185, 35.072791], [-97.142136, 35.087289], [-97.142091, 35.101716], [-97.142068, 35.130726], [-97.142068, 35.130741], [-97.142069, 35.137995], [-97.142056, 35.145099], [-97.14206, 35.145213], [-97.110679, 35.145195], [-97.108757, 35.145716], [-97.107335, 35.14533], [-97.105984, 35.145184], [-97.054262, 35.145138], [-97.05424, 35.130561], [-97.054126, 35.109046], [-97.054119, 35.105516], [-97.054095, 35.103703], [-97.054032, 35.097122], [-97.050633, 35.094185], [-97.046131, 35.094184], [-97.044347, 35.093479], [-97.039763, 35.0872], [-96.984452, 35.087323], [-96.980121, 35.087342], [-96.975781, 35.087315], [-96.931474, 35.087237], [-96.931217, 35.07285], [-96.931314, 35.065574], [-96.931344, 35.014886], [-96.908822, 35.014815], [-96.861781, 35.014604], [-96.84422, 35.014525], [-96.826746, 35.014514], [-96.776503, 35.014363], [-96.7754, 35.014144], [-96.775373, 34.970603], [-96.77543, 34.941609], [-96.775144, 34.901638], [-96.775681, 34.899958], [-96.779972, 34.898853], [-96.785069, 34.899145], [-96.790595, 34.900834], [-96.797711, 34.905132], [-96.798583, 34.905939], [-96.799966, 34.910463], [-96.799876, 34.915334], [-96.799378, 34.919972], [-96.797866, 34.924425], [-96.798364, 34.92757], [-96.798208, 34.929992], [-96.799818, 34.932119], [-96.801742, 34.933548], [-96.803857, 34.936712], [-96.807171, 34.939512], [-96.809899, 34.940967], [-96.811774, 34.943504], [-96.813452, 34.944649], [-96.817509, 34.946329], [-96.819333, 34.946591], [-96.821488, 34.946112], [-96.825779, 34.943368], [-96.830772, 34.941908], [-96.834995, 34.939427], [-96.837102, 34.937798], [-96.841374, 34.933797], [-96.846207, 34.931504], [-96.849442, 34.929689], [-96.853051, 34.928819], [-96.860976, 34.93008], [-96.868097, 34.929415], [-96.86994, 34.928823], [-96.872037, 34.927481], [-96.876318, 34.926029], [-96.8854, 34.926251], [-96.887362, 34.926849], [-96.889965, 34.929461], [-96.890528, 34.932617], [-96.892283, 34.934868], [-96.894458, 34.939079], [-96.896838, 34.94219], [-96.899456, 34.943059], [-96.902189, 34.9448], [-96.903156, 34.946092], [-96.910609, 34.958659], [-96.911243, 34.959177], [-96.913952, 34.959045], [-96.915119, 34.960426], [-96.917914, 34.962419], [-96.921288, 34.963986], [-96.928271, 34.965213], [-96.929872, 34.965109], [-96.930586, 34.964364], [-96.934827, 34.96282], [-96.936998, 34.962579], [-96.941598, 34.960879], [-96.946455, 34.95854], [-96.947785, 34.957414], [-96.957037, 34.950979], [-96.957372, 34.948836], [-96.958841, 34.94695], [-96.958912, 34.94587], [-96.963937, 34.940615], [-96.965822, 34.939058], [-96.964976, 34.938149], [-96.967349, 34.934669], [-96.97085, 34.934338], [-96.9727, 34.935412], [-96.974944, 34.934269], [-96.976236, 34.932075], [-96.975062, 34.930147], [-96.97793, 34.925628], [-96.983308, 34.921475], [-96.987811, 34.920338], [-96.98934, 34.918291], [-96.993632, 34.915827], [-96.995926, 34.914937], [-97.000515, 34.914276], [-97.004481, 34.912105], [-97.008691, 34.910576], [-97.01368, 34.907953], [-97.01593, 34.907348], [-97.018931, 34.908599], [-97.020322, 34.90967], [-97.025946, 34.912329], [-97.030396, 34.912057], [-97.035808, 34.912893], [-97.037171, 34.913496], [-97.043208, 34.915212], [-97.047008, 34.91674], [-97.049468, 34.918256], [-97.050536, 34.920018], [-97.052477, 34.921254], [-97.054821, 34.921406], [-97.060604, 34.921256], [-97.069318, 34.919686], [-97.07179, 34.91986], [-97.07526, 34.922434], [-97.07972, 34.928922], [-97.082718, 34.930449], [-97.085537, 34.931359], [-97.087557, 34.931538], [-97.092191, 34.931074], [-97.096821, 34.930918], [-97.098636, 34.929624], [-97.10035, 34.929615], [-97.101296, 34.930324], [-97.106021, 34.9329], [-97.110449, 34.934362], [-97.114, 34.935101], [-97.116794, 34.935173], [-97.124031, 34.934113], [-97.128744, 34.934035], [-97.132867, 34.934642], [-97.134932, 34.932594], [-97.134465, 34.930375], [-97.132842, 34.928091], [-97.132431, 34.926168], [-97.133689, 34.924693], [-97.135805, 34.924399], [-97.139757, 34.927137], [-97.142349, 34.928176], [-97.142314, 35.012048]]]}, "properties": {"GEOID": "40125501300", "designation_types": "MUA", "imu_score": 55.0, "imu_scores": [55.0], "population_types": "Medically Underserved Area", "county": "Pottawatomie County", "poverty_rate": null, "pct_65_plus": null, "providers_per_1000": null, "service_area": "Pottawatomie Service Area"}}, {"type": "Feature", "geometry": {"type": "Polygon", "coordinates": [[[-97.353133, 35.53295], [-97.353131, 35.536378], [-97.335843, 35.53656], [-97.318152, 35.536565], [-97.318064, 35.507588], [-97.334588, 35.50754], [-97.335718, 35.507537], [-97.348651, 35.507489], [-97.348865, 35.507488], [-97.352992, 35.507469], [-97.353127, 35.507469], [-97.353113, 35.510692], [-97.353115, 35.511113], [-97.35314, 35.521983], [-97.353133, 35.53295]]]}, "properties": {"GEOID": "40109108803", "designation_types": "MUA-GE", "imu_score": 0.0, "imu_scores": [0.0], "population_types": "Medically Underserved Area", "county": "Oklahoma County", "poverty_rate": null, "pct_65_plus": null, "providers_per_1000": null, "service_area": "Oklahoma Governor Service Area"}}, {"type": "Feature", "geometry": {"type": "Polygon", "coordinates": [[[-97.353172, 35.551168], [-97.318166, 35.55118], [-97.309956, 35.551166], [-97.30927, 35.551186], [-97.300451, 35.551169], [-97.291645, 35.551177], [-97.282879, 35.551178], [-97.265145, 35.551151], [-97.25348, 35.551131], [-97.253762, 35.550206], [-97.251555, 35.547696], [-97.251023, 35.543917], [-97.249298, 35.542979], [-97.24704, 35.543317], [-97.245331, 35.543577], [-97.243112, 35.540426], [-97.243894, 35.539216], [-97.246406, 35.537399], [-97.246213, 35.534829], [-97.246815, 35.533845], [-97.246718, 35.531174], [-97.244902, 35.530468], [-97.242356, 35.532308], [-97.239337, 35.529443], [-97.247247, 35.529423], [-97.247315, 35.522127], [-97.247318, 35.51427], [-97.247331, 35.507684], [-97.273985, 35.507649], [-97.282951, 35.507667], [-97.285131, 35.507665], [-97.291643, 35.507665], [-97.300472, 35.507666], [-97.304251, 35.507649], [-97.309268, 35.507627], [-97.318064, 35.507588], [-97.318152, 35.536565], [-97.335843, 35.53656], [-97.353131, 35.536378], [-97.353172, 35.551168]]]}, "properties": {"GEOID": "40109108804", "designation_types": "MUA-GE", "imu_score": 0.0, "imu_scores": [0.0], "population_types": "Medically Underserved Area", "county": "Oklahoma County", "poverty_rate": null, "pct_65_plus": null, "providers_per_1000": null, "service_area": "Oklahoma Governor Service Area"}}, {"type": "Feature", "geometry": {"type": "Polygon", "coordinates": [[[-97.353797, 35.60175], [-97.35378, 35.609148], [-97.353784, 35.613099], [-97.344849, 35.614856], [-97.300452, 35.623537], [-97.291647, 35.625364], [-97.247108, 35.634594], [-97.247171, 35.609095], [-97.247229, 35.601742], [-97.247307, 35.567909], [-97.247275, 35.565619], [-97.247194, 35.551108], [-97.25348, 35.551131], [-97.265145, 35.551151], [-97.282879, 35.551178], [-97.291645, 35.551177], [-97.300451, 35.551169], [-97.30927, 35.551186], [-97.309956, 35.551166], [-97.318166, 35.55118], [-97.353172, 35.551168], [-97.353708, 35.55117], [-97.353696, 35.558341], [-97.353684, 35.565676], [-97.353738, 35.58017], [-97.353654, 35.584435], [-97.353813, 35.594601], [-97.353797, 35.60175]]]}, "properties": {"GEOID": "40109108900", "designation_types": "MUA-GE", "imu_score": 0.0, "imu_scores": [0.0], "population_types": "Medically Underserved Area", "county": "Oklahoma County", "poverty_rate": null, "pct_65_plus": null, "providers_per_1000": null, "service_area": "Oklahoma Governor Service Area"}}, {"type": "Feature", "geometry": {"type": "Polygon", "coordinates": [[[-97.388659, 35.507634], [-97.379777, 35.507635], [-97.370926, 35.507596], [-97.370963, 35.507235], [-97.370891, 35.500412], [-97.370824, 35.493057], [-97.370826, 35.478535], [-97.378319, 35.478549], [-97.379685, 35.478557], [-97.380209, 35.47856], [-97.38854, 35.478601], [-97.388601, 35.487373], [-97.388623, 35.493106], [-97.38865, 35.503764], [-97.388659, 35.507634]]]}, "properties": {"GEOID": "40109108011", "designation_types": "MUA-GE", "imu_score": 0.0, "imu_scores": [0.0], "population_types": "Medically Underserved Area", "county": "Oklahoma County", "poverty_rate": null, "pct_65_plus": null, "providers_per_1000": null, "service_area": "Oklahoma Governor Service Area"}}, {"type": "Feature", "geometry": {"type": "Polygon", "coordinates": [[[-97.370926, 35.507596], [-97.362006, 35.507539], [-97.353127, 35.507469], [-97.353119, 35.493006], [-97.353111, 35.487701], [-97.353103, 35.486875], [-97.353102, 35.486759], [-97.353112, 35.478539], [-97.358528, 35.478551], [-97.364167, 35.478531], [-97.365833, 35.478526], [-97.370826, 35.478535], [-97.370824, 35.493057], [-97.370891, 35.500412], [-97.370963, 35.507235], [-97.370926, 35.507596]]]}, "properties": {"GEOID": "40109108010", "designation_types": "MUA-GE", "imu_score": 0.0, "imu_scores": [0.0], "population_types": "Medically Underserved Area", "county": "Oklahoma County", "poverty_rate": null, "pct_65_plus": null, "providers_per_1000": null, "service_area": "Oklahoma Governor Service Area"}}, {"type": "Feature", "geometry": {"type": "Polygon", "coordinates": [[[-97.230195, 35.478802], [-97.230077, 35.500461], [-97.229411, 35.500417], [-97.212263, 35.499075], [-97.199264, 35.498073], [-97.194619, 35.498685], [-97.190187, 35.499069], [-97.177828, 35.497432], [-97.17538, 35.496969], [-97.165899, 35.492972], [-97.164242, 35.491976], [-97.163292, 35.491039], [-97.142307, 35.470087], [-97.141399, 35.469326], [-97.141343, 35.468853], [-97.14149, 35.463977], [-97.14178, 35.463986], [-97.146514, 35.463997], [-97.154748, 35.464016], [-97.159063, 35.46402], [-97.159275, 35.464019], [-97.176954, 35.464056], [-97.186091, 35.464092], [-97.194721, 35.464096], [-97.221168, 35.464147], [-97.221255, 35.471995], [-97.230232, 35.471932], [-97.230195, 35.478802]]]}, "properties": {"GEOID": "40109109003", "designation_types": "MUA-GE", "imu_score": 0.0, "imu_scores": [0.0], "population_types": "Medically Underserved Area", "county": "Oklahoma County", "poverty_rate": null, "pct_65_plus": null, "providers_per_1000": null, "service_area": "Oklahoma Governor Service Area"}}, {"type": "Feature", "geometry": {"type": "Polygon", "coordinates": [[[-97.25348, 35.551131], [-97.247194, 35.551108], [-97.247275, 35.565619], [-97.238107, 35.565579], [-97.229572, 35.565536], [-97.18497, 35.565022], [-97.176134, 35.56503], [-97.163371, 35.565074], [-97.140801, 35.564977], [-97.14092, 35.551097], [-97.141441, 35.55018], [-97.14134, 35.492545], [-97.141689, 35.471829], [-97.141399, 35.469326], [-97.142307, 35.470087], [-97.163292, 35.491039], [-97.164242, 35.491976], [-97.165899, 35.492972], [-97.17538, 35.496969], [-97.177828, 35.497432], [-97.190187, 35.499069], [-97.194619, 35.498685], [-97.199264, 35.498073], [-97.212263, 35.499075], [-97.229411, 35.500417], [-97.230077, 35.500461], [-97.230195, 35.478802], [-97.230232, 35.471932], [-97.221255, 35.471995], [-97.221168, 35.464147], [-97.230241, 35.464163], [-97.247428, 35.464182], [-97.247348, 35.478682], [-97.247331, 35.507684], [-97.247318, 35.51427], [-97.247315, 35.522127], [-97.247247, 35.529423], [-97.239337, 35.529443], [-97.242356, 35.532308], [-97.244902, 35.530468], [-97.246718, 35.531174], [-97.246815, 35.533845], [-97.246213, 35.534829], [-97.246406, 35.537399], [-97.243894, 35.539216], [-97.243112, 35.540426], [-97.245331, 35.543577], [-97.24704, 35.543317], [-97.249298, 35.542979], [-97.251023, 35.543917], [-97.251555, 35.547696], [-97.253762, 35.550206], [-97.25348, 35.551131]]]}, "properties": {"GEOID": "40109109004", "designation_types": "MUA-GE", "imu_score": 0.0, "imu_scores": [0.0], "population_types": "Medically Underserved Area", "county": "Oklahoma County", "poverty_rate": null, "pct_65_plus": null, "providers_per_1000": null, "service_area": "Oklahoma Governor Service Area"}}, {"type": "Feature", "geometry": {"type": "Polygon", "coordinates": [[[-97.300472, 35.507666], [-97.291643, 35.507665], [-97.285131, 35.507665], [-97.282951, 35.507667], [-97.273985, 35.507649], [-97.247331, 35.507684], [-97.247348, 35.478682], [-97.247428, 35.464182], [-97.264989, 35.46413], [-97.282673, 35.464123], [-97.300333, 35.46414], [-97.300412, 35.478644], [-97.300438, 35.48557], [-97.300462, 35.493169], [-97.300467, 35.500426], [-97.300472, 35.507666]]]}, "properties": {"GEOID": "40109108802", "designation_types": "MUA-GE", "imu_score": 0.0, "imu_scores": [0.0], "population_types": "Medically Underserved Area", "county": "Oklahoma County", "poverty_rate": null, "pct_65_plus": null, "providers_per_1000": null, "service_area": "Oklahoma Governor Service Area"}}, {"type": "Feature", "geometry": {"type": "Polygon", "coordinates": [[[-95.851204, 36.155828], [-95.851196, 36.16066], [-95.833353, 36.160645], [-95.833292, 36.148004], [-95.837785, 36.147977], [-95.848069, 36.147997], [-95.848735, 36.148017], [-95.851178, 36.14801], [-95.851134, 36.154159], [-95.851276, 36.155287], [-95.851204, 36.155828]]]}, "properties": {"GEOID": "40143007309", "designation_types": "MUA", "imu_score": 61.3, "imu_scores": [61.3], "population_types": "Medically Underserved Area", "county": "Tulsa County", "poverty_rate": 13.4, "pct_65_plus": 14.1, "providers_per_1000": 0.14, "service_area": "Northeast Tulsa Service Area"}}, {"type": "Feature", "geometry": {"type": "Polygon", "coordinates": [[[-95.868809, 36.24526], [-95.867377, 36.248212], [-95.864701, 36.248085], [-95.863082, 36.24903], [-95.862824, 36.24919], [-95.862426, 36.249439], [-95.86223, 36.249712], [-95.862132, 36.249906], [-95.86166, 36.25003], [-95.861316, 36.250242], [-95.86114, 36.250314], [-95.86066, 36.250298], [-95.859964, 36.25011], [-95.859865, 36.250045], [-95.859782, 36.249705], [-95.859736, 36.249705], [-95.857932, 36.255724], [-95.857639, 36.256161], [-95.857134, 36.25655], [-95.856583, 36.25677], [-95.856115, 36.25684], [-95.855444, 36.25679], [-95.855038, 36.256648], [-95.854486, 36.256103], [-95.854424, 36.255827], [-95.854503, 36.254831], [-95.854397, 36.254282], [-95.853948, 36.253619], [-95.85343, 36.253233], [-95.852922, 36.25302], [-95.851193, 36.252855], [-95.84845, 36.252853], [-95.847866, 36.252831], [-95.848012, 36.24952], [-95.830165, 36.249519], [-95.81534, 36.24953], [-95.815339, 36.249444], [-95.815336, 36.249107], [-95.815335, 36.248966], [-95.815328, 36.247882], [-95.815325, 36.247451], [-95.81525, 36.23507], [-95.815, 36.22941], [-95.81526, 36.226569], [-95.815261, 36.225957], [-95.81527, 36.22445], [-95.815344, 36.222296], [-95.815352, 36.206133], [-95.8154, 36.16263], [-95.815392, 36.162443], [-95.815415, 36.160631], [-95.833353, 36.160645], [-95.851196, 36.16066], [-95.860749, 36.160691], [-95.86641, 36.160722], [-95.868723, 36.160666], [-95.868744, 36.177053], [-95.868658, 36.183979], [-95.868774, 36.213152], [-95.868802, 36.2341], [-95.868776, 36.235041], [-95.868809, 36.24526]]]}, "properties": {"GEOID": "40143005900", "designation_types": "MUA", "imu_score": 61.3, "imu_scores": [61.3], "population_types": "Medically Underserved Area", "county": "Tulsa County", "poverty_rate": 13.4, "pct_65_plus": 14.1, "providers_per_1000": 0.14, "service_area": "Northeast Tulsa Service Area"}}, {"type": "Feature", "geometry": {"type": "Polygon", "coordinates": [[[-95.904616, 36.163578], [-95.904555, 36.164968], [-95.904573, 36.168845], [-95.904571, 36.170735], [-95.904596, 36.173006], [-95.904559, 36.177079], [-95.897844, 36.177063], [-95.897223, 36.177041], [-95.8867, 36.17707], [-95.886676, 36.173436], [-95.886718, 36.160721], [-95.894556, 36.160735], [-95.895639, 36.160709], [-95.90457, 36.160741], [-95.904586, 36.162893], [-95.904616, 36.163578]]]}, "properties": {"GEOID": "40143006000", "designation_types": "MUA", "imu_score": 61.3, "imu_scores": [61.3], "population_types": "Medically Underserved Area", "county": "Tulsa County", "poverty_rate": 13.4, "pct_65_plus": 14.1, "providers_per_1000": 0.14, "service_area": "Northeast Tulsa Service Area"}}, {"type": "Feature", "geometry": {"type": "Polygon", "coordinates": [[[-95.886676, 36.173436], [-95.8867, 36.17707], [-95.885061, 36.177041], [-95.869372, 36.177035], [-95.868744, 36.177053], [-95.868723, 36.160666], [-95.869288, 36.16071], [-95.886718, 36.160721], [-95.886676, 36.173436]]]}, "properties": {"GEOID": "40143008200", "designation_types": "MUA", "imu_score": 61.3, "imu_scores": [61.3], "population_types": "Medically Underserved Area", "county": "Tulsa County", "poverty_rate": 13.4, "pct_65_plus": 14.1, "providers_per_1000": 0.14, "service_area": "Northeast Tulsa Service Area"}}, {"type": "Feature", "geometry": {"type": "Polygon", "coordinates": [[[-95.886718, 36.160721], [-95.869288, 36.16071], [-95.868723, 36.160666], [-95.868781, 36.155218], [-95.86882, 36.147976], [-95.877724, 36.148019], [-95.886665, 36.14799], [-95.886713, 36.155216], [-95.886718, 36.160721]]]}, "properties": {"GEOID": "40143008300", "designation_types": "MUA", "imu_score": 61.3, "imu_scores": [61.3], "population_types": "Medically Underserved Area", "county": "Tulsa County", "poverty_rate": 13.4, "pct_65_plus": 14.1, "providers_per_1000": 0.14, "service_area": "Northeast Tulsa Service Area"}}, {"type": "Feature", "geometry": {"type": "Polygon", "coordinates": [[[-95.88667, 36.133496], [-95.877701, 36.133435], [-95.870297, 36.133471], [-95.870257, 36.132264], [-95.87002, 36.131456], [-95.869806, 36.128292], [-95.869215, 36.125738], [-95.869877, 36.118963], [-95.878249, 36.118916], [-95.886601, 36.118893], [-95.886595, 36.120703], [-95.886644, 36.127081], [-95.88667, 36.133496]]]}, "properties": {"GEOID": "40143008501", "designation_types": "MUA", "imu_score": 61.3, "imu_scores": [61.3], "population_types": "Medically Underserved Area", "county": "Tulsa County", "poverty_rate": 13.4, "pct_65_plus": 14.1, "providers_per_1000": 0.14, "service_area": "Northeast Tulsa Service Area"}}, {"type": "Feature", "geometry": {"type": "Polygon", "coordinates": [[[-95.851178, 36.14801], [-95.848735, 36.148017], [-95.848069, 36.147997], [-95.837785, 36.147977], [-95.833292, 36.148004], [-95.833222, 36.133445], [-95.83935, 36.133448], [-95.841652, 36.133456], [-95.851065, 36.133459], [-95.851115, 36.137983], [-95.851106, 36.14581], [-95.851178, 36.14801]]]}, "properties": {"GEOID": "40143007310", "designation_types": "MUA", "imu_score": 61.3, "imu_scores": [61.3], "population_types": "Medically Underserved Area", "county": "Tulsa County", "poverty_rate": 13.4, "pct_65_plus": 14.1, "providers_per_1000": 0.14, "service_area": "Northeast Tulsa Service Area"}}, {"type": "Feature", "geometry": {"type": "Polygon", "coordinates": [[[-95.88662, 36.140684], [-95.886665, 36.14799], [-95.877724, 36.148019], [-95.86882, 36.147976], [-95.867439, 36.148025], [-95.864575, 36.147979], [-95.864545, 36.136807], [-95.866819, 36.135129], [-95.869245, 36.133507], [-95.870297, 36.133471], [-95.877701, 36.133435], [-95.88667, 36.133496], [-95.88662, 36.140684]]]}, "properties": {"GEOID": "40143007102", "designation_types": "MUA", "imu_score": 61.3, "imu_scores": [61.3], "population_types": "Medically Underserved Area", "county": "Tulsa County", "poverty_rate": 13.4, "pct_65_plus": 14.1, "providers_per_1000": 0.14, "service_area": "Northeast Tulsa Service Area"}}, {"type": "Feature", "geometry": {"type": "Polygon", "coordinates": [[[-95.868781, 36.155218], [-95.868723, 36.160666], [-95.86641, 36.160722], [-95.860749, 36.160691], [-95.851196, 36.16066], [-95.851204, 36.155828], [-95.851276, 36.155287], [-95.851134, 36.154159], [-95.851178, 36.14801], [-95.860281, 36.147987], [-95.864575, 36.147979], [-95.867439, 36.148025], [-95.86882, 36.147976], [-95.868781, 36.155218]]]}, "properties": {"GEOID": "40143008900", "designation_types": "MUA", "imu_score": 61.3, "imu_scores": [61.3], "population_types": "Medically Underserved Area", "county": "Tulsa County", "poverty_rate": 13.4, "pct_65_plus": 14.1, "providers_per_1000": 0.14, "service_area": "Northeast Tulsa Service Area"}}, {"type": "Feature", "geometry": {"type": "Polygon", "coordinates": [[[-95.851106, 36.128571], [-95.851065, 36.133459], [-95.841652, 36.133456], [-95.83935, 36.133448], [-95.833222, 36.133445], [-95.833265, 36.12659], [-95.833218, 36.125776], [-95.833236, 36.118926], [-95.841658, 36.11897], [-95.851105, 36.119003], [-95.851106, 36.128571]]]}, "properties": {"GEOID": "40143007306", "designation_types": "MUA", "imu_score": 61.3, "imu_scores": [61.3], "population_types": "Medically Underserved Area", "county": "Tulsa County", "poverty_rate": 13.4, "pct_65_plus": 14.1, "providers_per_1000": 0.14, "service_area": "Northeast Tulsa Service Area"}}, {"type": "Feature", "geometry": {"type": "Polygon", "coordinates": [[[-95.869245, 36.133507], [-95.866819, 36.135129], [-95.864545, 36.136807], [-95.864575, 36.147979], [-95.860281, 36.147987], [-95.851178, 36.14801], [-95.851106, 36.14581], [-95.851115, 36.137983], [-95.851065, 36.133459], [-95.853048, 36.133511], [-95.859766, 36.133473], [-95.859996, 36.133466], [-95.864581, 36.133494], [-95.868559, 36.133488], [-95.869245, 36.133507]]]}, "properties": {"GEOID": "40143007304", "designation_types": "MUA", "imu_score": 61.3, "imu_scores": [61.3], "population_types": "Medically Underserved Area", "county": "Tulsa County", "poverty_rate": 13.4, "pct_65_plus": 14.1, "providers_per_1000": 0.14, "service_area": "Northeast Tulsa Service Area"}}, {"type": "Feature", "geometry": {"type": "Polygon", "coordinates": [[[-96.622541, 36.060972], [-96.622609, 36.073075], [-96.622499, 36.086987], [-96.622649, 36.087556], [-96.622483, 36.090849], [-96.62231, 36.126568], [-96.621441, 36.159929], [-96.62212, 36.159903], [-96.622093, 36.162787], [-96.620917, 36.163439], [-96.570998, 36.1635], [-96.552798, 36.163495], [-96.548336, 36.162858], [-96.546569, 36.161606], [-96.545307, 36.158628], [-96.546621, 36.155335], [-96.546326, 36.151371], [-96.548348, 36.1482], [-96.548348, 36.13378], [-96.535295, 36.133669], [-96.530463, 36.133487], [-96.530382, 36.090207], [-96.53044, 36.068368], [-96.530235, 36.061151], [-96.523227, 36.061005], [-96.51399, 36.061088], [-96.512487, 36.060878], [-96.512497, 36.031984], [-96.530953, 36.031961], [-96.537084, 36.031145], [-96.539122, 36.031831], [-96.542666, 36.030915], [-96.551376, 36.029385], [-96.554228, 36.030637], [-96.555993, 36.033563], [-96.558, 36.03456], [-96.561095, 36.033814], [-96.566562, 36.034732], [-96.568535, 36.036059], [-96.571785, 36.039073], [-96.581927, 36.039528], [-96.583948, 36.036866], [-96.583947, 36.036109], [-96.589244, 36.035841], [-96.591991, 36.033538], [-96.592938, 36.032292], [-96.594387, 36.031772], [-96.599087, 36.031936], [-96.601856, 36.027425], [-96.601803, 36.02477], [-96.621198, 36.024933], [-96.622069, 36.025623], [-96.622353, 36.046919], [-96.622354, 36.046967], [-96.622464, 36.055228], [-96.622863, 36.058417], [-96.622541, 36.060972]]]}, "properties": {"GEOID": "40037020704", "designation_types": "MUA", "imu_score": 61.5, "imu_scores": [61.5], "population_types": "Medically Underserved Area", "county": "Creek County", "poverty_rate": 16.6, "pct_65_plus": 16.0, "providers_per_1000": 0.12, "service_area": "Northwest Creek Service Area"}}, {"type": "Feature", "geometry": {"type": "Polygon", "coordinates": [[[-96.552798, 36.163495], [-96.516534, 36.163479], [-96.512716, 36.163476], [-96.447961, 36.163177], [-96.446667, 36.163169], [-96.440538, 36.163132], [-96.428131, 36.163057], [-96.422732, 36.163036], [-96.422355, 36.163021], [-96.400806, 36.16288], [-96.39937, 36.138892], [-96.398523, 36.12742], [-96.396052, 36.123156], [-96.39568, 36.122694], [-96.389114, 36.114767], [-96.388268, 36.113323], [-96.387531, 36.110867], [-96.387394, 36.104818], [-96.387352, 36.090305], [-96.387357, 36.07602], [-96.387354, 36.075752], [-96.387282, 36.060912], [-96.387228, 36.053949], [-96.387202, 36.046965], [-96.387193, 36.003142], [-96.394887, 36.002695], [-96.4033, 36.003115], [-96.458604, 36.003006], [-96.458633, 36.03208], [-96.467638, 36.032033], [-96.476816, 36.032339], [-96.47795, 36.032004], [-96.485609, 36.032011], [-96.512497, 36.031984], [-96.512487, 36.060878], [-96.51399, 36.061088], [-96.523227, 36.061005], [-96.530235, 36.061151], [-96.53044, 36.068368], [-96.530382, 36.090207], [-96.530463, 36.133487], [-96.535295, 36.133669], [-96.548348, 36.13378], [-96.548348, 36.1482], [-96.546326, 36.151371], [-96.546621, 36.155335], [-96.545307, 36.158628], [-96.546569, 36.161606], [-96.548336, 36.162858], [-96.552798, 36.163495]]]}, "properties": {"GEOID": "40037020705", "designation_types": "MUA", "imu_score": 61.5, "imu_scores": [61.5], "population_types": "Medically Underserved Area", "county": "Creek County", "poverty_rate": 16.6, "pct_65_plus": 16.0, "providers_per_1000": 0.12, "service_area": "Northwest Creek Service Area"}}, {"type": "Feature", "geometry": {"type": "Polygon", "coordinates": [[[-96.622069, 36.025623], [-96.621198, 36.024933], [-96.601803, 36.02477], [-96.601856, 36.027425], [-96.599087, 36.031936], [-96.594387, 36.031772], [-96.592938, 36.032292], [-96.591991, 36.033538], [-96.589244, 36.035841], [-96.583947, 36.036109], [-96.583948, 36.036866], [-96.581927, 36.039528], [-96.571785, 36.039073], [-96.568535, 36.036059], [-96.566562, 36.034732], [-96.561095, 36.033814], [-96.558, 36.03456], [-96.555993, 36.033563], [-96.554228, 36.030637], [-96.551376, 36.029385], [-96.542666, 36.030915], [-96.539122, 36.031831], [-96.537084, 36.031145], [-96.530953, 36.031961], [-96.512497, 36.031984], [-96.485609, 36.032011], [-96.47795, 36.032004], [-96.476816, 36.032339], [-96.467638, 36.032033], [-96.458633, 36.03208], [-96.458604, 36.003006], [-96.458702, 35.973904], [-96.476544, 35.973867], [-96.512084, 35.973787], [-96.512457, 35.973783], [-96.539557, 35.973792], [-96.539564, 35.969003], [-96.541439, 35.966372], [-96.541947, 35.96491], [-96.541054, 35.962287], [-96.542089, 35.960225], [-96.543058, 35.959177], [-96.547787, 35.959332], [-96.550554, 35.958047], [-96.55367, 35.95373], [-96.557159, 35.95167], [-96.558462, 35.948377], [-96.560472, 35.94463], [-96.561795, 35.943926], [-96.56359, 35.944471], [-96.567563, 35.944121], [-96.572225, 35.945122], [-96.575895, 35.948124], [-96.577766, 35.951004], [-96.578549, 35.953645], [-96.583923, 35.958703], [-96.58394, 35.95817], [-96.586853, 35.958559], [-96.588517, 35.959266], [-96.610647, 35.959185], [-96.620357, 35.959306], [-96.620792, 35.970368], [-96.621135, 35.971941], [-96.62103, 35.976406], [-96.62148, 35.986997], [-96.621669, 35.995659], [-96.621732, 36.000409], [-96.622069, 36.025623]]]}, "properties": {"GEOID": "40037020800", "designation_types": "MUA", "imu_score": 61.5, "imu_scores": [61.5], "population_types": "Medically Underserved Area", "county": "Creek County", "poverty_rate": 16.6, "pct_65_plus": 16.0, "providers_per_1000": 0.12, "service_area": "Northwest Creek Service Area"}}, {"type": "Feature", "geometry": {"type": "Polygon", "coordinates": [[[-94.797383, 36.045081], [-94.79739, 36.045994], [-94.797375, 36.103184], [-94.788942, 36.098227], [-94.788271, 36.094552], [-94.786074, 36.094168], [-94.783827, 36.096438], [-94.777611, 36.096405], [-94.775747, 36.097533], [-94.771948, 36.095729], [-94.771133, 36.09494], [-94.769013, 36.09508], [-94.770585, 36.098586], [-94.770657, 36.103646], [-94.767622, 36.103695], [-94.754904, 36.103598], [-94.749929, 36.102296], [-94.74752, 36.099935], [-94.74404, 36.099668], [-94.741394, 36.099828], [-94.736522, 36.098239], [-94.732989, 36.097468], [-94.727087, 36.094169], [-94.723813, 36.092996], [-94.721904, 36.091743], [-94.719162, 36.08847], [-94.717276, 36.087012], [-94.711692, 36.08601], [-94.707699, 36.084614], [-94.706756, 36.08397], [-94.702931, 36.078956], [-94.702215, 36.078452], [-94.695681, 36.078192], [-94.693038, 36.077365], [-94.690334, 36.077211], [-94.689136, 36.076732], [-94.686407, 36.074613], [-94.682114, 36.071184], [-94.677658, 36.070602], [-94.67744, 36.066239], [-94.674123, 36.062812], [-94.672854, 36.062516], [-94.668058, 36.062813], [-94.66016, 36.061584], [-94.65718, 36.060335], [-94.655203, 36.060297], [-94.637387, 36.060286], [-94.619481, 36.060337], [-94.601668, 36.06032], [-94.595077, 36.060351], [-94.592591, 36.060119], [-94.589732, 36.05885], [-94.58619, 36.059213], [-94.58257, 36.058125], [-94.580168, 36.058014], [-94.579345, 36.058022], [-94.578505, 36.060406], [-94.57604, 36.0604], [-94.571659, 36.06144], [-94.570171, 36.060406], [-94.548009, 36.060417], [-94.548033, 36.051338], [-94.5432560772227, 36.0514404094066], [-94.5432555854101, 36.0514375603309], [-94.5373052130243, 36.0169669851155], [-94.5373035799916, 36.0169575249384], [-94.535724, 36.007807], [-94.5352129388301, 36.0048009991507], [-94.5351632586096, 36.0045087860192], [-94.534852, 36.002678], [-94.5336729618048, 35.9969353214272], [-94.533646, 35.996804], [-94.5320909497439, 35.9879653905444], [-94.532071, 35.987852], [-94.5320670297716, 35.9878290199046], [-94.532061349361, 35.9877961410969], [-94.5320470706678, 35.9877134945346], [-94.528327413129, 35.9661837295236], [-94.528305, 35.966054], [-94.528162, 35.965665], [-94.52464, 35.945727], [-94.524344, 35.94405], [-94.52291, 35.936127], [-94.522634, 35.934892], [-94.522658, 35.934799], [-94.522658, 35.93425], [-94.5222486385274, 35.9316439921507], [-94.5182645152154, 35.9062809394019], [-94.52321, 35.906921], [-94.525702, 35.906174], [-94.527512, 35.906834], [-94.529828, 35.908857], [-94.530226, 35.911253], [-94.52984, 35.913418], [-94.531757, 35.915561], [-94.534401, 35.915651], [-94.535358, 35.914238], [-94.537101, 35.913958], [-94.538756, 35.91509], [-94.540411, 35.91464], [-94.542383, 35.913101], [-94.543667, 35.913832], [-94.54568, 35.91314], [-94.548443, 35.910998], [-94.550442, 35.910745], [-94.552745, 35.911048], [-94.553529, 35.910454], [-94.557406, 35.910773], [-94.562168, 35.909246], [-94.56614, 35.909306], [-94.567902, 35.907306], [-94.570347, 35.908014], [-94.571887, 35.907289], [-94.570968, 35.905267], [-94.571475, 35.904069], [-94.573281, 35.903639], [-94.579744, 35.90455], [-94.582078, 35.903967], [-94.583652, 35.904396], [-94.587914, 35.90727], [-94.587821, 35.908084], [-94.589221, 35.910056], [-94.591423, 35.909715], [-94.592856, 35.910188], [-94.5946, 35.913421], [-94.596115, 35.914406], [-94.598045, 35.915285], [-94.600796, 35.91439], [-94.604751, 35.916002], [-94.609159, 35.916215], [-94.610365, 35.916667], [-94.613904, 35.916685], [-94.615242, 35.917703], [-94.61859, 35.917987], [-94.619583, 35.919611], [-94.622126, 35.921449], [-94.624861, 35.924631], [-94.628515, 35.923799], [-94.633122, 35.926924], [-94.636323, 35.929677], [-94.637997, 35.933436], [-94.640499, 35.933518], [-94.642137, 35.934681], [-94.644008, 35.937735], [-94.647465, 35.941032], [-94.648634, 35.94117], [-94.650337, 35.944175], [-94.650024, 35.946187], [-94.651366, 35.947996], [-94.652486, 35.948782], [-94.652207, 35.950139], [-94.653046, 35.951021], [-94.65463, 35.951232], [-94.659628, 35.950698], [-94.661776, 35.952733], [-94.662362, 35.950661], [-94.66439, 35.950059], [-94.665621, 35.951213], [-94.665976, 35.953682], [-94.667715, 35.953733], [-94.670468, 35.952826], [-94.671453, 35.951875], [-94.67472, 35.951921], [-94.677375, 35.951373], [-94.680984, 35.9523], [-94.681795, 35.95152], [-94.686137, 35.950788], [-94.688994, 35.948], [-94.690259, 35.947018], [-94.693542, 35.946962], [-94.696564, 35.948671], [-94.699975, 35.949119], [-94.70124, 35.951352], [-94.702433, 35.952117], [-94.704505, 35.951736], [-94.708275, 35.951751], [-94.709674, 35.953091], [-94.710198, 35.955018], [-94.709821, 35.95767], [-94.710608, 35.959534], [-94.712317, 35.960382], [-94.713695, 35.960114], [-94.713306, 35.95875], [-94.715597, 35.957631], [-94.717212, 35.956193], [-94.719122, 35.955642], [-94.722916, 35.956752], [-94.724583, 35.957758], [-94.72549, 35.959264], [-94.726791, 35.959502], [-94.729375, 35.958794], [-94.731697, 35.957194], [-94.734792, 35.956742], [-94.736612, 35.956774], [-94.73895, 35.9581], [-94.740543, 35.959974], [-94.743863, 35.959977], [-94.749995, 35.955666], [-94.75183, 35.955397], [-94.752619, 35.956192], [-94.752938, 35.959467], [-94.751412, 35.962156], [-94.751059, 35.964045], [-94.753436, 35.965104], [-94.758318, 35.963979], [-94.759712, 35.962431], [-94.759742, 35.960647], [-94.7589, 35.95953], [-94.760289, 35.958808], [-94.765177, 35.959038], [-94.769599, 35.957881], [-94.771715, 35.958059], [-94.774113, 35.959627], [-94.776473, 35.959361], [-94.777596, 35.957255], [-94.780382, 35.957713], [-94.782126, 35.95859], [-94.786497, 35.959192], [-94.788053, 35.960949], [-94.790597, 35.962414], [-94.793313, 35.96271], [-94.797435, 35.961733], [-94.797439, 35.968006], [-94.79744, 35.975955], [-94.797315, 35.998178], [-94.797441, 35.999033], [-94.797383, 36.045081]]]}, "properties": {"GEOID": "40001376700", "designation_types": "MUA", "imu_score": 59.9, "imu_scores": [59.9], "population_types": "Medically Underserved Area", "county": "Adair County", "poverty_rate": 16.6, "pct_65_plus": 13.1, "providers_per_1000": 0.0, "service_area": "Westville Service Area"}}, {"type": "Feature", "geometry": {"type": "Polygon", "coordinates": [[[-96.029328, 36.149794], [-96.029279, 36.1507], [-96.029249, 36.152668], [-96.029246, 36.155249], [-96.029224, 36.156882], [-96.029212, 36.157172], [-96.029233, 36.16122], [-96.014882, 36.161287], [-96.010951, 36.161317], [-96.001226, 36.161296], [-96.001055, 36.161294], [-96.002044, 36.159342], [-96.002091, 36.159104], [-96.002092, 36.158483], [-96.001874, 36.157076], [-96.001522, 36.155187], [-96.002428, 36.151169], [-96.002695, 36.150194], [-96.00273, 36.147786], [-96.003088, 36.14672], [-96.005876, 36.142745], [-96.011277, 36.145494], [-96.020444, 36.146655], [-96.026157, 36.145936], [-96.029247, 36.145014], [-96.029276, 36.148391], [-96.029353, 36.148786], [-96.029328, 36.149794]]]}, "properties": {"GEOID": "40143002700", "designation_types": "MUA", "imu_score": 57.3, "imu_scores": [57.3], "population_types": "Medically Underserved Area", "county": "Tulsa County", "poverty_rate": 22.6, "pct_65_plus": 12.5, "providers_per_1000": 0.0, "service_area": "West Tulsa Riverside North"}}, {"type": "Feature", "geometry": {"type": "Polygon", "coordinates": [[[-96.047363, 36.14228], [-96.047188, 36.143166], [-96.047249, 36.143783], [-96.047239, 36.145004], [-96.047186, 36.148017], [-96.047176, 36.149869], [-96.047185, 36.152809], [-96.044956, 36.15346], [-96.044954, 36.151646], [-96.043782, 36.153794], [-96.038272, 36.154811], [-96.038238, 36.156166], [-96.033548, 36.157349], [-96.031543, 36.157311], [-96.029224, 36.156882], [-96.029246, 36.155249], [-96.029249, 36.152668], [-96.029279, 36.1507], [-96.029328, 36.149794], [-96.029353, 36.148786], [-96.029276, 36.148391], [-96.029247, 36.145014], [-96.043236, 36.14122], [-96.047377, 36.140743], [-96.047363, 36.14228]]]}, "properties": {"GEOID": "40143003000", "designation_types": "MUA", "imu_score": 57.3, "imu_scores": [57.3], "population_types": "Medically Underserved Area", "county": "Tulsa County", "poverty_rate": 22.6, "pct_65_plus": 12.5, "providers_per_1000": 0.0, "service_area": "West Tulsa Riverside North"}}, {"type": "Feature", "geometry": {"type": "Polygon", "coordinates": [[[-96.083372, 36.135537], [-96.083392, 36.142175], [-96.07618, 36.144447], [-96.0753, 36.144713], [-96.067949, 36.146934], [-96.06749, 36.147076], [-96.065601, 36.147654], [-96.065182, 36.147784], [-96.063578, 36.148275], [-96.061483, 36.148356], [-96.06066, 36.148363], [-96.060599, 36.149161], [-96.056187, 36.150508], [-96.056158, 36.149786], [-96.053993, 36.14976], [-96.054005, 36.151173], [-96.052676, 36.15162], [-96.049506, 36.151301], [-96.047185, 36.152809], [-96.047176, 36.149869], [-96.047186, 36.148017], [-96.047239, 36.145004], [-96.047249, 36.143783], [-96.047188, 36.143166], [-96.047363, 36.14228], [-96.047377, 36.140743], [-96.056157, 36.139298], [-96.057173, 36.139157], [-96.062747, 36.138593], [-96.064816, 36.138885], [-96.065441, 36.138973], [-96.068652, 36.138064], [-96.068667, 36.138621], [-96.069137, 36.138431], [-96.083462, 36.132581], [-96.083372, 36.135537]]]}, "properties": {"GEOID": "40143008800", "designation_types": "MUA", "imu_score": 57.3, "imu_scores": [57.3], "population_types": "Medically Underserved Area", "county": "Tulsa County", "poverty_rate": 22.6, "pct_65_plus": 12.5, "providers_per_1000": 0.0, "service_area": "West Tulsa Riverside North"}}, {"type": "Feature", "geometry": {"type": "Polygon", "coordinates": [[[-97.485539, 35.493172], [-97.476725, 35.493125], [-97.468476, 35.493136], [-97.467941, 35.493137], [-97.459161, 35.493147], [-97.459168, 35.489517], [-97.459175, 35.485846], [-97.469763, 35.485946], [-97.476726, 35.485857], [-97.485029, 35.485898], [-97.485633, 35.485901], [-97.485539, 35.493172]]]}, "properties": {"GEOID": "40109101300", "designation_types": "MUA", "imu_score": 35.6, "imu_scores": [35.6], "population_types": "Medically Underserved Area", "county": "Oklahoma County", "poverty_rate": null, "pct_65_plus": null, "providers_per_1000": null, "service_area": "Northeast 23rd South"}}, {"type": "Feature", "geometry": {"type": "Polygon", "coordinates": [[[-97.494544, 35.48548], [-97.494528, 35.488029], [-97.494495, 35.493218], [-97.485539, 35.493172], [-97.485633, 35.485901], [-97.486091, 35.483051], [-97.489584, 35.483144], [-97.492481, 35.482986], [-97.493322, 35.482338], [-97.494534, 35.482296], [-97.494544, 35.48548]]]}, "properties": {"GEOID": "40109101400", "designation_types": "MUA", "imu_score": 35.6, "imu_scores": [35.6], "population_types": "Medically Underserved Area", "county": "Oklahoma County", "poverty_rate": null, "pct_65_plus": null, "providers_per_1000": null, "service_area": "Northeast 23rd South"}}, {"type": "Feature", "geometry": {"type": "Polygon", "coordinates": [[[-97.494215, 35.535084], [-97.494179, 35.55115], [-97.460501, 35.551142], [-97.456037, 35.551127], [-97.458711, 35.542021], [-97.4605, 35.538231], [-97.460703, 35.536179], [-97.46027, 35.53441], [-97.459378, 35.531199], [-97.459367, 35.522241], [-97.459386, 35.515003], [-97.459452, 35.511398], [-97.460335, 35.507688], [-97.460065, 35.507688], [-97.459145, 35.50769], [-97.459148, 35.50505], [-97.459153, 35.500445], [-97.459161, 35.493147], [-97.467941, 35.493137], [-97.468476, 35.493136], [-97.476725, 35.493125], [-97.476715, 35.498573], [-97.4767, 35.507664], [-97.476674, 35.515299], [-97.476666, 35.517527], [-97.476662, 35.518564], [-97.476651, 35.522236], [-97.485406, 35.522265], [-97.494313, 35.522261], [-97.494215, 35.535084]]]}, "properties": {"GEOID": "40109106100", "designation_types": "MUA", "imu_score": 60.1, "imu_scores": [60.1], "population_types": "Medically Underserved Area", "county": "Oklahoma County", "poverty_rate": null, "pct_65_plus": null, "providers_per_1000": null, "service_area": "Northeast 23rd North"}}, {"type": "Feature", "geometry": {"type": "Polygon", "coordinates": [[[-97.485408, 35.520405], [-97.485406, 35.522265], [-97.476651, 35.522236], [-97.476662, 35.518564], [-97.476666, 35.517527], [-97.476674, 35.515299], [-97.4767, 35.507664], [-97.485425, 35.507702], [-97.485408, 35.520405]]]}, "properties": {"GEOID": "40109105202", "designation_types": "MUA", "imu_score": 60.1, "imu_scores": [60.1], "population_types": "Medically Underserved Area", "county": "Oklahoma County", "poverty_rate": null, "pct_65_plus": null, "providers_per_1000": null, "service_area": "Northeast 23rd North"}}, {"type": "Feature", "geometry": {"type": "Polygon", "coordinates": [[[-97.494442, 35.500459], [-97.494389, 35.507741], [-97.48551, 35.507703], [-97.485425, 35.507702], [-97.4767, 35.507664], [-97.476715, 35.498573], [-97.476725, 35.493125], [-97.485539, 35.493172], [-97.494495, 35.493218], [-97.494442, 35.500459]]]}, "properties": {"GEOID": "40109100400", "designation_types": "MUA", "imu_score": 60.1, "imu_scores": [60.1], "population_types": "Medically Underserved Area", "county": "Oklahoma County", "poverty_rate": null, "pct_65_plus": null, "providers_per_1000": null, "service_area": "Northeast 23rd North"}}, {"type": "Feature", "geometry": {"type": "Polygon", "coordinates": [[[-97.143272, 34.174507], [-97.142926, 34.180192], [-97.13844, 34.179116], [-97.13605, 34.179302], [-97.133655, 34.179128], [-97.133102, 34.179704], [-97.129097, 34.17873], [-97.127887, 34.178436], [-97.121338, 34.176846], [-97.122362, 34.175546], [-97.122737, 34.174942], [-97.127883, 34.167967], [-97.130445, 34.164617], [-97.131091, 34.164322], [-97.134027, 34.165455], [-97.139586, 34.165473], [-97.143265, 34.164991], [-97.143253, 34.171064], [-97.143272, 34.174507]]]}, "properties": {"GEOID": "40019892900", "designation_types": "MUP", "imu_score": 57.8, "imu_scores": [57.8], "population_types": "MUP Low Income", "county": "Carter County", "poverty_rate": 25.2, "pct_65_plus": 11.8, "providers_per_1000": 0.127, "service_area": "LI-Ardmore"}}, {"type": "Feature", "geometry": {"type": "Polygon", "coordinates": [[[-97.142949, 34.188457], [-97.134963, 34.188438], [-97.133016, 34.188416], [-97.133028, 34.187322], [-97.125459, 34.187339], [-97.124853, 34.187336], [-97.122861, 34.187326], [-97.123105, 34.186631], [-97.115382, 34.18497], [-97.121338, 34.176846], [-97.127887, 34.178436], [-97.129097, 34.17873], [-97.133102, 34.179704], [-97.133655, 34.179128], [-97.13605, 34.179302], [-97.13844, 34.179116], [-97.142926, 34.180192], [-97.142924, 34.181321], [-97.142941, 34.187499], [-97.142949, 34.188457]]]}, "properties": {"GEOID": "40019893100", "designation_types": "MUP", "imu_score": 57.8, "imu_scores": [57.8], "population_types": "MUP Low Income", "county": "Carter County", "poverty_rate": 25.2, "pct_65_plus": 11.8, "providers_per_1000": 0.127, "service_area": "LI-Ardmore"}}, {"type": "Feature", "geometry": {"type": "Polygon", "coordinates": [[[-97.4623, 36.810772], [-97.460185, 36.810789], [-97.440715, 36.810927], [-97.346167, 36.811235], [-97.30093, 36.81142], [-97.287801, 36.8115], [-97.28295, 36.81154], [-97.282987, 36.799312], [-97.28299, 36.79733], [-97.28303, 36.78985], [-97.3009, 36.78968], [-97.300898, 36.787413], [-97.30089, 36.78247], [-97.3009, 36.76796], [-97.30094, 36.75333], [-97.406609, 36.753022], [-97.40933, 36.7533], [-97.412093, 36.75301], [-97.44466, 36.753], [-97.44455, 36.73852], [-97.462309, 36.738382], [-97.46222, 36.767311], [-97.462316, 36.767821], [-97.4623, 36.810772]]]}, "properties": {"GEOID": "40071001301", "designation_types": "MUP", "imu_score": 58.4, "imu_scores": [58.4], "population_types": "MUP Low Income", "county": "Kay County", "poverty_rate": 22.4, "pct_65_plus": 14.3, "providers_per_1000": 0.144, "service_area": "West Kay County (Blackwell)"}}, {"type": "Feature", "geometry": {"type": "Polygon", "coordinates": [[[-96.44755, 36.166556], [-96.447121, 36.171885], [-96.446738, 36.17371], [-96.446634, 36.174305], [-96.446553, 36.175969], [-96.446288, 36.176995], [-96.44623, 36.188284], [-96.446268, 36.190187], [-96.446149, 36.190548], [-96.445578, 36.191399], [-96.44537, 36.191973], [-96.445455, 36.193605], [-96.445708, 36.194177], [-96.446256, 36.194817], [-96.446217, 36.195586], [-96.446055, 36.202935], [-96.445942, 36.209961], [-96.446162, 36.213422], [-96.446014, 36.217304], [-96.44643, 36.245555], [-96.443262, 36.245948], [-96.442957, 36.260382], [-96.434304, 36.260233], [-96.425855, 36.260356], [-96.42422, 36.262935], [-96.422524, 36.26394], [-96.419952, 36.263968], [-96.41975, 36.264968], [-96.418398, 36.264879], [-96.415502, 36.276245], [-96.408701, 36.27517], [-96.401306, 36.273467], [-96.392885, 36.270182], [-96.386793, 36.267137], [-96.381478, 36.263583], [-96.379088, 36.261543], [-96.371305, 36.255801], [-96.366169, 36.25272], [-96.362562, 36.250075], [-96.359137, 36.245947], [-96.357794, 36.244376], [-96.351477, 36.23748], [-96.347685, 36.234404], [-96.342892, 36.231576], [-96.339996, 36.230024], [-96.3366, 36.22884], [-96.329507, 36.227095], [-96.326732, 36.226551], [-96.322163, 36.226213], [-96.316515, 36.227534], [-96.313123, 36.22795], [-96.308771, 36.228002], [-96.306331, 36.228314], [-96.301474, 36.228222], [-96.290474, 36.226871], [-96.285746, 36.227175], [-96.279489, 36.227079], [-96.277144, 36.227291], [-96.267329, 36.227448], [-96.259432, 36.226492], [-96.256624, 36.225676], [-96.25396, 36.223772], [-96.251075, 36.220746], [-96.250288, 36.219981], [-96.246344, 36.214681], [-96.244607, 36.210809], [-96.242823, 36.204729], [-96.242873, 36.201896], [-96.243047, 36.200241], [-96.243967, 36.196965], [-96.245583, 36.194141], [-96.247559, 36.191549], [-96.250735, 36.188908], [-96.257727, 36.183661], [-96.264525, 36.179443], [-96.269183, 36.173684], [-96.269439, 36.173096], [-96.270207, 36.167624], [-96.268287, 36.16198], [-96.272711, 36.16208], [-96.273488, 36.16208], [-96.297888, 36.162279], [-96.305349, 36.162322], [-96.329224, 36.162459], [-96.351688, 36.162588], [-96.352699, 36.162593], [-96.371335, 36.1627], [-96.376132, 36.162726], [-96.400806, 36.16288], [-96.422355, 36.163021], [-96.422732, 36.163036], [-96.428131, 36.163057], [-96.440538, 36.163132], [-96.446667, 36.163169], [-96.447961, 36.163177], [-96.44755, 36.166556]]]}, "properties": {"GEOID": "40117957200", "designation_types": "MUA", "imu_score": 59.8, "imu_scores": [59.8], "population_types": "Medically Underserved Area", "county": "Pawnee County", "poverty_rate": 9.5, "pct_65_plus": 18.9, "providers_per_1000": 0.0, "service_area": "SE Pawnee County"}}, {"type": "Feature", "geometry": {"type": "Polygon", "coordinates": [[[-95.011401, 35.920126], [-95.001471, 35.920267], [-94.999999, 35.919946], [-94.977387, 35.912831], [-94.974636, 35.918635], [-94.975637, 35.921274], [-94.973276, 35.92118], [-94.970811, 35.91988], [-94.970421, 35.917907], [-94.968708, 35.918086], [-94.967277, 35.916074], [-94.967965, 35.915196], [-94.969855, 35.90947], [-94.971991, 35.90718], [-94.972682, 35.905519], [-94.972812, 35.904066], [-94.971837, 35.902937], [-94.970812, 35.900801], [-94.974811, 35.900779], [-94.976913, 35.894846], [-94.977145, 35.88997], [-94.980972, 35.890705], [-94.995655, 35.892766], [-94.998301, 35.894184], [-94.999493, 35.895685], [-94.999985, 35.89775], [-94.99996, 35.900795], [-95.002483, 35.90079], [-95.003031, 35.900788], [-95.009459, 35.900775], [-95.009082, 35.904415], [-95.007215, 35.905642], [-95.008115, 35.908008], [-95.011358, 35.908026], [-95.011367, 35.914839], [-95.010163, 35.917063], [-95.010483, 35.917505], [-95.011346, 35.918486], [-95.011401, 35.920126]]]}, "properties": {"GEOID": "40021978000", "designation_types": "MUP", "imu_score": 61.3, "imu_scores": [61.3], "population_types": "MUP Low Income", "county": "Cherokee County", "poverty_rate": 25.7, "pct_65_plus": 14.9, "providers_per_1000": 0.289, "service_area": "East Central Cherokee County (Tahlequah)"}}, {"type": "Feature", "geometry": {"type": "Polygon", "coordinates": [[[-94.976913, 35.894846], [-94.974811, 35.900779], [-94.970812, 35.900801], [-94.971837, 35.902937], [-94.972812, 35.904066], [-94.972682, 35.905519], [-94.971991, 35.90718], [-94.969855, 35.90947], [-94.967965, 35.915196], [-94.967277, 35.916074], [-94.968708, 35.918086], [-94.966992, 35.919468], [-94.966792, 35.922663], [-94.955371, 35.9226], [-94.95145, 35.922638], [-94.95122, 35.924027], [-94.947025, 35.924458], [-94.946782, 35.926258], [-94.943912, 35.926261], [-94.942246, 35.926408], [-94.937589, 35.924768], [-94.9366, 35.924558], [-94.936022, 35.9247], [-94.933093, 35.924832], [-94.931553, 35.924997], [-94.929472, 35.925986], [-94.927492, 35.926995], [-94.926434, 35.926827], [-94.922606, 35.926143], [-94.922524, 35.925907], [-94.923494, 35.923126], [-94.92349, 35.923113], [-94.923645, 35.922687], [-94.924463, 35.920898], [-94.926933, 35.917651], [-94.929988, 35.914943], [-94.930875, 35.912586], [-94.93158, 35.908437], [-94.930184, 35.907276], [-94.928887, 35.905326], [-94.928597, 35.902504], [-94.92976, 35.900659], [-94.930316, 35.900532], [-94.9335549057885, 35.901398352215], [-94.933991, 35.901515], [-94.936305, 35.898574], [-94.936616, 35.895203], [-94.938602, 35.893896], [-94.940931, 35.893152], [-94.94567, 35.893239], [-94.946892, 35.894044], [-94.949587, 35.891788], [-94.950442, 35.891075], [-94.956576, 35.885949], [-94.957376, 35.885269], [-94.958617, 35.884269], [-94.964483, 35.879505], [-94.967407, 35.877141], [-94.967418, 35.87811], [-94.967423, 35.87928], [-94.96742, 35.882272], [-94.96741, 35.885277], [-94.971803, 35.885564], [-94.976599, 35.885365], [-94.977145, 35.88997], [-94.976913, 35.894846]]]}, "properties": {"GEOID": "40021978100", "designation_types": "MUP", "imu_score": 61.3, "imu_scores": [61.3], "population_types": "MUP Low Income", "county": "Cherokee County", "poverty_rate": 25.7, "pct_65_plus": 14.9, "providers_per_1000": 0.289, "service_area": "East Central Cherokee County (Tahlequah)"}}, {"type": "Feature", "geometry": {"type": "Polygon", "coordinates": [[[-95.010563, 35.640242], [-95.002852, 35.644826], [-95.000864, 35.646288], [-94.997612, 35.649786], [-94.985706, 35.660044], [-94.981422, 35.66574], [-94.978153, 35.670847], [-94.976016, 35.675734], [-94.975208, 35.681977], [-94.972608, 35.686889], [-94.969535, 35.689879], [-94.962472, 35.693726], [-94.959544, 35.695667], [-94.957269, 35.698918], [-94.958149, 35.700632], [-94.959038, 35.702362], [-94.960571, 35.703788], [-94.963691, 35.707939], [-94.962007, 35.711661], [-94.960002, 35.712799], [-94.955698, 35.713057], [-94.950896, 35.714031], [-94.948761, 35.715411], [-94.946322, 35.718087], [-94.945028, 35.720939], [-94.945687, 35.724653], [-94.947356, 35.728965], [-94.949357, 35.731683], [-94.951479, 35.736482], [-94.950863, 35.738462], [-94.946729, 35.738428], [-94.944153, 35.737456], [-94.938671, 35.736114], [-94.935888, 35.736181], [-94.934005, 35.73712], [-94.92907, 35.741475], [-94.926936, 35.745542], [-94.926246, 35.74967], [-94.925007, 35.754246], [-94.923495, 35.755734], [-94.920455, 35.756293], [-94.918561, 35.756039], [-94.914831, 35.751671], [-94.914184, 35.7513], [-94.911172, 35.749616], [-94.908747, 35.749558], [-94.907634, 35.750121], [-94.905786, 35.754674], [-94.901603, 35.760118], [-94.893476, 35.76439], [-94.890243, 35.766647], [-94.890174, 35.768895], [-94.893757, 35.776722], [-94.895685, 35.782546], [-94.896213, 35.788448], [-94.8954, 35.790064], [-94.893721, 35.791351], [-94.888716, 35.793803], [-94.88602, 35.797177], [-94.887456, 35.798304], [-94.89242, 35.800286], [-94.90286, 35.802428], [-94.904453, 35.802849], [-94.911227, 35.806758], [-94.915063, 35.812165], [-94.917871, 35.815565], [-94.917751, 35.819835], [-94.917326, 35.821351], [-94.915303, 35.824352], [-94.912734, 35.823624], [-94.911115, 35.821454], [-94.907403, 35.820205], [-94.904559, 35.819657], [-94.901397, 35.821056], [-94.899735, 35.825195], [-94.900169, 35.827103], [-94.900626, 35.82982], [-94.903307, 35.830538], [-94.905487, 35.830321], [-94.912982, 35.830839], [-94.916273, 35.831625], [-94.918323, 35.833141], [-94.918972, 35.837572], [-94.919972, 35.838922], [-94.920249, 35.842058], [-94.919616, 35.843872], [-94.914659, 35.849132], [-94.914598, 35.850789], [-94.913011, 35.850934], [-94.908949, 35.854032], [-94.90815, 35.857132], [-94.905917, 35.860275], [-94.902691, 35.859915], [-94.902458, 35.859839], [-94.902077, 35.859918], [-94.896177, 35.86565], [-94.894584, 35.870502], [-94.886914, 35.870759], [-94.883873, 35.873981], [-94.881497, 35.875916], [-94.860698, 35.854618], [-94.857057, 35.8502], [-94.852814, 35.846392], [-94.843054, 35.836282], [-94.841067, 35.833981], [-94.820227, 35.812706], [-94.808485, 35.800617], [-94.80748, 35.799588], [-94.807422, 35.769208], [-94.807436, 35.768181], [-94.807577, 35.761424], [-94.807608, 35.750745], [-94.807714, 35.682199], [-94.807721, 35.674347], [-94.807736, 35.660232], [-94.807757, 35.638546], [-94.828984, 35.638564], [-94.85416, 35.638587], [-94.860477, 35.638592], [-94.951916, 35.638632], [-94.95258, 35.638464], [-94.960442, 35.638636], [-94.970904, 35.638564], [-94.991709, 35.638629], [-95.000107, 35.638623], [-95.007004, 35.638623], [-95.012518, 35.63862], [-95.010563, 35.640242]]]}, "properties": {"GEOID": "40021978202", "designation_types": "MUP", "imu_score": 61.3, "imu_scores": [61.3], "population_types": "MUP Low Income", "county": "Cherokee County", "poverty_rate": 25.7, "pct_65_plus": 14.9, "providers_per_1000": 0.289, "service_area": "East Central Cherokee County (Tahlequah)"}}, {"type": "Feature", "geometry": {"type": "Polygon", "coordinates": [[[-94.943882, 35.886429], [-94.942349, 35.887247], [-94.939328, 35.886091], [-94.938951, 35.886271], [-94.938346, 35.88699], [-94.93857, 35.890445], [-94.939296, 35.890841], [-94.940893, 35.890643], [-94.940931, 35.893152], [-94.938602, 35.893896], [-94.936616, 35.895203], [-94.936305, 35.898574], [-94.933991, 35.901515], [-94.9335549057885, 35.901398352215], [-94.930316, 35.900532], [-94.92976, 35.900659], [-94.928597, 35.902504], [-94.928887, 35.905326], [-94.930184, 35.907276], [-94.93158, 35.908437], [-94.930875, 35.912586], [-94.929988, 35.914943], [-94.926933, 35.917651], [-94.924463, 35.920898], [-94.923645, 35.922687], [-94.92349, 35.923113], [-94.923494, 35.923126], [-94.922524, 35.925907], [-94.922606, 35.926143], [-94.925924, 35.928804], [-94.926002, 35.92955], [-94.925851, 35.931955], [-94.924978, 35.933495], [-94.924615, 35.934521], [-94.923386, 35.936041], [-94.921566, 35.937303], [-94.920688, 35.937727], [-94.92006, 35.937912], [-94.919392, 35.937932], [-94.917358, 35.937344], [-94.915468, 35.93826], [-94.915272, 35.940011], [-94.916506, 35.942257], [-94.915117, 35.942923], [-94.91219, 35.942564], [-94.912299, 35.940735], [-94.909835, 35.937636], [-94.910115, 35.934508], [-94.908024, 35.932044], [-94.904744, 35.928211], [-94.903967, 35.928161], [-94.903223, 35.930463], [-94.901555, 35.931843], [-94.901521, 35.931865], [-94.89931, 35.932247], [-94.896299, 35.931239], [-94.895641, 35.931435], [-94.893749, 35.933807], [-94.893496, 35.934933], [-94.891955, 35.935426], [-94.889771, 35.933357], [-94.88815, 35.934052], [-94.889189, 35.939528], [-94.894278, 35.941928], [-94.897018, 35.944074], [-94.898372, 35.945772], [-94.898491, 35.947646], [-94.897483, 35.95019], [-94.895151, 35.950926], [-94.887228, 35.948429], [-94.88277, 35.946491], [-94.880794, 35.946553], [-94.878805, 35.94673], [-94.877495, 35.947762], [-94.875579, 35.947932], [-94.874435, 35.94814], [-94.872996, 35.948771], [-94.870893, 35.951241], [-94.870294, 35.95218], [-94.870379, 35.955009], [-94.869664, 35.956691], [-94.869536, 35.958699], [-94.869671, 35.960418], [-94.871097, 35.962654], [-94.873212, 35.966911], [-94.874183, 35.974094], [-94.873439, 35.97775], [-94.876588, 35.980087], [-94.879213, 35.982618], [-94.881545, 35.983657], [-94.885795, 35.984334], [-94.887854, 35.986721], [-94.890891, 35.988868], [-94.894454, 35.990309], [-94.895321, 35.990244], [-94.90114, 35.989185], [-94.904191, 35.988919], [-94.907637, 35.986453], [-94.906651, 35.984639], [-94.904993, 35.983308], [-94.903073, 35.978909], [-94.903882, 35.974012], [-94.903483, 35.972393], [-94.904839, 35.9676], [-94.906244, 35.966459], [-94.909831, 35.965755], [-94.909588, 35.967246], [-94.914328, 35.973139], [-94.917208, 35.975264], [-94.917331, 35.977029], [-94.918291, 35.979889], [-94.918209, 35.982039], [-94.916087, 35.984184], [-94.916474, 35.987986], [-94.915364, 35.988861], [-94.914769, 35.991193], [-94.914862, 35.994163], [-94.915706, 35.996113], [-94.917609, 35.995685], [-94.91844, 35.996577], [-94.91955, 36.001214], [-94.920863, 36.003026], [-94.921621, 36.005331], [-94.923398, 36.006614], [-94.922911, 36.009029], [-94.921631, 36.009836], [-94.920005, 36.01201], [-94.919762, 36.014498], [-94.918205, 36.021341], [-94.918977, 36.025168], [-94.920199, 36.028877], [-94.919182, 36.031267], [-94.9183, 36.032059], [-94.915554, 36.032861], [-94.911992, 36.031872], [-94.909284, 36.031463], [-94.906654, 36.03178], [-94.902569, 36.035116], [-94.902384, 36.037107], [-94.903907, 36.039289], [-94.903118, 36.040364], [-94.90419, 36.043201], [-94.90426, 36.045516], [-94.906007, 36.048011], [-94.904737, 36.051836], [-94.904216, 36.052261], [-94.900172, 36.053198], [-94.899123, 36.053071], [-94.898176, 36.051266], [-94.896336, 36.050783], [-94.892301, 36.051247], [-94.890246, 36.052072], [-94.888365, 36.053261], [-94.887112, 36.054948], [-94.883896, 36.057817], [-94.88433, 36.062634], [-94.883039, 36.065239], [-94.882858, 36.066975], [-94.88197, 36.067889], [-94.87988, 36.070348], [-94.878274, 36.071336], [-94.875713, 36.070939], [-94.870431, 36.069166], [-94.868871, 36.069426], [-94.865195, 36.069708], [-94.864269, 36.071614], [-94.861126, 36.074093], [-94.859015, 36.072542], [-94.856634, 36.073201], [-94.852168, 36.073577], [-94.849987, 36.075456], [-94.85014, 36.077408], [-94.84762, 36.080545], [-94.843608, 36.082158], [-94.83779, 36.085308], [-94.837175, 36.087385], [-94.834084, 36.090764], [-94.832344, 36.091768], [-94.830324, 36.094781], [-94.828474, 36.095826], [-94.823973, 36.099289], [-94.819219, 36.100515], [-94.817598, 36.101262], [-94.81737, 36.102848], [-94.815248, 36.10711], [-94.815389, 36.109741], [-94.813846, 36.112599], [-94.810442, 36.114992], [-94.809259, 36.116806], [-94.80753, 36.114666], [-94.806453, 36.109887], [-94.804657, 36.107342], [-94.802205, 36.105576], [-94.79738, 36.104466], [-94.797375, 36.103184], [-94.79739, 36.045994], [-94.797383, 36.045081], [-94.797441, 35.999033], [-94.797315, 35.998178], [-94.79744, 35.975955], [-94.797439, 35.968006], [-94.797435, 35.961733], [-94.797434, 35.961271], [-94.797375, 35.944281], [-94.797359, 35.940658], [-94.797345, 35.937173], [-94.797399, 35.900918], [-94.807456, 35.900919], [-94.807456, 35.900319], [-94.807398, 35.877945], [-94.807452, 35.870513], [-94.80745, 35.855403], [-94.807447, 35.836316], [-94.807444, 35.81271], [-94.807475, 35.800687], [-94.80748, 35.799588], [-94.808485, 35.800617], [-94.820227, 35.812706], [-94.841067, 35.833981], [-94.843054, 35.836282], [-94.852814, 35.846392], [-94.857057, 35.8502], [-94.860698, 35.854618], [-94.881497, 35.875916], [-94.883873, 35.873981], [-94.886914, 35.870759], [-94.894584, 35.870502], [-94.896177, 35.86565], [-94.902077, 35.859918], [-94.902458, 35.859839], [-94.902691, 35.859915], [-94.905917, 35.860275], [-94.90815, 35.857132], [-94.908949, 35.854032], [-94.913011, 35.850934], [-94.914598, 35.850789], [-94.916246, 35.8538], [-94.919428, 35.85711], [-94.920697, 35.85766], [-94.923364, 35.860094], [-94.924279, 35.862361], [-94.92495, 35.865939], [-94.926881, 35.86848], [-94.929656, 35.870991], [-94.932032, 35.875171], [-94.932939, 35.875953], [-94.939001, 35.878479], [-94.939892, 35.879316], [-94.943058, 35.882163], [-94.944347, 35.885065], [-94.943882, 35.886429]]]}, "properties": {"GEOID": "40021978201", "designation_types": "MUP", "imu_score": 61.3, "imu_scores": [61.3], "population_types": "MUP Low Income", "county": "Cherokee County", "poverty_rate": 25.7, "pct_65_plus": 14.9, "providers_per_1000": 0.289, "service_area": "East Central Cherokee County (Tahlequah)"}}, {"type": "Feature", "geometry": {"type": "Polygon", "coordinates": [[[-96.620838, 35.655378], [-96.620814, 35.657103], [-96.620188, 35.688926], [-96.62006, 35.701917], [-96.620356, 35.703505], [-96.620374, 35.709763], [-96.620085, 35.745429], [-96.620082, 35.745626], [-96.619796, 35.757072], [-96.619721, 35.770367], [-96.565762, 35.795121], [-96.546307, 35.804046], [-96.543796, 35.805034], [-96.541524, 35.805756], [-96.476257, 35.823382], [-96.45858, 35.82816], [-96.458565, 35.820806], [-96.458542, 35.814771], [-96.458619, 35.781565], [-96.458626, 35.769518], [-96.458631, 35.755401], [-96.423003, 35.755629], [-96.422963, 35.770189], [-96.387359, 35.770017], [-96.387161, 35.755572], [-96.35159, 35.755297], [-96.351686, 35.784305], [-96.333799, 35.784319], [-96.332147, 35.784231], [-96.319324, 35.784173], [-96.317034, 35.784051], [-96.316199, 35.782666], [-96.316104, 35.7767], [-96.315439, 35.775371], [-96.316421, 35.772135], [-96.316026, 35.769992], [-96.315428, 35.769725], [-96.281578, 35.76964], [-96.281458, 35.769639], [-96.273283, 35.769602], [-96.272666, 35.769513], [-96.272421, 35.769478], [-96.265498, 35.769653], [-96.265352, 35.769517], [-96.263771, 35.768301], [-96.262879, 35.7675], [-96.261648, 35.766086], [-96.254832, 35.758359], [-96.250351, 35.753234], [-96.248841, 35.751561], [-96.245674, 35.747943], [-96.240036, 35.741588], [-96.238171, 35.740711], [-96.192531, 35.740788], [-96.192554, 35.726243], [-96.192574, 35.700962], [-96.192611, 35.700572], [-96.19252, 35.678274], [-96.192628, 35.677699], [-96.192563, 35.639087], [-96.280629, 35.638898], [-96.281488, 35.638818], [-96.38697, 35.63911], [-96.387625, 35.639291], [-96.389568, 35.639312], [-96.394361, 35.639126], [-96.419152, 35.639306], [-96.432448, 35.639286], [-96.433507, 35.639124], [-96.436758, 35.63912], [-96.467928, 35.639072], [-96.476563, 35.63904], [-96.49686, 35.639032], [-96.529481, 35.639002], [-96.55647, 35.63901], [-96.576542, 35.638975], [-96.620828, 35.639005], [-96.620838, 35.655378]]]}, "properties": {"GEOID": "40037021101", "designation_types": "MUA", "imu_score": 60.3, "imu_scores": [60.3], "population_types": "Medically Underserved Area", "county": "Creek County", "poverty_rate": 16.8, "pct_65_plus": 17.2, "providers_per_1000": 0.203, "service_area": "SW Creek County"}}, {"type": "Feature", "geometry": {"type": "Polygon", "coordinates": [[[-96.458626, 35.769518], [-96.458619, 35.781565], [-96.458542, 35.814771], [-96.455735, 35.814108], [-96.450715, 35.809435], [-96.447678, 35.808102], [-96.445441, 35.808302], [-96.443227, 35.809641], [-96.436704, 35.816833], [-96.434459, 35.818204], [-96.424253, 35.8197], [-96.4226, 35.819694], [-96.416812, 35.818864], [-96.412113, 35.819392], [-96.407013, 35.820268], [-96.405073, 35.821353], [-96.393939, 35.828271], [-96.390674, 35.830764], [-96.389468, 35.83383], [-96.388608, 35.837269], [-96.387193, 35.839639], [-96.386267, 35.841048], [-96.385702, 35.841782], [-96.385557, 35.841902], [-96.384761, 35.842747], [-96.383796, 35.843726], [-96.383441, 35.844246], [-96.382777, 35.845409], [-96.382038, 35.846691], [-96.38154, 35.847293], [-96.380395, 35.848173], [-96.369388, 35.854985], [-96.368131, 35.855466], [-96.364349, 35.855473], [-96.362113, 35.855832], [-96.359885, 35.857494], [-96.35875, 35.859977], [-96.356669, 35.861887], [-96.352325, 35.863533], [-96.351241, 35.864774], [-96.35047, 35.867681], [-96.348811, 35.871913], [-96.346461, 35.875241], [-96.339547, 35.878463], [-96.333651, 35.881807], [-96.331654, 35.883253], [-96.329928, 35.885396], [-96.328386, 35.886327], [-96.323345, 35.886772], [-96.3197, 35.887928], [-96.317806, 35.889284], [-96.316334, 35.893213], [-96.312516, 35.896206], [-96.304555, 35.89885], [-96.298081, 35.899714], [-96.298271, 35.895807], [-96.298188, 35.886006], [-96.281405, 35.885972], [-96.281816, 35.882372], [-96.28102, 35.879063], [-96.281426, 35.878055], [-96.281442, 35.871411], [-96.289531, 35.871424], [-96.298212, 35.871431], [-96.298207, 35.861879], [-96.300105, 35.860299], [-96.300562, 35.857784], [-96.301227, 35.856992], [-96.307091, 35.856955], [-96.307086, 35.845478], [-96.306303, 35.843837], [-96.307116, 35.840708], [-96.307088, 35.829364], [-96.307216, 35.827848], [-96.316083, 35.827864], [-96.316023, 35.813299], [-96.315985, 35.811837], [-96.31378, 35.811275], [-96.309323, 35.808771], [-96.307051, 35.805695], [-96.302865, 35.803773], [-96.30215, 35.802899], [-96.298243, 35.801553], [-96.298245, 35.801465], [-96.299692, 35.799142], [-96.300985, 35.798821], [-96.301736, 35.800111], [-96.304617, 35.800397], [-96.30393, 35.799257], [-96.3036, 35.796465], [-96.304476, 35.792814], [-96.30578, 35.794421], [-96.307415, 35.794979], [-96.308688, 35.792679], [-96.310158, 35.792308], [-96.309555, 35.79094], [-96.3106, 35.78993], [-96.312237, 35.791658], [-96.313205, 35.789668], [-96.315075, 35.788383], [-96.316969, 35.787954], [-96.319324, 35.784173], [-96.332147, 35.784231], [-96.333799, 35.784319], [-96.351686, 35.784305], [-96.35159, 35.755297], [-96.387161, 35.755572], [-96.387359, 35.770017], [-96.422963, 35.770189], [-96.423003, 35.755629], [-96.458631, 35.755401], [-96.458626, 35.769518]]]}, "properties": {"GEOID": "40037021000", "designation_types": "MUA", "imu_score": 60.3, "imu_scores": [60.3], "population_types": "Medically Underserved Area", "county": "Creek County", "poverty_rate": 16.8, "pct_65_plus": 17.2, "providers_per_1000": 0.203, "service_area": "SW Creek County"}}, {"type": "Feature", "geometry": {"type": "Polygon", "coordinates": [[[-96.6204, 35.930436], [-96.619655, 35.941571], [-96.620357, 35.959306], [-96.610647, 35.959185], [-96.588517, 35.959266], [-96.586853, 35.958559], [-96.58394, 35.95817], [-96.583923, 35.958703], [-96.578549, 35.953645], [-96.577766, 35.951004], [-96.575895, 35.948124], [-96.572225, 35.945122], [-96.567563, 35.944121], [-96.56359, 35.944471], [-96.561795, 35.943926], [-96.560472, 35.94463], [-96.558462, 35.948377], [-96.557159, 35.95167], [-96.55367, 35.95373], [-96.550554, 35.958047], [-96.547787, 35.959332], [-96.543058, 35.959177], [-96.542089, 35.960225], [-96.541054, 35.962287], [-96.541947, 35.96491], [-96.541439, 35.966372], [-96.539564, 35.969003], [-96.539557, 35.973792], [-96.512457, 35.973783], [-96.512084, 35.973787], [-96.476544, 35.973867], [-96.458702, 35.973904], [-96.458604, 36.003006], [-96.4033, 36.003115], [-96.394887, 36.002695], [-96.387193, 36.003142], [-96.377661, 36.002917], [-96.369297, 36.000474], [-96.364839, 35.998933], [-96.362876, 35.997977], [-96.351309, 35.990855], [-96.346895, 35.989223], [-96.340937, 35.988476], [-96.336561, 35.988457], [-96.329267, 35.986793], [-96.323285, 35.987113], [-96.315983, 35.988304], [-96.313694, 35.988496], [-96.261878, 35.988589], [-96.249993, 35.988456], [-96.247018, 35.988302], [-96.241763, 35.988548], [-96.217197, 35.988637], [-96.217038, 35.988633], [-96.19927, 35.988521], [-96.196518, 35.988299], [-96.194349, 35.987372], [-96.196689, 35.985661], [-96.19546, 35.985652], [-96.196521, 35.984886], [-96.197793, 35.984883], [-96.250518, 35.946461], [-96.252772, 35.944792], [-96.252913, 35.944703], [-96.253015, 35.944633], [-96.282959, 35.922771], [-96.295047, 35.913958], [-96.297757, 35.913328], [-96.326826, 35.901916], [-96.330513, 35.901204], [-96.333298, 35.901071], [-96.369258, 35.901141], [-96.402665, 35.90115], [-96.404771, 35.899743], [-96.406698, 35.899235], [-96.412187, 35.898853], [-96.416577, 35.899169], [-96.418303, 35.900625], [-96.422912, 35.901142], [-96.440782, 35.901144], [-96.44079, 35.899484], [-96.442988, 35.900884], [-96.44652, 35.901182], [-96.474358, 35.901134], [-96.47453, 35.899903], [-96.473186, 35.899508], [-96.473712, 35.89797], [-96.476236, 35.895965], [-96.476414, 35.893982], [-96.475615, 35.893404], [-96.47041, 35.893504], [-96.469394, 35.893869], [-96.466364, 35.893301], [-96.464978, 35.88991], [-96.4625, 35.888329], [-96.462219, 35.886724], [-96.460874, 35.883599], [-96.460144, 35.880297], [-96.458553, 35.878045], [-96.458445, 35.875764], [-96.45855, 35.864379], [-96.45856, 35.849876], [-96.458592, 35.84264], [-96.453224, 35.84262], [-96.453602, 35.84089], [-96.455662, 35.839494], [-96.456436, 35.836976], [-96.458553, 35.835883], [-96.45858, 35.82816], [-96.476257, 35.823382], [-96.541524, 35.805756], [-96.543796, 35.805034], [-96.546307, 35.804046], [-96.565762, 35.795121], [-96.619721, 35.770367], [-96.619607, 35.784385], [-96.619607, 35.784775], [-96.619594, 35.811087], [-96.619594, 35.811926], [-96.619637, 35.819718], [-96.619641, 35.820219], [-96.619494, 35.854344], [-96.619348, 35.855519], [-96.619488, 35.864309], [-96.620007, 35.911635], [-96.61976, 35.915569], [-96.620118, 35.922083], [-96.620142, 35.927198], [-96.6204, 35.930436]]]}, "properties": {"GEOID": "40037020702", "designation_types": "MUA", "imu_score": 60.3, "imu_scores": [60.3], "population_types": "Medically Underserved Area", "county": "Creek County", "poverty_rate": 16.8, "pct_65_plus": 17.2, "providers_per_1000": 0.203, "service_area": "SW Creek County"}}, {"type": "Feature", "geometry": {"type": "Polygon", "coordinates": [[[-96.476236, 35.895965], [-96.473712, 35.89797], [-96.473186, 35.899508], [-96.47453, 35.899903], [-96.474358, 35.901134], [-96.44652, 35.901182], [-96.442988, 35.900884], [-96.44079, 35.899484], [-96.440782, 35.901144], [-96.422912, 35.901142], [-96.418303, 35.900625], [-96.416577, 35.899169], [-96.412187, 35.898853], [-96.406698, 35.899235], [-96.404771, 35.899743], [-96.402665, 35.90115], [-96.369258, 35.901141], [-96.333298, 35.901071], [-96.330513, 35.901204], [-96.326826, 35.901916], [-96.297757, 35.913328], [-96.295047, 35.913958], [-96.2977, 35.912046], [-96.297814, 35.901671], [-96.298081, 35.899714], [-96.304555, 35.89885], [-96.312516, 35.896206], [-96.316334, 35.893213], [-96.317806, 35.889284], [-96.3197, 35.887928], [-96.323345, 35.886772], [-96.328386, 35.886327], [-96.329928, 35.885396], [-96.331654, 35.883253], [-96.333651, 35.881807], [-96.339547, 35.878463], [-96.346461, 35.875241], [-96.348811, 35.871913], [-96.35047, 35.867681], [-96.351241, 35.864774], [-96.352325, 35.863533], [-96.356669, 35.861887], [-96.35875, 35.859977], [-96.359885, 35.857494], [-96.362113, 35.855832], [-96.364349, 35.855473], [-96.368131, 35.855466], [-96.369388, 35.854985], [-96.380395, 35.848173], [-96.38154, 35.847293], [-96.382038, 35.846691], [-96.382777, 35.845409], [-96.383441, 35.844246], [-96.383796, 35.843726], [-96.384761, 35.842747], [-96.385557, 35.841902], [-96.385702, 35.841782], [-96.386267, 35.841048], [-96.387193, 35.839639], [-96.388608, 35.837269], [-96.389468, 35.83383], [-96.390674, 35.830764], [-96.393939, 35.828271], [-96.405073, 35.821353], [-96.407013, 35.820268], [-96.412113, 35.819392], [-96.416812, 35.818864], [-96.4226, 35.819694], [-96.424253, 35.8197], [-96.434459, 35.818204], [-96.436704, 35.816833], [-96.443227, 35.809641], [-96.445441, 35.808302], [-96.447678, 35.808102], [-96.450715, 35.809435], [-96.455735, 35.814108], [-96.458542, 35.814771], [-96.458565, 35.820806], [-96.45858, 35.82816], [-96.458553, 35.835883], [-96.456436, 35.836976], [-96.455662, 35.839494], [-96.453602, 35.84089], [-96.453224, 35.84262], [-96.458592, 35.84264], [-96.45856, 35.849876], [-96.45855, 35.864379], [-96.458445, 35.875764], [-96.458553, 35.878045], [-96.460144, 35.880297], [-96.460874, 35.883599], [-96.462219, 35.886724], [-96.4625, 35.888329], [-96.464978, 35.88991], [-96.466364, 35.893301], [-96.469394, 35.893869], [-96.47041, 35.893504], [-96.475615, 35.893404], [-96.476414, 35.893982], [-96.476236, 35.895965]]]}, "properties": {"GEOID": "40037020900", "designation_types": "MUA", "imu_score": 60.3, "imu_scores": [60.3], "population_types": "Medically Underserved Area", "county": "Creek County", "poverty_rate": 16.8, "pct_65_plus": 17.2, "providers_per_1000": 0.203, "service_area": "SW Creek County"}}, {"type": "Feature", "geometry": {"type": "Polygon", "coordinates": [[[-96.532182, 36.286187], [-96.515198, 36.286086], [-96.513068, 36.28642], [-96.509927, 36.287773], [-96.507583, 36.289695], [-96.510095, 36.289065], [-96.512851, 36.29043], [-96.514871, 36.293436], [-96.517978, 36.294442], [-96.519076, 36.295563], [-96.518533, 36.296258], [-96.514302, 36.297474], [-96.513049, 36.299291], [-96.511033, 36.300011], [-96.505712, 36.303045], [-96.502748, 36.30589], [-96.501423, 36.307359], [-96.498696, 36.312137], [-96.497302, 36.317318], [-96.495436, 36.319761], [-96.488096, 36.327919], [-96.486993, 36.329617], [-96.484105, 36.331115], [-96.478612, 36.332676], [-96.474064, 36.333585], [-96.464398, 36.334048], [-96.461255, 36.333713], [-96.456832, 36.332173], [-96.454242, 36.330375], [-96.453269, 36.329403], [-96.445764, 36.321268], [-96.441998, 36.315117], [-96.438533, 36.30505], [-96.43795, 36.294159], [-96.436307, 36.289751], [-96.433812, 36.285889], [-96.427804, 36.280183], [-96.424955, 36.278484], [-96.422427, 36.277456], [-96.415502, 36.276245], [-96.418398, 36.264879], [-96.41975, 36.264968], [-96.419952, 36.263968], [-96.422524, 36.26394], [-96.42422, 36.262935], [-96.425855, 36.260356], [-96.434304, 36.260233], [-96.442957, 36.260382], [-96.460874, 36.260497], [-96.460829, 36.266522], [-96.461753, 36.267618], [-96.462726, 36.267834], [-96.477097, 36.267939], [-96.478358, 36.267696], [-96.482653, 36.264636], [-96.485997, 36.260901], [-96.486738, 36.260709], [-96.510397, 36.2607], [-96.511878, 36.259347], [-96.513564, 36.259417], [-96.514462, 36.260691], [-96.532321, 36.260708], [-96.532182, 36.286187]]]}, "properties": {"GEOID": "40117957100", "designation_types": "MUP", "imu_score": 58.3, "imu_scores": [58.3], "population_types": "MUP Low Income", "county": "Pawnee County", "poverty_rate": 17.4, "pct_65_plus": 16.9, "providers_per_1000": 0.025, "service_area": "E Pawnee County (Cleveland)"}}, {"type": "Feature", "geometry": {"type": "Polygon", "coordinates": [[[-96.001331, 36.346957], [-96.00133, 36.347045], [-96.001249, 36.361539], [-96.001309, 36.368523], [-96.00119, 36.372074], [-96.001189, 36.372174], [-96.001258, 36.373977], [-96.001213, 36.398427], [-96.001205, 36.402451], [-96.001168, 36.423477], [-96.001171, 36.423686], [-95.938015, 36.4237], [-95.937772, 36.423697], [-95.920983, 36.423702], [-95.920636, 36.423702], [-95.92064, 36.417256], [-95.920891, 36.368448], [-95.920835, 36.365685], [-95.920872, 36.362749], [-95.920803, 36.354737], [-95.921119, 36.351328], [-95.923741, 36.342202], [-95.924274, 36.336634], [-95.931352, 36.336631], [-95.935808, 36.336665], [-95.938126, 36.336711], [-95.947048, 36.336618], [-95.956042, 36.33666], [-95.956065, 36.336659], [-95.979124, 36.336637], [-95.984663, 36.336632], [-95.99143, 36.336625], [-95.99138, 36.32791], [-95.993862, 36.329003], [-95.99378, 36.330079], [-95.995619, 36.32976], [-95.995921, 36.331941], [-95.997824, 36.332389], [-95.999172, 36.333478], [-95.999191, 36.335136], [-96.001327, 36.334474], [-96.001326, 36.336612], [-96.001336, 36.345664], [-96.001331, 36.346957]]]}, "properties": {"GEOID": "40143005500", "designation_types": "MUP", "imu_score": 59.2, "imu_scores": [59.2], "population_types": "MUP Low Income", "county": "Tulsa County", "poverty_rate": 20.6, "pct_65_plus": 10.4, "providers_per_1000": 0.0, "service_area": "NW Tulsa County"}}, {"type": "Feature", "geometry": {"type": "Polygon", "coordinates": [[[-97.293742, 34.971271], [-97.282945, 34.971279], [-97.282913, 34.98576], [-97.265356, 34.985774], [-97.265294, 35.01475], [-97.265157, 35.029396], [-97.265207, 35.072877], [-97.265264, 35.087418], [-97.265207, 35.10191], [-97.265206, 35.113862], [-97.265208, 35.114671], [-97.265205, 35.116848], [-97.265317, 35.131369], [-97.26512, 35.145865], [-97.247532, 35.145612], [-97.230271, 35.145463], [-97.213202, 35.145353], [-97.212581, 35.145407], [-97.174477, 35.145252], [-97.144501, 35.14521], [-97.142056, 35.145099], [-97.142069, 35.137995], [-97.142068, 35.130741], [-97.142068, 35.130726], [-97.142091, 35.101716], [-97.142136, 35.087289], [-97.142185, 35.072791], [-97.142185, 35.072672], [-97.142314, 35.021853], [-97.142067, 35.018795], [-97.142084, 35.014818], [-97.142314, 35.012048], [-97.142349, 34.928176], [-97.144077, 34.927417], [-97.145449, 34.929141], [-97.147627, 34.929452], [-97.154556, 34.931385], [-97.157795, 34.931509], [-97.166646, 34.930781], [-97.167765, 34.929662], [-97.170469, 34.93003], [-97.171475, 34.929487], [-97.176374, 34.92867], [-97.178236, 34.929544], [-97.187267, 34.929692], [-97.189904, 34.929062], [-97.192072, 34.929129], [-97.196172, 34.92825], [-97.196952, 34.931742], [-97.195454, 34.932667], [-97.195675, 34.936038], [-97.196695, 34.938402], [-97.198413, 34.939844], [-97.202342, 34.94079], [-97.205287, 34.94004], [-97.209551, 34.941089], [-97.210114, 34.942165], [-97.212513, 34.943305], [-97.217896, 34.944277], [-97.221754, 34.942596], [-97.223981, 34.940964], [-97.225866, 34.936856], [-97.225903, 34.934615], [-97.227903, 34.932138], [-97.230367, 34.931907], [-97.229055, 34.934084], [-97.230126, 34.936332], [-97.233056, 34.937484], [-97.232142, 34.939185], [-97.232689, 34.9419], [-97.235344, 34.94388], [-97.239403, 34.945688], [-97.239851, 34.947111], [-97.243511, 34.948658], [-97.246243, 34.949175], [-97.248551, 34.948561], [-97.250434, 34.948882], [-97.252318, 34.947519], [-97.253602, 34.945427], [-97.258032, 34.944895], [-97.261592, 34.945441], [-97.264029, 34.947212], [-97.266741, 34.950713], [-97.268831, 34.955423], [-97.272328, 34.961776], [-97.273851, 34.962994], [-97.278066, 34.961069], [-97.28144, 34.96079], [-97.282553, 34.96121], [-97.285076, 34.961971], [-97.287827, 34.961877], [-97.292478, 34.962802], [-97.293318, 34.965374], [-97.292456, 34.967204], [-97.293464, 34.968281], [-97.293243, 34.969551], [-97.295827, 34.969144], [-97.293742, 34.971271]]]}, "properties": {"GEOID": "40027202405", "designation_types": "MUA", "imu_score": 60.5, "imu_scores": [60.5], "population_types": "Medically Underserved Area", "county": "Cleveland County", "poverty_rate": 19.2, "pct_65_plus": 12.1, "providers_per_1000": 0.1, "service_area": "SE Cleveland County"}}, {"type": "Feature", "geometry": {"type": "Polygon", "coordinates": [[[-94.797409, 36.161652], [-94.782361, 36.161636], [-94.777163, 36.161632], [-94.735271, 36.161582], [-94.713862, 36.16155], [-94.708177, 36.161541], [-94.698788, 36.161533], [-94.697388, 36.161525], [-94.687595, 36.161523], [-94.646063, 36.161683], [-94.637157, 36.161729], [-94.601367, 36.161753], [-94.596887, 36.161764], [-94.565815, 36.1619], [-94.5628276914512, 36.1618934952038], [-94.562803, 36.161749], [-94.561165, 36.15211], [-94.5596915051255, 36.1439268607574], [-94.5595093429662, 36.142915212641], [-94.5572280270755, 36.1302457925349], [-94.5521649859981, 36.1021279002748], [-94.5498705372997, 36.089385546359], [-94.547871, 36.078281], [-94.547715, 36.077271], [-94.5432560772227, 36.0514404094066], [-94.548033, 36.051338], [-94.548009, 36.060417], [-94.570171, 36.060406], [-94.571659, 36.06144], [-94.57604, 36.0604], [-94.578505, 36.060406], [-94.579345, 36.058022], [-94.580168, 36.058014], [-94.58257, 36.058125], [-94.58619, 36.059213], [-94.589732, 36.05885], [-94.592591, 36.060119], [-94.595077, 36.060351], [-94.601668, 36.06032], [-94.619481, 36.060337], [-94.637387, 36.060286], [-94.655203, 36.060297], [-94.65718, 36.060335], [-94.66016, 36.061584], [-94.668058, 36.062813], [-94.672854, 36.062516], [-94.674123, 36.062812], [-94.67744, 36.066239], [-94.677658, 36.070602], [-94.682114, 36.071184], [-94.686407, 36.074613], [-94.689136, 36.076732], [-94.690334, 36.077211], [-94.693038, 36.077365], [-94.695681, 36.078192], [-94.702215, 36.078452], [-94.702931, 36.078956], [-94.706756, 36.08397], [-94.707699, 36.084614], [-94.711692, 36.08601], [-94.717276, 36.087012], [-94.719162, 36.08847], [-94.721904, 36.091743], [-94.723813, 36.092996], [-94.727087, 36.094169], [-94.732989, 36.097468], [-94.736522, 36.098239], [-94.741394, 36.099828], [-94.74404, 36.099668], [-94.74752, 36.099935], [-94.749929, 36.102296], [-94.754904, 36.103598], [-94.767622, 36.103695], [-94.770657, 36.103646], [-94.770585, 36.098586], [-94.769013, 36.09508], [-94.771133, 36.09494], [-94.771948, 36.095729], [-94.775747, 36.097533], [-94.777611, 36.096405], [-94.783827, 36.096438], [-94.786074, 36.094168], [-94.788271, 36.094552], [-94.788942, 36.098227], [-94.797375, 36.103184], [-94.79738, 36.104466], [-94.797384, 36.112833], [-94.797392, 36.13232], [-94.797409, 36.161652]]]}, "properties": {"GEOID": "40001376600", "designation_types": "MUA", "imu_score": 57.5, "imu_scores": [57.5], "population_types": "Medically Underserved Area", "county": "Adair County", "poverty_rate": 17.8, "pct_65_plus": 13.5, "providers_per_1000": 0.0, "service_area": "N Adair County"}}, {"type": "Feature", "geometry": {"type": "Polygon", "coordinates": [[[-96.446701, 36.840038], [-96.438998, 36.840039], [-96.431194, 36.843191], [-96.42843, 36.843705], [-96.424752, 36.845251], [-96.425572, 36.849163], [-96.424002, 36.854024], [-96.422354, 36.856514], [-96.419926, 36.862739], [-96.420647, 36.868482], [-96.421525, 36.874024], [-96.422898, 36.882068], [-96.430004, 36.892356], [-96.429841, 36.893437], [-96.427595, 36.896911], [-96.428866, 36.903549], [-96.429227, 36.910557], [-96.430495, 36.912301], [-96.430125, 36.914801], [-96.43015, 36.920462], [-96.430513, 36.921886], [-96.431418, 36.925307], [-96.431127, 36.926622], [-96.429792, 36.928041], [-96.428072, 36.931207], [-96.424685, 36.932417], [-96.423737, 36.933876], [-96.424931, 36.936908], [-96.425085, 36.939796], [-96.426682, 36.940264], [-96.428337, 36.941527], [-96.431828, 36.94281], [-96.433381, 36.943903], [-96.434941, 36.947541], [-96.434909, 36.955881], [-96.434535, 36.956653], [-96.430587, 36.960674], [-96.429853, 36.963694], [-96.427613, 36.966953], [-96.426857, 36.970262], [-96.425979, 36.970652], [-96.417059, 36.970678], [-96.416782, 36.998008], [-96.4157735819161, 36.9991109977438], [-96.415412, 36.999113], [-96.394272, 36.999221], [-96.381556989653, 36.9992266293831], [-96.3803000623001, 36.9992271858691], [-96.3452839777254, 36.9992426887236], [-96.2848529997537, 36.9992694436469], [-96.279079, 36.999272], [-96.276368, 36.999271], [-96.2353201686152, 36.9991306762741], [-96.217571, 36.99907], [-96.200028, 36.999028], [-96.184768, 36.999211], [-96.1847130166869, 36.9992109105991], [-96.1847082066554, 36.9992109027782], [-96.154017, 36.999161], [-96.152384, 36.999051], [-96.149709, 36.99904], [-96.147143, 36.999022], [-96.143207, 36.999134], [-96.14121, 36.998973], [-96.0912791627285, 36.9989328134999], [-96.0357720634707, 36.9988881389827], [-96.00081, 36.99886], [-96.000765, 36.868687], [-96.000766, 36.867617], [-96.000758, 36.85868], [-96.000746, 36.839817], [-96.000718, 36.825377], [-96.000678, 36.786066], [-96.0007, 36.781818], [-96.000691, 36.780106], [-96.000693, 36.774232], [-96.000694, 36.772438], [-96.000656, 36.76731], [-96.000688, 36.758859], [-96.000641, 36.752283], [-96.000649, 36.748666], [-96.000654, 36.737328], [-96.000667, 36.725263], [-96.000676, 36.713387], [-96.000636, 36.676244], [-96.010786, 36.676116], [-96.012863, 36.673487], [-96.016855, 36.6725], [-96.024741, 36.667538], [-96.032209, 36.663103], [-96.045698, 36.655062], [-96.051, 36.651918], [-96.052125, 36.651377], [-96.053033, 36.650981], [-96.057181, 36.64977], [-96.061406, 36.649331], [-96.061536, 36.64933], [-96.069187, 36.649314], [-96.073526, 36.648981], [-96.080047, 36.647334], [-96.080521, 36.6457], [-96.081952, 36.644076], [-96.082297, 36.642055], [-96.081503, 36.640434], [-96.081999, 36.637166], [-96.081383, 36.636073], [-96.081449, 36.634103], [-96.082266, 36.630715], [-96.082125, 36.628785], [-96.084709, 36.626615], [-96.082821, 36.62306], [-96.084263, 36.61943], [-96.087843, 36.618636], [-96.0921, 36.618577], [-96.098372, 36.620298], [-96.101964, 36.622148], [-96.112297, 36.622186], [-96.113008, 36.621373], [-96.121006, 36.619154], [-96.122926, 36.617787], [-96.128917, 36.616774], [-96.13226, 36.616218], [-96.133324, 36.615632], [-96.136129, 36.612644], [-96.137295, 36.612101], [-96.141273, 36.611452], [-96.142432, 36.61009], [-96.147864, 36.607189], [-96.151287, 36.603896], [-96.151377, 36.594039], [-96.151682, 36.593205], [-96.161214, 36.593155], [-96.162752, 36.592356], [-96.167091, 36.593179], [-96.173475, 36.593135], [-96.174266, 36.592699], [-96.17432, 36.58526], [-96.175623, 36.584395], [-96.176228, 36.584034], [-96.18564, 36.596072], [-96.186924, 36.596971], [-96.18807, 36.597379], [-96.194906, 36.597271], [-96.199771, 36.595454], [-96.209897, 36.593564], [-96.211483, 36.593275], [-96.230256, 36.593289], [-96.232971, 36.593042], [-96.236425, 36.593321], [-96.245246, 36.593343], [-96.245191, 36.594396], [-96.243667, 36.596224], [-96.241292, 36.601261], [-96.241425, 36.622169], [-96.241409, 36.625438], [-96.241098, 36.626113], [-96.240986, 36.628476], [-96.241433, 36.629065], [-96.241366, 36.629588], [-96.241471, 36.630806], [-96.243975, 36.633946], [-96.245228, 36.636773], [-96.241762, 36.636843], [-96.241472, 36.638511], [-96.239554, 36.640536], [-96.238642, 36.642728], [-96.238678, 36.644371], [-96.24024, 36.648622], [-96.238864, 36.653212], [-96.239214, 36.65432], [-96.242549, 36.655407], [-96.245342, 36.658596], [-96.245879, 36.661939], [-96.243843, 36.665424], [-96.243367, 36.667983], [-96.24153, 36.67141], [-96.241502, 36.690841], [-96.241405, 36.69143], [-96.24091, 36.691917], [-96.232207, 36.694601], [-96.223459, 36.694693], [-96.223396, 36.699637], [-96.222392, 36.701637], [-96.222751, 36.70355], [-96.225481, 36.70608], [-96.225304, 36.706647], [-96.222228, 36.709026], [-96.221607, 36.710273], [-96.2214, 36.71268], [-96.220236, 36.714012], [-96.220408, 36.716682], [-96.219828, 36.717402], [-96.216771, 36.718977], [-96.215109, 36.723847], [-96.205565, 36.723849], [-96.205596, 36.735292], [-96.208923, 36.735665], [-96.207888, 36.736979], [-96.208674, 36.737533], [-96.209491, 36.740807], [-96.209532, 36.742839], [-96.208754, 36.74393], [-96.208444, 36.746428], [-96.206842, 36.749122], [-96.206938, 36.751068], [-96.20451, 36.755202], [-96.201507, 36.757371], [-96.200919, 36.760131], [-96.202864, 36.759516], [-96.215077, 36.757708], [-96.219777, 36.757719], [-96.224491, 36.756331], [-96.230473, 36.756891], [-96.236246, 36.756659], [-96.239481, 36.757024], [-96.248925, 36.759345], [-96.250943, 36.759532], [-96.259882, 36.758364], [-96.26023, 36.758246], [-96.263002, 36.756719], [-96.265564, 36.754314], [-96.26746, 36.753188], [-96.287014, 36.746819], [-96.286866, 36.745751], [-96.288275, 36.743432], [-96.290343, 36.741944], [-96.298529, 36.740802], [-96.299845, 36.739965], [-96.299047, 36.743469], [-96.297882, 36.745323], [-96.300904, 36.745636], [-96.301267, 36.748038], [-96.305006, 36.748978], [-96.30831, 36.749166], [-96.309606, 36.749998], [-96.309866, 36.752023], [-96.312265, 36.755542], [-96.311971, 36.757413], [-96.313776, 36.760757], [-96.314711, 36.758607], [-96.316515, 36.759792], [-96.323485, 36.759765], [-96.323963, 36.75247], [-96.376739, 36.752501], [-96.380206, 36.75425], [-96.381647, 36.755572], [-96.385738, 36.763278], [-96.38856, 36.766024], [-96.39208, 36.771686], [-96.392797, 36.773369], [-96.393403, 36.776874], [-96.394292, 36.779247], [-96.394709, 36.782995], [-96.396312, 36.786082], [-96.407929, 36.792126], [-96.411667, 36.795245], [-96.41237, 36.796168], [-96.414392, 36.802179], [-96.41533, 36.802694], [-96.425276, 36.802876], [-96.426507, 36.803351], [-96.429682, 36.805705], [-96.432752, 36.808773], [-96.435405, 36.811908], [-96.439331, 36.813267], [-96.440764, 36.818108], [-96.44652, 36.829035], [-96.446929, 36.83551], [-96.446701, 36.840038]]]}, "properties": {"GEOID": "40113940004", "designation_types": "MUA", "imu_score": 55.9, "imu_scores": [55.9], "population_types": "Medically Underserved Area", "county": "Osage County", "poverty_rate": 11.4, "pct_65_plus": 19.7, "providers_per_1000": 0.0, "service_area": "NE Osage County"}}, {"type": "Feature", "geometry": {"type": "Polygon", "coordinates": [[[-96.405763, 33.954348], [-96.391658, 33.968526], [-96.382834, 33.977674], [-96.381545, 33.979629], [-96.375427, 33.988919], [-96.372382, 33.993912], [-96.371001, 33.997157], [-96.367538, 34.005785], [-96.366506, 34.009172], [-96.365633, 34.012127], [-96.361195, 34.026757], [-96.357599, 34.033845], [-96.355496, 34.037339], [-96.352208, 34.042422], [-96.350028, 34.045011], [-96.346721, 34.047945], [-96.346831, 34.048352], [-96.346697, 34.049529], [-96.344868, 34.049531], [-96.342603, 34.051449], [-96.340434, 34.053298], [-96.339588, 34.052706], [-96.336776, 34.048829], [-96.334686, 34.047799], [-96.335263, 34.046334], [-96.33705, 34.044869], [-96.33639, 34.044182], [-96.334272, 34.043908], [-96.330533, 34.045717], [-96.329323, 34.045007], [-96.329404, 34.042741], [-96.328161, 34.040976], [-96.326462, 34.040727], [-96.324235, 34.042489], [-96.322585, 34.041139], [-96.32198, 34.038369], [-96.323492, 34.038941], [-96.324813, 34.037591], [-96.322338, 34.035851], [-96.321101, 34.037133], [-96.320111, 34.034089], [-96.321238, 34.032509], [-96.322475, 34.033882], [-96.323492, 34.033722], [-96.323135, 34.032166], [-96.321513, 34.031158], [-96.32176, 34.029945], [-96.323493, 34.029487], [-96.32385, 34.027199], [-96.320991, 34.027428], [-96.318352, 34.027131], [-96.315712, 34.027931], [-96.313403, 34.029533], [-96.310049, 34.030609], [-96.306007, 34.031158], [-96.303699, 34.03363], [-96.301912, 34.032188], [-96.302462, 34.029693], [-96.300483, 34.028251], [-96.299581, 34.026459], [-96.304061, 34.026357], [-96.309841, 34.025607], [-96.316234, 34.026189], [-96.316856, 34.025775], [-96.317537, 34.023747], [-96.320113, 34.021556], [-96.320621, 34.020678], [-96.320627, 33.983044], [-96.320712, 33.968578], [-96.311971, 33.968526], [-96.312011, 33.954008], [-96.337958, 33.954062], [-96.373255, 33.954142], [-96.405027, 33.954194], [-96.405558, 33.953875], [-96.406244, 33.954182], [-96.405763, 33.954348]]]}, "properties": {"GEOID": "40013796500", "designation_types": "MUP", "imu_score": 57.4, "imu_scores": [57.4], "population_types": "MUP Low Income", "county": "Bryan County", "poverty_rate": 21.0, "pct_65_plus": 15.8, "providers_per_1000": 0.0, "service_area": "Central East Bryan County"}}, {"type": "Feature", "geometry": {"type": "Polygon", "coordinates": [[[-96.309491, 33.809145], [-96.248689, 33.809127], [-96.248691, 33.823668], [-96.249435, 33.824851], [-96.249624, 33.829674], [-96.251339, 33.832608], [-96.251083, 33.833153], [-96.251254, 33.83454], [-96.251208, 33.866744], [-96.259484, 33.866793], [-96.259821, 33.895839], [-96.268567, 33.895888], [-96.268596, 33.924903], [-96.250829, 33.924825], [-96.251104, 33.943993], [-96.250004, 33.948596], [-96.251085, 33.950283], [-96.251061, 33.978155], [-96.250265, 33.978811], [-96.248812, 33.979192], [-96.247272, 33.97775], [-96.24532, 33.977133], [-96.241035, 33.978462], [-96.238699, 33.976975], [-96.233643, 33.976199], [-96.229989, 33.976223], [-96.227379, 33.975582], [-96.224275, 33.978216], [-96.223066, 33.97595], [-96.225208, 33.974919], [-96.225235, 33.973111], [-96.221498, 33.970915], [-96.21941, 33.96881], [-96.218117, 33.968444], [-96.21732, 33.966017], [-96.217484, 33.964186], [-96.214984, 33.964026], [-96.21221, 33.965126], [-96.210672, 33.964622], [-96.20993, 33.966431], [-96.207375, 33.964577], [-96.206112, 33.965493], [-96.207898, 33.968171], [-96.206057, 33.968766], [-96.203667, 33.967622], [-96.20353, 33.970506], [-96.201003, 33.96943], [-96.200948, 33.971193], [-96.198566, 33.970562], [-96.195371, 33.967965], [-96.194327, 33.968331], [-96.195316, 33.969911], [-96.197157, 33.971101], [-96.19625, 33.971582], [-96.193338, 33.970643], [-96.190701, 33.969178], [-96.18875, 33.969751], [-96.189657, 33.966454], [-96.187844, 33.966569], [-96.185949, 33.965356], [-96.185124, 33.963433], [-96.180509, 33.963639], [-96.178696, 33.962907], [-96.179823, 33.96135], [-96.179301, 33.959977], [-96.175236, 33.959862], [-96.175263, 33.96119], [-96.171802, 33.96048], [-96.172077, 33.958809], [-96.170978, 33.958466], [-96.168314, 33.959541], [-96.166473, 33.957917], [-96.164276, 33.957229], [-96.16304, 33.955375], [-96.163069, 33.953544], [-96.161531, 33.953109], [-96.160404, 33.951049], [-96.158015, 33.95114], [-96.15634, 33.949743], [-96.154225, 33.950796], [-96.150573, 33.949605], [-96.149062, 33.949925], [-96.14703, 33.948368], [-96.144943, 33.948298], [-96.144724, 33.9472], [-96.147115, 33.944979], [-96.146731, 33.944041], [-96.144478, 33.945001], [-96.14412, 33.946374], [-96.142363, 33.945801], [-96.141319, 33.946327], [-96.141538, 33.947861], [-96.140357, 33.947127], [-96.138901, 33.948729], [-96.137171, 33.947675], [-96.135166, 33.948155], [-96.135084, 33.947262], [-96.132037, 33.946025], [-96.131515, 33.947122], [-96.129785, 33.94767], [-96.128932, 33.949135], [-96.127862, 33.947189], [-96.128989, 33.945518], [-96.126737, 33.945288], [-96.126159, 33.947462], [-96.12526, 33.947418], [-96.124806, 33.945475], [-96.122599, 33.943667], [-96.12216, 33.944675], [-96.123095, 33.946254], [-96.12142, 33.946597], [-96.119414, 33.945476], [-96.118784, 33.948109], [-96.117987, 33.946758], [-96.115543, 33.946279], [-96.116476, 33.945088], [-96.115294, 33.943624], [-96.113262, 33.943418], [-96.112741, 33.945502], [-96.110791, 33.945157], [-96.110433, 33.943691], [-96.11208, 33.941835], [-96.106148, 33.940711], [-96.104391, 33.94135], [-96.103265, 33.940915], [-96.102551, 33.942813], [-96.101398, 33.941805], [-96.1034, 33.939536], [-96.10403, 33.936146], [-96.103206, 33.935619], [-96.098757, 33.934907], [-96.098483, 33.936759], [-96.09667, 33.936483], [-96.096587, 33.933849], [-96.094512, 33.931138], [-96.094626, 33.982675], [-96.086078, 33.982685], [-96.086061, 33.997241], [-96.086089, 34.005706], [-96.086066, 34.005842], [-96.094439, 34.00825], [-96.094638, 34.099131], [-96.094603, 34.134484], [-96.092768, 34.135256], [-96.077572, 34.135219], [-96.077522, 34.142498], [-96.07317, 34.142513], [-96.073108, 34.145752], [-96.075206, 34.146286], [-96.07527, 34.148896], [-96.07592, 34.149587], [-96.085974, 34.149737], [-96.086812, 34.151595], [-96.085925, 34.156926], [-96.071094, 34.156906], [-96.068649, 34.156906], [-96.051847, 34.156863], [-95.998535, 34.156818], [-95.991578, 34.156805], [-95.990036, 34.154962], [-95.988193, 34.155832], [-95.985798, 34.156131], [-95.984696, 34.154301], [-95.982603, 34.154348], [-95.981887, 34.153501], [-95.983291, 34.152402], [-95.981638, 34.152654], [-95.978912, 34.150824], [-95.977838, 34.151077], [-95.978253, 34.154052], [-95.976959, 34.154876], [-95.976105, 34.153229], [-95.974563, 34.152405], [-95.973105, 34.154008], [-95.970187, 34.155016], [-95.969857, 34.15378], [-95.971508, 34.153413], [-95.971453, 34.152521], [-95.969718, 34.152429], [-95.967818, 34.151217], [-95.966029, 34.151492], [-95.964818, 34.150256], [-95.962368, 34.151218], [-95.956008, 34.149114], [-95.954576, 34.14932], [-95.953337, 34.147718], [-95.956035, 34.147558], [-95.954768, 34.145658], [-95.952649, 34.14591], [-95.951272, 34.144743], [-95.949758, 34.145109], [-95.950254, 34.143965], [-95.951823, 34.144056], [-95.950721, 34.141676], [-95.952703, 34.141813], [-95.952785, 34.140051], [-95.953803, 34.138906], [-95.951877, 34.139639], [-95.950583, 34.139204], [-95.950693, 34.136435], [-95.948408, 34.134147], [-95.949564, 34.133231], [-95.948765, 34.131469], [-95.950086, 34.130965], [-95.949783, 34.129157], [-95.947416, 34.128814], [-95.945737, 34.126319], [-95.944415, 34.125568], [-95.943954, 34.124088], [-95.940817, 34.124042], [-95.939875, 34.126182], [-95.938196, 34.125591], [-95.938224, 34.098674], [-95.938191, 34.096749], [-95.938138, 34.096314], [-95.938206, 34.095268], [-95.938318, 34.069644], [-95.938128, 34.068182], [-95.93809, 34.040697], [-95.938152, 34.011877], [-95.938013, 34.010733], [-95.937989, 33.948219], [-95.936973, 33.945838], [-95.93541, 33.944816], [-95.935944, 33.942443], [-95.932471, 33.939933], [-95.931258, 33.940417], [-95.930349, 33.93962], [-95.928892, 33.939631], [-95.92936, 33.938005], [-95.926632, 33.93717], [-95.926171, 33.934462], [-95.924925, 33.932314], [-95.923693, 33.932929], [-95.921762, 33.931627], [-95.921183, 33.930094], [-95.922659, 33.92876], [-95.922112, 33.927908], [-95.919648, 33.926266], [-95.918304, 33.926139], [-95.918871, 33.925057], [-95.914687, 33.923244], [-95.909422, 33.921826], [-95.909053, 33.923221], [-95.905593, 33.92266], [-95.904176, 33.923802], [-95.903353, 33.923198], [-95.903933, 33.921857], [-95.901166, 33.92], [-95.900369, 33.920708], [-95.89892, 33.919796], [-95.896619, 33.921724], [-95.89573, 33.920844], [-95.894807, 33.921305], [-95.893609, 33.9203], [-95.892146, 33.92031], [-95.891863, 33.919525], [-95.887337, 33.918507], [-95.885908, 33.917062], [-95.886936, 33.916716], [-95.886429, 33.915771], [-95.883674, 33.916425], [-95.880979, 33.916702], [-95.878595, 33.915762], [-95.875868, 33.913767], [-95.876574, 33.913492], [-95.87347, 33.910719], [-95.873627, 33.909906], [-95.872037, 33.907336], [-95.871168, 33.907567], [-95.86952, 33.905722], [-95.867339, 33.905476], [-95.868518, 33.905031], [-95.868187, 33.903745], [-95.867179, 33.903801], [-95.867119, 33.902356], [-95.866131, 33.902406], [-95.866934, 33.901109], [-95.865682, 33.90056], [-95.866048, 33.896451], [-95.864927, 33.895002], [-95.863676, 33.894662], [-95.864419, 33.89381], [-95.863114, 33.892585], [-95.864109, 33.89253], [-95.862922, 33.889591], [-95.861155, 33.8874], [-95.85908, 33.887962], [-95.857644, 33.887473], [-95.856609, 33.885831], [-95.853823, 33.885162], [-95.854691, 33.883525], [-95.853414, 33.884102], [-95.851951, 33.883427], [-95.851279, 33.881205], [-95.847761, 33.88], [-95.847444, 33.879154], [-95.845086, 33.878759], [-95.844124, 33.877914], [-95.842741, 33.878002], [-95.841641, 33.875404], [-95.839776, 33.874186], [-95.839586, 33.874928], [-95.836905, 33.873374], [-95.836135, 33.874468], [-95.834567, 33.873726], [-95.832704, 33.875746], [-95.830721, 33.875378], [-95.830583, 33.874035], [-95.828178, 33.87314], [-95.826032, 33.873745], [-95.823509, 33.872811], [-95.822541, 33.873663], [-95.820862, 33.872845], [-95.818293, 33.872345], [-95.814243, 33.87284], [-95.813979, 33.871434], [-95.812023, 33.869852], [-95.809152, 33.871203], [-95.806965, 33.870247], [-95.805095, 33.870116], [-95.801763, 33.872533], [-95.800966, 33.871632], [-95.79924, 33.871753], [-95.798911, 33.873197], [-95.797041, 33.873708], [-95.794933, 33.87334], [-95.794426, 33.873944], [-95.792865, 33.872637], [-95.792358, 33.873483], [-95.790514, 33.873329], [-95.789434, 33.872466], [-95.788505, 33.873598], [-95.78753, 33.872812], [-95.786747, 33.873532], [-95.785779, 33.872394], [-95.783982, 33.869092], [-95.781459, 33.868301], [-95.779496, 33.870135], [-95.776941, 33.871404], [-95.776993, 33.872717], [-95.775168, 33.874524], [-95.771895, 33.873798], [-95.769861, 33.871451], [-95.765593, 33.871016], [-95.764487, 33.871313], [-95.7614490359398, 33.8731846176704], [-95.756796, 33.868228], [-95.75321, 33.863656], [-95.751644, 33.8611], [-95.75129, 33.858881], [-95.751746, 33.855557], [-95.75373, 33.853179], [-95.757465, 33.850039], [-95.763586, 33.846824], [-95.770556, 33.845269], [-95.775902, 33.847311], [-95.779884, 33.851331], [-95.782395, 33.85105], [-95.787891, 33.856336], [-95.789867, 33.857686], [-95.800842, 33.861212], [-95.805149, 33.861304], [-95.817618, 33.859023], [-95.821666, 33.856633], [-95.821666, 33.855443], [-95.820677, 33.850751], [-95.819525, 33.848439], [-95.818976, 33.844456], [-95.819358, 33.842785], [-95.820784, 33.840564], [-95.822787, 33.838756], [-95.828245, 33.836054], [-95.831948, 33.835161], [-95.837516, 33.83564], [-95.840012, 33.836486], [-95.845243, 33.83907], [-95.8463781777365, 33.8400397456755], [-95.849367, 33.842593], [-95.855521, 33.849258], [-95.858808, 33.850668], [-95.860912, 33.84992], [-95.866907, 33.851474], [-95.8749, 33.855915], [-95.881292, 33.860627], [-95.883542, 33.862715], [-95.886688, 33.864814], [-95.894556, 33.86741], [-95.905828, 33.874053], [-95.918583, 33.880838], [-95.922712, 33.883758], [-95.925787, 33.885], [-95.929561, 33.885], [-95.9319804940729, 33.8835107582378], [-95.932448, 33.883223], [-95.933558, 33.879449], [-95.935325, 33.875099], [-95.936631, 33.870615], [-95.941267, 33.861619], [-95.944284, 33.859811], [-95.952652, 33.858357], [-95.972156, 33.856371], [-95.984253, 33.852664], [-95.9842807839486, 33.8527308979177], [-95.985511, 33.855693], [-95.983957, 33.858579], [-95.983735, 33.861687], [-95.984254, 33.864403], [-95.989191, 33.86859], [-95.998617, 33.87223], [-96.001186, 33.872344], [-96.003406, 33.872344], [-96.00444, 33.869742], [-96.002962, 33.866794], [-96.001336, 33.863496], [-95.998077, 33.861687], [-95.994525, 33.861465], [-95.995191, 33.858135], [-95.995857, 33.855693], [-95.997709, 33.852182], [-95.998351, 33.851049], [-96.00163, 33.8477], [-96.005296, 33.845505], [-96.019599, 33.840566], [-96.02139, 33.841039], [-96.023241, 33.842479], [-96.021783, 33.846927], [-96.019542, 33.853497], [-96.021168, 33.855471], [-96.023907, 33.857067], [-96.02694, 33.856803], [-96.029438, 33.856348], [-96.031158, 33.852584], [-96.031372, 33.847249], [-96.037191, 33.841245], [-96.048834, 33.836468], [-96.055358, 33.838262], [-96.0592032603593, 33.8397258564128], [-96.063924, 33.841523], [-96.084626, 33.846656], [-96.0951210947664, 33.8475481746472], [-96.100095, 33.847971], [-96.1001850746561, 33.8478885078258], [-96.101473, 33.846709], [-96.101349, 33.845721], [-96.100785, 33.84423], [-96.099153, 33.842409], [-96.097638, 33.837935], [-96.097448, 33.832725], [-96.09936, 33.83047], [-96.104075, 33.83073], [-96.109993, 33.832396], [-96.118169, 33.837884], [-96.122951, 33.839964], [-96.138905, 33.839159], [-96.14807, 33.837799], [-96.150147, 33.835856], [-96.15163, 33.831946], [-96.148792, 33.819197], [-96.150765, 33.816987], [-96.156656, 33.818223], [-96.164808, 33.817797], [-96.17589, 33.814627], [-96.178964, 33.810553], [-96.17734, 33.805117], [-96.17515, 33.801951], [-96.170373, 33.799382], [-96.168829, 33.802605], [-96.169748, 33.804902], [-96.168829, 33.807658], [-96.166991, 33.811103], [-96.161939, 33.81317], [-96.156355, 33.813349], [-96.159182, 33.810184], [-96.161114, 33.805767], [-96.161249, 33.795715], [-96.162757, 33.788769], [-96.169452, 33.770131], [-96.174633, 33.763699], [-96.178059, 33.760518], [-96.1862574503319, 33.7565196268717], [-96.186554, 33.756375], [-96.1963749095337, 33.7532416692046], [-96.1963803242589, 33.7532399416533], [-96.200182, 33.760469], [-96.201614, 33.762125], [-96.204545, 33.763853], [-96.206282, 33.765613], [-96.226826, 33.765568], [-96.226968, 33.772899], [-96.257213, 33.77286], [-96.257394, 33.791063], [-96.261592, 33.791065], [-96.262162, 33.78734], [-96.286877, 33.787372], [-96.291682, 33.78753], [-96.292338, 33.790931], [-96.293879, 33.791017], [-96.294394, 33.794661], [-96.300544, 33.794487], [-96.309469, 33.79466], [-96.309491, 33.809145]]]}, "properties": {"GEOID": "40013795600", "designation_types": "MUP", "imu_score": 57.4, "imu_scores": [57.4], "population_types": "MUP Low Income", "county": "Bryan County", "poverty_rate": 21.0, "pct_65_plus": 15.8, "providers_per_1000": 0.0, "service_area": "Central East Bryan County"}}, {"type": "Feature", "geometry": {"type": "Polygon", "coordinates": [[[-96.390383, 34.008531], [-96.390352, 34.015893], [-96.386723, 34.015787], [-96.385457, 34.017503], [-96.383967, 34.017162], [-96.381607, 34.018507], [-96.37861, 34.018643], [-96.379216, 34.016606], [-96.378145, 34.015575], [-96.378476, 34.013996], [-96.376278, 34.012667], [-96.37483, 34.013083], [-96.375639, 34.011751], [-96.372969, 34.010956], [-96.371372, 34.010498], [-96.371041, 34.008804], [-96.366506, 34.009172], [-96.367538, 34.005785], [-96.371001, 33.997157], [-96.37394, 33.997554], [-96.378479, 33.998779], [-96.388687, 34.001345], [-96.39038, 34.001351], [-96.390383, 34.008531]]]}, "properties": {"GEOID": "40013796200", "designation_types": "MUP", "imu_score": 57.4, "imu_scores": [57.4], "population_types": "MUP Low Income", "county": "Bryan County", "poverty_rate": 21.0, "pct_65_plus": 15.8, "providers_per_1000": 0.0, "service_area": "Central East Bryan County"}}, {"type": "Feature", "geometry": {"type": "Polygon", "coordinates": [[[-96.390345, 33.993519], [-96.39038, 34.001351], [-96.388687, 34.001345], [-96.378479, 33.998779], [-96.37394, 33.997554], [-96.371001, 33.997157], [-96.372382, 33.993912], [-96.375427, 33.988919], [-96.390621, 33.992812], [-96.390345, 33.993519]]]}, "properties": {"GEOID": "40013796300", "designation_types": "MUP", "imu_score": 57.4, "imu_scores": [57.4], "population_types": "MUP Low Income", "county": "Bryan County", "poverty_rate": 21.0, "pct_65_plus": 15.8, "providers_per_1000": 0.0, "service_area": "Central East Bryan County"}}, {"type": "Feature", "geometry": {"type": "Polygon", "coordinates": [[[-96.416524, 33.968638], [-96.416386, 33.977134], [-96.415651, 33.979944], [-96.412877, 33.984797], [-96.405122, 33.996552], [-96.390621, 33.992812], [-96.375427, 33.988919], [-96.381545, 33.979629], [-96.382834, 33.977674], [-96.391658, 33.968526], [-96.405763, 33.954348], [-96.406244, 33.954182], [-96.416498, 33.954155], [-96.416524, 33.968638]]]}, "properties": {"GEOID": "40013796400", "designation_types": "MUP", "imu_score": 57.4, "imu_scores": [57.4], "population_types": "MUP Low Income", "county": "Bryan County", "poverty_rate": 21.0, "pct_65_plus": 15.8, "providers_per_1000": 0.0, "service_area": "Central East Bryan County"}}, {"type": "Feature", "geometry": {"type": "Polygon", "coordinates": [[[-96.373157, 34.12821], [-96.320746, 34.128176], [-96.320709, 34.157179], [-96.284894, 34.157083], [-96.279867, 34.15709], [-96.268274, 34.157088], [-96.235491, 34.15703], [-96.233953, 34.157172], [-96.22305, 34.15714], [-96.221561, 34.15701], [-96.147633, 34.156966], [-96.102549, 34.156942], [-96.085925, 34.156926], [-96.086812, 34.151595], [-96.085974, 34.149737], [-96.07592, 34.149587], [-96.07527, 34.148896], [-96.075206, 34.146286], [-96.073108, 34.145752], [-96.07317, 34.142513], [-96.077522, 34.142498], [-96.077572, 34.135219], [-96.092768, 34.135256], [-96.094603, 34.134484], [-96.094638, 34.099131], [-96.094439, 34.00825], [-96.086066, 34.005842], [-96.086089, 34.005706], [-96.086061, 33.997241], [-96.086078, 33.982685], [-96.094626, 33.982675], [-96.094512, 33.931138], [-96.096587, 33.933849], [-96.09667, 33.936483], [-96.098483, 33.936759], [-96.098757, 33.934907], [-96.103206, 33.935619], [-96.10403, 33.936146], [-96.1034, 33.939536], [-96.101398, 33.941805], [-96.102551, 33.942813], [-96.103265, 33.940915], [-96.104391, 33.94135], [-96.106148, 33.940711], [-96.11208, 33.941835], [-96.110433, 33.943691], [-96.110791, 33.945157], [-96.112741, 33.945502], [-96.113262, 33.943418], [-96.115294, 33.943624], [-96.116476, 33.945088], [-96.115543, 33.946279], [-96.117987, 33.946758], [-96.118784, 33.948109], [-96.119414, 33.945476], [-96.12142, 33.946597], [-96.123095, 33.946254], [-96.12216, 33.944675], [-96.122599, 33.943667], [-96.124806, 33.945475], [-96.12526, 33.947418], [-96.126159, 33.947462], [-96.126737, 33.945288], [-96.128989, 33.945518], [-96.127862, 33.947189], [-96.128932, 33.949135], [-96.129785, 33.94767], [-96.131515, 33.947122], [-96.132037, 33.946025], [-96.135084, 33.947262], [-96.135166, 33.948155], [-96.137171, 33.947675], [-96.138901, 33.948729], [-96.140357, 33.947127], [-96.141538, 33.947861], [-96.141319, 33.946327], [-96.142363, 33.945801], [-96.14412, 33.946374], [-96.144478, 33.945001], [-96.146731, 33.944041], [-96.147115, 33.944979], [-96.144724, 33.9472], [-96.144943, 33.948298], [-96.14703, 33.948368], [-96.149062, 33.949925], [-96.150573, 33.949605], [-96.154225, 33.950796], [-96.15634, 33.949743], [-96.158015, 33.95114], [-96.160404, 33.951049], [-96.161531, 33.953109], [-96.163069, 33.953544], [-96.16304, 33.955375], [-96.164276, 33.957229], [-96.166473, 33.957917], [-96.168314, 33.959541], [-96.170978, 33.958466], [-96.172077, 33.958809], [-96.171802, 33.96048], [-96.175263, 33.96119], [-96.175236, 33.959862], [-96.179301, 33.959977], [-96.179823, 33.96135], [-96.178696, 33.962907], [-96.180509, 33.963639], [-96.185124, 33.963433], [-96.185949, 33.965356], [-96.187844, 33.966569], [-96.189657, 33.966454], [-96.18875, 33.969751], [-96.190701, 33.969178], [-96.193338, 33.970643], [-96.19625, 33.971582], [-96.197157, 33.971101], [-96.195316, 33.969911], [-96.194327, 33.968331], [-96.195371, 33.967965], [-96.198566, 33.970562], [-96.200948, 33.971193], [-96.201003, 33.96943], [-96.20353, 33.970506], [-96.203667, 33.967622], [-96.206057, 33.968766], [-96.207898, 33.968171], [-96.206112, 33.965493], [-96.207375, 33.964577], [-96.20993, 33.966431], [-96.210672, 33.964622], [-96.21221, 33.965126], [-96.214984, 33.964026], [-96.217484, 33.964186], [-96.21732, 33.966017], [-96.218117, 33.968444], [-96.21941, 33.96881], [-96.221498, 33.970915], [-96.225235, 33.973111], [-96.225208, 33.974919], [-96.223066, 33.97595], [-96.224275, 33.978216], [-96.227379, 33.975582], [-96.229989, 33.976223], [-96.233643, 33.976199], [-96.238699, 33.976975], [-96.241035, 33.978462], [-96.243179, 33.979194], [-96.243647, 33.981826], [-96.246094, 33.982329], [-96.246145, 33.983405], [-96.242796, 33.986908], [-96.23873, 33.988764], [-96.237551, 33.990985], [-96.237936, 33.992106], [-96.241651, 33.994441], [-96.240748, 33.995931], [-96.241041, 33.997454], [-96.242449, 33.999776], [-96.244085, 34.004801], [-96.245043, 34.00597], [-96.248011, 34.005007], [-96.247872, 34.002924], [-96.249136, 34.002878], [-96.251038, 34.003949], [-96.254034, 34.004088], [-96.252355, 34.007521], [-96.252791, 34.012122], [-96.252103, 34.013723], [-96.253064, 34.015486], [-96.257159, 34.015877], [-96.259473, 34.01444], [-96.261118, 34.013843], [-96.258921, 34.011736], [-96.261094, 34.008601], [-96.263706, 34.006999], [-96.268717, 34.005379], [-96.271569, 34.005125], [-96.273299, 34.008033], [-96.275003, 34.008629], [-96.273545, 34.010894], [-96.273517, 34.012748], [-96.275577, 34.015977], [-96.27269, 34.016113], [-96.273432, 34.017623], [-96.276923, 34.017236], [-96.27695, 34.018769], [-96.277754, 34.019542], [-96.279588, 34.020692], [-96.28088, 34.020212], [-96.281567, 34.021219], [-96.281016, 34.023989], [-96.282088, 34.024264], [-96.285195, 34.022113], [-96.286432, 34.022319], [-96.288686, 34.023991], [-96.290253, 34.024014], [-96.290171, 34.021771], [-96.292233, 34.021405], [-96.293882, 34.022802], [-96.297648, 34.024199], [-96.300811, 34.024794], [-96.299581, 34.026459], [-96.300483, 34.028251], [-96.302462, 34.029693], [-96.301912, 34.032188], [-96.303699, 34.03363], [-96.306007, 34.031158], [-96.310049, 34.030609], [-96.313403, 34.029533], [-96.315712, 34.027931], [-96.318352, 34.027131], [-96.320991, 34.027428], [-96.32385, 34.027199], [-96.323493, 34.029487], [-96.32176, 34.029945], [-96.321513, 34.031158], [-96.323135, 34.032166], [-96.323492, 34.033722], [-96.322475, 34.033882], [-96.321238, 34.032509], [-96.320111, 34.034089], [-96.321101, 34.037133], [-96.322338, 34.035851], [-96.324813, 34.037591], [-96.323492, 34.038941], [-96.32198, 34.038369], [-96.322585, 34.041139], [-96.324235, 34.042489], [-96.326462, 34.040727], [-96.328161, 34.040976], [-96.329404, 34.042741], [-96.329323, 34.045007], [-96.330533, 34.045717], [-96.334272, 34.043908], [-96.33639, 34.044182], [-96.33705, 34.044869], [-96.335263, 34.046334], [-96.334686, 34.047799], [-96.336776, 34.048829], [-96.339588, 34.052706], [-96.340434, 34.053298], [-96.341591, 34.053929], [-96.342934, 34.054819], [-96.343633, 34.055758], [-96.343674, 34.055796], [-96.344833, 34.056341], [-96.344944, 34.056656], [-96.344698, 34.057094], [-96.343781, 34.056836], [-96.343187, 34.057259], [-96.343196, 34.057554], [-96.343895, 34.057771], [-96.34447, 34.058071], [-96.34493, 34.058492], [-96.345708, 34.061163], [-96.345178, 34.061604], [-96.343727, 34.061814], [-96.342562, 34.062925], [-96.342342, 34.063483], [-96.342926, 34.063771], [-96.34665, 34.062945], [-96.348603, 34.063394], [-96.352476, 34.064349], [-96.352901, 34.064768], [-96.352011, 34.068021], [-96.352927, 34.070857], [-96.354083, 34.071814], [-96.354874, 34.072287], [-96.355835, 34.072644], [-96.359453, 34.073344], [-96.359745, 34.073997], [-96.358925, 34.074996], [-96.35879, 34.075567], [-96.358915, 34.076738], [-96.359363, 34.076965], [-96.360974, 34.077088], [-96.361322, 34.078208], [-96.360308, 34.079659], [-96.360638, 34.080882], [-96.360089, 34.082694], [-96.359387, 34.08359], [-96.358754, 34.083449], [-96.358374, 34.084265], [-96.361031, 34.085332], [-96.361586, 34.086992], [-96.363999, 34.08892], [-96.365895, 34.091694], [-96.366588, 34.091746], [-96.366532, 34.090163], [-96.366971, 34.089577], [-96.368308, 34.089832], [-96.368263, 34.089917], [-96.365069, 34.095882], [-96.364436, 34.098557], [-96.364371, 34.109901], [-96.364588, 34.111078], [-96.365804, 34.113069], [-96.371682, 34.117795], [-96.372841, 34.119348], [-96.373252, 34.121119], [-96.373157, 34.12821]]]}, "properties": {"GEOID": "40013795700", "designation_types": "MUP", "imu_score": 57.4, "imu_scores": [57.4], "population_types": "MUP Low Income", "county": "Bryan County", "poverty_rate": 21.0, "pct_65_plus": 15.8, "providers_per_1000": 0.0, "service_area": "Central East Bryan County"}}, {"type": "Feature", "geometry": {"type": "Polygon", "coordinates": [[[-96.500488, 33.955615], [-96.500477, 33.957463], [-96.496671, 33.959786], [-96.495958, 33.961618], [-96.493952, 33.961046], [-96.490571, 33.959148], [-96.488923, 33.959354], [-96.486092, 33.956425], [-96.484526, 33.955945], [-96.484992, 33.955166], [-96.483091, 33.954189], [-96.483074, 33.969031], [-96.465639, 33.969029], [-96.458236, 33.969024], [-96.454441, 33.968744], [-96.425357, 33.96875], [-96.425314, 33.954189], [-96.416498, 33.954155], [-96.406244, 33.954182], [-96.405558, 33.953875], [-96.405027, 33.954194], [-96.373255, 33.954142], [-96.337958, 33.954062], [-96.312011, 33.954008], [-96.311971, 33.968526], [-96.320712, 33.968578], [-96.320627, 33.983044], [-96.320621, 34.020678], [-96.320113, 34.021556], [-96.317537, 34.023747], [-96.316856, 34.025775], [-96.316234, 34.026189], [-96.309841, 34.025607], [-96.304061, 34.026357], [-96.299581, 34.026459], [-96.300811, 34.024794], [-96.297648, 34.024199], [-96.293882, 34.022802], [-96.292233, 34.021405], [-96.290171, 34.021771], [-96.290253, 34.024014], [-96.288686, 34.023991], [-96.286432, 34.022319], [-96.285195, 34.022113], [-96.282088, 34.024264], [-96.281016, 34.023989], [-96.281567, 34.021219], [-96.28088, 34.020212], [-96.279588, 34.020692], [-96.277754, 34.019542], [-96.27695, 34.018769], [-96.276923, 34.017236], [-96.273432, 34.017623], [-96.27269, 34.016113], [-96.275577, 34.015977], [-96.273517, 34.012748], [-96.273545, 34.010894], [-96.275003, 34.008629], [-96.273299, 34.008033], [-96.271569, 34.005125], [-96.268717, 34.005379], [-96.263706, 34.006999], [-96.261094, 34.008601], [-96.258921, 34.011736], [-96.261118, 34.013843], [-96.259473, 34.01444], [-96.257159, 34.015877], [-96.253064, 34.015486], [-96.252103, 34.013723], [-96.252791, 34.012122], [-96.252355, 34.007521], [-96.254034, 34.004088], [-96.251038, 34.003949], [-96.249136, 34.002878], [-96.247872, 34.002924], [-96.248011, 34.005007], [-96.245043, 34.00597], [-96.244085, 34.004801], [-96.242449, 33.999776], [-96.241041, 33.997454], [-96.240748, 33.995931], [-96.241651, 33.994441], [-96.237936, 33.992106], [-96.237551, 33.990985], [-96.23873, 33.988764], [-96.242796, 33.986908], [-96.246145, 33.983405], [-96.246094, 33.982329], [-96.243647, 33.981826], [-96.243179, 33.979194], [-96.241035, 33.978462], [-96.24532, 33.977133], [-96.247272, 33.97775], [-96.248812, 33.979192], [-96.250265, 33.978811], [-96.251061, 33.978155], [-96.251085, 33.950283], [-96.250004, 33.948596], [-96.251104, 33.943993], [-96.250829, 33.924825], [-96.268596, 33.924903], [-96.268567, 33.895888], [-96.259821, 33.895839], [-96.259484, 33.866793], [-96.251208, 33.866744], [-96.251254, 33.83454], [-96.251083, 33.833153], [-96.251638, 33.832754], [-96.253836, 33.834079], [-96.254614, 33.832805], [-96.255601, 33.833569], [-96.258662, 33.83339], [-96.259451, 33.83517], [-96.262925, 33.836748], [-96.262887, 33.834716], [-96.264171, 33.834809], [-96.266533, 33.837629], [-96.2686, 33.836948], [-96.267968, 33.838091], [-96.270153, 33.839213], [-96.271008, 33.840663], [-96.272194, 33.839323], [-96.274103, 33.839461], [-96.273602, 33.840444], [-96.276241, 33.841786], [-96.276038, 33.839885], [-96.277098, 33.839248], [-96.277776, 33.840808], [-96.279139, 33.840309], [-96.277757, 33.839122], [-96.278626, 33.838457], [-96.280035, 33.839452], [-96.280983, 33.838876], [-96.282931, 33.839096], [-96.281509, 33.840502], [-96.281456, 33.841436], [-96.284267, 33.842008], [-96.284899, 33.841146], [-96.287486, 33.842547], [-96.290567, 33.842169], [-96.290015, 33.840955], [-96.291273, 33.84023], [-96.293011, 33.840983], [-96.293821, 33.839824], [-96.29496, 33.839928], [-96.297626, 33.84122], [-96.297882, 33.842313], [-96.29964, 33.841446], [-96.298303, 33.84372], [-96.299093, 33.844517], [-96.302655, 33.842962], [-96.304479, 33.843353], [-96.305263, 33.842457], [-96.304901, 33.841303], [-96.306165, 33.840727], [-96.306962, 33.83932], [-96.310056, 33.841364], [-96.312788, 33.840541], [-96.313256, 33.839173], [-96.314698, 33.841524], [-96.315567, 33.841403], [-96.318101, 33.842678], [-96.318319, 33.841733], [-96.320429, 33.841054], [-96.322157, 33.841436], [-96.322164, 33.842694], [-96.32456, 33.842826], [-96.324942, 33.843463], [-96.327049, 33.841815], [-96.327734, 33.843578], [-96.329643, 33.842947], [-96.330361, 33.843716], [-96.332573, 33.842776], [-96.332534, 33.844056], [-96.334713, 33.845231], [-96.334115, 33.846556], [-96.335241, 33.846885], [-96.335287, 33.848011], [-96.333759, 33.848127], [-96.333154, 33.849671], [-96.33532, 33.849874], [-96.336894, 33.851253], [-96.338876, 33.851032], [-96.33908, 33.852131], [-96.3407, 33.851917], [-96.340859, 33.852972], [-96.343466, 33.851592], [-96.345132, 33.851905], [-96.345086, 33.853734], [-96.346265, 33.85352], [-96.347055, 33.854421], [-96.349886, 33.852882], [-96.348115, 33.852195], [-96.349293, 33.850437], [-96.351038, 33.850898], [-96.352138, 33.852304], [-96.352203, 33.850167], [-96.352796, 33.84981], [-96.355582, 33.851441], [-96.356681, 33.849941], [-96.357853, 33.850858], [-96.360849, 33.849785], [-96.361265, 33.851576], [-96.362463, 33.851631], [-96.363384, 33.849416], [-96.363944, 33.851103], [-96.365057, 33.850158], [-96.36613, 33.850597], [-96.366165, 33.85314], [-96.366712, 33.854865], [-96.368274, 33.857035], [-96.369209, 33.856139], [-96.369625, 33.858205], [-96.371817, 33.857281], [-96.373221, 33.859406], [-96.374649, 33.85992], [-96.37478, 33.859956], [-96.37489, 33.859995], [-96.377568, 33.859853], [-96.378639, 33.862233], [-96.380503, 33.861789], [-96.382544, 33.863399], [-96.38089, 33.864596], [-96.383971, 33.865488], [-96.384846, 33.867999], [-96.387019, 33.86778], [-96.388698, 33.86921], [-96.391148, 33.869392], [-96.391943, 33.87142], [-96.393873, 33.871146], [-96.393411, 33.873387], [-96.396375, 33.873273], [-96.398422, 33.875073], [-96.398019, 33.876239], [-96.399633, 33.876722], [-96.399092, 33.878008], [-96.402372, 33.878778], [-96.402497, 33.881053], [-96.405929, 33.881021], [-96.407556, 33.879789], [-96.408175, 33.88122], [-96.409031, 33.882708], [-96.41031, 33.881884], [-96.413971, 33.882633], [-96.412903, 33.885236], [-96.415078, 33.884446], [-96.415285, 33.883046], [-96.416784, 33.882423], [-96.419024, 33.884078], [-96.419142, 33.884903], [-96.42181, 33.885594], [-96.421157, 33.886897], [-96.422594, 33.886864], [-96.424478, 33.887875], [-96.427726, 33.89143], [-96.427738, 33.892813], [-96.429293, 33.891627], [-96.430301, 33.891914], [-96.429609, 33.893525], [-96.430565, 33.894381], [-96.430209, 33.895434], [-96.431383, 33.89631], [-96.432495, 33.896753], [-96.432553, 33.898915], [-96.433733, 33.898907], [-96.433001, 33.900727], [-96.433825, 33.902567], [-96.435044, 33.903138], [-96.436526, 33.905161], [-96.434899, 33.905885], [-96.435808, 33.907151], [-96.434273, 33.908117], [-96.435544, 33.908418], [-96.437071, 33.910872], [-96.436243, 33.911175], [-96.43617, 33.911478], [-96.436421, 33.911999], [-96.436954, 33.912209], [-96.437245, 33.912529], [-96.436994, 33.913105], [-96.435715, 33.913315], [-96.435801, 33.91366], [-96.436184, 33.913749], [-96.437685, 33.917008], [-96.438925, 33.917731], [-96.440368, 33.917088], [-96.442068, 33.918268], [-96.443255, 33.918978], [-96.443037, 33.92069], [-96.443175, 33.920811], [-96.443821, 33.921313], [-96.444665, 33.923033], [-96.446227, 33.922231], [-96.448454, 33.923341], [-96.452885, 33.927533], [-96.456233, 33.930165], [-96.457742, 33.93083], [-96.458139, 33.93313], [-96.459813, 33.935213], [-96.459893, 33.937494], [-96.461646, 33.939994], [-96.500478, 33.940032], [-96.500488, 33.955615]]]}, "properties": {"GEOID": "40013796002", "designation_types": "MUP", "imu_score": 57.4, "imu_scores": [57.4], "population_types": "MUP Low Income", "county": "Bryan County", "poverty_rate": 21.0, "pct_65_plus": 15.8, "providers_per_1000": 0.0, "service_area": "Central East Bryan County"}}, {"type": "Feature", "geometry": {"type": "Polygon", "coordinates": [[[-96.317465, 36.502541], [-96.308671, 36.503072], [-96.308305, 36.510092], [-96.308655, 36.519666], [-96.308483, 36.535503], [-96.300277, 36.535602], [-96.281461, 36.535287], [-96.278531, 36.535866], [-96.260863, 36.54461], [-96.25822, 36.545481], [-96.25262, 36.549707], [-96.250938, 36.552165], [-96.246491, 36.554183], [-96.246633, 36.557026], [-96.246198, 36.557752], [-96.241538, 36.560551], [-96.235805, 36.561192], [-96.234585, 36.561664], [-96.232687, 36.563937], [-96.231643, 36.564269], [-96.225075, 36.564948], [-96.223889, 36.565552], [-96.221554, 36.568098], [-96.217556, 36.571798], [-96.219645, 36.572451], [-96.221609, 36.577533], [-96.222653, 36.578641], [-96.223451, 36.578828], [-96.227813, 36.578851], [-96.235106, 36.582207], [-96.236289, 36.582331], [-96.242628, 36.58131], [-96.245254, 36.578892], [-96.245614, 36.578855], [-96.250119, 36.578842], [-96.251389, 36.57884], [-96.254132, 36.581437], [-96.254008, 36.582485], [-96.254529, 36.585611], [-96.253878, 36.587109], [-96.254515, 36.593337], [-96.245246, 36.593343], [-96.236425, 36.593321], [-96.232971, 36.593042], [-96.230256, 36.593289], [-96.211483, 36.593275], [-96.209897, 36.593564], [-96.199771, 36.595454], [-96.194906, 36.597271], [-96.18807, 36.597379], [-96.186924, 36.596971], [-96.18564, 36.596072], [-96.176228, 36.584034], [-96.175623, 36.584395], [-96.17432, 36.58526], [-96.174266, 36.592699], [-96.173475, 36.593135], [-96.167091, 36.593179], [-96.162752, 36.592356], [-96.161214, 36.593155], [-96.151682, 36.593205], [-96.151377, 36.594039], [-96.151287, 36.603896], [-96.147864, 36.607189], [-96.142432, 36.61009], [-96.141273, 36.611452], [-96.137295, 36.612101], [-96.136129, 36.612644], [-96.133324, 36.615632], [-96.13226, 36.616218], [-96.128917, 36.616774], [-96.122926, 36.617787], [-96.121006, 36.619154], [-96.113008, 36.621373], [-96.112297, 36.622186], [-96.101964, 36.622148], [-96.098372, 36.620298], [-96.0921, 36.618577], [-96.087843, 36.618636], [-96.084263, 36.61943], [-96.082821, 36.62306], [-96.084709, 36.626615], [-96.082125, 36.628785], [-96.082266, 36.630715], [-96.081449, 36.634103], [-96.081383, 36.636073], [-96.081999, 36.637166], [-96.081503, 36.640434], [-96.082297, 36.642055], [-96.081952, 36.644076], [-96.080521, 36.6457], [-96.080047, 36.647334], [-96.073526, 36.648981], [-96.069187, 36.649314], [-96.061536, 36.64933], [-96.061406, 36.649331], [-96.057181, 36.64977], [-96.053033, 36.650981], [-96.052125, 36.651377], [-96.051, 36.651918], [-96.045698, 36.655062], [-96.032209, 36.663103], [-96.024741, 36.667538], [-96.016855, 36.6725], [-96.012863, 36.673487], [-96.010786, 36.676116], [-96.000636, 36.676244], [-96.000729, 36.65071], [-96.000728, 36.641069], [-96.000748, 36.59782], [-96.000823, 36.597676], [-96.000864, 36.580382], [-96.000956, 36.535301], [-96.001038, 36.495972], [-96.001093, 36.466866], [-96.001126, 36.448397], [-96.001145, 36.439763], [-96.001171, 36.423686], [-96.001168, 36.423477], [-96.001205, 36.402451], [-96.002898, 36.401101], [-96.00268, 36.403], [-96.005235, 36.403044], [-96.005288, 36.403035], [-96.005397, 36.402996], [-96.005562, 36.402974], [-96.010727, 36.40598], [-96.013112, 36.406633], [-96.013103, 36.407907], [-96.008163, 36.408736], [-96.006955, 36.409568], [-96.006943, 36.411498], [-96.011545, 36.413713], [-96.014273, 36.415671], [-96.014477, 36.41934], [-96.019606, 36.419661], [-96.021906, 36.419389], [-96.022159, 36.425351], [-96.020714, 36.426521], [-96.018334, 36.426754], [-96.017216, 36.428489], [-96.017619, 36.429587], [-96.019671, 36.430296], [-96.024852, 36.430889], [-96.026703, 36.429639], [-96.028451, 36.429269], [-96.029998, 36.427917], [-96.034278, 36.427039], [-96.036339, 36.427005], [-96.036448, 36.427773], [-96.041353, 36.433607], [-96.041526, 36.433802], [-96.041627, 36.433909], [-96.048107, 36.439079], [-96.052198, 36.443025], [-96.053757, 36.444004], [-96.055204, 36.444252], [-96.059302, 36.442782], [-96.061871, 36.440997], [-96.063623, 36.440693], [-96.06861, 36.441123], [-96.071543, 36.439933], [-96.083226, 36.441208], [-96.089337, 36.444519], [-96.090791, 36.444728], [-96.091995, 36.444099], [-96.097386, 36.435623], [-96.097952, 36.435246], [-96.102, 36.433944], [-96.109624, 36.434051], [-96.116174, 36.437747], [-96.12412, 36.437193], [-96.125734, 36.436676], [-96.13064, 36.434262], [-96.132148, 36.433799], [-96.13558, 36.435139], [-96.137674, 36.44014], [-96.139175, 36.441204], [-96.141702, 36.441944], [-96.144307, 36.441521], [-96.150552, 36.43779], [-96.152165, 36.437781], [-96.155177, 36.439486], [-96.157154, 36.439428], [-96.160327, 36.438077], [-96.162924, 36.438447], [-96.165252, 36.438224], [-96.170139, 36.435413], [-96.173364, 36.435493], [-96.175284, 36.43408], [-96.176553, 36.431662], [-96.179304, 36.430022], [-96.182764, 36.430586], [-96.185178, 36.430025], [-96.191133, 36.426961], [-96.192085, 36.426698], [-96.19978, 36.424848], [-96.202663, 36.425567], [-96.204462, 36.424903], [-96.209034, 36.424222], [-96.21114, 36.42431], [-96.214694, 36.42383], [-96.216638, 36.424187], [-96.217652, 36.423972], [-96.219678, 36.421162], [-96.223574, 36.419864], [-96.22744, 36.4199], [-96.230044, 36.419477], [-96.232948, 36.417185], [-96.23548, 36.417195], [-96.237897, 36.417835], [-96.239918, 36.417682], [-96.242908, 36.418538], [-96.243739, 36.41939], [-96.244901, 36.42207], [-96.245921, 36.422778], [-96.251465, 36.423065], [-96.255749, 36.424915], [-96.256935, 36.425057], [-96.262028, 36.424188], [-96.263009, 36.42331], [-96.264179, 36.420902], [-96.265103, 36.420881], [-96.272837, 36.423208], [-96.275308, 36.424555], [-96.281098, 36.426816], [-96.285007, 36.426716], [-96.287138, 36.428606], [-96.290448, 36.429287], [-96.294497, 36.433412], [-96.295652, 36.433861], [-96.299409, 36.433844], [-96.299712, 36.433843], [-96.317346, 36.433869], [-96.317566, 36.477352], [-96.317465, 36.502541]]]}, "properties": {"GEOID": "40113940008", "designation_types": "MUA", "imu_score": 59.7, "imu_scores": [59.7], "population_types": "Medically Underserved Area", "county": "Osage County", "poverty_rate": 16.2, "pct_65_plus": 14.9, "providers_per_1000": 0.0, "service_area": "East Osage County"}}, {"type": "Feature", "geometry": {"type": "Polygon", "coordinates": [[[-97.498674, 35.464259], [-97.496956, 35.46427], [-97.483483, 35.464124], [-97.476753, 35.464013], [-97.476786, 35.461792], [-97.476966, 35.449823], [-97.476941, 35.442572], [-97.476915, 35.435301], [-97.476942, 35.428114], [-97.476968, 35.420839], [-97.48816, 35.420831], [-97.494791, 35.420821], [-97.494757, 35.427895], [-97.49476, 35.431658], [-97.494755, 35.433473], [-97.49475, 35.435324], [-97.494698, 35.442605], [-97.494695, 35.442965], [-97.494688, 35.44395], [-97.494646, 35.449866], [-97.494635, 35.454397], [-97.489528, 35.453795], [-97.490607, 35.455981], [-97.493425, 35.460283], [-97.494268, 35.46108], [-97.496372, 35.462292], [-97.497309, 35.462944], [-97.498674, 35.464259]]]}, "properties": {"GEOID": "40109105300", "designation_types": "MUA", "imu_score": 60.0, "imu_scores": [60.0], "population_types": "Medically Underserved Area", "county": "Oklahoma County", "poverty_rate": null, "pct_65_plus": null, "providers_per_1000": null, "service_area": "East Oklahoma City"}}, {"type": "Feature", "geometry": {"type": "Polygon", "coordinates": [[[-97.507982, 35.420763], [-97.503664, 35.420782], [-97.499254, 35.420802], [-97.494791, 35.420821], [-97.494771, 35.406265], [-97.503659, 35.406236], [-97.508026, 35.406222], [-97.507982, 35.420763]]]}, "properties": {"GEOID": "40109105400", "designation_types": "MUA", "imu_score": 60.0, "imu_scores": [60.0], "population_types": "Medically Underserved Area", "county": "Oklahoma County", "poverty_rate": null, "pct_65_plus": null, "providers_per_1000": null, "service_area": "East Oklahoma City"}}, {"type": "Feature", "geometry": {"type": "Polygon", "coordinates": [[[-97.508699, 35.435243], [-97.499209, 35.435298], [-97.49475, 35.435324], [-97.494755, 35.433473], [-97.49476, 35.431658], [-97.494757, 35.427895], [-97.494791, 35.420821], [-97.499254, 35.420802], [-97.503664, 35.420782], [-97.507982, 35.420763], [-97.50798, 35.422405], [-97.507969, 35.428326], [-97.50796, 35.433266], [-97.509059, 35.43524], [-97.508699, 35.435243]]]}, "properties": {"GEOID": "40109104800", "designation_types": "MUA", "imu_score": 60.0, "imu_scores": [60.0], "population_types": "Medically Underserved Area", "county": "Oklahoma County", "poverty_rate": null, "pct_65_plus": null, "providers_per_1000": null, "service_area": "East Oklahoma City"}}, {"type": "Feature", "geometry": {"type": "Polygon", "coordinates": [[[-97.521437, 35.435237], [-97.516124, 35.435227], [-97.512497, 35.43522], [-97.509059, 35.43524], [-97.50796, 35.433266], [-97.507969, 35.428326], [-97.50798, 35.422405], [-97.507982, 35.420763], [-97.512523, 35.420742], [-97.514478, 35.420743], [-97.521375, 35.420746], [-97.521366, 35.428187], [-97.521338, 35.43027], [-97.521437, 35.435237]]]}, "properties": {"GEOID": "40109104900", "designation_types": "MUA", "imu_score": 60.0, "imu_scores": [60.0], "population_types": "Medically Underserved Area", "county": "Oklahoma County", "poverty_rate": null, "pct_65_plus": null, "providers_per_1000": null, "service_area": "East Oklahoma City"}}, {"type": "Feature", "geometry": {"type": "Polygon", "coordinates": [[[-97.530199, 35.427797], [-97.53019, 35.4303], [-97.530172, 35.435253], [-97.521437, 35.435237], [-97.521338, 35.43027], [-97.521366, 35.428187], [-97.521375, 35.420746], [-97.530225, 35.420749], [-97.530199, 35.427797]]]}, "properties": {"GEOID": "40109105000", "designation_types": "MUA", "imu_score": 60.0, "imu_scores": [60.0], "population_types": "Medically Underserved Area", "county": "Oklahoma County", "poverty_rate": null, "pct_65_plus": null, "providers_per_1000": null, "service_area": "East Oklahoma City"}}, {"type": "Feature", "geometry": {"type": "Polygon", "coordinates": [[[-97.512987, 35.448437], [-97.512778, 35.455355], [-97.512403, 35.455614], [-97.50984, 35.456131], [-97.503498, 35.45542], [-97.494635, 35.454397], [-97.494646, 35.449866], [-97.494688, 35.44395], [-97.494695, 35.442965], [-97.494698, 35.442605], [-97.49475, 35.435324], [-97.499209, 35.435298], [-97.508699, 35.435243], [-97.509957, 35.437303], [-97.512432, 35.441518], [-97.513133, 35.44381], [-97.512987, 35.448437]]]}, "properties": {"GEOID": "40109103900", "designation_types": "MUA", "imu_score": 60.0, "imu_scores": [60.0], "population_types": "Medically Underserved Area", "county": "Oklahoma County", "poverty_rate": null, "pct_65_plus": null, "providers_per_1000": null, "service_area": "East Oklahoma City"}}, {"type": "Feature", "geometry": {"type": "Polygon", "coordinates": [[[-97.548002, 35.450056], [-97.547933, 35.460002], [-97.545773, 35.460406], [-97.542342, 35.459948], [-97.538654, 35.458802], [-97.534744, 35.4562], [-97.532922, 35.454151], [-97.530137, 35.452281], [-97.52762, 35.450196], [-97.524436, 35.449279], [-97.522739, 35.448806], [-97.521234, 35.44832], [-97.521412, 35.444514], [-97.530151, 35.444539], [-97.530155, 35.442547], [-97.530155, 35.442474], [-97.539083, 35.442455], [-97.54797, 35.442425], [-97.548004, 35.449687], [-97.548002, 35.450056]]]}, "properties": {"GEOID": "40109104100", "designation_types": "MUA", "imu_score": 60.0, "imu_scores": [60.0], "population_types": "Medically Underserved Area", "county": "Oklahoma County", "poverty_rate": null, "pct_65_plus": null, "providers_per_1000": null, "service_area": "East Oklahoma City"}}, {"type": "Feature", "geometry": {"type": "Polygon", "coordinates": [[[-97.574473, 35.435161], [-97.570087, 35.435141], [-97.565556, 35.435122], [-97.565561, 35.441837], [-97.556957, 35.445854], [-97.556837, 35.441396], [-97.556834, 35.435164], [-97.556828, 35.427728], [-97.561386, 35.427705], [-97.565549, 35.427697], [-97.574465, 35.428133], [-97.574462, 35.428341], [-97.574473, 35.435161]]]}, "properties": {"GEOID": "40109104200", "designation_types": "MUA", "imu_score": 60.0, "imu_scores": [60.0], "population_types": "Medically Underserved Area", "county": "Oklahoma County", "poverty_rate": null, "pct_65_plus": null, "providers_per_1000": null, "service_area": "East Oklahoma City"}}, {"type": "Feature", "geometry": {"type": "Polygon", "coordinates": [[[-97.556957, 35.445854], [-97.548002, 35.450056], [-97.548004, 35.449687], [-97.54797, 35.442425], [-97.547965, 35.441426], [-97.548593, 35.435925], [-97.548288, 35.435204], [-97.548552, 35.435203], [-97.550587, 35.431194], [-97.55071, 35.427764], [-97.552381, 35.427743], [-97.556828, 35.427728], [-97.556834, 35.435164], [-97.556837, 35.441396], [-97.556957, 35.445854]]]}, "properties": {"GEOID": "40109104300", "designation_types": "MUA", "imu_score": 60.0, "imu_scores": [60.0], "population_types": "Medically Underserved Area", "county": "Oklahoma County", "poverty_rate": null, "pct_65_plus": null, "providers_per_1000": null, "service_area": "East Oklahoma City"}}, {"type": "Feature", "geometry": {"type": "Polygon", "coordinates": [[[-97.550587, 35.431194], [-97.548552, 35.435203], [-97.548288, 35.435204], [-97.548593, 35.435925], [-97.547965, 35.441426], [-97.54797, 35.442425], [-97.539083, 35.442455], [-97.539099, 35.435229], [-97.539094, 35.430827], [-97.539091, 35.427857], [-97.539836, 35.427802], [-97.547938, 35.427768], [-97.549992, 35.427767], [-97.55071, 35.427764], [-97.550587, 35.431194]]]}, "properties": {"GEOID": "40109104400", "designation_types": "MUA", "imu_score": 60.0, "imu_scores": [60.0], "population_types": "Medically Underserved Area", "county": "Oklahoma County", "poverty_rate": null, "pct_65_plus": null, "providers_per_1000": null, "service_area": "East Oklahoma City"}}, {"type": "Feature", "geometry": {"type": "Polygon", "coordinates": [[[-97.539099, 35.435229], [-97.539083, 35.442455], [-97.530155, 35.442474], [-97.530172, 35.435253], [-97.53019, 35.4303], [-97.530199, 35.427797], [-97.539091, 35.427857], [-97.539094, 35.430827], [-97.539099, 35.435229]]]}, "properties": {"GEOID": "40109104500", "designation_types": "MUA", "imu_score": 60.0, "imu_scores": [60.0], "population_types": "Medically Underserved Area", "county": "Oklahoma County", "poverty_rate": null, "pct_65_plus": null, "providers_per_1000": null, "service_area": "East Oklahoma City"}}, {"type": "Feature", "geometry": {"type": "Polygon", "coordinates": [[[-97.530155, 35.442474], [-97.530155, 35.442547], [-97.530151, 35.444539], [-97.521412, 35.444514], [-97.521418, 35.442451], [-97.521437, 35.435237], [-97.530172, 35.435253], [-97.530155, 35.442474]]]}, "properties": {"GEOID": "40109104600", "designation_types": "MUA", "imu_score": 60.0, "imu_scores": [60.0], "population_types": "Medically Underserved Area", "county": "Oklahoma County", "poverty_rate": null, "pct_65_plus": null, "providers_per_1000": null, "service_area": "East Oklahoma City"}}, {"type": "Feature", "geometry": {"type": "Polygon", "coordinates": [[[-97.547938, 35.427768], [-97.539836, 35.427802], [-97.539091, 35.427857], [-97.530199, 35.427797], [-97.530225, 35.420749], [-97.539084, 35.420733], [-97.547941, 35.420719], [-97.547938, 35.427768]]]}, "properties": {"GEOID": "40109107218", "designation_types": "MUA", "imu_score": 60.0, "imu_scores": [60.0], "population_types": "Medically Underserved Area", "county": "Oklahoma County", "poverty_rate": null, "pct_65_plus": null, "providers_per_1000": null, "service_area": "East Oklahoma City"}}, {"type": "Feature", "geometry": {"type": "Polygon", "coordinates": [[[-97.521418, 35.442451], [-97.521412, 35.444514], [-97.521234, 35.44832], [-97.520679, 35.44813], [-97.516185, 35.448211], [-97.514966, 35.448052], [-97.512987, 35.448437], [-97.513133, 35.44381], [-97.512432, 35.441518], [-97.509957, 35.437303], [-97.508699, 35.435243], [-97.509059, 35.43524], [-97.512497, 35.43522], [-97.516124, 35.435227], [-97.521437, 35.435237], [-97.521418, 35.442451]]]}, "properties": {"GEOID": "40109104700", "designation_types": "MUA", "imu_score": 60.0, "imu_scores": [60.0], "population_types": "Medically Underserved Area", "county": "Oklahoma County", "poverty_rate": null, "pct_65_plus": null, "providers_per_1000": null, "service_area": "East Oklahoma City"}}, {"type": "Feature", "geometry": {"type": "Polygon", "coordinates": [[[-97.513996, 35.508096], [-97.512786, 35.507781], [-97.503173, 35.507785], [-97.494389, 35.507741], [-97.494442, 35.500459], [-97.494495, 35.493218], [-97.501141, 35.493213], [-97.505487, 35.493226], [-97.512381, 35.493255], [-97.51276, 35.497641], [-97.513058, 35.500577], [-97.513996, 35.508096]]]}, "properties": {"GEOID": "40109100500", "designation_types": "MUA", "imu_score": 60.1, "imu_scores": [60.1], "population_types": "Medically Underserved Area", "county": "Oklahoma County", "poverty_rate": null, "pct_65_plus": null, "providers_per_1000": null, "service_area": "Northeast 23rd North"}}, {"type": "Feature", "geometry": {"type": "Polygon", "coordinates": [[[-97.494313, 35.522261], [-97.485406, 35.522265], [-97.485408, 35.520405], [-97.485425, 35.507702], [-97.48551, 35.507703], [-97.494389, 35.507741], [-97.494313, 35.522261]]]}, "properties": {"GEOID": "40109105201", "designation_types": "MUA", "imu_score": 60.1, "imu_scores": [60.1], "population_types": "Medically Underserved Area", "county": "Oklahoma County", "poverty_rate": null, "pct_65_plus": null, "providers_per_1000": null, "service_area": "Northeast 23rd North"}}, {"type": "Feature", "geometry": {"type": "Polygon", "coordinates": [[[-97.529761, 35.545772], [-97.529751, 35.548444], [-97.529745, 35.550341], [-97.529742, 35.551115], [-97.520657, 35.551123], [-97.514371, 35.551128], [-97.51378, 35.551129], [-97.503013, 35.551126], [-97.50039, 35.551125], [-97.498779, 35.551124], [-97.495993, 35.551123], [-97.494179, 35.55115], [-97.494215, 35.535084], [-97.494313, 35.522261], [-97.502908, 35.522296], [-97.502809, 35.523764], [-97.503656, 35.528714], [-97.504206, 35.529557], [-97.513953, 35.529489], [-97.513565, 35.532244], [-97.513963, 35.536804], [-97.520754, 35.536861], [-97.523911, 35.536865], [-97.526794, 35.537333], [-97.529793, 35.536871], [-97.529761, 35.545772]]]}, "properties": {"GEOID": "40109106200", "designation_types": "MUA", "imu_score": 60.1, "imu_scores": [60.1], "population_types": "Medically Underserved Area", "county": "Oklahoma County", "poverty_rate": null, "pct_65_plus": null, "providers_per_1000": null, "service_area": "Northeast 23rd North"}}, {"type": "Feature", "geometry": {"type": "Polygon", "coordinates": [[[-95.137718, 36.048905], [-95.136265, 36.050181], [-95.13627, 36.067234], [-95.13413, 36.068396], [-95.133819, 36.072244], [-95.134165, 36.074577], [-95.118377, 36.074544], [-95.118391, 36.096317], [-95.118411, 36.103558], [-95.118401, 36.133007], [-95.118404, 36.133983], [-95.1185, 36.16163], [-95.097149, 36.161488], [-95.091541, 36.161595], [-95.06481, 36.161587], [-95.059161, 36.161512], [-95.058089, 36.161718], [-95.028865, 36.161741], [-95.011328, 36.161763], [-95.002811, 36.161751], [-94.958728, 36.161679], [-94.953236, 36.161521], [-94.941994, 36.161638], [-94.940285, 36.161455], [-94.924708, 36.161525], [-94.922362, 36.161543], [-94.896372, 36.161564], [-94.868591, 36.161599], [-94.857681, 36.161607], [-94.853336, 36.161608], [-94.850988, 36.161687], [-94.84873, 36.161665], [-94.846401, 36.161626], [-94.832893, 36.161629], [-94.832787, 36.161629], [-94.814706, 36.161642], [-94.814551, 36.161641], [-94.797409, 36.161652], [-94.797392, 36.13232], [-94.797384, 36.112833], [-94.79738, 36.104466], [-94.802205, 36.105576], [-94.804657, 36.107342], [-94.806453, 36.109887], [-94.80753, 36.114666], [-94.809259, 36.116806], [-94.810442, 36.114992], [-94.813846, 36.112599], [-94.815389, 36.109741], [-94.815248, 36.10711], [-94.81737, 36.102848], [-94.817598, 36.101262], [-94.819219, 36.100515], [-94.823973, 36.099289], [-94.828474, 36.095826], [-94.830324, 36.094781], [-94.832344, 36.091768], [-94.834084, 36.090764], [-94.837175, 36.087385], [-94.83779, 36.085308], [-94.843608, 36.082158], [-94.84762, 36.080545], [-94.85014, 36.077408], [-94.849987, 36.075456], [-94.852168, 36.073577], [-94.856634, 36.073201], [-94.859015, 36.072542], [-94.861126, 36.074093], [-94.864269, 36.071614], [-94.865195, 36.069708], [-94.868871, 36.069426], [-94.870431, 36.069166], [-94.875713, 36.070939], [-94.878274, 36.071336], [-94.87988, 36.070348], [-94.88197, 36.067889], [-94.882858, 36.066975], [-94.883039, 36.065239], [-94.88433, 36.062634], [-94.883896, 36.057817], [-94.887112, 36.054948], [-94.888365, 36.053261], [-94.890246, 36.052072], [-94.892301, 36.051247], [-94.896336, 36.050783], [-94.898176, 36.051266], [-94.899123, 36.053071], [-94.900172, 36.053198], [-94.904216, 36.052261], [-94.904737, 36.051836], [-94.906007, 36.048011], [-94.90426, 36.045516], [-94.90419, 36.043201], [-94.903118, 36.040364], [-94.903907, 36.039289], [-94.902384, 36.037107], [-94.902569, 36.035116], [-94.906654, 36.03178], [-94.909284, 36.031463], [-94.911992, 36.031872], [-94.915554, 36.032861], [-94.9183, 36.032059], [-94.919182, 36.031267], [-94.920199, 36.028877], [-94.918977, 36.025168], [-94.918205, 36.021341], [-94.919762, 36.014498], [-94.920005, 36.01201], [-94.921631, 36.009836], [-94.922911, 36.009029], [-94.923398, 36.006614], [-94.921621, 36.005331], [-94.920863, 36.003026], [-94.91955, 36.001214], [-94.91844, 35.996577], [-94.917609, 35.995685], [-94.915706, 35.996113], [-94.914862, 35.994163], [-94.914769, 35.991193], [-94.915364, 35.988861], [-94.916474, 35.987986], [-94.916087, 35.984184], [-94.918209, 35.982039], [-94.918291, 35.979889], [-94.917331, 35.977029], [-94.919346, 35.977452], [-94.92063, 35.976733], [-94.924222, 35.977331], [-94.924414, 35.978081], [-94.924432, 35.982148], [-94.933162, 35.981269], [-94.935705, 35.979921], [-94.936683, 35.979577], [-94.938819, 35.979893], [-94.943789, 35.981634], [-94.944422, 35.981593], [-94.948773, 35.979541], [-94.951493, 35.979007], [-94.95294, 35.974296], [-94.954619, 35.973386], [-94.957771, 35.973385], [-94.959887, 35.97338], [-94.966767, 35.97339], [-94.980141, 35.973373], [-94.993451, 35.973369], [-94.997733, 35.973387], [-95.002189, 35.973341], [-95.011372, 35.973306], [-95.029204, 35.97327], [-95.029194, 35.967884], [-95.033869, 35.966319], [-95.036691, 35.964352], [-95.043597, 35.961222], [-95.046799, 35.960587], [-95.046919, 35.960584], [-95.047618, 35.960558], [-95.051229, 35.96054], [-95.057403, 35.960401], [-95.0606, 35.95992], [-95.062758, 35.958736], [-95.065058, 35.958599], [-95.067322, 35.958691], [-95.069421, 35.957707], [-95.073146, 35.957537], [-95.076818, 35.959922], [-95.082862, 35.958763], [-95.082864, 35.973286], [-95.082845, 35.97782], [-95.083642, 35.979411], [-95.082821, 35.981579], [-95.082738, 35.987823], [-95.082763, 36.002349], [-95.082755, 36.010567], [-95.083623, 36.011652], [-95.082673, 36.014349], [-95.082812, 36.031304], [-95.082824, 36.045773], [-95.098311, 36.045665], [-95.104911, 36.0456], [-95.105986, 36.041426], [-95.110954, 36.040529], [-95.112235, 36.038564], [-95.115697, 36.036549], [-95.120397, 36.036338], [-95.122949, 36.037216], [-95.123262, 36.040053], [-95.127653, 36.041956], [-95.130735, 36.044625], [-95.131189, 36.044908], [-95.131378, 36.045114], [-95.131704, 36.045582], [-95.13176, 36.045742], [-95.131744, 36.04634], [-95.132711, 36.047469], [-95.134193, 36.046576], [-95.137221, 36.04601], [-95.137718, 36.048905]]]}, "properties": {"GEOID": "40021977600", "designation_types": "MUA", "imu_score": 54.3, "imu_scores": [54.3], "population_types": "Medically Underserved Area", "county": "Cherokee County", "poverty_rate": null, "pct_65_plus": null, "providers_per_1000": null, "service_area": "Northern Cherokee Service Area"}}]}