{"type": "FeatureCollection", "features": [{"type": "Feature", "geometry": {"type": "Point", "coordinates": [-96.24135827, 35.2372427]}, "properties": {"name": "East Central Oklahoma Family Health Center, Inc.", "address": "1102 W Main St", "city": "Henryetta", "county": "Hughes", "zip": "74437", "disciplines_needed": "Primary Care, Dental Health, Mental Health", "max_hpsa_score": 26, "is_auto_hpsa": true, "nhsc_approved": true, "score_primary_care": 21, "score_dental_health": 26, "score_mental_health": 23}}, {"type": "Feature", "geometry": {"type": "Point", "coordinates": [-96.24135827, 35.2372427]}, "properties": {"name": "East Central Oklahoma Family Health Center, Inc.", "address": "109 S Main St", "city": "Wetumka", "county": "Hughes", "zip": "74883", "disciplines_needed": "Primary Care, Dental Health, Mental Health", "max_hpsa_score": 26, "is_auto_hpsa": true, "nhsc_approved": true, "score_primary_care": 21, "score_dental_health": 26, "score_mental_health": 23}}, {"type": "Feature", "geometry": {"type": "Point", "coordinates": [-96.24135827, 35.2372427]}, "properties": {"name": "East Central Oklahoma Family Health Center, Inc.", "address": "207 W 1st St", "city": "Wewoka", "county": "Hughes", "zip": "74884", "disciplines_needed": "Primary Care, Dental Health, Mental Health", "max_hpsa_score": 26, "is_auto_hpsa": true, "nhsc_approved": true, "score_primary_care": 21, "score_dental_health": 26, "score_mental_health": 23}}, {"type": "Feature", "geometry": {"type": "Point", "coordinates": [-96.24135827, 35.2372427]}, "properties": {"name": "East Central Oklahoma Family Health Center, Inc.", "address": "E Shurden Industrial Blvd", "city": "Henryetta", "county": "Hughes", "zip": "74437", "disciplines_needed": "Primary Care, Dental Health, Mental Health", "max_hpsa_score": 26, "is_auto_hpsa": true, "nhsc_approved": true, "score_primary_care": 21, "score_dental_health": 26, "score_mental_health": 23}}, {"type": "Feature", "geometry": {"type": "Point", "coordinates": [-101.47467545, 36.69090214]}, "properties": {"name": "Panhandle Counseling and Health Center Outreach Center", "address": "1309 N East St", "city": "Guymon", "county": "Texas", "zip": "73942", "disciplines_needed": "Primary Care, Dental Health, Mental Health", "max_hpsa_score": 25, "is_auto_hpsa": true, "nhsc_approved": true, "score_primary_care": 20, "score_dental_health": 25, "score_mental_health": 20}}, {"type": "Feature", "geometry": {"type": "Point", "coordinates": [-101.47467545, 36.69090214]}, "properties": {"name": "Panhandle Counseling and Health Center Outreach Center", "address": "208 Medical Dr", "city": "Hooker", "county": "Texas", "zip": "73945", "disciplines_needed": "Primary Care, Dental Health, Mental Health", "max_hpsa_score": 25, "is_auto_hpsa": true, "nhsc_approved": true, "score_primary_care": 20, "score_dental_health": 25, "score_mental_health": 20}}, {"type": "Feature", "geometry": {"type": "Point", "coordinates": [-101.47467545, 36.69090214]}, "properties": {"name": "Panhandle Counseling and Health Center, Inc.", "address": "309 Medical Dr", "city": "Guymon", "county": "Texas", "zip": "73942", "disciplines_needed": "Primary Care, Dental Health, Mental Health", "max_hpsa_score": 25, "is_auto_hpsa": true, "nhsc_approved": true, "score_primary_care": 20, "score_dental_health": 25, "score_mental_health": 20}}, {"type": "Feature", "geometry": {"type": "Point", "coordinates": [-96.67173303, 34.22329867]}, "properties": {"name": "Family Health Center Of Southern Oklahoma", "address": "610 E 24th St", "city": "Tishomingo", "county": "Johnston", "zip": "73460", "disciplines_needed": "Primary Care, Dental Health, Mental Health", "max_hpsa_score": 25, "is_auto_hpsa": true, "nhsc_approved": true, "score_primary_care": 19, "score_dental_health": 25, "score_mental_health": 21}}, {"type": "Feature", "geometry": {"type": "Point", "coordinates": [-96.67173303, 34.22329867]}, "properties": {"name": "FHCSO - Coalgate", "address": "107 E Post Ave", "city": "Coalgate", "county": "Johnston", "zip": "74538", "disciplines_needed": "Primary Care, Dental Health, Mental Health", "max_hpsa_score": 25, "is_auto_hpsa": true, "nhsc_approved": true, "score_primary_care": 19, "score_dental_health": 25, "score_mental_health": 21}}, {"type": "Feature", "geometry": {"type": "Point", "coordinates": [-96.67173303, 34.22329867]}, "properties": {"name": "FHCSO - Kingston", "address": "21 N Main St", "city": "Kingston", "county": "Johnston", "zip": "73439", "disciplines_needed": "Primary Care, Dental Health, Mental Health", "max_hpsa_score": 25, "is_auto_hpsa": true, "nhsc_approved": true, "score_primary_care": 19, "score_dental_health": 25, "score_mental_health": 21}}, {"type": "Feature", "geometry": {"type": "Point", "coordinates": [-96.67173303, 34.22329867]}, "properties": {"name": "FHCSO-Atoka", "address": "457 S Mississippi Ave", "city": "Atoka", "county": "Johnston", "zip": "74525", "disciplines_needed": "Primary Care, Dental Health, Mental Health", "max_hpsa_score": 25, "is_auto_hpsa": true, "nhsc_approved": true, "score_primary_care": 19, "score_dental_health": 25, "score_mental_health": 21}}, {"type": "Feature", "geometry": {"type": "Point", "coordinates": [-98.43427158, 34.60891563]}, "properties": {"name": "LCHC Center for Health", "address": "3811 W Gore Blvd, Suite 6", "city": "Lawton", "county": "Comanche", "zip": "73505", "disciplines_needed": "Primary Care, Dental Health, Mental Health", "max_hpsa_score": 25, "is_auto_hpsa": true, "nhsc_approved": true, "score_primary_care": 21, "score_dental_health": 25, "score_mental_health": 24}}, {"type": "Feature", "geometry": {"type": "Point", "coordinates": [-98.43427158, 34.60891563]}, "properties": {"name": "LCHC Primary Health Care Center at Comanche County Memorial Hospital", "address": "110 NW 31st St", "city": "Lawton", "county": "Comanche", "zip": "73505", "disciplines_needed": "Primary Care, Dental Health, Mental Health", "max_hpsa_score": 25, "is_auto_hpsa": true, "nhsc_approved": true, "score_primary_care": 21, "score_dental_health": 25, "score_mental_health": 24}}, {"type": "Feature", "geometry": {"type": "Point", "coordinates": [-98.43427158, 34.60891563]}, "properties": {"name": "Comanche Community Health Center", "address": "513 Hillery Rd", "city": "Comanche", "county": "Comanche", "zip": "73529", "disciplines_needed": "Primary Care, Dental Health, Mental Health", "max_hpsa_score": 25, "is_auto_hpsa": true, "nhsc_approved": true, "score_primary_care": 21, "score_dental_health": 25, "score_mental_health": 24}}, {"type": "Feature", "geometry": {"type": "Point", "coordinates": [-98.43427158, 34.60891563]}, "properties": {"name": "Lawton Community Health Center", "address": "5404 SW Lee Blvd", "city": "Lawton", "county": "Comanche", "zip": "73505", "disciplines_needed": "Primary Care, Dental Health, Mental Health", "max_hpsa_score": 25, "is_auto_hpsa": true, "nhsc_approved": true, "score_primary_care": 21, "score_dental_health": 25, "score_mental_health": 24}}, {"type": "Feature", "geometry": {"type": "Point", "coordinates": [-98.43427158, 34.60891563]}, "properties": {"name": "LCHC Eastside", "address": "1102 SE 36th St", "city": "Lawton", "county": "Comanche", "zip": "73501", "disciplines_needed": "Primary Care, Dental Health, Mental Health", "max_hpsa_score": 25, "is_auto_hpsa": true, "nhsc_approved": true, "score_primary_care": 21, "score_dental_health": 25, "score_mental_health": 24}}, {"type": "Feature", "geometry": {"type": "Point", "coordinates": [-98.43427158, 34.60891563]}, "properties": {"name": "Marlow Community Health Center", "address": "1324 S Broadway St", "city": "Marlow", "county": "Comanche", "zip": "73055", "disciplines_needed": "Primary Care, Dental Health, Mental Health", "max_hpsa_score": 25, "is_auto_hpsa": true, "nhsc_approved": true, "score_primary_care": 21, "score_dental_health": 25, "score_mental_health": 24}}, {"type": "Feature", "geometry": {"type": "Point", "coordinates": [-98.43427158, 34.60891563]}, "properties": {"name": "LCHC Lawton Pediatrics", "address": "2701 SW Cornell Ave", "city": "Lawton", "county": "Comanche", "zip": "73505", "disciplines_needed": "Primary Care, Dental Health, Mental Health", "max_hpsa_score": 25, "is_auto_hpsa": true, "nhsc_approved": true, "score_primary_care": 21, "score_dental_health": 25, "score_mental_health": 24}}, {"type": "Feature", "geometry": {"type": "Point", "coordinates": [-98.43427158, 34.60891563]}, "properties": {"name": "Comanche School Health Center", "address": "1030 Ash Ave", "city": "Comanche", "county": "Comanche", "zip": "73529", "disciplines_needed": "Primary Care, Dental Health, Mental Health", "max_hpsa_score": 25, "is_auto_hpsa": true, "nhsc_approved": true, "score_primary_care": 21, "score_dental_health": 25, "score_mental_health": 24}}, {"type": "Feature", "geometry": {"type": "Point", "coordinates": [-98.43427158, 34.60891563]}, "properties": {"name": "LCHC Dental", "address": "3811 W Gore Blvd, Ste 1", "city": "Lawton", "county": "Comanche", "zip": "73505", "disciplines_needed": "Primary Care, Dental Health, Mental Health", "max_hpsa_score": 25, "is_auto_hpsa": true, "nhsc_approved": true, "score_primary_care": 21, "score_dental_health": 25, "score_mental_health": 24}}, {"type": "Feature", "geometry": {"type": "Point", "coordinates": [-98.43427158, 34.60891563]}, "properties": {"name": "LCHC Cache", "address": "512 W C Ave", "city": "Cache", "county": "Comanche", "zip": "73527", "disciplines_needed": "Primary Care, Dental Health, Mental Health", "max_hpsa_score": 25, "is_auto_hpsa": true, "nhsc_approved": true, "score_primary_care": 21, "score_dental_health": 25, "score_mental_health": 24}}, {"type": "Feature", "geometry": {"type": "Point", "coordinates": [-98.43427158, 34.60891563]}, "properties": {"name": "LCHC Midtown", "address": "1202 NW Arlington Ave", "city": "Lawton", "county": "Comanche", "zip": "73507", "disciplines_needed": "Primary Care, Dental Health, Mental Health", "max_hpsa_score": 25, "is_auto_hpsa": true, "nhsc_approved": true, "score_primary_care": 21, "score_dental_health": 25, "score_mental_health": 24}}, {"type": "Feature", "geometry": {"type": "Point", "coordinates": [-98.43427158, 34.60891563]}, "properties": {"name": "LCHC Family Dentistry", "address": "6740 NW Cache Rd", "city": "Lawton", "county": "Comanche", "zip": "73505", "disciplines_needed": "Primary Care, Dental Health, Mental Health", "max_hpsa_score": 25, "is_auto_hpsa": true, "nhsc_approved": true, "score_primary_care": 21, "score_dental_health": 25, "score_mental_health": 24}}, {"type": "Feature", "geometry": {"type": "Point", "coordinates": [-98.43427158, 34.60891563]}, "properties": {"name": "LCHC Center for Health Suite 10", "address": "3811 W Gore Blvd, Suite 10", "city": "Lawton", "county": "Comanche", "zip": "73505", "disciplines_needed": "Primary Care, Dental Health, Mental Health", "max_hpsa_score": 25, "is_auto_hpsa": true, "nhsc_approved": true, "score_primary_care": 21, "score_dental_health": 25, "score_mental_health": 24}}, {"type": "Feature", "geometry": {"type": "Point", "coordinates": [-98.43427158, 34.60891563]}, "properties": {"name": "LCHC Family Health Clinic", "address": "3201 W Gore Blvd", "city": "Lawton", "county": "Comanche", "zip": "73505", "disciplines_needed": "Primary Care, Dental Health, Mental Health", "max_hpsa_score": 25, "is_auto_hpsa": true, "nhsc_approved": true, "score_primary_care": 21, "score_dental_health": 25, "score_mental_health": 24}}, {"type": "Feature", "geometry": {"type": "Point", "coordinates": [-98.43427158, 34.60891563]}, "properties": {"name": "LCHC Memorial Medical Clinic", "address": "3201 W Gore Blvd", "city": "Lawton", "county": "Comanche", "zip": "73505", "disciplines_needed": "Primary Care, Dental Health, Mental Health", "max_hpsa_score": 25, "is_auto_hpsa": true, "nhsc_approved": true, "score_primary_care": 21, "score_dental_health": 25, "score_mental_health": 24}}, {"type": "Feature", "geometry": {"type": "Point", "coordinates": [-98.43427158, 34.60891563]}, "properties": {"name": "Elgin Community Health Center", "address": "7936 US Highway 277", "city": "Elgin", "county": "Comanche", "zip": "73538", "disciplines_needed": "Primary Care, Dental Health, Mental Health", "max_hpsa_score": 25, "is_auto_hpsa": true, "nhsc_approved": true, "score_primary_care": 21, "score_dental_health": 25, "score_mental_health": 24}}, {"type": "Feature", "geometry": {"type": "Point", "coordinates": [-98.43427158, 34.60891563]}, "properties": {"name": "LCHC Medicine Park", "address": "19055 State Highway 49", "city": "Lawton", "county": "Comanche", "zip": "73507", "disciplines_needed": "Primary Care, Dental Health, Mental Health", "max_hpsa_score": 25, "is_auto_hpsa": true, "nhsc_approved": true, "score_primary_care": 21, "score_dental_health": 25, "score_mental_health": 24}}, {"type": "Feature", "geometry": {"type": "Point", "coordinates": [-98.43427158, 34.60891563]}, "properties": {"name": "LCHC Family Care Clinic", "address": "3201 W Gore Blvd", "city": "Lawton", "county": "Comanche", "zip": "73505", "disciplines_needed": "Primary Care, Dental Health, Mental Health", "max_hpsa_score": 25, "is_auto_hpsa": true, "nhsc_approved": true, "score_primary_care": 21, "score_dental_health": 25, "score_mental_health": 24}}, {"type": "Feature", "geometry": {"type": "Point", "coordinates": [-98.43427158, 34.60891563]}, "properties": {"name": "LCHC Great Plains Pediatrics", "address": "3201 W Gore Blvd", "city": "Lawton", "county": "Comanche", "zip": "73505", "disciplines_needed": "Primary Care, Dental Health, Mental Health", "max_hpsa_score": 25, "is_auto_hpsa": true, "nhsc_approved": true, "score_primary_care": 21, "score_dental_health": 25, "score_mental_health": 24}}, {"type": "Feature", "geometry": {"type": "Point", "coordinates": [-98.43427158, 34.60891563]}, "properties": {"name": "LCHC Apache", "address": "1102 S Coblake St", "city": "Apache", "county": "Comanche", "zip": "73006", "disciplines_needed": "Primary Care, Dental Health, Mental Health", "max_hpsa_score": 25, "is_auto_hpsa": true, "nhsc_approved": true, "score_primary_care": 21, "score_dental_health": 25, "score_mental_health": 24}}, {"type": "Feature", "geometry": {"type": "Point", "coordinates": [-98.43427158, 34.60891563]}, "properties": {"name": "LCHC Family Continuity Clinic", "address": "2609 SW Lee Blvd", "city": "Lawton", "county": "Comanche", "zip": "73505", "disciplines_needed": "Primary Care, Dental Health, Mental Health", "max_hpsa_score": 25, "is_auto_hpsa": true, "nhsc_approved": true, "score_primary_care": 21, "score_dental_health": 25, "score_mental_health": 24}}, {"type": "Feature", "geometry": {"type": "Point", "coordinates": [-98.43427158, 34.60891563]}, "properties": {"name": "LCHC Burns Flat", "address": "Sooner Dr", "city": "Burns Flat", "county": "Comanche", "zip": "73624", "disciplines_needed": "Primary Care, Dental Health, Mental Health", "max_hpsa_score": 25, "is_auto_hpsa": true, "nhsc_approved": true, "score_primary_care": 21, "score_dental_health": 25, "score_mental_health": 24}}, {"type": "Feature", "geometry": {"type": "Point", "coordinates": [-98.43427158, 34.60891563]}, "properties": {"name": "LCHC Southcare Clinic", "address": "512 SW Lee Blvd", "city": "Lawton", "county": "Comanche", "zip": "73501", "disciplines_needed": "Primary Care, Dental Health, Mental Health", "max_hpsa_score": 25, "is_auto_hpsa": true, "nhsc_approved": true, "score_primary_care": 21, "score_dental_health": 25, "score_mental_health": 24}}, {"type": "Feature", "geometry": {"type": "Point", "coordinates": [-97.60284613, 34.83519844]}, "properties": {"name": "South Central Medical and Resource Center", "address": "216 S Main St", "city": "Lindsay", "county": "Garvin", "zip": "73052", "disciplines_needed": "Primary Care, Dental Health, Mental Health", "max_hpsa_score": 25, "is_auto_hpsa": true, "nhsc_approved": true, "score_primary_care": 21, "score_dental_health": 25, "score_mental_health": 21}}, {"type": "Feature", "geometry": {"type": "Point", "coordinates": [-97.60284613, 34.83519844]}, "properties": {"name": "South Central Medical Center - Behavioral Health", "address": "217 S Main St", "city": "Lindsay", "county": "Garvin", "zip": "73052", "disciplines_needed": "Primary Care, Dental Health, Mental Health", "max_hpsa_score": 25, "is_auto_hpsa": true, "nhsc_approved": true, "score_primary_care": 21, "score_dental_health": 25, "score_mental_health": 21}}, {"type": "Feature", "geometry": {"type": "Point", "coordinates": [-97.60284613, 34.83519844]}, "properties": {"name": "South Central Medical Center- Lindsay Campus", "address": "707 W Comanche St", "city": "Lindsay", "county": "Garvin", "zip": "73052", "disciplines_needed": "Primary Care, Dental Health, Mental Health", "max_hpsa_score": 25, "is_auto_hpsa": true, "nhsc_approved": true, "score_primary_care": 21, "score_dental_health": 25, "score_mental_health": 21}}, {"type": "Feature", "geometry": {"type": "Point", "coordinates": [-97.60284613, 34.83519844]}, "properties": {"name": "South Central Medical Center-Maysville", "address": "504 Williams", "city": "Maysville", "county": "Garvin", "zip": "73057", "disciplines_needed": "Primary Care, Dental Health, Mental Health", "max_hpsa_score": 25, "is_auto_hpsa": true, "nhsc_approved": true, "score_primary_care": 21, "score_dental_health": 25, "score_mental_health": 21}}, {"type": "Feature", "geometry": {"type": "Point", "coordinates": [-97.60284613, 34.83519844]}, "properties": {"name": "South Central Medical Center-Chickasha", "address": "2222 W Iowa Ave", "city": "Chickasha", "county": "Garvin", "zip": "73018", "disciplines_needed": "Primary Care, Dental Health, Mental Health", "max_hpsa_score": 25, "is_auto_hpsa": true, "nhsc_approved": true, "score_primary_care": 21, "score_dental_health": 25, "score_mental_health": 21}}, {"type": "Feature", "geometry": {"type": "Point", "coordinates": [-97.60284613, 34.83519844]}, "properties": {"name": "South Central Medical Center - Washington Site", "address": "101 E Kerby Ave", "city": "Purcell", "county": "Garvin", "zip": "73080", "disciplines_needed": "Primary Care, Dental Health, Mental Health", "max_hpsa_score": 25, "is_auto_hpsa": true, "nhsc_approved": true, "score_primary_care": 21, "score_dental_health": 25, "score_mental_health": 21}}, {"type": "Feature", "geometry": {"type": "Point", "coordinates": [-95.78082889, 34.95290812]}, "properties": {"name": "McAlester - Oklahoma State Penitentiary", "address": "1301 N West St", "city": "McAlester", "county": "Pittsburg", "zip": "74501", "disciplines_needed": "Dental Health, Mental Health", "max_hpsa_score": 24, "is_auto_hpsa": false, "nhsc_approved": true, "score_dental_health": 12, "score_mental_health": 24}}, {"type": "Feature", "geometry": {"type": "Point", "coordinates": [-96.367619, 34.695703]}, "properties": {"name": "CF-Mack Alford", "address": "13001 North", "city": "Atoka", "county": "Coal", "zip": "74525", "disciplines_needed": "Mental Health", "max_hpsa_score": 24, "is_auto_hpsa": false, "nhsc_approved": true, "score_mental_health": 24}}, {"type": "Feature", "geometry": {"type": "Point", "coordinates": [-95.10651948, 35.25694659]}, "properties": {"name": "HWC - Checotah", "address": "212 W Spaulding St", "city": "Checotah", "county": "Haskell", "zip": "74426", "disciplines_needed": "Primary Care, Dental Health, Mental Health", "max_hpsa_score": 23, "is_auto_hpsa": true, "nhsc_approved": true, "score_primary_care": 19, "score_dental_health": 22, "score_mental_health": 23}}, {"type": "Feature", "geometry": {"type": "Point", "coordinates": [-95.10651948, 35.25694659]}, "properties": {"name": "HWC - Warner", "address": "806 Campbell Ave, Unit A", "city": "Warner", "county": "Haskell", "zip": "74469", "disciplines_needed": "Primary Care, Dental Health, Mental Health", "max_hpsa_score": 23, "is_auto_hpsa": true, "nhsc_approved": true, "score_primary_care": 19, "score_dental_health": 22, "score_mental_health": 23}}, {"type": "Feature", "geometry": {"type": "Point", "coordinates": [-95.10651948, 35.25694659]}, "properties": {"name": "HWC - Poteau", "address": "1120 Tarby Rd", "city": "Poteau", "county": "Haskell", "zip": "74953", "disciplines_needed": "Primary Care, Dental Health, Mental Health", "max_hpsa_score": 23, "is_auto_hpsa": true, "nhsc_approved": true, "score_primary_care": 19, "score_dental_health": 22, "score_mental_health": 23}}, {"type": "Feature", "geometry": {"type": "Point", "coordinates": [-95.10651948, 35.25694659]}, "properties": {"name": "HWC Adventure Head Start/Early Head Start \u2013 Checotah", "address": "214 SE 2nd St", "city": "Checotah", "county": "Haskell", "zip": "74426", "disciplines_needed": "Primary Care, Dental Health, Mental Health", "max_hpsa_score": 23, "is_auto_hpsa": true, "nhsc_approved": true, "score_primary_care": 19, "score_dental_health": 22, "score_mental_health": 23}}, {"type": "Feature", "geometry": {"type": "Point", "coordinates": [-95.10651948, 35.25694659]}, "properties": {"name": "HWC Adventure Head Start-Grand View", "address": "15481 N Jarvis Rd", "city": "Tahlequah", "county": "Haskell", "zip": "74464", "disciplines_needed": "Primary Care, Dental Health, Mental Health", "max_hpsa_score": 23, "is_auto_hpsa": true, "nhsc_approved": true, "score_primary_care": 19, "score_dental_health": 22, "score_mental_health": 23}}, {"type": "Feature", "geometry": {"type": "Point", "coordinates": [-95.10651948, 35.25694659]}, "properties": {"name": "HWC Provider+ Bartlesville", "address": "1120 SE Frank Phillips Blvd", "city": "Bartlesville", "county": "Haskell", "zip": "74003", "disciplines_needed": "Primary Care, Dental Health, Mental Health", "max_hpsa_score": 23, "is_auto_hpsa": true, "nhsc_approved": true, "score_primary_care": 19, "score_dental_health": 22, "score_mental_health": 23}}, {"type": "Feature", "geometry": {"type": "Point", "coordinates": [-95.10651948, 35.25694659]}, "properties": {"name": "HWC - Wilburton", "address": "802 Highway 2 N", "city": "Wilburton", "county": "Haskell", "zip": "74578", "disciplines_needed": "Primary Care, Dental Health, Mental Health", "max_hpsa_score": 23, "is_auto_hpsa": true, "nhsc_approved": true, "score_primary_care": 19, "score_dental_health": 22, "score_mental_health": 23}}, {"type": "Feature", "geometry": {"type": "Point", "coordinates": [-95.10651948, 35.25694659]}, "properties": {"name": "HWC - The Oaks", "address": "628 E Creek Ave", "city": "Mcalester", "county": "Haskell", "zip": "74501", "disciplines_needed": "Primary Care, Dental Health, Mental Health", "max_hpsa_score": 23, "is_auto_hpsa": true, "nhsc_approved": true, "score_primary_care": 19, "score_dental_health": 22, "score_mental_health": 23}}, {"type": "Feature", "geometry": {"type": "Point", "coordinates": [-95.10651948, 35.25694659]}, "properties": {"name": "HWC - Mobile Services Unit", "address": "1630 S Kerr Blvd", "city": "Sallisaw", "county": "Haskell", "zip": "74955", "disciplines_needed": "Primary Care, Dental Health, Mental Health", "max_hpsa_score": 23, "is_auto_hpsa": true, "nhsc_approved": true, "score_primary_care": 19, "score_dental_health": 22, "score_mental_health": 23}}, {"type": "Feature", "geometry": {"type": "Point", "coordinates": [-95.10651948, 35.25694659]}, "properties": {"name": "HWC Adventure Head Start \u2013 Stigler Head Start/Early Head Start", "address": "1302 E Central Ave", "city": "Stigler", "county": "Haskell", "zip": "74462", "disciplines_needed": "Primary Care, Dental Health, Mental Health", "max_hpsa_score": 23, "is_auto_hpsa": true, "nhsc_approved": true, "score_primary_care": 19, "score_dental_health": 22, "score_mental_health": 23}}, {"type": "Feature", "geometry": {"type": "Point", "coordinates": [-95.10651948, 35.25694659]}, "properties": {"name": "HWC Adventure Head Start \u2013 McCurtain", "address": "Swanson St", "city": "McCurtain", "county": "Haskell", "zip": "74944", "disciplines_needed": "Primary Care, Dental Health, Mental Health", "max_hpsa_score": 23, "is_auto_hpsa": true, "nhsc_approved": true, "score_primary_care": 19, "score_dental_health": 22, "score_mental_health": 23}}, {"type": "Feature", "geometry": {"type": "Point", "coordinates": [-95.10651948, 35.25694659]}, "properties": {"name": "HWC Adventure Head Start \u2013 Quinton", "address": "710 N J St", "city": "Quinton", "county": "Haskell", "zip": "74561", "disciplines_needed": "Primary Care, Dental Health, Mental Health", "max_hpsa_score": 23, "is_auto_hpsa": true, "nhsc_approved": true, "score_primary_care": 19, "score_dental_health": 22, "score_mental_health": 23}}, {"type": "Feature", "geometry": {"type": "Point", "coordinates": [-95.10651948, 35.25694659]}, "properties": {"name": "HWC Adventure Head Start - Sallisaw EHS", "address": "305 S Walnut St", "city": "Sallisaw", "county": "Haskell", "zip": "74955", "disciplines_needed": "Primary Care, Dental Health, Mental Health", "max_hpsa_score": 23, "is_auto_hpsa": true, "nhsc_approved": true, "score_primary_care": 19, "score_dental_health": 22, "score_mental_health": 23}}, {"type": "Feature", "geometry": {"type": "Point", "coordinates": [-95.10651948, 35.25694659]}, "properties": {"name": "HWC Adventure Head Start-Sallisaw", "address": "200 N Holly St", "city": "Sallisaw", "county": "Haskell", "zip": "74955", "disciplines_needed": "Primary Care, Dental Health, Mental Health", "max_hpsa_score": 23, "is_auto_hpsa": true, "nhsc_approved": true, "score_primary_care": 19, "score_dental_health": 22, "score_mental_health": 23}}, {"type": "Feature", "geometry": {"type": "Point", "coordinates": [-95.10651948, 35.25694659]}, "properties": {"name": "HWC - Checotah Pharmacy", "address": "1002 W Gentry Ave", "city": "Checotah", "county": "Haskell", "zip": "74426", "disciplines_needed": "Primary Care, Dental Health, Mental Health", "max_hpsa_score": 23, "is_auto_hpsa": true, "nhsc_approved": true, "score_primary_care": 19, "score_dental_health": 22, "score_mental_health": 23}}, {"type": "Feature", "geometry": {"type": "Point", "coordinates": [-95.10651948, 35.25694659]}, "properties": {"name": "HWC Adventure Head Start/Early Head Start \u2013 Wilburton", "address": "607 SW 8th St", "city": "Wilburton", "county": "Haskell", "zip": "74578", "disciplines_needed": "Primary Care, Dental Health, Mental Health", "max_hpsa_score": 23, "is_auto_hpsa": true, "nhsc_approved": true, "score_primary_care": 19, "score_dental_health": 22, "score_mental_health": 23}}, {"type": "Feature", "geometry": {"type": "Point", "coordinates": [-95.10651948, 35.25694659]}, "properties": {"name": "HWC Adventure Head Start- Tahlequah", "address": "480 Skill Center Cir", "city": "Tahlequah", "county": "Haskell", "zip": "74464", "disciplines_needed": "Primary Care, Dental Health, Mental Health", "max_hpsa_score": 23, "is_auto_hpsa": true, "nhsc_approved": true, "score_primary_care": 19, "score_dental_health": 22, "score_mental_health": 23}}, {"type": "Feature", "geometry": {"type": "Point", "coordinates": [-95.10651948, 35.25694659]}, "properties": {"name": "HWC Provider + Tulsa", "address": "7485 E 46th Pl", "city": "Tulsa", "county": "Haskell", "zip": "74145", "disciplines_needed": "Primary Care, Dental Health, Mental Health", "max_hpsa_score": 23, "is_auto_hpsa": true, "nhsc_approved": true, "score_primary_care": 19, "score_dental_health": 22, "score_mental_health": 23}}, {"type": "Feature", "geometry": {"type": "Point", "coordinates": [-95.10651948, 35.25694659]}, "properties": {"name": "HWC - Stigler", "address": "1505 E Main St", "city": "Stigler", "county": "Haskell", "zip": "74462", "disciplines_needed": "Primary Care, Dental Health, Mental Health", "max_hpsa_score": 23, "is_auto_hpsa": true, "nhsc_approved": true, "score_primary_care": 19, "score_dental_health": 22, "score_mental_health": 23}}, {"type": "Feature", "geometry": {"type": "Point", "coordinates": [-95.10651948, 35.25694659]}, "properties": {"name": "HWC Adventure Head Start-Tahlequah EHS", "address": "17200 N Bryant Rd", "city": "Tahlequah", "county": "Haskell", "zip": "74464", "disciplines_needed": "Primary Care, Dental Health, Mental Health", "max_hpsa_score": 23, "is_auto_hpsa": true, "nhsc_approved": true, "score_primary_care": 19, "score_dental_health": 22, "score_mental_health": 23}}, {"type": "Feature", "geometry": {"type": "Point", "coordinates": [-95.10651948, 35.25694659]}, "properties": {"name": "HWC Adventure Head Start - Briggs", "address": "17210 S 569 Rd", "city": "Tahlequah", "county": "Haskell", "zip": "74464", "disciplines_needed": "Primary Care, Dental Health, Mental Health", "max_hpsa_score": 23, "is_auto_hpsa": true, "nhsc_approved": true, "score_primary_care": 19, "score_dental_health": 22, "score_mental_health": 23}}, {"type": "Feature", "geometry": {"type": "Point", "coordinates": [-95.10651948, 35.25694659]}, "properties": {"name": "HWC - Sallisaw", "address": "1630 S Kerr Blvd", "city": "Sallisaw", "county": "Haskell", "zip": "74955", "disciplines_needed": "Primary Care, Dental Health, Mental Health", "max_hpsa_score": 23, "is_auto_hpsa": true, "nhsc_approved": true, "score_primary_care": 19, "score_dental_health": 22, "score_mental_health": 23}}, {"type": "Feature", "geometry": {"type": "Point", "coordinates": [-95.10651948, 35.25694659]}, "properties": {"name": "HWC - Eufaula", "address": "111 W Forrest Ave STE A", "city": "Eufaula", "county": "Haskell", "zip": "74432", "disciplines_needed": "Primary Care, Dental Health, Mental Health", "max_hpsa_score": 23, "is_auto_hpsa": true, "nhsc_approved": true, "score_primary_care": 19, "score_dental_health": 22, "score_mental_health": 23}}, {"type": "Feature", "geometry": {"type": "Point", "coordinates": [-95.10651948, 35.25694659]}, "properties": {"name": "HWC - Eufaula Pharmacy", "address": "401 S Main St", "city": "Eufaula", "county": "Haskell", "zip": "74432", "disciplines_needed": "Primary Care, Dental Health, Mental Health", "max_hpsa_score": 23, "is_auto_hpsa": true, "nhsc_approved": true, "score_primary_care": 19, "score_dental_health": 22, "score_mental_health": 23}}, {"type": "Feature", "geometry": {"type": "Point", "coordinates": [-95.10651948, 35.25694659]}, "properties": {"name": "HWC Adventure Head Start/Early Head Start\u2013 Hartshorne", "address": "821 Arapahoe Ave", "city": "Hartshorne", "county": "Haskell", "zip": "74547", "disciplines_needed": "Primary Care, Dental Health, Mental Health", "max_hpsa_score": 23, "is_auto_hpsa": true, "nhsc_approved": true, "score_primary_care": 19, "score_dental_health": 22, "score_mental_health": 23}}, {"type": "Feature", "geometry": {"type": "Point", "coordinates": [-95.10651948, 35.25694659]}, "properties": {"name": "HWC Adventure Head Start/Early Head Start-Westville", "address": "Buffington Rd", "city": "Westville", "county": "Haskell", "zip": "74965", "disciplines_needed": "Primary Care, Dental Health, Mental Health", "max_hpsa_score": 23, "is_auto_hpsa": true, "nhsc_approved": true, "score_primary_care": 19, "score_dental_health": 22, "score_mental_health": 23}}, {"type": "Feature", "geometry": {"type": "Point", "coordinates": [-95.10651948, 35.25694659]}, "properties": {"name": "HWC Adventure Head Start \u2013 Vian", "address": "301 W Hunter", "city": "Vian", "county": "Haskell", "zip": "74962", "disciplines_needed": "Primary Care, Dental Health, Mental Health", "max_hpsa_score": 23, "is_auto_hpsa": true, "nhsc_approved": true, "score_primary_care": 19, "score_dental_health": 22, "score_mental_health": 23}}, {"type": "Feature", "geometry": {"type": "Point", "coordinates": [-95.10651948, 35.25694659]}, "properties": {"name": "HWC Adventure Head Start/Early Head Start - McAlester", "address": "1615 US-69 N", "city": "McAlester", "county": "Haskell", "zip": "74501", "disciplines_needed": "Primary Care, Dental Health, Mental Health", "max_hpsa_score": 23, "is_auto_hpsa": true, "nhsc_approved": true, "score_primary_care": 19, "score_dental_health": 22, "score_mental_health": 23}}, {"type": "Feature", "geometry": {"type": "Point", "coordinates": [-96.70426613, 36.57250721]}, "properties": {"name": "Hominy Family Health Center", "address": "119 W Main St", "city": "Hominy", "county": "Osage", "zip": "74035", "disciplines_needed": "Primary Care, Dental Health, Mental Health", "max_hpsa_score": 23, "is_auto_hpsa": true, "nhsc_approved": true, "score_primary_care": 21, "score_dental_health": 21, "score_mental_health": 23}}, {"type": "Feature", "geometry": {"type": "Point", "coordinates": [-96.70426613, 36.57250721]}, "properties": {"name": "Ponca City Family Health Center", "address": "122 E Grand Ave", "city": "Ponca City", "county": "Osage", "zip": "74601", "disciplines_needed": "Primary Care, Dental Health, Mental Health", "max_hpsa_score": 23, "is_auto_hpsa": true, "nhsc_approved": true, "score_primary_care": 21, "score_dental_health": 21, "score_mental_health": 23}}, {"type": "Feature", "geometry": {"type": "Point", "coordinates": [-96.70426613, 36.57250721]}, "properties": {"name": "ROBERT CLARK FAMILY HEALTH CENTER (DBA)", "address": "212 N Main St", "city": "Fairfax", "county": "Osage", "zip": "74637", "disciplines_needed": "Primary Care, Dental Health, Mental Health", "max_hpsa_score": 23, "is_auto_hpsa": true, "nhsc_approved": true, "score_primary_care": 21, "score_dental_health": 21, "score_mental_health": 23}}, {"type": "Feature", "geometry": {"type": "Point", "coordinates": [-96.70426613, 36.57250721]}, "properties": {"name": "Newkirk Family Health Center", "address": "716 S Highway 77", "city": "Newkirk", "county": "Osage", "zip": "74647", "disciplines_needed": "Primary Care, Dental Health, Mental Health", "max_hpsa_score": 23, "is_auto_hpsa": true, "nhsc_approved": true, "score_primary_care": 21, "score_dental_health": 21, "score_mental_health": 23}}, {"type": "Feature", "geometry": {"type": "Point", "coordinates": [-98.35843581, 36.75419037]}, "properties": {"name": "GSP Health Cherokee", "address": "405 S Oklahoma Ave", "city": "Cherokee", "county": "Alfalfa", "zip": "73728", "disciplines_needed": "Primary Care, Dental Health, Mental Health", "max_hpsa_score": 23, "is_auto_hpsa": true, "nhsc_approved": true, "score_primary_care": 19, "score_dental_health": 22, "score_mental_health": 23}}, {"type": "Feature", "geometry": {"type": "Point", "coordinates": [-98.35843581, 36.75419037]}, "properties": {"name": "GSP Health Enid West", "address": "5320 W Chestnut Ave", "city": "Enid", "county": "Alfalfa", "zip": "73703", "disciplines_needed": "Primary Care, Dental Health, Mental Health", "max_hpsa_score": 23, "is_auto_hpsa": true, "nhsc_approved": true, "score_primary_care": 19, "score_dental_health": 22, "score_mental_health": 23}}, {"type": "Feature", "geometry": {"type": "Point", "coordinates": [-98.35843581, 36.75419037]}, "properties": {"name": "Temporary Site - GSP Health Enid East Temporary Behavioral Health aka Hedges Regional Speech and Hearing", "address": "2615 E Randolph Ave", "city": "Enid", "county": "Alfalfa", "zip": "73701", "disciplines_needed": "Primary Care, Dental Health, Mental Health", "max_hpsa_score": 23, "is_auto_hpsa": true, "nhsc_approved": true, "score_primary_care": 19, "score_dental_health": 22, "score_mental_health": 23}}, {"type": "Feature", "geometry": {"type": "Point", "coordinates": [-98.35843581, 36.75419037]}, "properties": {"name": "GSP Health Enid Central", "address": "1106 E Broadway Ave", "city": "Enid", "county": "Alfalfa", "zip": "73701", "disciplines_needed": "Primary Care, Dental Health, Mental Health", "max_hpsa_score": 23, "is_auto_hpsa": true, "nhsc_approved": true, "score_primary_care": 19, "score_dental_health": 22, "score_mental_health": 23}}, {"type": "Feature", "geometry": {"type": "Point", "coordinates": [-98.35843581, 36.75419037]}, "properties": {"name": "Temporary Site - GSP Health Enid East Temporary Medical aka Enid Community Clinic", "address": "1106 E Broadway Ave", "city": "Enid", "county": "Alfalfa", "zip": "73701", "disciplines_needed": "Primary Care, Dental Health, Mental Health", "max_hpsa_score": 23, "is_auto_hpsa": true, "nhsc_approved": true, "score_primary_care": 19, "score_dental_health": 22, "score_mental_health": 23}}, {"type": "Feature", "geometry": {"type": "Point", "coordinates": [-98.35843581, 36.75419037]}, "properties": {"name": "GSP Health Medford", "address": "619 N Front St", "city": "Medford", "county": "Alfalfa", "zip": "73759", "disciplines_needed": "Primary Care, Dental Health, Mental Health", "max_hpsa_score": 23, "is_auto_hpsa": true, "nhsc_approved": true, "score_primary_care": 19, "score_dental_health": 22, "score_mental_health": 23}}, {"type": "Feature", "geometry": {"type": "Point", "coordinates": [-98.35843581, 36.75419037]}, "properties": {"name": "GSP Health East Enid", "address": "231 S 30th St", "city": "Enid", "county": "Alfalfa", "zip": "73701", "disciplines_needed": "Primary Care, Dental Health, Mental Health", "max_hpsa_score": 23, "is_auto_hpsa": true, "nhsc_approved": true, "score_primary_care": 19, "score_dental_health": 22, "score_mental_health": 23}}, {"type": "Feature", "geometry": {"type": "Point", "coordinates": [-98.35843581, 36.75419037]}, "properties": {"name": "GSP Health Canton", "address": "310 Walnut St", "city": "Canton", "county": "Alfalfa", "zip": "73724", "disciplines_needed": "Primary Care, Dental Health, Mental Health", "max_hpsa_score": 23, "is_auto_hpsa": true, "nhsc_approved": true, "score_primary_care": 19, "score_dental_health": 22, "score_mental_health": 23}}, {"type": "Feature", "geometry": {"type": "Point", "coordinates": [-98.35843581, 36.75419037]}, "properties": {"name": "GSP Health Enid Downtown", "address": "115 W Broadway Ave", "city": "Enid", "county": "Alfalfa", "zip": "73701", "disciplines_needed": "Primary Care, Dental Health, Mental Health", "max_hpsa_score": 23, "is_auto_hpsa": true, "nhsc_approved": true, "score_primary_care": 19, "score_dental_health": 22, "score_mental_health": 23}}, {"type": "Feature", "geometry": {"type": "Point", "coordinates": [-99.91438342, 34.69568727]}, "properties": {"name": "Shortgrass Community Health Center, Inc.", "address": "400 E Sycamore St", "city": "Hollis", "county": "Harmon", "zip": "73550", "disciplines_needed": "Primary Care, Dental Health, Mental Health", "max_hpsa_score": 23, "is_auto_hpsa": true, "nhsc_approved": true, "score_primary_care": 20, "score_dental_health": 23, "score_mental_health": 23}}, {"type": "Feature", "geometry": {"type": "Point", "coordinates": [-99.91438342, 34.69568727]}, "properties": {"name": "Shortgrass Community Health Center Altus", "address": "101 S Hudson St", "city": "Altus", "county": "Harmon", "zip": "73521", "disciplines_needed": "Primary Care, Dental Health, Mental Health", "max_hpsa_score": 23, "is_auto_hpsa": true, "nhsc_approved": true, "score_primary_care": 20, "score_dental_health": 23, "score_mental_health": 23}}, {"type": "Feature", "geometry": {"type": "Point", "coordinates": [-95.14348477, 35.93271277]}, "properties": {"name": "NeoHealth Hulbert Pharmacy", "address": "131 E Main St", "city": "Hulbert", "county": "Cherokee", "zip": "74441", "disciplines_needed": "Primary Care, Dental Health, Mental Health", "max_hpsa_score": 22, "is_auto_hpsa": true, "nhsc_approved": true, "score_primary_care": 20, "score_dental_health": 15, "score_mental_health": 22}}, {"type": "Feature", "geometry": {"type": "Point", "coordinates": [-95.14348477, 35.93271277]}, "properties": {"name": "Hulbert Health Center", "address": "124 E Main St", "city": "Hulbert", "county": "Cherokee", "zip": "74441", "disciplines_needed": "Primary Care, Dental Health, Mental Health", "max_hpsa_score": 22, "is_auto_hpsa": true, "nhsc_approved": true, "score_primary_care": 20, "score_dental_health": 15, "score_mental_health": 22}}, {"type": "Feature", "geometry": {"type": "Point", "coordinates": [-95.14348477, 35.93271277]}, "properties": {"name": "NeoHealth Salina", "address": "101 E Ferry St", "city": "Salina", "county": "Cherokee", "zip": "74365", "disciplines_needed": "Primary Care, Dental Health, Mental Health", "max_hpsa_score": 22, "is_auto_hpsa": true, "nhsc_approved": true, "score_primary_care": 20, "score_dental_health": 15, "score_mental_health": 22}}, {"type": "Feature", "geometry": {"type": "Point", "coordinates": [-95.14348477, 35.93271277]}, "properties": {"name": "Tahlequah ENT", "address": "1203 E Ross Byp", "city": "Tahlequah", "county": "Cherokee", "zip": "74464", "disciplines_needed": "Primary Care, Dental Health, Mental Health", "max_hpsa_score": 22, "is_auto_hpsa": true, "nhsc_approved": true, "score_primary_care": 20, "score_dental_health": 15, "score_mental_health": 22}}, {"type": "Feature", "geometry": {"type": "Point", "coordinates": [-95.14348477, 35.93271277]}, "properties": {"name": "NeoHealth Muskogee Medical Clinic", "address": "922 N York St", "city": "Muskogee", "county": "Cherokee", "zip": "74403", "disciplines_needed": "Primary Care, Dental Health, Mental Health", "max_hpsa_score": 22, "is_auto_hpsa": true, "nhsc_approved": true, "score_primary_care": 20, "score_dental_health": 15, "score_mental_health": 22}}, {"type": "Feature", "geometry": {"type": "Point", "coordinates": [-95.14348477, 35.93271277]}, "properties": {"name": "Tahlequah Medical Center", "address": "1500 E Downing St, Ste 214", "city": "Tahlequah", "county": "Cherokee", "zip": "74464", "disciplines_needed": "Primary Care, Dental Health, Mental Health", "max_hpsa_score": 22, "is_auto_hpsa": true, "nhsc_approved": true, "score_primary_care": 20, "score_dental_health": 15, "score_mental_health": 22}}, {"type": "Feature", "geometry": {"type": "Point", "coordinates": [-95.14348477, 35.93271277]}, "properties": {"name": "Tahlequah Family Practice", "address": "1500 E Downing St, Suite 101", "city": "Tahlequah", "county": "Cherokee", "zip": "74464", "disciplines_needed": "Primary Care, Dental Health, Mental Health", "max_hpsa_score": 22, "is_auto_hpsa": true, "nhsc_approved": true, "score_primary_care": 20, "score_dental_health": 15, "score_mental_health": 22}}, {"type": "Feature", "geometry": {"type": "Point", "coordinates": [-95.14348477, 35.93271277]}, "properties": {"name": "NeoHealth Pryor Family Medical Center", "address": "5319 S Mill St", "city": "Pryor", "county": "Cherokee", "zip": "74361", "disciplines_needed": "Primary Care, Dental Health, Mental Health", "max_hpsa_score": 22, "is_auto_hpsa": true, "nhsc_approved": true, "score_primary_care": 20, "score_dental_health": 15, "score_mental_health": 22}}, {"type": "Feature", "geometry": {"type": "Point", "coordinates": [-95.14348477, 35.93271277]}, "properties": {"name": "NeoHealth Tahlequah Pediatrics", "address": "1310 E Boone St", "city": "Tahlequah", "county": "Cherokee", "zip": "74464", "disciplines_needed": "Primary Care, Dental Health, Mental Health", "max_hpsa_score": 22, "is_auto_hpsa": true, "nhsc_approved": true, "score_primary_care": 20, "score_dental_health": 15, "score_mental_health": 22}}, {"type": "Feature", "geometry": {"type": "Point", "coordinates": [-95.14348477, 35.93271277]}, "properties": {"name": "NeoHealth Tahlequah Primary Care", "address": "1500 E Downing St, Suite 103", "city": "Tahlequah", "county": "Cherokee", "zip": "74464", "disciplines_needed": "Primary Care, Dental Health, Mental Health", "max_hpsa_score": 22, "is_auto_hpsa": true, "nhsc_approved": true, "score_primary_care": 20, "score_dental_health": 15, "score_mental_health": 22}}, {"type": "Feature", "geometry": {"type": "Point", "coordinates": [-95.14348477, 35.93271277]}, "properties": {"name": "Westville Family Medicine", "address": "Buffington Rd", "city": "Westville", "county": "Cherokee", "zip": "74965", "disciplines_needed": "Primary Care, Dental Health, Mental Health", "max_hpsa_score": 22, "is_auto_hpsa": true, "nhsc_approved": true, "score_primary_care": 20, "score_dental_health": 15, "score_mental_health": 22}}, {"type": "Feature", "geometry": {"type": "Point", "coordinates": [-95.14348477, 35.93271277]}, "properties": {"name": "NeoHealth Mobile Medical Van", "address": "225 N Elm St", "city": "Hulbert", "county": "Cherokee", "zip": "74441", "disciplines_needed": "Primary Care, Dental Health, Mental Health", "max_hpsa_score": 22, "is_auto_hpsa": true, "nhsc_approved": true, "score_primary_care": 20, "score_dental_health": 15, "score_mental_health": 22}}, {"type": "Feature", "geometry": {"type": "Point", "coordinates": [-95.14348477, 35.93271277]}, "properties": {"name": "NeoHealth OB", "address": "1500 E Downing St, Suite 208", "city": "Tahlequah", "county": "Cherokee", "zip": "74464", "disciplines_needed": "Primary Care, Dental Health, Mental Health", "max_hpsa_score": 22, "is_auto_hpsa": true, "nhsc_approved": true, "score_primary_care": 20, "score_dental_health": 15, "score_mental_health": 22}}, {"type": "Feature", "geometry": {"type": "Point", "coordinates": [-95.14348477, 35.93271277]}, "properties": {"name": "NeoHealth Salina Pharmacy", "address": "103 E Ferry St", "city": "Salina", "county": "Cherokee", "zip": "74365", "disciplines_needed": "Primary Care, Dental Health, Mental Health", "max_hpsa_score": 22, "is_auto_hpsa": true, "nhsc_approved": true, "score_primary_care": 20, "score_dental_health": 15, "score_mental_health": 22}}, {"type": "Feature", "geometry": {"type": "Point", "coordinates": [-95.14348477, 35.93271277]}, "properties": {"name": "NeoHealth Pediatrics", "address": "1500 E Downing St, Suite 102", "city": "Tahlequah", "county": "Cherokee", "zip": "74464", "disciplines_needed": "Primary Care, Dental Health, Mental Health", "max_hpsa_score": 22, "is_auto_hpsa": true, "nhsc_approved": true, "score_primary_care": 20, "score_dental_health": 15, "score_mental_health": 22}}, {"type": "Feature", "geometry": {"type": "Point", "coordinates": [-95.14348477, 35.93271277]}, "properties": {"name": "NeoHealth Medical Center", "address": "529 N Oak Ave", "city": "Tahlequah", "county": "Cherokee", "zip": "74464", "disciplines_needed": "Primary Care, Dental Health, Mental Health", "max_hpsa_score": 22, "is_auto_hpsa": true, "nhsc_approved": true, "score_primary_care": 20, "score_dental_health": 15, "score_mental_health": 22}}, {"type": "Feature", "geometry": {"type": "Point", "coordinates": [-98.932838, 35.52001899]}, "properties": {"name": "CLINTON INDIAN HEALTH CENTER", "address": "10321 N 2274 Rd", "city": "Clinton", "county": "Custer", "zip": "73601", "disciplines_needed": "Primary Care, Dental Health, Mental Health", "max_hpsa_score": 22, "is_auto_hpsa": true, "nhsc_approved": true, "score_primary_care": 19, "score_dental_health": 22, "score_mental_health": 18}}, {"type": "Feature", "geometry": {"type": "Point", "coordinates": [-94.93334327, 36.70382314]}, "properties": {"name": "Jay Family Medicine Clinic", "address": "2485 N Main St", "city": "Jay", "county": "Ottawa", "zip": "74346", "disciplines_needed": "Primary Care, Dental Health, Mental Health", "max_hpsa_score": 21, "is_auto_hpsa": true, "nhsc_approved": true, "score_primary_care": 18, "score_dental_health": 19, "score_mental_health": 21}}, {"type": "Feature", "geometry": {"type": "Point", "coordinates": [-94.93334327, 36.70382314]}, "properties": {"name": "Welch Community Health Center", "address": "343 S Commercial St", "city": "Welch", "county": "Ottawa", "zip": "74369", "disciplines_needed": "Primary Care, Dental Health, Mental Health", "max_hpsa_score": 21, "is_auto_hpsa": true, "nhsc_approved": true, "score_primary_care": 18, "score_dental_health": 19, "score_mental_health": 21}}, {"type": "Feature", "geometry": {"type": "Point", "coordinates": [-94.93334327, 36.70382314]}, "properties": {"name": "Afton Community Health Center", "address": "21965 Bison Dr", "city": "Afton", "county": "Ottawa", "zip": "74331", "disciplines_needed": "Primary Care, Dental Health, Mental Health", "max_hpsa_score": 21, "is_auto_hpsa": true, "nhsc_approved": true, "score_primary_care": 18, "score_dental_health": 19, "score_mental_health": 21}}, {"type": "Feature", "geometry": {"type": "Point", "coordinates": [-94.93334327, 36.70382314]}, "properties": {"name": "Commerce Community Health Center", "address": "220 S Mickey Mantle Blvd", "city": "Commerce", "county": "Ottawa", "zip": "74339", "disciplines_needed": "Primary Care, Dental Health, Mental Health", "max_hpsa_score": 21, "is_auto_hpsa": true, "nhsc_approved": true, "score_primary_care": 18, "score_dental_health": 19, "score_mental_health": 21}}, {"type": "Feature", "geometry": {"type": "Point", "coordinates": [-94.93334327, 36.70382314]}, "properties": {"name": "Allensworth Community Health Center", "address": "248 N Wilson St", "city": "Vinita", "county": "Ottawa", "zip": "74301", "disciplines_needed": "Primary Care, Dental Health, Mental Health", "max_hpsa_score": 21, "is_auto_hpsa": true, "nhsc_approved": true, "score_primary_care": 18, "score_dental_health": 19, "score_mental_health": 21}}, {"type": "Feature", "geometry": {"type": "Point", "coordinates": [-96.75912862, 34.96022001]}, "properties": {"name": "Central Oklahoma Family Medical Center - ENT/Endo", "address": "1221 Arlington St, Suite B", "city": "Ada", "county": "Seminole", "zip": "74820", "disciplines_needed": "Primary Care, Dental Health, Mental Health", "max_hpsa_score": 21, "is_auto_hpsa": true, "nhsc_approved": true, "score_primary_care": 17, "score_dental_health": 21, "score_mental_health": 20}}, {"type": "Feature", "geometry": {"type": "Point", "coordinates": [-96.75912862, 34.96022001]}, "properties": {"name": "Central Oklahoma Family Medical Center - A&amp;B", "address": "Colony Dr", "city": "Ada", "county": "Seminole", "zip": "74820", "disciplines_needed": "Primary Care, Dental Health, Mental Health", "max_hpsa_score": 21, "is_auto_hpsa": true, "nhsc_approved": true, "score_primary_care": 17, "score_dental_health": 21, "score_mental_health": 20}}, {"type": "Feature", "geometry": {"type": "Point", "coordinates": [-96.75912862, 34.96022001]}, "properties": {"name": "Central Oklahoma Family Medical Center - Womens Health", "address": "807 N Monte Vista St", "city": "Ada", "county": "Seminole", "zip": "74820", "disciplines_needed": "Primary Care, Dental Health, Mental Health", "max_hpsa_score": 21, "is_auto_hpsa": true, "nhsc_approved": true, "score_primary_care": 17, "score_dental_health": 21, "score_mental_health": 20}}, {"type": "Feature", "geometry": {"type": "Point", "coordinates": [-96.75912862, 34.96022001]}, "properties": {"name": "Central Oklahoma Family Medical Center - Behavioral Health", "address": "625 N Monte Vista St", "city": "Ada", "county": "Seminole", "zip": "74820", "disciplines_needed": "Primary Care, Dental Health, Mental Health", "max_hpsa_score": 21, "is_auto_hpsa": true, "nhsc_approved": true, "score_primary_care": 17, "score_dental_health": 21, "score_mental_health": 20}}, {"type": "Feature", "geometry": {"type": "Point", "coordinates": [-96.75912862, 34.96022001]}, "properties": {"name": "Central Oklahoma Family Medical Center - W&amp;F", "address": "2901 Arlington St", "city": "Ada", "county": "Seminole", "zip": "74820", "disciplines_needed": "Primary Care, Dental Health, Mental Health", "max_hpsa_score": 21, "is_auto_hpsa": true, "nhsc_approved": true, "score_primary_care": 17, "score_dental_health": 21, "score_mental_health": 20}}, {"type": "Feature", "geometry": {"type": "Point", "coordinates": [-96.75912862, 34.96022001]}, "properties": {"name": "Central Oklahoma Family Medical Center - Stratford", "address": "302 W Smith St", "city": "Stratford", "county": "Seminole", "zip": "74872", "disciplines_needed": "Primary Care, Dental Health, Mental Health", "max_hpsa_score": 21, "is_auto_hpsa": true, "nhsc_approved": true, "score_primary_care": 17, "score_dental_health": 21, "score_mental_health": 20}}, {"type": "Feature", "geometry": {"type": "Point", "coordinates": [-96.75912862, 34.96022001]}, "properties": {"name": "Central Oklahoma Family Medical Center - Medcalf/Freeland", "address": "301 N Monte Vista St", "city": "Ada", "county": "Seminole", "zip": "74820", "disciplines_needed": "Primary Care, Dental Health, Mental Health", "max_hpsa_score": 21, "is_auto_hpsa": true, "nhsc_approved": true, "score_primary_care": 17, "score_dental_health": 21, "score_mental_health": 20}}, {"type": "Feature", "geometry": {"type": "Point", "coordinates": [-96.75912862, 34.96022001]}, "properties": {"name": "Central Oklahoma Family Medical Center - Peds I", "address": "930 N Country Club Rd", "city": "Ada", "county": "Seminole", "zip": "74820", "disciplines_needed": "Primary Care, Dental Health, Mental Health", "max_hpsa_score": 21, "is_auto_hpsa": true, "nhsc_approved": true, "score_primary_care": 17, "score_dental_health": 21, "score_mental_health": 20}}, {"type": "Feature", "geometry": {"type": "Point", "coordinates": [-96.75912862, 34.96022001]}, "properties": {"name": "Central Oklahoma Family Medical Center - Peds II", "address": "1214 Arlington St", "city": "Ada", "county": "Seminole", "zip": "74820", "disciplines_needed": "Primary Care, Dental Health, Mental Health", "max_hpsa_score": 21, "is_auto_hpsa": true, "nhsc_approved": true, "score_primary_care": 17, "score_dental_health": 21, "score_mental_health": 20}}, {"type": "Feature", "geometry": {"type": "Point", "coordinates": [-96.75912862, 34.96022001]}, "properties": {"name": "Central Oklahoma Family Medical Center - Ada Dental", "address": "304 N Monte Vista St", "city": "Ada", "county": "Seminole", "zip": "74820", "disciplines_needed": "Primary Care, Dental Health, Mental Health", "max_hpsa_score": 21, "is_auto_hpsa": true, "nhsc_approved": true, "score_primary_care": 17, "score_dental_health": 21, "score_mental_health": 20}}, {"type": "Feature", "geometry": {"type": "Point", "coordinates": [-96.75912862, 34.96022001]}, "properties": {"name": "Central Oklahoma Family Medical Center - ECU", "address": "300 S Highland St", "city": "Ada", "county": "Seminole", "zip": "74820", "disciplines_needed": "Primary Care, Dental Health, Mental Health", "max_hpsa_score": 21, "is_auto_hpsa": true, "nhsc_approved": true, "score_primary_care": 17, "score_dental_health": 21, "score_mental_health": 20}}, {"type": "Feature", "geometry": {"type": "Point", "coordinates": [-96.75912862, 34.96022001]}, "properties": {"name": "Central Oklahoma Family Medical Center - Main", "address": "527 W 3rd St", "city": "Konawa", "county": "Seminole", "zip": "74849", "disciplines_needed": "Primary Care, Dental Health, Mental Health", "max_hpsa_score": 21, "is_auto_hpsa": true, "nhsc_approved": true, "score_primary_care": 17, "score_dental_health": 21, "score_mental_health": 20}}, {"type": "Feature", "geometry": {"type": "Point", "coordinates": [-96.75912862, 34.96022001]}, "properties": {"name": "Central Oklahoma Family Medical Center - Seminole", "address": "2403 W Wrangler Blvd", "city": "Seminole", "county": "Seminole", "zip": "74868", "disciplines_needed": "Primary Care, Dental Health, Mental Health", "max_hpsa_score": 21, "is_auto_hpsa": true, "nhsc_approved": true, "score_primary_care": 17, "score_dental_health": 21, "score_mental_health": 20}}, {"type": "Feature", "geometry": {"type": "Point", "coordinates": [-96.75912862, 34.96022001]}, "properties": {"name": "Central Oklahoma Family Medical Center - Seminole II", "address": "2249 Boren Blvd", "city": "Seminole", "county": "Seminole", "zip": "74868", "disciplines_needed": "Primary Care, Dental Health, Mental Health", "max_hpsa_score": 21, "is_auto_hpsa": true, "nhsc_approved": true, "score_primary_care": 17, "score_dental_health": 21, "score_mental_health": 20}}, {"type": "Feature", "geometry": {"type": "Point", "coordinates": [-95.95880531, 36.15663917]}, "properties": {"name": "K-W- Clinical Construction Project", "address": "2321 E 3rd St", "city": "Tulsa", "county": "Tulsa", "zip": "74104", "disciplines_needed": "Primary Care, Dental Health, Mental Health", "max_hpsa_score": 21, "is_auto_hpsa": true, "nhsc_approved": true, "score_primary_care": 19, "score_dental_health": 19, "score_mental_health": 21}}, {"type": "Feature", "geometry": {"type": "Point", "coordinates": [-95.95880531, 36.15663917]}, "properties": {"name": "Community Health Connection, Inc. - Ellen Ochoa", "address": "12020 E 31st St", "city": "Tulsa", "county": "Tulsa", "zip": "74146", "disciplines_needed": "Primary Care, Dental Health, Mental Health", "max_hpsa_score": 21, "is_auto_hpsa": true, "nhsc_approved": true, "score_primary_care": 19, "score_dental_health": 19, "score_mental_health": 21}}, {"type": "Feature", "geometry": {"type": "Point", "coordinates": [-95.95880531, 36.15663917]}, "properties": {"name": "Youth Services Tulsa", "address": "1001 E 3rd St", "city": "Tulsa", "county": "Tulsa", "zip": "74120", "disciplines_needed": "Primary Care, Dental Health, Mental Health", "max_hpsa_score": 21, "is_auto_hpsa": true, "nhsc_approved": true, "score_primary_care": 19, "score_dental_health": 19, "score_mental_health": 21}}, {"type": "Feature", "geometry": {"type": "Point", "coordinates": [-95.95880531, 36.15663917]}, "properties": {"name": "Community Health Connection Rosa Parks Clinic", "address": "13702 E 46th Pl", "city": "Tulsa", "county": "Tulsa", "zip": "74134", "disciplines_needed": "Primary Care, Dental Health, Mental Health", "max_hpsa_score": 21, "is_auto_hpsa": true, "nhsc_approved": true, "score_primary_care": 19, "score_dental_health": 19, "score_mental_health": 21}}, {"type": "Feature", "geometry": {"type": "Point", "coordinates": [-95.34258765, 34.59880056]}, "properties": {"name": "Pushmataha Family Medical Center, Inc.", "address": "1020 N Lawson Blvd", "city": "Clayton", "county": "Pushmataha", "zip": "74536", "disciplines_needed": "Primary Care, Dental Health, Mental Health", "max_hpsa_score": 21, "is_auto_hpsa": true, "nhsc_approved": true, "score_primary_care": 21, "score_dental_health": 16, "score_mental_health": 20}}, {"type": "Feature", "geometry": {"type": "Point", "coordinates": [-95.34258765, 34.59880056]}, "properties": {"name": "Pushmataha Family Medical Center of Boswell", "address": "415 6th St", "city": "Boswell", "county": "Pushmataha", "zip": "74727", "disciplines_needed": "Primary Care, Dental Health, Mental Health", "max_hpsa_score": 21, "is_auto_hpsa": true, "nhsc_approved": true, "score_primary_care": 21, "score_dental_health": 16, "score_mental_health": 20}}, {"type": "Feature", "geometry": {"type": "Point", "coordinates": [-94.93278172, 34.39595417]}, "properties": {"name": "Kiamichi Family Medical Center - Idabel", "address": "403 S Indian Rd", "city": "Idabel", "county": "McCurtain", "zip": "74745", "disciplines_needed": "Primary Care, Dental Health, Mental Health", "max_hpsa_score": 21, "is_auto_hpsa": true, "nhsc_approved": true, "score_primary_care": 19, "score_dental_health": 20, "score_mental_health": 21}}, {"type": "Feature", "geometry": {"type": "Point", "coordinates": [-94.93278172, 34.39595417]}, "properties": {"name": "Kiamichi Family Medical Center", "address": "6026 Battiest Pickens Rd", "city": "Broken Bow", "county": "McCurtain", "zip": "74728", "disciplines_needed": "Primary Care, Dental Health, Mental Health", "max_hpsa_score": 21, "is_auto_hpsa": true, "nhsc_approved": true, "score_primary_care": 19, "score_dental_health": 20, "score_mental_health": 21}}, {"type": "Feature", "geometry": {"type": "Point", "coordinates": [-94.93278172, 34.39595417]}, "properties": {"name": "Kiamichi Family Medical Center, Inc.", "address": "204 E Jackson St", "city": "Hugo", "county": "McCurtain", "zip": "74743", "disciplines_needed": "Primary Care, Dental Health, Mental Health", "max_hpsa_score": 21, "is_auto_hpsa": true, "nhsc_approved": true, "score_primary_care": 19, "score_dental_health": 20, "score_mental_health": 21}}, {"type": "Feature", "geometry": {"type": "Point", "coordinates": [-94.93278172, 34.39595417]}, "properties": {"name": "Kiamichi Family Medical Center - Idabel2", "address": "2809 NE Lincoln Rd", "city": "Idabel", "county": "McCurtain", "zip": "74745", "disciplines_needed": "Primary Care, Dental Health, Mental Health", "max_hpsa_score": 21, "is_auto_hpsa": true, "nhsc_approved": true, "score_primary_care": 19, "score_dental_health": 20, "score_mental_health": 21}}, {"type": "Feature", "geometry": {"type": "Point", "coordinates": [-94.93278172, 34.39595417]}, "properties": {"name": "Kiamichi Family Medical Center, Inc. - Broken Bow", "address": "510 S Park Dr", "city": "Broken Bow", "county": "McCurtain", "zip": "74728", "disciplines_needed": "Primary Care, Dental Health, Mental Health", "max_hpsa_score": 21, "is_auto_hpsa": true, "nhsc_approved": true, "score_primary_care": 19, "score_dental_health": 20, "score_mental_health": 21}}, {"type": "Feature", "geometry": {"type": "Point", "coordinates": [-94.93278172, 34.39595417]}, "properties": {"name": "Kiamichi Family Medical Center - Hugo", "address": "3004 E Jackson St", "city": "Hugo", "county": "McCurtain", "zip": "74743", "disciplines_needed": "Primary Care, Dental Health, Mental Health", "max_hpsa_score": 21, "is_auto_hpsa": true, "nhsc_approved": true, "score_primary_care": 19, "score_dental_health": 20, "score_mental_health": 21}}, {"type": "Feature", "geometry": {"type": "Point", "coordinates": [-95.52239046, 35.86663399]}, "properties": {"name": "Arkansas Verdigris Valley Health Centers, Inc", "address": "505 S Main St", "city": "Porter", "county": "Wagoner", "zip": "74454", "disciplines_needed": "Primary Care, Dental Health, Mental Health", "max_hpsa_score": 21, "is_auto_hpsa": true, "nhsc_approved": true, "score_primary_care": 19, "score_dental_health": 17, "score_mental_health": 21}}, {"type": "Feature", "geometry": {"type": "Point", "coordinates": [-95.52239046, 35.86663399]}, "properties": {"name": "Muskogee Health Center West", "address": "201 N 32nd St", "city": "Muskogee", "county": "Wagoner", "zip": "74401", "disciplines_needed": "Primary Care, Dental Health, Mental Health", "max_hpsa_score": 21, "is_auto_hpsa": true, "nhsc_approved": true, "score_primary_care": 19, "score_dental_health": 17, "score_mental_health": 21}}, {"type": "Feature", "geometry": {"type": "Point", "coordinates": [-95.52239046, 35.86663399]}, "properties": {"name": "Coweta Health Center", "address": "607 S Broadway", "city": "Coweta", "county": "Wagoner", "zip": "74429", "disciplines_needed": "Primary Care, Dental Health, Mental Health", "max_hpsa_score": 21, "is_auto_hpsa": true, "nhsc_approved": true, "score_primary_care": 19, "score_dental_health": 17, "score_mental_health": 21}}, {"type": "Feature", "geometry": {"type": "Point", "coordinates": [-95.52239046, 35.86663399]}, "properties": {"name": "Muskogee Health Center - Green Country Campus", "address": "110 E Martin Luther King St", "city": "Muskogee", "county": "Wagoner", "zip": "74403", "disciplines_needed": "Primary Care, Dental Health, Mental Health", "max_hpsa_score": 21, "is_auto_hpsa": true, "nhsc_approved": true, "score_primary_care": 19, "score_dental_health": 17, "score_mental_health": 21}}, {"type": "Feature", "geometry": {"type": "Point", "coordinates": [-96.38934883, 36.46527732]}, "properties": {"name": "Dick Conner Correctional Center", "address": "129 Conner Rd", "city": "Hominy", "county": "Osage", "zip": "74035", "disciplines_needed": "Mental Health", "max_hpsa_score": 21, "is_auto_hpsa": false, "nhsc_approved": true, "score_mental_health": 21}}, {"type": "Feature", "geometry": {"type": "Point", "coordinates": [-97.08880337, 35.48615615]}, "properties": {"name": "Kickapoo Tribal Health Center (Mcloud)", "address": "105365 S Highway 102", "city": "Mcloud", "county": "Lincoln", "zip": "74851", "disciplines_needed": "Primary Care, Dental Health, Mental Health", "max_hpsa_score": 20, "is_auto_hpsa": true, "nhsc_approved": true, "score_primary_care": 18, "score_dental_health": 20, "score_mental_health": 17}}, {"type": "Feature", "geometry": {"type": "Point", "coordinates": [-95.7594953, 34.89838902]}, "properties": {"name": "Choctaw Nation Mcalester Health Clinic", "address": "1127 S George Nigh Expy", "city": "Mcalester", "county": "Pittsburg", "zip": "74501", "disciplines_needed": "Primary Care, Dental Health, Mental Health", "max_hpsa_score": 20, "is_auto_hpsa": true, "nhsc_approved": true, "score_primary_care": 18, "score_dental_health": 20, "score_mental_health": 18}}, {"type": "Feature", "geometry": {"type": "Point", "coordinates": [-96.27705662, 35.42235427]}, "properties": {"name": "Muscogee (Creek) Nation Okemah Creek Nation Community Hospital", "address": "1800 E Coplin St", "city": "Okemah", "county": "Okfuskee", "zip": "74859", "disciplines_needed": "Primary Care, Dental Health, Mental Health", "max_hpsa_score": 20, "is_auto_hpsa": true, "nhsc_approved": true, "score_primary_care": 18, "score_dental_health": 20, "score_mental_health": 18}}, {"type": "Feature", "geometry": {"type": "Point", "coordinates": [-94.61780784, 35.82664347]}, "properties": {"name": "Cherokee Nation Health Services Wilma P. Mankiller Health Center", "address": "471688 Highway 51", "city": "Stilwell", "county": "Adair", "zip": "74960", "disciplines_needed": "Primary Care, Dental Health, Mental Health", "max_hpsa_score": 20, "is_auto_hpsa": true, "nhsc_approved": true, "score_primary_care": 18, "score_dental_health": 20, "score_mental_health": 18}}, {"type": "Feature", "geometry": {"type": "Point", "coordinates": [-94.66031867, 35.02123205]}, "properties": {"name": "Choctaw Nation Refill Center", "address": "109 Kerr Ave", "city": "Poteau", "county": "Le Flore", "zip": "74953", "disciplines_needed": "Primary Care, Dental Health, Mental Health", "max_hpsa_score": 20, "is_auto_hpsa": true, "nhsc_approved": true, "score_primary_care": 18, "score_dental_health": 20, "score_mental_health": 18}}, {"type": "Feature", "geometry": {"type": "Point", "coordinates": [-96.64762358, 34.73677591]}, "properties": {"name": "Chickasaw Nation Medical Center", "address": "1921 Stonecipher Dr", "city": "Ada", "county": "Pontotoc", "zip": "74820", "disciplines_needed": "Primary Care, Dental Health, Mental Health", "max_hpsa_score": 20, "is_auto_hpsa": true, "nhsc_approved": true, "score_primary_care": 18, "score_dental_health": 20, "score_mental_health": 18}}, {"type": "Feature", "geometry": {"type": "Point", "coordinates": [-95.09430852, 35.26069714]}, "properties": {"name": "Choctaw Nation Stigler Health Clinic", "address": "2204 E Main St", "city": "Stigler", "county": "Haskell", "zip": "74462", "disciplines_needed": "Primary Care, Dental Health, Mental Health", "max_hpsa_score": 20, "is_auto_hpsa": true, "nhsc_approved": true, "score_primary_care": 18, "score_dental_health": 20, "score_mental_health": 18}}, {"type": "Feature", "geometry": {"type": "Point", "coordinates": [-97.60758694, 35.46449509]}, "properties": {"name": "Oklahoma City Indian Clinic", "address": "4913 W Reno Ave", "city": "Oklahoma City", "county": "Oklahoma", "zip": "73127", "disciplines_needed": "Primary Care, Dental Health, Mental Health", "max_hpsa_score": 20, "is_auto_hpsa": true, "nhsc_approved": true, "score_primary_care": 18, "score_dental_health": 20, "score_mental_health": 17}}, {"type": "Feature", "geometry": {"type": "Point", "coordinates": [-95.52644068, 34.01399958]}, "properties": {"name": "Choctaw Nation Hugo Health Clinic", "address": "410 N M St", "city": "Hugo", "county": "Choctaw", "zip": "74743", "disciplines_needed": "Primary Care, Dental Health, Mental Health", "max_hpsa_score": 20, "is_auto_hpsa": true, "nhsc_approved": true, "score_primary_care": 18, "score_dental_health": 20, "score_mental_health": 18}}, {"type": "Feature", "geometry": {"type": "Point", "coordinates": [-96.92482996, 35.29235749]}, "properties": {"name": "Citizen Potawatomi Nation Health Center", "address": "2307 Gordon Cooper Dr", "city": "Shawnee", "county": "Pottawatomie", "zip": "74801", "disciplines_needed": "Primary Care, Dental Health, Mental Health", "max_hpsa_score": 20, "is_auto_hpsa": true, "nhsc_approved": true, "score_primary_care": 18, "score_dental_health": 20, "score_mental_health": 18}}, {"type": "Feature", "geometry": {"type": "Point", "coordinates": [-94.94978259, 35.91180147]}, "properties": {"name": "Cherokee Nation Health Services Cherokee Nation WW Hastings Indian Hospital", "address": "100 S Bliss Ave", "city": "Tahlequah", "county": "Cherokee", "zip": "74464", "disciplines_needed": "Primary Care, Dental Health, Mental Health", "max_hpsa_score": 20, "is_auto_hpsa": true, "nhsc_approved": true, "score_primary_care": 18, "score_dental_health": 20, "score_mental_health": 18}}, {"type": "Feature", "geometry": {"type": "Point", "coordinates": [-96.15070764, 34.39400447]}, "properties": {"name": "Choctaw Nation Atoka Health Clinic", "address": "1585 W Liberty Rd", "city": "Atoka", "county": "Atoka", "zip": "74525", "disciplines_needed": "Primary Care, Dental Health, Mental Health", "max_hpsa_score": 20, "is_auto_hpsa": true, "nhsc_approved": true, "score_primary_care": 18, "score_dental_health": 20, "score_mental_health": 18}}, {"type": "Feature", "geometry": {"type": "Point", "coordinates": [-95.59518878, 35.29596304]}, "properties": {"name": "Muscogee (Creek) Nation Eufaula Indian Health Center", "address": "500 Eunice Burns Rd", "city": "Eufaula", "county": "McIntosh", "zip": "74432", "disciplines_needed": "Primary Care, Dental Health, Mental Health", "max_hpsa_score": 20, "is_auto_hpsa": true, "nhsc_approved": true, "score_primary_care": 18, "score_dental_health": 20, "score_mental_health": 18}}, {"type": "Feature", "geometry": {"type": "Point", "coordinates": [-94.72122996, 34.02824315]}, "properties": {"name": "Choctaw Nation Broken Bow Health Clinic", "address": "1300 E Martin Luther King Dr", "city": "Broken Bow", "county": "McCurtain", "zip": "74728", "disciplines_needed": "Primary Care, Dental Health, Mental Health", "max_hpsa_score": 20, "is_auto_hpsa": true, "nhsc_approved": true, "score_primary_care": 18, "score_dental_health": 20, "score_mental_health": 17}}, {"type": "Feature", "geometry": {"type": "Point", "coordinates": [-96.65928289, 35.66614771]}, "properties": {"name": "Sac & Fox Nation Black Hawk Health Center", "address": "356110 E 930 Rd", "city": "Stroud", "county": "Lincoln", "zip": "74079", "disciplines_needed": "Primary Care, Dental Health, Mental Health", "max_hpsa_score": 20, "is_auto_hpsa": true, "nhsc_approved": true, "score_primary_care": 18, "score_dental_health": 20, "score_mental_health": 18}}, {"type": "Feature", "geometry": {"type": "Point", "coordinates": [-94.78365662, 33.9045574]}, "properties": {"name": "Choctaw Nation Idabel Health Clinic", "address": "902 NE Lincoln Rd", "city": "Idabel", "county": "McCurtain", "zip": "74745", "disciplines_needed": "Primary Care, Dental Health, Mental Health", "max_hpsa_score": 20, "is_auto_hpsa": true, "nhsc_approved": true, "score_primary_care": 18, "score_dental_health": 20, "score_mental_health": 17}}, {"type": "Feature", "geometry": {"type": "Point", "coordinates": [-96.66608899, 34.23434135]}, "properties": {"name": "Tishomingo Health Clinic", "address": "815 E 6th St", "city": "Tishomingo", "county": "Johnston", "zip": "73460", "disciplines_needed": "Primary Care, Dental Health, Mental Health", "max_hpsa_score": 20, "is_auto_hpsa": true, "nhsc_approved": true, "score_primary_care": 18, "score_dental_health": 20, "score_mental_health": 18}}, {"type": "Feature", "geometry": {"type": "Point", "coordinates": [-95.3103066, 35.73171309]}, "properties": {"name": "Cherokee Nation Health Services Three Rivers Health Center", "address": "1001 S 41st St E", "city": "Muskogee", "county": "Muskogee", "zip": "74403", "disciplines_needed": "Primary Care, Dental Health, Mental Health", "max_hpsa_score": 20, "is_auto_hpsa": true, "nhsc_approved": true, "score_primary_care": 18, "score_dental_health": 20, "score_mental_health": 18}}, {"type": "Feature", "geometry": {"type": "Point", "coordinates": [-98.59982289, 35.10176819]}, "properties": {"name": "Carnegie Indian Health Center", "address": "212 E 4th St", "city": "Carnegie", "county": "Caddo", "zip": "73015", "disciplines_needed": "Primary Care, Dental Health, Mental Health", "max_hpsa_score": 20, "is_auto_hpsa": true, "nhsc_approved": true, "score_primary_care": 18, "score_dental_health": 20, "score_mental_health": 19}}, {"type": "Feature", "geometry": {"type": "Point", "coordinates": [-97.97656644, 35.53065337]}, "properties": {"name": "El Reno Indian Health Center", "address": "1801 Parkview Dr", "city": "El Reno", "county": "Canadian", "zip": "73036", "disciplines_needed": "Primary Care, Dental Health, Mental Health", "max_hpsa_score": 20, "is_auto_hpsa": true, "nhsc_approved": true, "score_primary_care": 18, "score_dental_health": 20, "score_mental_health": 18}}, {"type": "Feature", "geometry": {"type": "Point", "coordinates": [-94.84184018, 36.90940467]}, "properties": {"name": "Northeastern Tribal Health Sys", "address": "7600 S Highway 69A", "city": "Miami", "county": "Ottawa", "zip": "74354", "disciplines_needed": "Primary Care, Dental Health, Mental Health", "max_hpsa_score": 20, "is_auto_hpsa": true, "nhsc_approved": true, "score_primary_care": 18, "score_dental_health": 20, "score_mental_health": 18}}, {"type": "Feature", "geometry": {"type": "Point", "coordinates": [-97.02901425, 36.88301544]}, "properties": {"name": "The Kaw Nation Kanza Health Center", "address": "3151 E River Rd", "city": "Newkirk", "county": "Kay", "zip": "74647", "disciplines_needed": "Primary Care, Dental Health, Mental Health", "max_hpsa_score": 20, "is_auto_hpsa": true, "nhsc_approved": true, "score_primary_care": 18, "score_dental_health": 20, "score_mental_health": 18}}, {"type": "Feature", "geometry": {"type": "Point", "coordinates": [-96.31747323, 35.43375282]}, "properties": {"name": "Muscogee (Creek) Nation Okemah Indian Health Center", "address": "309 N 14th St", "city": "Okemah", "county": "Okfuskee", "zip": "74859", "disciplines_needed": "Primary Care, Dental Health, Mental Health", "max_hpsa_score": 20, "is_auto_hpsa": true, "nhsc_approved": true, "score_primary_care": 18, "score_dental_health": 20, "score_mental_health": 18}}, {"type": "Feature", "geometry": {"type": "Point", "coordinates": [-97.0276159, 35.98552115]}, "properties": {"name": "Iowa Tribe Of Oklahoma Perkins Family Clinic", "address": "509 E Highway 33", "city": "Perkins", "county": "Payne", "zip": "74059", "disciplines_needed": "Primary Care, Dental Health, Mental Health", "max_hpsa_score": 20, "is_auto_hpsa": true, "nhsc_approved": true, "score_primary_care": 18, "score_dental_health": 20, "score_mental_health": 18}}, {"type": "Feature", "geometry": {"type": "Point", "coordinates": [-97.08074811, 36.60100961]}, "properties": {"name": "Ponca Tribe Of Indians of Oklahoma White Eagle Clinic", "address": "200 White Eagle Dr", "city": "Ponca City", "county": "Kay", "zip": "74601", "disciplines_needed": "Primary Care, Dental Health, Mental Health", "max_hpsa_score": 20, "is_auto_hpsa": true, "nhsc_approved": true, "score_primary_care": 18, "score_dental_health": 20, "score_mental_health": 17}}, {"type": "Feature", "geometry": {"type": "Point", "coordinates": [-94.7288154, 36.79906323]}, "properties": {"name": "Bearskin Health & Wellness Center", "address": "1 Turtle Dr", "city": "Wyandotte", "county": "Ottawa", "zip": "74370", "disciplines_needed": "Primary Care, Dental Health, Mental Health", "max_hpsa_score": 20, "is_auto_hpsa": true, "nhsc_approved": true, "score_primary_care": 18, "score_dental_health": 20, "score_mental_health": 18}}, {"type": "Feature", "geometry": {"type": "Point", "coordinates": [-96.49425, 35.12925002]}, "properties": {"name": "Wewoka Indian Health Center", "address": "OK-56 & US-270", "city": "Wewoka", "county": "Seminole", "zip": "74884", "disciplines_needed": "Primary Care, Dental Health, Mental Health", "max_hpsa_score": 20, "is_auto_hpsa": true, "nhsc_approved": true, "score_primary_care": 18, "score_dental_health": 20, "score_mental_health": 18}}, {"type": "Feature", "geometry": {"type": "Point", "coordinates": [-98.24223182, 35.08345465]}, "properties": {"name": "Anadarko Indian Health Center", "address": "201 Parker McKenzie Dr", "city": "Anadarko", "county": "Caddo", "zip": "73005", "disciplines_needed": "Primary Care, Dental Health, Mental Health", "max_hpsa_score": 20, "is_auto_hpsa": true, "nhsc_approved": true, "score_primary_care": 18, "score_dental_health": 20, "score_mental_health": 19}}, {"type": "Feature", "geometry": {"type": "Point", "coordinates": [-94.77965275, 36.43332076]}, "properties": {"name": "Cherokee Nation Health Services Sam Hider Health Center", "address": "859 E Melton Dr", "city": "Jay", "county": "Delaware", "zip": "74346", "disciplines_needed": "Primary Care, Dental Health, Mental Health", "max_hpsa_score": 20, "is_auto_hpsa": true, "nhsc_approved": true, "score_primary_care": 18, "score_dental_health": 20, "score_mental_health": 18}}, {"type": "Feature", "geometry": {"type": "Point", "coordinates": [-95.95404078, 35.61026887]}, "properties": {"name": "Muscogee (Creek) Nation Okmulgee Indian Health Center", "address": "1313 E 20th St", "city": "Okmulgee", "county": "Okmulgee", "zip": "74447", "disciplines_needed": "Primary Care, Dental Health, Mental Health", "max_hpsa_score": 20, "is_auto_hpsa": true, "nhsc_approved": true, "score_primary_care": 18, "score_dental_health": 20, "score_mental_health": 18}}, {"type": "Feature", "geometry": {"type": "Point", "coordinates": [-97.5803201, 35.49922701]}, "properties": {"name": "Variety Care - Straka Family Health Center", "address": "1025 Straka Ter", "city": "Oklahoma City", "county": "Oklahoma", "zip": "73139", "disciplines_needed": "Primary Care, Dental Health, Mental Health", "max_hpsa_score": 20, "is_auto_hpsa": true, "nhsc_approved": true, "score_primary_care": 19, "score_dental_health": 17, "score_mental_health": 20}}, {"type": "Feature", "geometry": {"type": "Point", "coordinates": [-97.5803201, 35.49922701]}, "properties": {"name": "Variety Care at Big Pasture", "address": "201 W 1st St", "city": "Grandfield", "county": "Oklahoma", "zip": "73546", "disciplines_needed": "Primary Care, Dental Health, Mental Health", "max_hpsa_score": 20, "is_auto_hpsa": true, "nhsc_approved": true, "score_primary_care": 19, "score_dental_health": 17, "score_mental_health": 20}}, {"type": "Feature", "geometry": {"type": "Point", "coordinates": [-97.5803201, 35.49922701]}, "properties": {"name": "Variety Care Women and Children Norman", "address": "1237 Alameda St", "city": "Norman", "county": "Oklahoma", "zip": "73071", "disciplines_needed": "Primary Care, Dental Health, Mental Health", "max_hpsa_score": 20, "is_auto_hpsa": true, "nhsc_approved": true, "score_primary_care": 19, "score_dental_health": 17, "score_mental_health": 20}}, {"type": "Feature", "geometry": {"type": "Point", "coordinates": [-97.5803201, 35.49922701]}, "properties": {"name": "Variety Care - Putnam North", "address": "11220 N Rockwell Ave", "city": "Oklahoma City", "county": "Oklahoma", "zip": "73162", "disciplines_needed": "Primary Care, Dental Health, Mental Health", "max_hpsa_score": 20, "is_auto_hpsa": true, "nhsc_approved": true, "score_primary_care": 19, "score_dental_health": 17, "score_mental_health": 20}}, {"type": "Feature", "geometry": {"type": "Point", "coordinates": [-97.5803201, 35.49922701]}, "properties": {"name": "Variety Care Crooked Oak Family Health Center", "address": "1450 S Eastern Ave", "city": "Oklahoma City", "county": "Oklahoma", "zip": "73129", "disciplines_needed": "Primary Care, Dental Health, Mental Health", "max_hpsa_score": 20, "is_auto_hpsa": true, "nhsc_approved": true, "score_primary_care": 19, "score_dental_health": 17, "score_mental_health": 20}}, {"type": "Feature", "geometry": {"type": "Point", "coordinates": [-97.5803201, 35.49922701]}, "properties": {"name": "Variety Care - Inasmuch Pediatric &amp; Wellness Center", "address": "500 SW 44th St", "city": "Oklahoma City", "county": "Oklahoma", "zip": "73109", "disciplines_needed": "Primary Care, Dental Health, Mental Health", "max_hpsa_score": 20, "is_auto_hpsa": true, "nhsc_approved": true, "score_primary_care": 19, "score_dental_health": 17, "score_mental_health": 20}}, {"type": "Feature", "geometry": {"type": "Point", "coordinates": [-97.5803201, 35.49922701]}, "properties": {"name": "Variety Care Portland", "address": "5320 N Portland Ave", "city": "Oklahoma City", "county": "Oklahoma", "zip": "73112", "disciplines_needed": "Primary Care, Dental Health, Mental Health", "max_hpsa_score": 20, "is_auto_hpsa": true, "nhsc_approved": true, "score_primary_care": 19, "score_dental_health": 17, "score_mental_health": 20}}, {"type": "Feature", "geometry": {"type": "Point", "coordinates": [-97.5803201, 35.49922701]}, "properties": {"name": "Variety Care - Yukon", "address": "508 W Vandament Ave", "city": "Yukon", "county": "Oklahoma", "zip": "73099", "disciplines_needed": "Primary Care, Dental Health, Mental Health", "max_hpsa_score": 20, "is_auto_hpsa": true, "nhsc_approved": true, "score_primary_care": 19, "score_dental_health": 17, "score_mental_health": 20}}, {"type": "Feature", "geometry": {"type": "Point", "coordinates": [-97.5803201, 35.49922701]}, "properties": {"name": "Variety Care at Palomar", "address": "1140 N Hudson Ave", "city": "Oklahoma City", "county": "Oklahoma", "zip": "73103", "disciplines_needed": "Primary Care, Dental Health, Mental Health", "max_hpsa_score": 20, "is_auto_hpsa": true, "nhsc_approved": true, "score_primary_care": 19, "score_dental_health": 17, "score_mental_health": 20}}, {"type": "Feature", "geometry": {"type": "Point", "coordinates": [-97.5803201, 35.49922701]}, "properties": {"name": "Variety Care Clinton", "address": "316 S 4th St", "city": "Clinton", "county": "Oklahoma", "zip": "73601", "disciplines_needed": "Primary Care, Dental Health, Mental Health", "max_hpsa_score": 20, "is_auto_hpsa": true, "nhsc_approved": true, "score_primary_care": 19, "score_dental_health": 17, "score_mental_health": 20}}, {"type": "Feature", "geometry": {"type": "Point", "coordinates": [-97.5803201, 35.49922701]}, "properties": {"name": "Variety Care Mid-Del Family Health Center", "address": "3851 Tinker Diagonal", "city": "Oklahoma City", "county": "Oklahoma", "zip": "73115", "disciplines_needed": "Primary Care, Dental Health, Mental Health", "max_hpsa_score": 20, "is_auto_hpsa": true, "nhsc_approved": true, "score_primary_care": 19, "score_dental_health": 17, "score_mental_health": 20}}, {"type": "Feature", "geometry": {"type": "Point", "coordinates": [-97.5803201, 35.49922701]}, "properties": {"name": "Variety Care - Reno", "address": "4000 W Reno Ave", "city": "Oklahoma City", "county": "Oklahoma", "zip": "73107", "disciplines_needed": "Primary Care, Dental Health, Mental Health", "max_hpsa_score": 20, "is_auto_hpsa": true, "nhsc_approved": true, "score_primary_care": 19, "score_dental_health": 17, "score_mental_health": 20}}, {"type": "Feature", "geometry": {"type": "Point", "coordinates": [-97.5803201, 35.49922701]}, "properties": {"name": "Variety Care Anadarko", "address": "718 W Petree Rd", "city": "Anadarko", "county": "Oklahoma", "zip": "73005", "disciplines_needed": "Primary Care, Dental Health, Mental Health", "max_hpsa_score": 20, "is_auto_hpsa": true, "nhsc_approved": true, "score_primary_care": 19, "score_dental_health": 17, "score_mental_health": 20}}, {"type": "Feature", "geometry": {"type": "Point", "coordinates": [-97.5803201, 35.49922701]}, "properties": {"name": "Variety Care - Ft. Cobb Health Center", "address": "111 W Main St", "city": "Fort Cobb", "county": "Oklahoma", "zip": "73038", "disciplines_needed": "Primary Care, Dental Health, Mental Health", "max_hpsa_score": 20, "is_auto_hpsa": true, "nhsc_approved": true, "score_primary_care": 19, "score_dental_health": 17, "score_mental_health": 20}}, {"type": "Feature", "geometry": {"type": "Point", "coordinates": [-97.5803201, 35.49922701]}, "properties": {"name": "Variety Care Tenth Street Family Medical Center", "address": "4023 NW 10th St", "city": "Oklahoma City", "county": "Oklahoma", "zip": "73107", "disciplines_needed": "Primary Care, Dental Health, Mental Health", "max_hpsa_score": 20, "is_auto_hpsa": true, "nhsc_approved": true, "score_primary_care": 19, "score_dental_health": 17, "score_mental_health": 20}}, {"type": "Feature", "geometry": {"type": "Point", "coordinates": [-97.5803201, 35.49922701]}, "properties": {"name": "Variety Care Norman", "address": "317 E Himes St", "city": "Norman", "county": "Oklahoma", "zip": "73069", "disciplines_needed": "Primary Care, Dental Health, Mental Health", "max_hpsa_score": 20, "is_auto_hpsa": true, "nhsc_approved": true, "score_primary_care": 19, "score_dental_health": 17, "score_mental_health": 20}}, {"type": "Feature", "geometry": {"type": "Point", "coordinates": [-97.5803201, 35.49922701]}, "properties": {"name": "Variety Care, General Pershing Wellness Campus", "address": "2617 General Pershing Blvd", "city": "Oklahoma City", "county": "Oklahoma", "zip": "73107", "disciplines_needed": "Primary Care, Dental Health, Mental Health", "max_hpsa_score": 20, "is_auto_hpsa": true, "nhsc_approved": true, "score_primary_care": 19, "score_dental_health": 17, "score_mental_health": 20}}, {"type": "Feature", "geometry": {"type": "Point", "coordinates": [-97.5803201, 35.49922701]}, "properties": {"name": "Britton Health Center", "address": "721 W Britton Rd", "city": "Oklahoma City", "county": "Oklahoma", "zip": "73114", "disciplines_needed": "Primary Care, Dental Health, Mental Health", "max_hpsa_score": 20, "is_auto_hpsa": true, "nhsc_approved": true, "score_primary_care": 19, "score_dental_health": 17, "score_mental_health": 20}}, {"type": "Feature", "geometry": {"type": "Point", "coordinates": [-97.5803201, 35.49922701]}, "properties": {"name": "Variety Care at Pete White Health and Wellness Center", "address": "4021 S Walker Ave", "city": "Oklahoma City", "county": "Oklahoma", "zip": "73109", "disciplines_needed": "Primary Care, Dental Health, Mental Health", "max_hpsa_score": 20, "is_auto_hpsa": true, "nhsc_approved": true, "score_primary_care": 19, "score_dental_health": 17, "score_mental_health": 20}}, {"type": "Feature", "geometry": {"type": "Point", "coordinates": [-97.5803201, 35.49922701]}, "properties": {"name": "Variety Care Baptist Portland", "address": "5401 N Portland Ave, Suite 500", "city": "Oklahoma City", "county": "Oklahoma", "zip": "73112", "disciplines_needed": "Primary Care, Dental Health, Mental Health", "max_hpsa_score": 20, "is_auto_hpsa": true, "nhsc_approved": true, "score_primary_care": 19, "score_dental_health": 17, "score_mental_health": 20}}, {"type": "Feature", "geometry": {"type": "Point", "coordinates": [-97.5803201, 35.49922701]}, "properties": {"name": "Variety Care at Sequoyah", "address": "2400 NW 36th St", "city": "Oklahoma City", "county": "Oklahoma", "zip": "73112", "disciplines_needed": "Primary Care, Dental Health, Mental Health", "max_hpsa_score": 20, "is_auto_hpsa": true, "nhsc_approved": true, "score_primary_care": 19, "score_dental_health": 17, "score_mental_health": 20}}, {"type": "Feature", "geometry": {"type": "Point", "coordinates": [-97.5803201, 35.49922701]}, "properties": {"name": "Variety Care Hobart", "address": "1000 S Broadway", "city": "Hobart", "county": "Oklahoma", "zip": "73651", "disciplines_needed": "Primary Care, Dental Health, Mental Health", "max_hpsa_score": 20, "is_auto_hpsa": true, "nhsc_approved": true, "score_primary_care": 19, "score_dental_health": 17, "score_mental_health": 20}}, {"type": "Feature", "geometry": {"type": "Point", "coordinates": [-97.5803201, 35.49922701]}, "properties": {"name": "Variety Care Turtle Creek-Edmond", "address": "2000 E 15th St, Ste 400A", "city": "Edmond", "county": "Oklahoma", "zip": "73013", "disciplines_needed": "Primary Care, Dental Health, Mental Health", "max_hpsa_score": 20, "is_auto_hpsa": true, "nhsc_approved": true, "score_primary_care": 19, "score_dental_health": 17, "score_mental_health": 20}}, {"type": "Feature", "geometry": {"type": "Point", "coordinates": [-98.38567951, 34.62772709]}, "properties": {"name": "Lawton Indian Hospital", "address": "1515 NE Lawrie Tatum Rd", "city": "Lawton", "county": "Comanche", "zip": "73507", "disciplines_needed": "Primary Care, Dental Health, Mental Health", "max_hpsa_score": 20, "is_auto_hpsa": true, "nhsc_approved": true, "score_primary_care": 18, "score_dental_health": 20, "score_mental_health": 19}}, {"type": "Feature", "geometry": {"type": "Point", "coordinates": [-95.7720063, 34.89091584]}, "properties": {"name": "Caring Hands Healthcare Centers", "address": "3101 Elk Dr", "city": "Mcalester", "county": "Pittsburg", "zip": "74501", "disciplines_needed": "Primary Care, Dental Health, Mental Health", "max_hpsa_score": 20, "is_auto_hpsa": true, "nhsc_approved": true, "score_primary_care": 18, "score_dental_health": 17, "score_mental_health": 20}}, {"type": "Feature", "geometry": {"type": "Point", "coordinates": [-95.7720063, 34.89091584]}, "properties": {"name": "Caring Hands Healthcare Centers - 3rd Street", "address": "200 S 3rd St, Suite B", "city": "Mcalester", "county": "Pittsburg", "zip": "74501", "disciplines_needed": "Primary Care, Dental Health, Mental Health", "max_hpsa_score": 20, "is_auto_hpsa": true, "nhsc_approved": true, "score_primary_care": 18, "score_dental_health": 17, "score_mental_health": 20}}, {"type": "Feature", "geometry": {"type": "Point", "coordinates": [-95.7720063, 34.89091584]}, "properties": {"name": "Caring Hands Healthcare Centers - Hartshorne", "address": "1429 Pennsylvania Ave", "city": "Hartshorne", "county": "Pittsburg", "zip": "74547", "disciplines_needed": "Primary Care, Dental Health, Mental Health", "max_hpsa_score": 20, "is_auto_hpsa": true, "nhsc_approved": true, "score_primary_care": 18, "score_dental_health": 17, "score_mental_health": 20}}, {"type": "Feature", "geometry": {"type": "Point", "coordinates": [-95.7720063, 34.89091584]}, "properties": {"name": "Caring Hands Healthcare Centers @ MRHC", "address": "4 E Clark Bass Blvd", "city": "Mcalester", "county": "Pittsburg", "zip": "74501", "disciplines_needed": "Primary Care, Dental Health, Mental Health", "max_hpsa_score": 20, "is_auto_hpsa": true, "nhsc_approved": true, "score_primary_care": 18, "score_dental_health": 17, "score_mental_health": 20}}, {"type": "Feature", "geometry": {"type": "Point", "coordinates": [-97.73268408, 36.81384898]}, "properties": {"name": "MEDFORD FAMILY CLINIC", "address": "158 E Sunset Dr Ste B", "city": "Medford", "county": "Grant", "zip": "73759", "disciplines_needed": "Primary Care, Dental Health, Mental Health", "max_hpsa_score": 20, "is_auto_hpsa": true, "nhsc_approved": true, "score_primary_care": 15, "score_dental_health": 13, "score_mental_health": 20}}, {"type": "Feature", "geometry": {"type": "Point", "coordinates": [-95.14356414, 36.62142257]}, "properties": {"name": "Cherokee Nation Health Services Vinita Health Clinic", "address": "27371 S 4410 Rd", "city": "Vinita", "county": "Craig", "zip": "74301", "disciplines_needed": "Primary Care, Dental Health, Mental Health", "max_hpsa_score": 20, "is_auto_hpsa": true, "nhsc_approved": true, "score_primary_care": 18, "score_dental_health": 20, "score_mental_health": 18}}, {"type": "Feature", "geometry": {"type": "Point", "coordinates": [-96.7854359, 36.33489254]}, "properties": {"name": "Pawnee Indian Health Center", "address": "1201 Heritage Cir", "city": "Pawnee", "county": "Pawnee", "zip": "74058", "disciplines_needed": "Primary Care, Dental Health, Mental Health", "max_hpsa_score": 20, "is_auto_hpsa": true, "nhsc_approved": true, "score_primary_care": 18, "score_dental_health": 20, "score_mental_health": 18}}, {"type": "Feature", "geometry": {"type": "Point", "coordinates": [-95.14661012, 36.30134485]}, "properties": {"name": "Cherokee Nation Health Services A-MO Health Center", "address": "900 N Owen Walters Blvd", "city": "Salina", "county": "Mayes", "zip": "74365", "disciplines_needed": "Primary Care, Dental Health, Mental Health", "max_hpsa_score": 20, "is_auto_hpsa": true, "nhsc_approved": true, "score_primary_care": 18, "score_dental_health": 20, "score_mental_health": 18}}, {"type": "Feature", "geometry": {"type": "Point", "coordinates": [-94.97938506, 35.89875366]}, "properties": {"name": "HEALTHY LIVING CAMPUS", "address": "1400 Hensley Dr", "city": "Tahlequah", "county": "Cherokee", "zip": "74464", "disciplines_needed": "Primary Care, Dental Health, Mental Health", "max_hpsa_score": 19, "is_auto_hpsa": true, "nhsc_approved": true, "score_primary_care": 18, "score_dental_health": 19, "score_mental_health": 18}}, {"type": "Feature", "geometry": {"type": "Point", "coordinates": [-94.6605081, 35.0224349]}, "properties": {"name": "Rubin White Health Center", "address": "109 Kerr Ave", "city": "Poteau", "county": "Le Flore", "zip": "74953", "disciplines_needed": "Primary Care, Dental Health, Mental Health", "max_hpsa_score": 19, "is_auto_hpsa": true, "nhsc_approved": true, "score_primary_care": 18, "score_dental_health": 19, "score_mental_health": 18}}, {"type": "Feature", "geometry": {"type": "Point", "coordinates": [-96.9260167, 35.29408461]}, "properties": {"name": "Absentee Shawnee Tribe Health System Shawnee Clinic", "address": "2029 S Gordon Cooper Dr", "city": "Shawnee", "county": "Pottawatomie", "zip": "74801", "disciplines_needed": "Primary Care, Dental Health, Mental Health", "max_hpsa_score": 19, "is_auto_hpsa": true, "nhsc_approved": true, "score_primary_care": 18, "score_dental_health": 19, "score_mental_health": 18}}, {"type": "Feature", "geometry": {"type": "Point", "coordinates": [-94.83977103, 36.91947768]}, "properties": {"name": "Quapaw Counseling Center", "address": "58150 E 66 Rd", "city": "Miami", "county": "Ottawa", "zip": "74354", "disciplines_needed": "Primary Care, Dental Health, Mental Health", "max_hpsa_score": 19, "is_auto_hpsa": true, "nhsc_approved": true, "score_primary_care": 18, "score_dental_health": 19, "score_mental_health": 18}}, {"type": "Feature", "geometry": {"type": "Point", "coordinates": [-96.23905215, 35.23429504]}, "properties": {"name": "Wetumka Indian Health Center", "address": "325 S Washita St", "city": "Wetumka", "county": "Hughes", "zip": "74883", "disciplines_needed": "Primary Care, Dental Health, Mental Health", "max_hpsa_score": 19, "is_auto_hpsa": true, "nhsc_approved": true, "score_primary_care": 18, "score_dental_health": 19, "score_mental_health": 18}}, {"type": "Feature", "geometry": {"type": "Point", "coordinates": [-95.00619346, 35.84656189]}, "properties": {"name": "Cherokee Nation Ga Du Gi", "address": "16944 W Cherokee", "city": "Tahlequah", "county": "Cherokee", "zip": "74464", "disciplines_needed": "Primary Care, Dental Health, Mental Health", "max_hpsa_score": 19, "is_auto_hpsa": true, "nhsc_approved": true, "score_primary_care": 18, "score_dental_health": 19, "score_mental_health": 18}}, {"type": "Feature", "geometry": {"type": "Point", "coordinates": [-97.12495796, 34.18485223]}, "properties": {"name": "Good Shepherd Community Clinic, Inc. 1520 N Commerce", "address": "1520 N Commerce St", "city": "Ardmore", "county": "Carter", "zip": "73401", "disciplines_needed": "Primary Care, Dental Health, Mental Health", "max_hpsa_score": 19, "is_auto_hpsa": true, "nhsc_approved": true, "score_primary_care": 14, "score_dental_health": 19, "score_mental_health": 18}}, {"type": "Feature", "geometry": {"type": "Point", "coordinates": [-97.12495796, 34.18485223]}, "properties": {"name": "Good Shepherd Community Clinic, Inc.", "address": "20 12th Ave NW", "city": "Ardmore", "county": "Carter", "zip": "73401", "disciplines_needed": "Primary Care, Dental Health, Mental Health", "max_hpsa_score": 19, "is_auto_hpsa": true, "nhsc_approved": true, "score_primary_care": 11, "score_dental_health": 13, "score_mental_health": 19}}, {"type": "Feature", "geometry": {"type": "Point", "coordinates": [-97.12495796, 34.18485223]}, "properties": {"name": "Good Shepherd Community Clinic, Inc. - Walnut Dr.", "address": "1104 Walnut Dr", "city": "Ardmore", "county": "Carter", "zip": "73401", "disciplines_needed": "Primary Care, Dental Health, Mental Health", "max_hpsa_score": 19, "is_auto_hpsa": true, "nhsc_approved": true, "score_primary_care": 14, "score_dental_health": 19, "score_mental_health": 18}}, {"type": "Feature", "geometry": {"type": "Point", "coordinates": [-97.12495796, 34.18485223]}, "properties": {"name": "Good Shepherd Community Clinic, Inc-2401 N Commerce", "address": "2401 N Commerce St", "city": "Ardmore", "county": "Carter", "zip": "73401", "disciplines_needed": "Primary Care, Dental Health, Mental Health", "max_hpsa_score": 19, "is_auto_hpsa": true, "nhsc_approved": true, "score_primary_care": 14, "score_dental_health": 19, "score_mental_health": 18}}, {"type": "Feature", "geometry": {"type": "Point", "coordinates": [-94.61829676, 36.86855829]}, "properties": {"name": "Lost River Treatment Center", "address": "10025 S 705 Rd", "city": "Wyandotte", "county": "Newton County, MO", "zip": "74370", "disciplines_needed": "Primary Care, Dental Health, Mental Health", "max_hpsa_score": 19, "is_auto_hpsa": true, "nhsc_approved": true, "score_primary_care": 18, "score_dental_health": 19, "score_mental_health": 18}}, {"type": "Feature", "geometry": {"type": "Point", "coordinates": [-94.66023636, 35.02131315]}, "properties": {"name": "Choctaw Nation Poteau Health Clinic", "address": "109 Kerr Ave", "city": "Poteau", "county": "Le Flore", "zip": "74953", "disciplines_needed": "Primary Care, Dental Health, Mental Health", "max_hpsa_score": 19, "is_auto_hpsa": true, "nhsc_approved": true, "score_primary_care": 18, "score_dental_health": 19, "score_mental_health": 18}}, {"type": "Feature", "geometry": {"type": "Point", "coordinates": [-95.92452646, 35.60989248]}, "properties": {"name": "Muscogee Nation Behavioral Health Services-Okmulgee", "address": "2360 US-62", "city": "Okmulgee", "county": "Okmulgee", "zip": "74447", "disciplines_needed": "Primary Care, Dental Health, Mental Health", "max_hpsa_score": 19, "is_auto_hpsa": true, "nhsc_approved": true, "score_primary_care": 18, "score_dental_health": 19, "score_mental_health": 17}}, {"type": "Feature", "geometry": {"type": "Point", "coordinates": [-95.96106254, 35.66800042]}, "properties": {"name": "MCN PHYSICAL REHAB CENTER", "address": "900 E Airport Rd", "city": "Okmulgee", "county": "Okmulgee", "zip": "74447", "disciplines_needed": "Primary Care, Dental Health, Mental Health", "max_hpsa_score": 19, "is_auto_hpsa": true, "nhsc_approved": true, "score_primary_care": 18, "score_dental_health": 19, "score_mental_health": 17}}, {"type": "Feature", "geometry": {"type": "Point", "coordinates": [-95.00368409, 35.91527141]}, "properties": {"name": "Echota Behavioral Health", "address": "16414 W 760 Rd", "city": "Tahlequah", "county": "Cherokee", "zip": "74464", "disciplines_needed": "Primary Care, Dental Health, Mental Health", "max_hpsa_score": 19, "is_auto_hpsa": true, "nhsc_approved": true, "score_primary_care": 18, "score_dental_health": 19, "score_mental_health": 18}}, {"type": "Feature", "geometry": {"type": "Point", "coordinates": [-96.40180909, 33.97425196]}, "properties": {"name": "Choctaw Nation Regional Medical Clinic", "address": "1801 Chukka Hina", "city": "Durant", "county": "Bryan", "zip": "74701", "disciplines_needed": "Primary Care, Dental Health, Mental Health", "max_hpsa_score": 19, "is_auto_hpsa": true, "nhsc_approved": true, "score_primary_care": 18, "score_dental_health": 19, "score_mental_health": 18}}, {"type": "Feature", "geometry": {"type": "Point", "coordinates": [-97.61040686, 35.46418031]}, "properties": {"name": "Oklahoma City Indian Clinic Ann Arbor", "address": "5208 W Reno Ave", "city": "Oklahoma City", "county": "Oklahoma", "zip": "73127", "disciplines_needed": "Primary Care, Dental Health, Mental Health", "max_hpsa_score": 19, "is_auto_hpsa": true, "nhsc_approved": true, "score_primary_care": 18, "score_dental_health": 19, "score_mental_health": 17}}, {"type": "Feature", "geometry": {"type": "Point", "coordinates": [-94.99549028, 35.89672582]}, "properties": {"name": "CHEROKEE NATION HEALTH SERVICES JACK BROWN YOUTH TREATMENT CENTER", "address": "1429 Jack Brown Ln", "city": "Tahlequah", "county": "Cherokee", "zip": "74464", "disciplines_needed": "Primary Care, Dental Health, Mental Health", "max_hpsa_score": 19, "is_auto_hpsa": true, "nhsc_approved": true, "score_primary_care": 18, "score_dental_health": 19, "score_mental_health": 18}}, {"type": "Feature", "geometry": {"type": "Point", "coordinates": [-94.94721999, 35.90813124]}, "properties": {"name": "Cherokee Nation Outpatient Clinic - Tahlequah", "address": "19600 E Ross St", "city": "Tahlequah", "county": "Cherokee", "zip": "74464", "disciplines_needed": "Primary Care, Dental Health, Mental Health", "max_hpsa_score": 19, "is_auto_hpsa": true, "nhsc_approved": true, "score_primary_care": 18, "score_dental_health": 19, "score_mental_health": 18}}, {"type": "Feature", "geometry": {"type": "Point", "coordinates": [-95.95327812, 35.61172871]}, "properties": {"name": "Muscogee (Creek) Nation Medical Center", "address": "1212 S Belmont Ave", "city": "Okmulgee", "county": "Okmulgee", "zip": "74447", "disciplines_needed": "Primary Care, Dental Health, Mental Health", "max_hpsa_score": 19, "is_auto_hpsa": true, "nhsc_approved": true, "score_primary_care": 18, "score_dental_health": 19, "score_mental_health": 18}}, {"type": "Feature", "geometry": {"type": "Point", "coordinates": [-95.04992962, 34.7534552]}, "properties": {"name": "Choctaw Nation Talihina Community Clinic", "address": "205 Dallas St", "city": "Talihina", "county": "Le Flore", "zip": "74571", "disciplines_needed": "Primary Care, Dental Health, Mental Health", "max_hpsa_score": 19, "is_auto_hpsa": true, "nhsc_approved": true, "score_primary_care": 18, "score_dental_health": 19, "score_mental_health": 18}}, {"type": "Feature", "geometry": {"type": "Point", "coordinates": [-96.40180909, 33.97425196]}, "properties": {"name": "Choctaw Employee Health Clinic", "address": "1801 Chukka Hina", "city": "Durant", "county": "Bryan", "zip": "74701", "disciplines_needed": "Primary Care, Dental Health, Mental Health", "max_hpsa_score": 19, "is_auto_hpsa": true, "nhsc_approved": true, "score_primary_care": 18, "score_dental_health": 19, "score_mental_health": 18}}, {"type": "Feature", "geometry": {"type": "Point", "coordinates": [-94.78237528, 36.45215854]}, "properties": {"name": "OCH JAY FAMILY CLINIC", "address": "2485 N Main St", "city": "Jay", "county": "Delaware", "zip": "74346", "disciplines_needed": "Primary Care, Dental Health, Mental Health", "max_hpsa_score": 19, "is_auto_hpsa": true, "nhsc_approved": true, "score_primary_care": 15, "score_dental_health": 17, "score_mental_health": 19}}, {"type": "Feature", "geometry": {"type": "Point", "coordinates": [-98.41922556, 35.82808453]}, "properties": {"name": "Watonga Indian Health Center", "address": "1305 S Clarence Nash Blvd", "city": "Watonga", "county": "Blaine", "zip": "73772", "disciplines_needed": "Primary Care, Dental Health, Mental Health", "max_hpsa_score": 19, "is_auto_hpsa": true, "nhsc_approved": true, "score_primary_care": 17, "score_dental_health": 16, "score_mental_health": 19}}, {"type": "Feature", "geometry": {"type": "Point", "coordinates": [-95.98071217, 36.17448218]}, "properties": {"name": "Morton Midtown Homeless Health Center", "address": "102 N Denver Ave", "city": "Tulsa", "county": "Tulsa", "zip": "74103", "disciplines_needed": "Primary Care, Dental Health, Mental Health", "max_hpsa_score": 19, "is_auto_hpsa": true, "nhsc_approved": true, "score_primary_care": 19, "score_dental_health": 19, "score_mental_health": 18}}, {"type": "Feature", "geometry": {"type": "Point", "coordinates": [-95.98071217, 36.17448218]}, "properties": {"name": "Morton East Health Center", "address": "11511 E 21st St", "city": "Tulsa", "county": "Tulsa", "zip": "74129", "disciplines_needed": "Primary Care, Dental Health, Mental Health", "max_hpsa_score": 19, "is_auto_hpsa": true, "nhsc_approved": true, "score_primary_care": 19, "score_dental_health": 19, "score_mental_health": 18}}, {"type": "Feature", "geometry": {"type": "Point", "coordinates": [-95.98071217, 36.17448218]}, "properties": {"name": "Morton Comprehensive Health Center", "address": "1334 N Lansing Ave", "city": "Tulsa", "county": "Tulsa", "zip": "74106", "disciplines_needed": "Primary Care, Dental Health, Mental Health", "max_hpsa_score": 19, "is_auto_hpsa": true, "nhsc_approved": true, "score_primary_care": 19, "score_dental_health": 19, "score_mental_health": 18}}, {"type": "Feature", "geometry": {"type": "Point", "coordinates": [-95.98071217, 36.17448218]}, "properties": {"name": "Morton Comprehensive Health Services at F&amp;CS Apache", "address": "240 E Apache St", "city": "Tulsa", "county": "Tulsa", "zip": "74106", "disciplines_needed": "Primary Care, Dental Health, Mental Health", "max_hpsa_score": 19, "is_auto_hpsa": true, "nhsc_approved": true, "score_primary_care": 19, "score_dental_health": 19, "score_mental_health": 18}}, {"type": "Feature", "geometry": {"type": "Point", "coordinates": [-95.98071217, 36.17448218]}, "properties": {"name": "Morton Nowata Health Center", "address": "207 S Locust St", "city": "Nowata", "county": "Tulsa", "zip": "74048", "disciplines_needed": "Primary Care, Dental Health, Mental Health", "max_hpsa_score": 19, "is_auto_hpsa": true, "nhsc_approved": true, "score_primary_care": 19, "score_dental_health": 19, "score_mental_health": 18}}, {"type": "Feature", "geometry": {"type": "Point", "coordinates": [-95.98071217, 36.17448218]}, "properties": {"name": "Morton West Tulsa Health Center", "address": "6116 W 11th St", "city": "Tulsa", "county": "Tulsa", "zip": "74127", "disciplines_needed": "Primary Care, Dental Health, Mental Health", "max_hpsa_score": 19, "is_auto_hpsa": true, "nhsc_approved": true, "score_primary_care": 19, "score_dental_health": 19, "score_mental_health": 18}}, {"type": "Feature", "geometry": {"type": "Point", "coordinates": [-95.98071217, 36.17448218]}, "properties": {"name": "Morton Family &amp; Children's Health Center", "address": "2325 S Harvard Ave", "city": "Tulsa", "county": "Tulsa", "zip": "74114", "disciplines_needed": "Primary Care, Dental Health, Mental Health", "max_hpsa_score": 19, "is_auto_hpsa": true, "nhsc_approved": true, "score_primary_care": 19, "score_dental_health": 19, "score_mental_health": 18}}, {"type": "Feature", "geometry": {"type": "Point", "coordinates": [-97.30554137, 35.50763607]}, "properties": {"name": "HEALING HANDS HLTH CARE SVCS", "address": "411 NW 11th St", "city": "Oklahoma City", "county": "Oklahoma", "zip": "73103", "disciplines_needed": "Primary Care, Dental Health, Mental Health", "max_hpsa_score": 19, "is_auto_hpsa": true, "nhsc_approved": true, "score_primary_care": 19, "score_dental_health": 17, "score_mental_health": 17}}, {"type": "Feature", "geometry": {"type": "Point", "coordinates": [-97.30554137, 35.50763607]}, "properties": {"name": "Mary Mahoney Memorial Health Center", "address": "12716 NE 36th St", "city": "Spencer", "county": "Oklahoma", "zip": "73084", "disciplines_needed": "Primary Care, Dental Health, Mental Health", "max_hpsa_score": 19, "is_auto_hpsa": true, "nhsc_approved": true, "score_primary_care": 19, "score_dental_health": 17, "score_mental_health": 17}}, {"type": "Feature", "geometry": {"type": "Point", "coordinates": [-97.30554137, 35.50763607]}, "properties": {"name": "Dorothy M. Smith Family Medical Center", "address": "105 E Santa Fe St", "city": "Carney", "county": "Oklahoma", "zip": "74832", "disciplines_needed": "Primary Care, Dental Health, Mental Health", "max_hpsa_score": 19, "is_auto_hpsa": true, "nhsc_approved": true, "score_primary_care": 19, "score_dental_health": 17, "score_mental_health": 17}}, {"type": "Feature", "geometry": {"type": "Point", "coordinates": [-97.30554137, 35.50763607]}, "properties": {"name": "MARY MAHONEY HLTH CTR @ LANGSTON", "address": "300 N Martin Luther King Jr", "city": "Coyle", "county": "Oklahoma", "zip": "73027", "disciplines_needed": "Primary Care, Dental Health, Mental Health", "max_hpsa_score": 19, "is_auto_hpsa": true, "nhsc_approved": true, "score_primary_care": 19, "score_dental_health": 17, "score_mental_health": 17}}, {"type": "Feature", "geometry": {"type": "Point", "coordinates": [-97.30554137, 35.50763607]}, "properties": {"name": "Community Health Shawnee Family Medical Center", "address": "130 N Broadway Ave, Suite 300", "city": "Shawnee", "county": "Oklahoma", "zip": "74801", "disciplines_needed": "Primary Care, Dental Health, Mental Health", "max_hpsa_score": 19, "is_auto_hpsa": true, "nhsc_approved": true, "score_primary_care": 19, "score_dental_health": 17, "score_mental_health": 17}}, {"type": "Feature", "geometry": {"type": "Point", "coordinates": [-97.30554137, 35.50763607]}, "properties": {"name": "Millwood School Clinic", "address": "6724 N Martin Luther King Ave", "city": "Oklahoma City", "county": "Oklahoma", "zip": "73111", "disciplines_needed": "Primary Care, Dental Health, Mental Health", "max_hpsa_score": 19, "is_auto_hpsa": true, "nhsc_approved": true, "score_primary_care": 19, "score_dental_health": 17, "score_mental_health": 17}}, {"type": "Feature", "geometry": {"type": "Point", "coordinates": [-97.30554137, 35.50763607]}, "properties": {"name": "CITY RESCUE MISSION", "address": "800 W California Ave", "city": "Oklahoma City", "county": "Oklahoma", "zip": "73106", "disciplines_needed": "Primary Care, Dental Health, Mental Health", "max_hpsa_score": 19, "is_auto_hpsa": true, "nhsc_approved": true, "score_primary_care": 19, "score_dental_health": 17, "score_mental_health": 17}}, {"type": "Feature", "geometry": {"type": "Point", "coordinates": [-97.30554137, 35.50763607]}, "properties": {"name": "Perry A. Klaassen Family Medical Center", "address": "1006 NE 17th St", "city": "Oklahoma City", "county": "Oklahoma", "zip": "73111", "disciplines_needed": "Primary Care, Dental Health, Mental Health", "max_hpsa_score": 19, "is_auto_hpsa": true, "nhsc_approved": true, "score_primary_care": 19, "score_dental_health": 17, "score_mental_health": 17}}, {"type": "Feature", "geometry": {"type": "Point", "coordinates": [-97.30554137, 35.50763607]}, "properties": {"name": "Community Health Highland Park Family Medical Center", "address": "5301 S Dimple Dr", "city": "Oklahoma City", "county": "Oklahoma", "zip": "73135", "disciplines_needed": "Primary Care, Dental Health, Mental Health", "max_hpsa_score": 19, "is_auto_hpsa": true, "nhsc_approved": true, "score_primary_care": 19, "score_dental_health": 17, "score_mental_health": 17}}, {"type": "Feature", "geometry": {"type": "Point", "coordinates": [-97.30554137, 35.50763607]}, "properties": {"name": "WestTown", "address": "1729 NW 3rd St", "city": "Oklahoma City", "county": "Oklahoma", "zip": "73106", "disciplines_needed": "Primary Care, Dental Health, Mental Health", "max_hpsa_score": 19, "is_auto_hpsa": true, "nhsc_approved": true, "score_primary_care": 19, "score_dental_health": 17, "score_mental_health": 17}}, {"type": "Feature", "geometry": {"type": "Point", "coordinates": [-97.30554137, 35.50763607]}, "properties": {"name": "Salvation Army Chesapeake Center of Hope", "address": "1001 N Pennsylvania Ave", "city": "Oklahoma City", "county": "Oklahoma", "zip": "73107", "disciplines_needed": "Primary Care, Dental Health, Mental Health", "max_hpsa_score": 19, "is_auto_hpsa": true, "nhsc_approved": true, "score_primary_care": 19, "score_dental_health": 17, "score_mental_health": 17}}, {"type": "Feature", "geometry": {"type": "Point", "coordinates": [-97.49215162, 34.22345001]}, "properties": {"name": "MERCY HOSPITAL HEALDTON - PRIMARY CARE", "address": "3472 Hospital Rd", "city": "Healdton", "county": "Carter", "zip": "73438", "disciplines_needed": "Primary Care, Dental Health, Mental Health", "max_hpsa_score": 19, "is_auto_hpsa": true, "nhsc_approved": true, "score_primary_care": 15, "score_dental_health": 17, "score_mental_health": 19}}, {"type": "Feature", "geometry": {"type": "Point", "coordinates": [-96.99612769, 34.50630563]}, "properties": {"name": "ARBUCKLE FAMILY CLINIC", "address": "2011 W Broadway Ave", "city": "Sulphur", "county": "Murray", "zip": "73086", "disciplines_needed": "Primary Care, Dental Health, Mental Health", "max_hpsa_score": 18, "is_auto_hpsa": true, "nhsc_approved": true, "score_primary_care": 17, "score_dental_health": 17, "score_mental_health": 18}}, {"type": "Feature", "geometry": {"type": "Point", "coordinates": [-95.62823998, 36.31758998]}, "properties": {"name": "Claremore Indian Hospital", "address": "S Moore Ave & W Will Rogers Blvd", "city": "Claremore", "county": "Rogers", "zip": "74017", "disciplines_needed": "Primary Care, Dental Health, Mental Health", "max_hpsa_score": 18, "is_auto_hpsa": true, "nhsc_approved": true, "score_primary_care": 17, "score_dental_health": 18, "score_mental_health": 17}}, {"type": "Feature", "geometry": {"type": "Point", "coordinates": [-95.58237152, 35.28790213]}, "properties": {"name": "AMC MEDICAL CLINIC LLC", "address": "218 N Main St", "city": "Eufaula", "county": "McIntosh", "zip": "74432", "disciplines_needed": "Primary Care, Dental Health, Mental Health", "max_hpsa_score": 18, "is_auto_hpsa": true, "nhsc_approved": true, "score_primary_care": 17, "score_dental_health": 13, "score_mental_health": 18}}, {"type": "Feature", "geometry": {"type": "Point", "coordinates": [-96.38941972, 35.08630479]}, "properties": {"name": "ABC MEDICAL CLINIC OF HOLDENVILLE", "address": "1011 N Hinckley St", "city": "Holdenville", "county": "Hughes", "zip": "74848", "disciplines_needed": "Primary Care, Dental Health, Mental Health", "max_hpsa_score": 18, "is_auto_hpsa": true, "nhsc_approved": true, "score_primary_care": 18, "score_dental_health": 17, "score_mental_health": 18}}, {"type": "Feature", "geometry": {"type": "Point", "coordinates": [-97.05767687, 35.38015855]}, "properties": {"name": "Citizen Potawatomi Nation West Clinic", "address": "781 Grand Casino Blvd", "city": "Shawnee", "county": "Pottawatomie", "zip": "74804", "disciplines_needed": "Primary Care, Dental Health, Mental Health", "max_hpsa_score": 18, "is_auto_hpsa": true, "nhsc_approved": true, "score_primary_care": 17, "score_dental_health": 18, "score_mental_health": 16}}, {"type": "Feature", "geometry": {"type": "Point", "coordinates": [-94.80938043, 33.88095078]}, "properties": {"name": "MCCURTAIN MEMORIAL RURAL HEALTH CLINICS", "address": "1425 E Lincoln Rd, Ste B3", "city": "Idabel", "county": "McCurtain", "zip": "74745", "disciplines_needed": "Primary Care, Dental Health, Mental Health", "max_hpsa_score": 18, "is_auto_hpsa": true, "nhsc_approved": true, "score_primary_care": 17, "score_dental_health": 17, "score_mental_health": 18}}, {"type": "Feature", "geometry": {"type": "Point", "coordinates": [-95.51636898, 34.88367836]}, "properties": {"name": "JONES ACADEMY SCHOOL HC", "address": "909 Jones Academy Rd", "city": "Hartshorne", "county": "Pittsburg", "zip": "74547", "disciplines_needed": "Primary Care, Dental Health, Mental Health", "max_hpsa_score": 18, "is_auto_hpsa": true, "nhsc_approved": true, "score_primary_care": 18, "score_dental_health": 17, "score_mental_health": 18}}, {"type": "Feature", "geometry": {"type": "Point", "coordinates": [-97.14050723, 34.20237535]}, "properties": {"name": "Ardmore Health Clinic", "address": "2510 Chickasaw Blvd", "city": "Ardmore", "county": "Carter", "zip": "73401", "disciplines_needed": "Primary Care, Dental Health, Mental Health", "max_hpsa_score": 18, "is_auto_hpsa": true, "nhsc_approved": true, "score_primary_care": 17, "score_dental_health": 18, "score_mental_health": 17}}, {"type": "Feature", "geometry": {"type": "Point", "coordinates": [-96.33998351, 36.66633285]}, "properties": {"name": "The Osage Nation Wah-Zha-Zhi Health Center", "address": "715 Grandview Ave", "city": "Pawhuska", "county": "Osage", "zip": "74056", "disciplines_needed": "Primary Care, Dental Health, Mental Health", "max_hpsa_score": 18, "is_auto_hpsa": true, "nhsc_approved": true, "score_primary_care": 17, "score_dental_health": 18, "score_mental_health": 17}}, {"type": "Feature", "geometry": {"type": "Point", "coordinates": [-98.60497136, 35.10716619]}, "properties": {"name": "CARNEGIE MEDICAL CLINIC", "address": "101 W Ash St", "city": "Carnegie", "county": "Caddo", "zip": "73015", "disciplines_needed": "Primary Care, Dental Health, Mental Health", "max_hpsa_score": 18, "is_auto_hpsa": true, "nhsc_approved": true, "score_primary_care": 17, "score_dental_health": 17, "score_mental_health": 18}}, {"type": "Feature", "geometry": {"type": "Point", "coordinates": [-97.20646124, 35.23228121]}, "properties": {"name": "Absentee Shawnee Tribe Health System Little Axe Health Center", "address": "15951 Little Axe Dr", "city": "Norman", "county": "Cleveland", "zip": "73026", "disciplines_needed": "Primary Care, Dental Health, Mental Health", "max_hpsa_score": 18, "is_auto_hpsa": true, "nhsc_approved": true, "score_primary_care": 17, "score_dental_health": 18, "score_mental_health": 17}}, {"type": "Feature", "geometry": {"type": "Point", "coordinates": [-97.37090663, 34.99505427]}, "properties": {"name": "Purcell Health Clinic", "address": "1438 Hardcastle Blvd", "city": "Purcell", "county": "McClain", "zip": "73080", "disciplines_needed": "Primary Care, Dental Health, Mental Health", "max_hpsa_score": 18, "is_auto_hpsa": true, "nhsc_approved": true, "score_primary_care": 17, "score_dental_health": 18, "score_mental_health": 17}}, {"type": "Feature", "geometry": {"type": "Point", "coordinates": [-95.09268944, 34.76613057]}, "properties": {"name": "Choctaw Nation Employee Health - Talihina", "address": "1 Choctaw Way", "city": "Talihina", "county": "Latimer", "zip": "74571", "disciplines_needed": "Primary Care, Dental Health, Mental Health", "max_hpsa_score": 18, "is_auto_hpsa": true, "nhsc_approved": true, "score_primary_care": 18, "score_dental_health": 17, "score_mental_health": 17}}, {"type": "Feature", "geometry": {"type": "Point", "coordinates": [-95.09268944, 34.76613057]}, "properties": {"name": "Choctaw Nation Health Care Center", "address": "1 Choctaw Way", "city": "Talihina", "county": "Latimer", "zip": "74571", "disciplines_needed": "Primary Care, Dental Health, Mental Health", "max_hpsa_score": 18, "is_auto_hpsa": true, "nhsc_approved": true, "score_primary_care": 18, "score_dental_health": 18, "score_mental_health": 17}}, {"type": "Feature", "geometry": {"type": "Point", "coordinates": [-96.68451761, 35.49031194]}, "properties": {"name": "PRAGUE COMMUNITY HOSPITAL-PRAGUE FAMILY CLINIC", "address": "1322 Klabzuba Ave", "city": "Prague", "county": "Lincoln", "zip": "74864", "disciplines_needed": "Primary Care, Dental Health, Mental Health", "max_hpsa_score": 18, "is_auto_hpsa": true, "nhsc_approved": true, "score_primary_care": 17, "score_dental_health": 13, "score_mental_health": 18}}, {"type": "Feature", "geometry": {"type": "Point", "coordinates": [-96.70514296, 36.5635822]}, "properties": {"name": "FAIRFAX RURAL HEALTH CLINIC", "address": "40 Hospital Rd", "city": "Fairfax", "county": "Osage", "zip": "74637", "disciplines_needed": "Primary Care, Dental Health, Mental Health", "max_hpsa_score": 18, "is_auto_hpsa": true, "nhsc_approved": true, "score_primary_care": 17, "score_dental_health": 17, "score_mental_health": 18}}, {"type": "Feature", "geometry": {"type": "Point", "coordinates": [-99.50274505, 34.87243311]}, "properties": {"name": "MANGUM FAMILY CLINIC", "address": "118 S Louis Tittle Ave", "city": "Mangum", "county": "Greer", "zip": "73554", "disciplines_needed": "Primary Care, Dental Health, Mental Health", "max_hpsa_score": 18, "is_auto_hpsa": true, "nhsc_approved": true, "score_primary_care": 15, "score_dental_health": 17, "score_mental_health": 18}}, {"type": "Feature", "geometry": {"type": "Point", "coordinates": [-96.21882886, 34.53962094]}, "properties": {"name": "HELTON RURAL HEALTH CLINIC", "address": "108 W Ohio Ave", "city": "Coalgate", "county": "Coal", "zip": "74538", "disciplines_needed": "Primary Care, Dental Health, Mental Health", "max_hpsa_score": 18, "is_auto_hpsa": true, "nhsc_approved": true, "score_primary_care": 15, "score_dental_health": 13, "score_mental_health": 18}}, {"type": "Feature", "geometry": {"type": "Point", "coordinates": [-96.09742061, 35.99210396]}, "properties": {"name": "Muscogee (Creek) Nation Sapulpa Indian Health Center", "address": "1125 E Cleveland Ave", "city": "Sapulpa", "county": "Creek", "zip": "74066", "disciplines_needed": "Primary Care, Dental Health, Mental Health", "max_hpsa_score": 18, "is_auto_hpsa": true, "nhsc_approved": true, "score_primary_care": 17, "score_dental_health": 18, "score_mental_health": 17}}, {"type": "Feature", "geometry": {"type": "Point", "coordinates": [-94.81414344, 35.45566899]}, "properties": {"name": "Cherokee Nation Health Services Redbird Smith Health Center", "address": "301 S J T Stites St", "city": "Sallisaw", "county": "Sequoyah", "zip": "74955", "disciplines_needed": "Primary Care, Dental Health, Mental Health", "max_hpsa_score": 18, "is_auto_hpsa": true, "nhsc_approved": true, "score_primary_care": 17, "score_dental_health": 18, "score_mental_health": 17}}, {"type": "Feature", "geometry": {"type": "Point", "coordinates": [-96.14029654, 34.37285923]}, "properties": {"name": "ABC MEDICAL CLINIC OF ATOKA", "address": "1510 S Virginia Ave", "city": "Atoka", "county": "Atoka", "zip": "74525", "disciplines_needed": "Primary Care, Dental Health, Mental Health", "max_hpsa_score": 18, "is_auto_hpsa": true, "nhsc_approved": true, "score_primary_care": 10, "score_dental_health": 16, "score_mental_health": 18}}, {"type": "Feature", "geometry": {"type": "Point", "coordinates": [-95.97563139, 36.15317145]}, "properties": {"name": "Indian Health Care Resource Center of Tulsa", "address": "550 S Peoria Ave", "city": "Tulsa", "county": "Tulsa", "zip": "74120", "disciplines_needed": "Primary Care, Dental Health, Mental Health", "max_hpsa_score": 18, "is_auto_hpsa": true, "nhsc_approved": true, "score_primary_care": 17, "score_dental_health": 18, "score_mental_health": 18}}, {"type": "Feature", "geometry": {"type": "Point", "coordinates": [-95.62044875, 35.95180444]}, "properties": {"name": "Muscogee (Creek) Nation Koweta Indian Health Facility", "address": "31870 E State Highway 51", "city": "Coweta", "county": "Wagoner", "zip": "74429", "disciplines_needed": "Primary Care, Dental Health, Mental Health", "max_hpsa_score": 18, "is_auto_hpsa": true, "nhsc_approved": true, "score_primary_care": 17, "score_dental_health": 18, "score_mental_health": 17}}, {"type": "Feature", "geometry": {"type": "Point", "coordinates": [-95.63530877, 36.68326966]}, "properties": {"name": "Cherokee Nation Health Services Will Rogers Health Center", "address": "1020 Lenape Dr", "city": "Nowata", "county": "Nowata", "zip": "74048", "disciplines_needed": "Primary Care, Dental Health, Mental Health", "max_hpsa_score": 18, "is_auto_hpsa": true, "nhsc_approved": true, "score_primary_care": 17, "score_dental_health": 18, "score_mental_health": 17}}, {"type": "Feature", "geometry": {"type": "Point", "coordinates": [-99.88156148, 36.26751448]}, "properties": {"name": "NEWMAN HEALTHCARE ASSOCIATES", "address": "905 S Main St", "city": "Shattuck", "county": "Ellis", "zip": "73858", "disciplines_needed": "Primary Care, Dental Health, Mental Health", "max_hpsa_score": 17, "is_auto_hpsa": true, "nhsc_approved": true, "score_primary_care": 14, "score_dental_health": 15, "score_mental_health": 17}}, {"type": "Feature", "geometry": {"type": "Point", "coordinates": [-97.53416113, 35.42070186]}, "properties": {"name": "OKCIC - SW Tower", "address": "1044 SW 44th St", "city": "Oklahoma City", "county": "Oklahoma", "zip": "73109", "disciplines_needed": "Primary Care, Dental Health, Mental Health", "max_hpsa_score": 17, "is_auto_hpsa": true, "nhsc_approved": true, "score_primary_care": 17, "score_dental_health": 17, "score_mental_health": 16}}, {"type": "Feature", "geometry": {"type": "Point", "coordinates": [-95.8630481, 36.05005015]}, "properties": {"name": "Council Oak Comprehensive Health", "address": "10109 E 79th St", "city": "Tulsa", "county": "Tulsa", "zip": "74133", "disciplines_needed": "Primary Care, Dental Health, Mental Health", "max_hpsa_score": 17, "is_auto_hpsa": true, "nhsc_approved": true, "score_primary_care": 17, "score_dental_health": 17, "score_mental_health": 17}}, {"type": "Feature", "geometry": {"type": "Point", "coordinates": [-98.47559797, 36.27534301]}, "properties": {"name": "FAIRVIEW FAMILY CLINIC", "address": "519 E State Rd", "city": "Fairview", "county": "Major", "zip": "73737", "disciplines_needed": "Primary Care, Dental Health, Mental Health", "max_hpsa_score": 17, "is_auto_hpsa": true, "nhsc_approved": true, "score_primary_care": 15, "score_dental_health": 15, "score_mental_health": 17}}, {"type": "Feature", "geometry": {"type": "Point", "coordinates": [-99.6303571, 36.84049438]}, "properties": {"name": "BUFFALO FAMILY HEALTH CLINIC", "address": "610 N Hoy St", "city": "Buffalo", "county": "Harper", "zip": "73834", "disciplines_needed": "Primary Care, Dental Health, Mental Health", "max_hpsa_score": 17, "is_auto_hpsa": true, "nhsc_approved": true, "score_primary_care": 13, "score_dental_health": 15, "score_mental_health": 17}}, {"type": "Feature", "geometry": {"type": "Point", "coordinates": [-94.95997473, 35.91541566]}, "properties": {"name": "ACCESS MEDICAL CLINIC", "address": "709 E Downing St", "city": "Tahlequah", "county": "Cherokee", "zip": "74464", "disciplines_needed": "Primary Care, Dental Health, Mental Health", "max_hpsa_score": 17, "is_auto_hpsa": true, "nhsc_approved": true, "score_primary_care": 15, "score_dental_health": 13, "score_mental_health": 17}}, {"type": "Feature", "geometry": {"type": "Point", "coordinates": [-96.32471666, 36.67290973]}, "properties": {"name": "PAWHUSKA FAMILY MEDICAL CLINIC", "address": "1109 E 15th St", "city": "Pawhuska", "county": "Osage", "zip": "74056", "disciplines_needed": "Primary Care, Dental Health, Mental Health", "max_hpsa_score": 17, "is_auto_hpsa": true, "nhsc_approved": true, "score_primary_care": 16, "score_dental_health": 13, "score_mental_health": 17}}, {"type": "Feature", "geometry": {"type": "Point", "coordinates": [-99.89495313, 36.70979563]}, "properties": {"name": "LAVERNE FAMILY HEALTH CLINIC", "address": "7 N Oklahoma Ave", "city": "Laverne", "county": "Harper", "zip": "73848", "disciplines_needed": "Primary Care, Dental Health, Mental Health", "max_hpsa_score": 17, "is_auto_hpsa": true, "nhsc_approved": true, "score_primary_care": 15, "score_dental_health": 15, "score_mental_health": 17}}, {"type": "Feature", "geometry": {"type": "Point", "coordinates": [-95.9619559, 36.02967651]}, "properties": {"name": "Riverwalk Health and Wellness Center", "address": "1000 Riverwalk Ter", "city": "Jenks", "county": "Tulsa", "zip": "74037", "disciplines_needed": "Primary Care, Dental Health, Mental Health", "max_hpsa_score": 17, "is_auto_hpsa": true, "nhsc_approved": true, "score_primary_care": 16, "score_dental_health": 17, "score_mental_health": 17}}, {"type": "Feature", "geometry": {"type": "Point", "coordinates": [-95.96874826, 36.59762517]}, "properties": {"name": "Cherokee Nation Health Services Cooweescoowee Health Center", "address": "395200 W 2900 Rd", "city": "Ochelata", "county": "Washington", "zip": "74051", "disciplines_needed": "Primary Care, Dental Health, Mental Health", "max_hpsa_score": 17, "is_auto_hpsa": true, "nhsc_approved": true, "score_primary_care": 17, "score_dental_health": 17, "score_mental_health": 17}}, {"type": "Feature", "geometry": {"type": "Point", "coordinates": [-95.97243979, 36.7479949]}, "properties": {"name": "Cherokee Nation Bartlesville Health Clinc", "address": "501 E 5th St", "city": "Bartlesville", "county": "Washington", "zip": "74003", "disciplines_needed": "Primary Care, Dental Health, Mental Health", "max_hpsa_score": 16, "is_auto_hpsa": true, "nhsc_approved": true, "score_primary_care": 16, "score_dental_health": 15, "score_mental_health": 16}}, {"type": "Feature", "geometry": {"type": "Point", "coordinates": [-97.61044952, 35.46418047]}, "properties": {"name": "OKCIC Wellness Center", "address": "5208 W Reno Ave", "city": "Oklahoma City", "county": "Oklahoma", "zip": "73127", "disciplines_needed": "Primary Care, Dental Health, Mental Health", "max_hpsa_score": 16, "is_auto_hpsa": true, "nhsc_approved": true, "score_primary_care": 16, "score_dental_health": 15, "score_mental_health": 15}}, {"type": "Feature", "geometry": {"type": "Point", "coordinates": [-98.92245299, 36.15446289]}, "properties": {"name": "SEILING REGIONAL MEDICAL CENTER - RHC", "address": "809 NE Highway 60", "city": "Seiling", "county": "Dewey", "zip": "73663", "disciplines_needed": "Primary Care, Dental Health, Mental Health", "max_hpsa_score": 16, "is_auto_hpsa": true, "nhsc_approved": true, "score_primary_care": 16, "score_dental_health": 15, "score_mental_health": 15}}, {"type": "Feature", "geometry": {"type": "Point", "coordinates": [-100.51562337, 36.81061051]}, "properties": {"name": "COMMUNITY CLINIC OF BEAVER", "address": "718 Avenue a", "city": "Beaver", "county": "Beaver", "zip": "73932", "disciplines_needed": "Primary Care, Dental Health, Mental Health", "max_hpsa_score": 16, "is_auto_hpsa": true, "nhsc_approved": true, "score_primary_care": 15, "score_dental_health": 15, "score_mental_health": 16}}, {"type": "Feature", "geometry": {"type": "Point", "coordinates": [-100.87486551, 36.86673444]}, "properties": {"name": "COMMUNITY CLINIC OF TURPIN", "address": "104 Hibbs", "city": "Turpin", "county": "Beaver", "zip": "73950", "disciplines_needed": "Primary Care, Dental Health, Mental Health", "max_hpsa_score": 16, "is_auto_hpsa": true, "nhsc_approved": true, "score_primary_care": 13, "score_dental_health": 15, "score_mental_health": 16}}, {"type": "Feature", "geometry": {"type": "Point", "coordinates": [-95.978253, 36.20592383]}, "properties": {"name": "Crossover Health Services at 36th Street", "address": "940 E 36th St N", "city": "Tulsa", "county": "Tulsa", "zip": "74106", "disciplines_needed": "Primary Care, Dental Health, Mental Health", "max_hpsa_score": 15, "is_auto_hpsa": true, "nhsc_approved": true, "score_primary_care": 14, "score_dental_health": 9, "score_mental_health": 15}}, {"type": "Feature", "geometry": {"type": "Point", "coordinates": [-95.978253, 36.20592383]}, "properties": {"name": "Crossover Health Services at 56th Street", "address": "5635 N Martin Luther King Jr Blvd", "city": "Tulsa", "county": "Tulsa", "zip": "74126", "disciplines_needed": "Primary Care, Dental Health, Mental Health", "max_hpsa_score": 15, "is_auto_hpsa": true, "nhsc_approved": true, "score_primary_care": 14, "score_dental_health": 9, "score_mental_health": 15}}, {"type": "Feature", "geometry": {"type": "Point", "coordinates": [-102.51761012, 36.72930485]}, "properties": {"name": "CIMARRON MEMORIAL RURAL HEALTH CLINIC", "address": "102 S Ellis Ave", "city": "Boise City", "county": "Cimarron", "zip": "73933", "disciplines_needed": "Primary Care, Dental Health, Mental Health", "max_hpsa_score": 15, "is_auto_hpsa": true, "nhsc_approved": true, "score_primary_care": 15, "score_dental_health": 15, "score_mental_health": 14}}, {"type": "Feature", "geometry": {"type": "Point", "coordinates": [-97.42544765, 35.84878434]}, "properties": {"name": "MERCY HOSPITAL LOGAN COUNTY - GUTHRIE DIVISION", "address": "2919 S Division St", "city": "Guthrie", "county": "Logan", "zip": "73044", "disciplines_needed": "Primary Care, Dental Health, Mental Health", "max_hpsa_score": 15, "is_auto_hpsa": true, "nhsc_approved": true, "score_primary_care": 15, "score_dental_health": 7, "score_mental_health": 13}}, {"type": "Feature", "geometry": {"type": "Point", "coordinates": [-95.99986155, 36.36959252]}, "properties": {"name": "SKIATOOK FAMILY CLINIC", "address": "201 E 2nd St", "city": "Skiatook", "county": "Tulsa", "zip": "74070", "disciplines_needed": "Primary Care, Dental Health, Mental Health", "max_hpsa_score": 15, "is_auto_hpsa": true, "nhsc_approved": true, "score_primary_care": 15, "score_dental_health": 9, "score_mental_health": 12}}, {"type": "Feature", "geometry": {"type": "Point", "coordinates": [-95.60559568, 36.32183667]}, "properties": {"name": "UTICA PARK CLAREMORE OB/GYN CARE", "address": "201 W Blue Starr Dr", "city": "Claremore", "county": "Rogers", "zip": "74017", "disciplines_needed": "Primary Care, Dental Health, Mental Health", "max_hpsa_score": 14, "is_auto_hpsa": true, "nhsc_approved": true, "score_primary_care": 14, "score_dental_health": 13, "score_mental_health": 14}}, {"type": "Feature", "geometry": {"type": "Point", "coordinates": [-97.90939875, 35.5081019]}, "properties": {"name": "FCI-El Reno", "address": "4205 E Highway 66", "city": "El Reno", "county": "Canadian", "zip": "73036", "disciplines_needed": "Primary Care, Dental Health", "max_hpsa_score": 12, "is_auto_hpsa": false, "nhsc_approved": true, "score_primary_care": 12, "score_dental_health": 12}}, {"type": "Feature", "geometry": {"type": "Point", "coordinates": [-97.61856547, 35.38798319]}, "properties": {"name": "FTC-Oklahoma City", "address": "7410 S Macarthur Blvd", "city": "Oklahoma City", "county": "Oklahoma", "zip": "73169", "disciplines_needed": "Primary Care, Dental Health, Mental Health", "max_hpsa_score": 12, "is_auto_hpsa": false, "nhsc_approved": true, "score_primary_care": 6, "score_dental_health": 12, "score_mental_health": 12}}, {"type": "Feature", "geometry": {"type": "Point", "coordinates": [-97.20244323, 35.02954349]}, "properties": {"name": "Joseph Harp Correctional Center", "address": "16161 Moffat Rd", "city": "Lexington", "county": "Cleveland", "zip": "73051", "disciplines_needed": "Primary Care, Dental Health, Mental Health", "max_hpsa_score": 12, "is_auto_hpsa": false, "nhsc_approved": true, "score_primary_care": 6, "score_dental_health": 12, "score_mental_health": 6}}, {"type": "Feature", "geometry": {"type": "Point", "coordinates": [-96.033812, 34.52371]}, "properties": {"name": "Mack Alford Correctional Center", "address": "US-69 N", "city": "Atoka", "county": "Atoka", "zip": "74525", "disciplines_needed": "Dental Health", "max_hpsa_score": 12, "is_auto_hpsa": false, "nhsc_approved": true, "score_dental_health": 12}}, {"type": "Feature", "geometry": {"type": "Point", "coordinates": [-98.27675122, 36.54530351]}, "properties": {"name": "James Crabtree Correctional Center", "address": "216 N Murray St", "city": "Helena", "county": "Alfalfa", "zip": "73741", "disciplines_needed": "Dental Health, Mental Health", "max_hpsa_score": 12, "is_auto_hpsa": false, "nhsc_approved": true, "score_dental_health": 3, "score_mental_health": 12}}, {"type": "Feature", "geometry": {"type": "Point", "coordinates": [-99.611482, 35.29155732]}, "properties": {"name": "North Fork Correctional Facility", "address": "1605 E Main St", "city": "Sayre", "county": "Beckham", "zip": "73662", "disciplines_needed": "Primary Care", "max_hpsa_score": 6, "is_auto_hpsa": false, "nhsc_approved": true, "score_primary_care": 6}}, {"type": "Feature", "geometry": {"type": "Point", "coordinates": [-97.21911397, 35.02153799]}, "properties": {"name": "Lexington Correctional Center ( LArk", "address": "15151 State Highway 39", "city": "Lexington", "county": "Cleveland", "zip": "73051", "disciplines_needed": "Dental Health", "max_hpsa_score": 6, "is_auto_hpsa": false, "nhsc_approved": true, "score_dental_health": 6}}, {"type": "Feature", "geometry": {"type": "Point", "coordinates": [-96.38934883, 36.46527732]}, "properties": {"name": "CF-Dick Conner", "address": "129 Conner Rd", "city": "Hominy", "county": "Osage", "zip": "74035", "disciplines_needed": "Primary Care", "max_hpsa_score": 3, "is_auto_hpsa": false, "nhsc_approved": true, "score_primary_care": 3}}, {"type": "Feature", "geometry": {"type": "Point", "coordinates": [-95.78082889, 34.95290812]}, "properties": {"name": "Oklahoma State Penitentiary - McAlester", "address": "1301 N West St", "city": "McAlester", "county": "Pittsburg", "zip": "74501", "disciplines_needed": "Primary Care", "max_hpsa_score": 3, "is_auto_hpsa": false, "nhsc_approved": true, "score_primary_care": 3}}, {"type": "Feature", "geometry": {"type": "Point", "coordinates": [-97.21911397, 35.02153799]}, "properties": {"name": "Lexington Correctional Center ( Lark)", "address": "15151 State Highway 39", "city": "Lexington", "county": "Cleveland", "zip": "73051", "disciplines_needed": "Primary Care", "max_hpsa_score": 3, "is_auto_hpsa": false, "nhsc_approved": true, "score_primary_care": 3}}, {"type": "Feature", "geometry": {"type": "Point", "coordinates": [-99.611482, 35.29155732]}, "properties": {"name": "CF-North Fork", "address": "1605 E Main St", "city": "Sayre", "county": "Beckham", "zip": "73662", "disciplines_needed": "Dental Health", "max_hpsa_score": 3, "is_auto_hpsa": false, "nhsc_approved": true, "score_dental_health": 3}}, {"type": "Feature", "geometry": {"type": "Point", "coordinates": [-97.13103601, 35.44559901]}, "properties": {"name": "Mabel Bassett Correctional Center", "address": "29501 Kickapoo Rd", "city": "McLoud", "county": "Pottawatomie", "zip": "74851", "disciplines_needed": "Dental Health, Mental Health", "max_hpsa_score": 3, "is_auto_hpsa": false, "nhsc_approved": true, "score_dental_health": 3, "score_mental_health": 3}}]}