{"type": "FeatureCollection", "features": [{"type": "Feature", "geometry": {"type": "Point", "coordinates": [-96.340336541982, 36.665741952268]}, "properties": {"npi": "1952303190", "name": "PAWHUSKA IHS PHARMACY", "category": "Pharmacy", "specialty": "Indian Health Service/Tribal/Urban Indian Health (I/T/U) Pharmacy", "address": "715 GRANDVIEW AVE", "city": "PAWHUSKA", "state": "OK", "zip": "74056", "phone": "9182874491", "entity": "Organization"}}, {"type": "Feature", "geometry": {"type": "Point", "coordinates": [-99.404987869022, 35.41076978227]}, "properties": {"npi": "1124024740", "name": "PAUL JONES DRUG INC", "category": "Pharmacy", "specialty": "Long Term Care Pharmacy", "address": "105 N MAIN ST", "city": "ELK CITY", "state": "OK", "zip": "73644", "phone": "5802253263", "entity": "Organization"}}, {"type": "Feature", "geometry": {"type": "Point", "coordinates": [-98.971021488271, 35.514440262284]}, "properties": {"npi": "1174520324", "name": "SANZRO LLC", "category": "Pharmacy", "specialty": "Pharmacy", "address": "915 FRISCO AVE", "city": "CLINTON", "state": "OK", "zip": "73601", "phone": "5803232020", "entity": "Organization"}}, {"type": "Feature", "geometry": {"type": "Point", "coordinates": [-98.1401346, 34.9342068]}, "properties": {"npi": "1356348478", "name": "CENTRAL DRUG STORE, INC.", "category": "Pharmacy", "specialty": "Pharmacist", "address": "307 NORTH MAIN ST.", "city": "CEMENT", "state": "OK", "zip": "73017", "phone": "4054893521", "entity": "Organization"}}, {"type": "Feature", "geometry": {"type": "Point", "coordinates": [-98.408855359009, 34.594260904098]}, "properties": {"npi": "1598763005", "name": "DISHMAN PHARMACY INC", "category": "Pharmacy", "specialty": "Pharmacy", "address": "1310 SW LEE BLVD", "city": "LAWTON", "state": "OK", "zip": "73501", "phone": "5803538561", "entity": "Organization"}}, {"type": "Feature", "geometry": {"type": "Point", "coordinates": [-98.48003487821, 34.62338670686]}, "properties": {"npi": "1437157559", "name": "MERICH CORPORATION", "category": "Pharmacy", "specialty": "Long Term Care Pharmacy", "address": "7210 NW CACHE RD", "city": "LAWTON", "state": "OK", "zip": "73505", "phone": "5805361133", "entity": "Organization"}}, {"type": "Feature", "geometry": {"type": "Point", "coordinates": [-94.739508295553, 34.025660640198]}, "properties": {"npi": "1689673832", "name": "PRUETTS FOOD INC", "category": "Pharmacy", "specialty": "Pharmacy", "address": "201 S PARK DR", "city": "BROKEN BOW", "state": "OK", "zip": "74728", "phone": "5805846085", "entity": "Organization"}}, {"type": "Feature", "geometry": {"type": "Point", "coordinates": [-94.784850504854, 35.463515965067]}, "properties": {"npi": "1578563060", "name": "CLIFS PHARMACY LLC", "category": "Pharmacy", "specialty": "Pharmacy", "address": "505 E REDWOOD AVE", "city": "SALLISAW", "state": "OK", "zip": "74955", "phone": "9187760100", "entity": "Organization"}}, {"type": "Feature", "geometry": {"type": "Point", "coordinates": [-95.904299656546, 36.04896016874]}, "properties": {"npi": "1598766263", "name": "SAFFA HEALTHMART PHARMACY INC", "category": "Pharmacy", "specialty": "Compounding Pharmacy", "address": "8002 S SHERIDAN RD", "city": "TULSA", "state": "OK", "zip": "74133", "phone": "9184924242", "entity": "Organization"}}, {"type": "Feature", "geometry": {"type": "Point", "coordinates": [-97.182117658842, 35.493115342066]}, "properties": {"npi": "1093716342", "name": "BESTYET PHARMACY LLC", "category": "Pharmacy", "specialty": "Pharmacy", "address": "19671 NE 23RD ST", "city": "HARRAH", "state": "OK", "zip": "73045", "phone": "4054546261", "entity": "Organization"}}, {"type": "Feature", "geometry": {"type": "Point", "coordinates": [-95.940377412634, 36.125159476751]}, "properties": {"npi": "1205837531", "name": "JMP LTD", "category": "Pharmacy", "specialty": "Pharmacist", "address": "2602 S HARVARD AVE", "city": "TULSA", "state": "OK", "zip": "74114", "phone": "9187436154", "entity": "Organization"}}, {"type": "Feature", "geometry": {"type": "Point", "coordinates": [-95.116093092592, 35.530796520742]}, "properties": {"npi": "1548262132", "name": "GORE GREEN COUNTRY DRUG, INC.", "category": "Pharmacy", "specialty": "Compounding Pharmacy", "address": "305 N MAIN ST", "city": "GORE", "state": "OK", "zip": "74435", "phone": "9184895558", "entity": "Organization"}}, {"type": "Feature", "geometry": {"type": "Point", "coordinates": [-96.098855236774, 35.998415736805]}, "properties": {"npi": "1598757650", "name": "MED-WORLD PHARMACY, INC.", "category": "Pharmacy", "specialty": "Pharmacy", "address": "14 S MISSION ST", "city": "SAPULPA", "state": "OK", "zip": "74066", "phone": "9182272010", "entity": "Organization"}}, {"type": "Feature", "geometry": {"type": "Point", "coordinates": [-94.974137019063, 35.891328891983]}, "properties": {"npi": "1225020811", "name": "TAHLEQUAH DRUG COMPANY LLC", "category": "Pharmacy", "specialty": "Long Term Care Pharmacy", "address": "2028 MAHANEY AVE", "city": "TAHLEQUAH", "state": "OK", "zip": "74464", "phone": "9184310555", "entity": "Organization"}}, {"type": "Feature", "geometry": {"type": "Point", "coordinates": [-97.308487472329, 36.679661286987]}, "properties": {"npi": "1790777126", "name": "HUTTON PHARMACY #2 INC", "category": "Pharmacy", "specialty": "Pharmacy", "address": "205 E TONKAWA AVE", "city": "TONKAWA", "state": "OK", "zip": "74653", "phone": "5806283312", "entity": "Organization"}}, {"type": "Feature", "geometry": {"type": "Point", "coordinates": [-97.607588955781, 35.464481486421]}, "properties": {"npi": "1811980154", "name": "CENTRAL OKLAHOMA AMERICAN INDIAN HEALTH COUNCIL, INC.", "category": "Pharmacy", "specialty": "Indian Health Service/Tribal/Urban Indian Health (I/T/U) Pharmacy", "address": "4913 W RENO AVE", "city": "OKLAHOMA CITY", "state": "OK", "zip": "73127", "phone": "4059484900", "entity": "Organization"}}, {"type": "Feature", "geometry": {"type": "Point", "coordinates": [-96.976858052175, 34.506305654898]}, "properties": {"npi": "1861485559", "name": "SOONER PHARMACY", "category": "Pharmacy", "specialty": "Pharmacy", "address": "815 W BROADWAY AVE", "city": "SULPHUR", "state": "OK", "zip": "73086", "phone": "5806222208", "entity": "Organization"}}, {"type": "Feature", "geometry": {"type": "Point", "coordinates": [-99.630387576421, 36.839252049163]}, "properties": {"npi": "1982698585", "name": "T & L PHARMACY INC.", "category": "Pharmacy", "specialty": "Pharmacy", "address": "506 NORTH HOY", "city": "BUFFALO", "state": "OK", "zip": "73834", "phone": "5807352161", "entity": "Organization"}}, {"type": "Feature", "geometry": {"type": "Point", "coordinates": [-95.406183019813, 35.755033741867]}, "properties": {"npi": "1891789475", "name": "KIRK'S DRUG, INC.", "category": "Pharmacy", "specialty": "Pharmacist", "address": "3506 W OKMULGEE ST", "city": "MUSKOGEE", "state": "OK", "zip": "74401", "phone": "9186822468", "entity": "Organization"}}, {"type": "Feature", "geometry": {"type": "Point", "coordinates": [-95.760777149046, 36.160496296365]}, "properties": {"npi": "1700871217", "name": "RALEY PRESCRIPTION PHARMACY", "category": "Pharmacy", "specialty": "Pharmacist", "address": "19320 E ADMIRAL PL", "city": "CATOOSA", "state": "OK", "zip": "74015", "phone": "9182662283", "entity": "Organization"}}, {"type": "Feature", "geometry": {"type": "Point", "coordinates": [-99.502795431236, 34.873648561484]}, "properties": {"npi": "1821083809", "name": "PUCKETT FOOD STORES INC", "category": "Pharmacy", "specialty": "Long Term Care Pharmacy", "address": "101 N LOUIS TITTLE AVE", "city": "MANGUM", "state": "OK", "zip": "73554", "phone": "5807822131", "entity": "Organization"}}, {"type": "Feature", "geometry": {"type": "Point", "coordinates": [-95.98069070969, 36.17407304338]}, "properties": {"npi": "1235125741", "name": "MORTON HEALTH CENTER PHARMACY", "category": "Pharmacy", "specialty": "Pharmacy", "address": "1334 N LANSING AVE", "city": "TULSA", "state": "OK", "zip": "74106", "phone": "9182956130", "entity": "Organization"}}, {"type": "Feature", "geometry": {"type": "Point", "coordinates": [-97.283052621634, 36.804884113023]}, "properties": {"npi": "1023004215", "name": "HUTTON PHARMACY INC", "category": "Pharmacy", "specialty": "Pharmacy", "address": "119 N MAIN ST", "city": "BLACKWELL", "state": "OK", "zip": "74631", "phone": "5803632137", "entity": "Organization"}}, {"type": "Feature", "geometry": {"type": "Point", "coordinates": [-95.340311529085, 35.742951256783]}, "properties": {"npi": "1649267691", "name": "ECONOMY PHARMACY INC", "category": "Pharmacy", "specialty": "Community/Retail Pharmacy", "address": "412 N YORK ST", "city": "MUSKOGEE", "state": "OK", "zip": "74403", "phone": "9186822418", "entity": "Organization"}}, {"type": "Feature", "geometry": {"type": "Point", "coordinates": [-95.405109419375, 35.755034942581]}, "properties": {"npi": "1265429138", "name": "ECONOMY PHARMACY INC", "category": "Pharmacy", "specialty": "Compounding Pharmacy", "address": "3414 W OKMULGEE ST", "city": "MUSKOGEE", "state": "OK", "zip": "74401", "phone": "9186827765", "entity": "Organization"}}, {"type": "Feature", "geometry": {"type": "Point", "coordinates": [-95.970343033362, 36.133306110756]}, "properties": {"npi": "1497745186", "name": "SCOTT ROBISON'S PRESCRIPTIONS", "category": "Pharmacy", "specialty": "Pharmacist", "address": "1560 E 21ST ST", "city": "TULSA", "state": "OK", "zip": "74114", "phone": "9187432351", "entity": "Organization"}}, {"type": "Feature", "geometry": {"type": "Point", "coordinates": [-97.425296824673, 35.856152436236]}, "properties": {"npi": "1710978937", "name": "ANDERSON-BRITTON LLC", "category": "Pharmacy", "specialty": "Compounding Pharmacy", "address": "105 E. INDUSTRIAL", "city": "GUTHRIE", "state": "OK", "zip": "73044", "phone": "4052820661", "entity": "Organization"}}, {"type": "Feature", "geometry": {"type": "Point", "coordinates": [-97.566851097487, 35.552982192901]}, "properties": {"npi": "1902887243", "name": "LAKEHURST PHARMACY", "category": "Pharmacy", "specialty": "Pharmacy", "address": "8028 N MAY AVE", "city": "OKLAHOMA CITY", "state": "OK", "zip": "73120", "phone": "4058413000", "entity": "Organization"}}, {"type": "Feature", "geometry": {"type": "Point", "coordinates": [-96.726260384963, 34.002442080548]}, "properties": {"npi": "1033191234", "name": "KINGSTON PHARMACY LLC", "category": "Pharmacy", "specialty": "Pharmacist", "address": "7 NORTH MAIN", "city": "KINGSTON", "state": "OK", "zip": "73439", "phone": "5805642337", "entity": "Organization"}}, {"type": "Feature", "geometry": {"type": "Point", "coordinates": [-98.95182165493, 34.659716575419]}, "properties": {"npi": "1235112699", "name": "LARRY R DISMORE", "category": "Pharmacy", "specialty": "Long Term Care Pharmacy", "address": "616 E ST", "city": "SNYDER", "state": "OK", "zip": "73566", "phone": "5805692008", "entity": "Organization"}}, {"type": "Feature", "geometry": {"type": "Point", "coordinates": [-95.92205208936, 36.068392173698]}, "properties": {"npi": "1922081959", "name": "CENTRAL STATES ORTHOPEDIC SPECIALISTS, INC", "category": "Pharmacy", "specialty": "Non-Pharmacy Dispensing Site", "address": "6585 S YALE AVE", "city": "TULSA", "state": "OK", "zip": "74136", "phone": "9184812767", "entity": "Organization"}}, {"type": "Feature", "geometry": {"type": "Point", "coordinates": [-94.50047618708, 35.405204961967]}, "properties": {"npi": "1346223328", "name": "JOHNNYS HOMETOWN PHARMACY PC", "category": "Pharmacy", "specialty": "Pharmacy", "address": "303 E RAY FINE BLVD", "city": "ROLAND", "state": "OK", "zip": "74954", "phone": "9184270400", "entity": "Organization"}}, {"type": "Feature", "geometry": {"type": "Point", "coordinates": [-97.967632301772, 34.485158049514]}, "properties": {"npi": "1730162454", "name": "R & S DRUG STORES INC", "category": "Pharmacy", "specialty": "Compounding Pharmacy", "address": "1507 N 81 HWY", "city": "DUNCAN", "state": "OK", "zip": "73533", "phone": "5802520140", "entity": "Organization"}}, {"type": "Feature", "geometry": {"type": "Point", "coordinates": [-96.390494748115, 34.005302994697]}, "properties": {"npi": "1558348755", "name": "GLN INC OF DURANT", "category": "Pharmacy", "specialty": "Pharmacy", "address": "1231 N WASHINGTON AVE", "city": "DURANT", "state": "OK", "zip": "74701", "phone": "5809242903", "entity": "Organization"}}, {"type": "Feature", "geometry": {"type": "Point", "coordinates": [-96.678831640175, 34.790010180376]}, "properties": {"npi": "1912984188", "name": "GLN OF ADA DOLLAR SAVER, INC", "category": "Pharmacy", "specialty": "Pharmacy", "address": "1601 N BROADWAY AVE", "city": "ADA", "state": "OK", "zip": "74820", "phone": "5804360900", "entity": "Organization"}}, {"type": "Feature", "geometry": {"type": "Point", "coordinates": [-97.220627048425, 34.741209962209]}, "properties": {"npi": "1780659755", "name": "LEGACY PHARMACY, LLC", "category": "Pharmacy", "specialty": "Compounding Pharmacy", "address": "111 W GRANT AVE", "city": "PAULS VALLEY", "state": "OK", "zip": "73075", "phone": "4052383305", "entity": "Organization"}}, {"type": "Feature", "geometry": {"type": "Point", "coordinates": [-97.067185753376, 36.735911550246]}, "properties": {"npi": "1841255379", "name": "BINTZ PHARMACY, INC.", "category": "Pharmacy", "specialty": "Compounding Pharmacy", "address": "2701 N 14TH ST", "city": "PONCA CITY", "state": "OK", "zip": "74601", "phone": "5807653055", "entity": "Organization"}}, {"type": "Feature", "geometry": {"type": "Point", "coordinates": [-97.496507377533, 35.48245895627]}, "properties": {"npi": "1043278211", "name": "OKLAHOMA CITY VAMC", "category": "Pharmacy", "specialty": "Department of Veterans Affairs (VA) Pharmacy", "address": "921 NE 13TH ST", "city": "OKLAHOMA CITY", "state": "OK", "zip": "73104", "phone": "4052700501", "entity": "Organization"}}, {"type": "Feature", "geometry": {"type": "Point", "coordinates": [-95.413267103146, 35.763927969232]}, "properties": {"npi": "1770541377", "name": "MUSKOGEE VAMC", "category": "Pharmacy", "specialty": "Department of Veterans Affairs (VA) Pharmacy", "address": "1011 HONOR HEIGHTS DR", "city": "MUSKOGEE", "state": "OK", "zip": "74401", "phone": "9185773187", "entity": "Organization"}}, {"type": "Feature", "geometry": {"type": "Point", "coordinates": [-95.993368970666, 36.176969422785]}, "properties": {"npi": "1265484158", "name": "PLANNED PARENTHOOD OF ARKANSAS AND EASTERN OKLAHOMA INC", "category": "Pharmacy", "specialty": "Pharmacy", "address": "205 E PINE ST STE 5", "city": "TULSA", "state": "OK", "zip": "74106", "phone": "9185871101", "entity": "Organization"}}, {"type": "Feature", "geometry": {"type": "Point", "coordinates": [-97.497586065602, 35.478354714955]}, "properties": {"npi": "1255384426", "name": "OU MEDICINE INC.", "category": "Pharmacy", "specialty": "Specialty Pharmacy", "address": "825 NE 10TH ST STE 2A", "city": "OKLAHOMA CITY", "state": "OK", "zip": "73104", "phone": "4052716446", "entity": "Organization"}}, {"type": "Feature", "geometry": {"type": "Point", "coordinates": [-97.498983284949, 35.478159483004]}, "properties": {"npi": "1063466654", "name": "OU MEDICINE INC.", "category": "Pharmacy", "specialty": "Pharmacy", "address": "900 NE 10TH ST", "city": "OKLAHOMA CITY", "state": "OK", "zip": "73104", "phone": "4052712333", "entity": "Organization"}}, {"type": "Feature", "geometry": {"type": "Point", "coordinates": [-95.894326308077, 36.096642407792]}, "properties": {"npi": "1518912393", "name": "CF SOLUTIONS, INC.", "category": "Pharmacy", "specialty": "Home Infusion Therapy Pharmacy", "address": "7471 E 46TH PL", "city": "TULSA", "state": "OK", "zip": "74145", "phone": "9186100772", "entity": "Organization"}}, {"type": "Feature", "geometry": {"type": "Point", "coordinates": [-97.74260084814, 35.48060987486]}, "properties": {"npi": "1053358713", "name": "WENJEST CORPORATION", "category": "Pharmacy", "specialty": "Community/Retail Pharmacy", "address": "2400 S CORNWELL DR", "city": "YUKON", "state": "OK", "zip": "73099", "phone": "4053547449", "entity": "Organization"}}, {"type": "Feature", "geometry": {"type": "Point", "coordinates": [-95.956984769969, 36.140576297038]}, "properties": {"npi": "1962449629", "name": "BROOKSHIRE GROCERY COMPANY", "category": "Pharmacy", "specialty": "Pharmacy", "address": "2429 E 15TH ST", "city": "TULSA", "state": "OK", "zip": "74104", "phone": "9187488350", "entity": "Organization"}}, {"type": "Feature", "geometry": {"type": "Point", "coordinates": [-97.481546523944, 35.232893549062]}, "properties": {"npi": "1215974738", "name": "HAC, INC.", "category": "Pharmacy", "specialty": "Pharmacy", "address": "2600 W ROBINSON ST", "city": "NORMAN", "state": "OK", "zip": "73069", "phone": "4053609701", "entity": "Organization"}}, {"type": "Feature", "geometry": {"type": "Point", "coordinates": [-95.935179907715, 36.713473042205]}, "properties": {"npi": "1124065644", "name": "HAC, INC.", "category": "Pharmacy", "specialty": "Community/Retail Pharmacy", "address": "2501 S.E. WASHINGTON", "city": "BARTLESVILLE", "state": "OK", "zip": "74006", "phone": "9183352020", "entity": "Organization"}}, {"type": "Feature", "geometry": {"type": "Point", "coordinates": [-97.058655006555, 36.127090199861]}, "properties": {"npi": "1033156559", "name": "HAC, INC.", "category": "Pharmacy", "specialty": "Pharmacy", "address": "421 N. MAIN", "city": "STILLWATER", "state": "OK", "zip": "74075", "phone": "4057431080", "entity": "Organization"}}, {"type": "Feature", "geometry": {"type": "Point", "coordinates": [-95.935470257916, 36.089746447111]}, "properties": {"npi": "1619914041", "name": "REASORS LLC", "category": "Pharmacy", "specialty": "Compounding Pharmacy", "address": "3328 E 51ST ST", "city": "TULSA", "state": "OK", "zip": "74135", "phone": "9187435782", "entity": "Organization"}}, {"type": "Feature", "geometry": {"type": "Point", "coordinates": [-95.886569120887, 36.134903254143]}, "properties": {"npi": "1528005956", "name": "ALBERTSONS LLC", "category": "Pharmacy", "specialty": "Pharmacy", "address": "1939 S MEMORIAL DR", "city": "TULSA", "state": "OK", "zip": "74112", "phone": "9186633095", "entity": "Organization"}}, {"type": "Feature", "geometry": {"type": "Point", "coordinates": [-95.886765098266, 36.089847296552]}, "properties": {"npi": "1437196862", "name": "RPCS INC", "category": "Pharmacy", "specialty": "Community/Retail Pharmacy", "address": "7990 E 51ST ST", "city": "TULSA", "state": "OK", "zip": "74145", "phone": "9186639440", "entity": "Organization"}}, {"type": "Feature", "geometry": {"type": "Point", "coordinates": [-95.850568602456, 36.119048296219]}, "properties": {"npi": "1346287778", "name": "ALBERTSONS LLC", "category": "Pharmacy", "specialty": "Pharmacy", "address": "11333 E 31ST ST", "city": "TULSA", "state": "OK", "zip": "74146", "phone": "9186638903", "entity": "Organization"}}, {"type": "Feature", "geometry": {"type": "Point", "coordinates": [-97.565515316831, 35.395633361508]}, "properties": {"npi": "1255378683", "name": "WENJEST CORPORATION", "category": "Pharmacy", "specialty": "Community/Retail Pharmacy", "address": "7000 S MAY AVE", "city": "OKLAHOMA CITY", "state": "OK", "zip": "73159", "phone": "4056821608", "entity": "Organization"}}, {"type": "Feature", "geometry": {"type": "Point", "coordinates": [-97.617436018601, 35.548957085518]}, "properties": {"npi": "1164469599", "name": "HAC INC", "category": "Pharmacy", "specialty": "Pharmacy", "address": "5857 NW EXPRESSWAY", "city": "OKLAHOMA CITY", "state": "OK", "zip": "73132", "phone": "4057213351", "entity": "Organization"}}, {"type": "Feature", "geometry": {"type": "Point", "coordinates": [-97.567262523818, 35.563562742284]}, "properties": {"npi": "1073550406", "name": "HAC, INC.", "category": "Pharmacy", "specialty": "Pharmacy", "address": "9225 N MAY AVE", "city": "OKLAHOMA CITY", "state": "OK", "zip": "73120", "phone": "4057517119", "entity": "Organization"}}, {"type": "Feature", "geometry": {"type": "Point", "coordinates": [-97.63673427235, 35.493431424913]}, "properties": {"npi": "1790722122", "name": "HAC, INC.", "category": "Pharmacy", "specialty": "Pharmacy", "address": "7101 NW 23RD ST", "city": "BETHANY", "state": "OK", "zip": "73008", "phone": "4057892596", "entity": "Organization"}}, {"type": "Feature", "geometry": {"type": "Point", "coordinates": [-95.92409170303, 36.048424374089]}, "properties": {"npi": "1609813039", "name": "RPCS INC", "category": "Pharmacy", "specialty": "Community/Retail Pharmacy", "address": "4818 E 80TH ST", "city": "TULSA", "state": "OK", "zip": "74136", "phone": "9184811003", "entity": "Organization"}}, {"type": "Feature", "geometry": {"type": "Point", "coordinates": [-95.7975307814, 36.017279169144]}, "properties": {"npi": "1518904945", "name": "ALBERTSONS LLC", "category": "Pharmacy", "specialty": "Pharmacy", "address": "3612 S ELM PL", "city": "BROKEN ARROW", "state": "OK", "zip": "74011", "phone": "9184511917", "entity": "Organization"}}, {"type": "Feature", "geometry": {"type": "Point", "coordinates": [-95.76034349674, 36.060893314137]}, "properties": {"npi": "1417994849", "name": "ALBERTSONS LLC", "category": "Pharmacy", "specialty": "Pharmacy", "address": "2420 E KENOSHA ST", "city": "BROKEN ARROW", "state": "OK", "zip": "74014", "phone": "9183558100", "entity": "Organization"}}, {"type": "Feature", "geometry": {"type": "Point", "coordinates": [-97.443244517383, 35.435283102653]}, "properties": {"npi": "1326085754", "name": "WENJEST CORPORATION", "category": "Pharmacy", "specialty": "Community/Retail Pharmacy", "address": "4129 SE 29TH ST", "city": "DEL CITY", "state": "OK", "zip": "73115", "phone": "4056722180", "entity": "Organization"}}, {"type": "Feature", "geometry": {"type": "Point", "coordinates": [-95.975644299092, 36.105960783256]}, "properties": {"npi": "1831138213", "name": "BROOKSHIRE GROCERY COMPANY", "category": "Pharmacy", "specialty": "Pharmacy", "address": "3915 S PEORIA AVE", "city": "TULSA", "state": "OK", "zip": "74105", "phone": "9187479740", "entity": "Organization"}}, {"type": "Feature", "geometry": {"type": "Point", "coordinates": [-97.505008468878, 35.507719530784]}, "properties": {"npi": "1740229129", "name": "HAC-INC", "category": "Pharmacy", "specialty": "Pharmacy", "address": "390 NE 36TH", "city": "OKLAHOMA CITY", "state": "OK", "zip": "73105", "phone": "4052903423", "entity": "Organization"}}, {"type": "Feature", "geometry": {"type": "Point", "coordinates": [-95.886665063726, 36.01710009483]}, "properties": {"npi": "1659310035", "name": "RPCS INC", "category": "Pharmacy", "specialty": "Community/Retail Pharmacy", "address": "10122 S MEMORIAL DR", "city": "TULSA", "state": "OK", "zip": "74133", "phone": "9183696575", "entity": "Organization"}}, {"type": "Feature", "geometry": {"type": "Point", "coordinates": [-97.350572820268, 35.449647095406]}, "properties": {"npi": "1568401941", "name": "WENJEST CORPORATION", "category": "Pharmacy", "specialty": "Community/Retail Pharmacy", "address": "10011 SE 15TH ST", "city": "MIDWEST CITY", "state": "OK", "zip": "73130", "phone": "4057378100", "entity": "Organization"}}, {"type": "Feature", "geometry": {"type": "Point", "coordinates": [-97.067139299364, 36.726061327014]}, "properties": {"npi": "1477592855", "name": "H.A.C., INC.", "category": "Pharmacy", "specialty": "Pharmacy", "address": "2005 N. 14TH ST., STE, 110", "city": "PONCA CITY", "state": "OK", "zip": "74601", "phone": "5807627444", "entity": "Organization"}}, {"type": "Feature", "geometry": {"type": "Point", "coordinates": [-97.637268358723, 35.59463942048]}, "properties": {"npi": "1386683761", "name": "WENJEST CORPORATION", "category": "Pharmacy", "specialty": "Community/Retail Pharmacy", "address": "7001 NW 122ND ST", "city": "OKLAHOMA CITY", "state": "OK", "zip": "73142", "phone": "4057209303", "entity": "Organization"}}, {"type": "Feature", "geometry": {"type": "Point", "coordinates": [-97.460506937969, 35.665449209978]}, "properties": {"npi": "1194764571", "name": "WENJEST CORPORATION", "category": "Pharmacy", "specialty": "Community/Retail Pharmacy", "address": "1151 N BRYANT AVE", "city": "EDMOND", "state": "OK", "zip": "73034", "phone": "4058444404", "entity": "Organization"}}, {"type": "Feature", "geometry": {"type": "Point", "coordinates": [-95.340229274693, 35.740619822983]}, "properties": {"npi": "1003855487", "name": "HAC INC", "category": "Pharmacy", "specialty": "Pharmacy", "address": "2410 CHANDLER RD", "city": "MUSKOGEE", "state": "OK", "zip": "74403", "phone": "9186866734", "entity": "Organization"}}, {"type": "Feature", "geometry": {"type": "Point", "coordinates": [-97.42114682691, 35.218428139997]}, "properties": {"npi": "1912946393", "name": "HAC, INC.", "category": "Pharmacy", "specialty": "Pharmacy", "address": "1251 ALAMEDA ST", "city": "NORMAN", "state": "OK", "zip": "73071", "phone": "4054470041", "entity": "Organization"}}, {"type": "Feature", "geometry": {"type": "Point", "coordinates": [-97.067303923025, 36.724101401771]}, "properties": {"npi": "1487694816", "name": "PONCA CITY HOMECARE SERVICES INC.", "category": "Pharmacy", "specialty": "Home Infusion Therapy Pharmacy", "address": "1900 N 14TH ST", "city": "PONCA CITY", "state": "OK", "zip": "74601", "phone": "5807658155", "entity": "Organization"}}, {"type": "Feature", "geometry": {"type": "Point", "coordinates": [-95.852353378007, 36.060823928429]}, "properties": {"npi": "1972543346", "name": "REASORS LLC", "category": "Pharmacy", "specialty": "Pharmacy", "address": "11214 E 71ST ST", "city": "TULSA", "state": "OK", "zip": "74133", "phone": "9184592538", "entity": "Organization"}}, {"type": "Feature", "geometry": {"type": "Point", "coordinates": [-95.815263312114, 36.049771525214]}, "properties": {"npi": "1013958990", "name": "TCAACP LLC", "category": "Pharmacy", "specialty": "Pharmacy", "address": "511 S ASPEN AVE", "city": "BROKEN ARROW", "state": "OK", "zip": "74012", "phone": "9182516655", "entity": "Organization"}}, {"type": "Feature", "geometry": {"type": "Point", "coordinates": [-96.926273525827, 35.361674498237]}, "properties": {"npi": "1174565519", "name": "CENTRAL HEALTH SERVICES, L.L.C.", "category": "Pharmacy", "specialty": "Specialty Pharmacy", "address": "125 W MACARTHUR ST", "city": "SHAWNEE", "state": "OK", "zip": "74804", "phone": "4052735208", "entity": "Organization"}}, {"type": "Feature", "geometry": {"type": "Point", "coordinates": [-95.853394714156, 36.093442828978]}, "properties": {"npi": "1619910114", "name": "OKLAHOMA ONCOLOGY, INC.", "category": "Pharmacy", "specialty": "Pharmacy Technician", "address": "11212 E 48TH ST", "city": "TULSA", "state": "OK", "zip": "74146", "phone": "9185563000", "entity": "Organization"}}, {"type": "Feature", "geometry": {"type": "Point", "coordinates": [-97.077205463513, 36.112342837039]}, "properties": {"npi": "1952345027", "name": "RAZOOK'S DRUG", "category": "Pharmacy", "specialty": "Compounding Pharmacy", "address": "1518 W 9TH AVE", "city": "STILLWATER", "state": "OK", "zip": "74074", "phone": "4053774445", "entity": "Organization"}}, {"type": "Feature", "geometry": {"type": "Point", "coordinates": [-97.365559660312, 35.026963332071]}, "properties": {"npi": "1316982531", "name": "PHARMACY CONSULTANT SERVICES INC", "category": "Pharmacy", "specialty": "Long Term Care Pharmacy", "address": "1300 N GREEN AVE", "city": "PURCELL", "state": "OK", "zip": "73080", "phone": "4055272107", "entity": "Organization"}}, {"type": "Feature", "geometry": {"type": "Point", "coordinates": [-97.81608008264, 35.290754555695]}, "properties": {"npi": "1518903319", "name": "THE STAR PHARMACY", "category": "Pharmacy", "specialty": "Pharmacist", "address": "302 W MAIN ST", "city": "TUTTLE", "state": "OK", "zip": "73089", "phone": "4053812341", "entity": "Organization"}}, {"type": "Feature", "geometry": {"type": "Point", "coordinates": [-96.390919867303, 35.834016537574]}, "properties": {"npi": "1689610172", "name": "SUSAN WELLS PHARMACY INC", "category": "Pharmacy", "specialty": "Pharmacy", "address": "215 N MAIN ST", "city": "BRISTOW", "state": "OK", "zip": "74010", "phone": "9183673391", "entity": "Organization"}}, {"type": "Feature", "geometry": {"type": "Point", "coordinates": [-95.650592271933, 35.951121819021]}, "properties": {"npi": "1326074469", "name": "LK GOODSON INC", "category": "Pharmacy", "specialty": "Pharmacy", "address": "114 N BROADWAY", "city": "COWETA", "state": "OK", "zip": "74429", "phone": "9184862193", "entity": "Organization"}}, {"type": "Feature", "geometry": {"type": "Point", "coordinates": [-95.758295940875, 36.194032034003]}, "properties": {"npi": "1720017437", "name": "PHARMCAREOK OF TULSA, INC.", "category": "Pharmacy", "specialty": "Pharmacy", "address": "2760 N S HIGHWAY 167", "city": "CATOOSA", "state": "OK", "zip": "74015", "phone": "9183790404", "entity": "Organization"}}, {"type": "Feature", "geometry": {"type": "Point", "coordinates": [-98.578284915175, 35.550120631499]}, "properties": {"npi": "1457380164", "name": "PHARMCAREOK OF HYDRO INC", "category": "Pharmacy", "specialty": "Pharmacy", "address": "510 ARAPAHO ST", "city": "HYDRO", "state": "OK", "zip": "73048", "phone": "4056634111", "entity": "Organization"}}, {"type": "Feature", "geometry": {"type": "Point", "coordinates": [-97.62080887356, 35.468423373844]}, "properties": {"npi": "1720017445", "name": "PHARMCAREOK, INC.", "category": "Pharmacy", "specialty": "Pharmacy", "address": "6000 NW 2ND ST", "city": "OKLAHOMA CITY", "state": "OK", "zip": "73127", "phone": "4057873939", "entity": "Organization"}}, {"type": "Feature", "geometry": {"type": "Point", "coordinates": [-96.403615566396, 33.942273323065]}, "properties": {"npi": "1356370076", "name": "PHARMCAREOK OF DURANT INC", "category": "Pharmacy", "specialty": "Pharmacy", "address": "102 WALDRON DR", "city": "DURANT", "state": "OK", "zip": "74701", "phone": "5809202211", "entity": "Organization"}}, {"type": "Feature", "geometry": {"type": "Point", "coordinates": [-97.921291737397, 36.389446255955]}, "properties": {"npi": "1134158850", "name": "PHARMCAREOK OF ENID, INC.", "category": "Pharmacy", "specialty": "Pharmacy", "address": "705 OVERLAND TRL", "city": "ENID", "state": "OK", "zip": "73703", "phone": "5802425252", "entity": "Organization"}}, {"type": "Feature", "geometry": {"type": "Point", "coordinates": [-99.672922686388, 35.614020222389]}, "properties": {"npi": "1720011596", "name": "STEPHENS HEALTH CARE SPECIALISTS PLLC", "category": "Pharmacy", "specialty": "Community/Retail Pharmacy", "address": "413 BROADWAY", "city": "CHEYENNE", "state": "OK", "zip": "73628", "phone": "5804973325", "entity": "Organization"}}, {"type": "Feature", "geometry": {"type": "Point", "coordinates": [-99.095884282125, 35.025682711573]}, "properties": {"npi": "1790718567", "name": "AAA PHARMACY INC", "category": "Pharmacy", "specialty": "Community/Retail Pharmacy", "address": "304 C S BROADWAY", "city": "HOBART", "state": "OK", "zip": "73651", "phone": "4056017469", "entity": "Organization"}}, {"type": "Feature", "geometry": {"type": "Point", "coordinates": [-99.634998801359, 35.306684646232]}, "properties": {"npi": "1831122555", "name": "CHEYENNE PROFESSIONAL DRUG INC", "category": "Pharmacy", "specialty": "Compounding Pharmacy", "address": "414 E WASHINGTON AVE", "city": "SAYRE", "state": "OK", "zip": "73662", "phone": "5809283323", "entity": "Organization"}}, {"type": "Feature", "geometry": {"type": "Point", "coordinates": [-97.165089217661, 35.490752570448]}, "properties": {"npi": "1023042314", "name": "HARRAH PHARMACY INC.", "category": "Pharmacy", "specialty": "Pharmacist", "address": "2060 N CHURCH AVE", "city": "HARRAH", "state": "OK", "zip": "73045", "phone": "4054542476", "entity": "Organization"}}, {"type": "Feature", "geometry": {"type": "Point", "coordinates": [-95.605429717606, 36.32178525959]}, "properties": {"npi": "1598799686", "name": "AMERICAN PHARMACEUTICALS", "category": "Pharmacy", "specialty": "Pharmacy", "address": "129 W BLUE STARR DR", "city": "CLAREMORE", "state": "OK", "zip": "74017", "phone": "9182832244", "entity": "Organization"}}, {"type": "Feature", "geometry": {"type": "Point", "coordinates": [-99.639969569838, 35.30131993116]}, "properties": {"npi": "1104851989", "name": "CHEYENNE PROFESSIONAL DRUG, INC", "category": "Pharmacy", "specialty": "Long Term Care Pharmacy", "address": "1002 NE HIGHWAY 66 STE 1", "city": "SAYRE", "state": "OK", "zip": "73662", "phone": "5809283633", "entity": "Organization"}}, {"type": "Feature", "geometry": {"type": "Point", "coordinates": [-97.20754768788, 35.232305048609]}, "properties": {"npi": "1699790543", "name": "ABSENTEE SHAWNEE TRIBAL HEALTH AUTHORITY, INC.", "category": "Pharmacy", "specialty": "Indian Health Service/Tribal/Urban Indian Health (I/T/U) Pharmacy", "address": "15951 LITTLE AXE DRIVE", "city": "NORMAN", "state": "OK", "zip": "73026", "phone": "4052929530", "entity": "Organization"}}, {"type": "Feature", "geometry": {"type": "Point", "coordinates": [-97.583719032017, 35.583061688458]}, "properties": {"npi": "1821014655", "name": "MERIDIAN PHARMACY MANAGEMENT INC", "category": "Pharmacy", "specialty": "Compounding Pharmacy", "address": "11101 HEFNER POINTE DR", "city": "OKLAHOMA CITY", "state": "OK", "zip": "73120", "phone": "4057553921", "entity": "Organization"}}, {"type": "Feature", "geometry": {"type": "Point", "coordinates": [-97.653228569239, 35.147459968879]}, "properties": {"npi": "1801812763", "name": "BLANCHARD DRUG & GIFT INC", "category": "Pharmacy", "specialty": "Pharmacy", "address": "1203 N COUNCIL RD", "city": "BLANCHARD", "state": "OK", "zip": "73010", "phone": "4054852112", "entity": "Organization"}}, {"type": "Feature", "geometry": {"type": "Point", "coordinates": [-95.381631308795, 35.753461162872]}, "properties": {"npi": "1508882143", "name": "GADDY DISCOUNT DRUG LLC", "category": "Pharmacy", "specialty": "Long Term Care Pharmacy", "address": "1126 W BROADWAY ST", "city": "MUSKOGEE", "state": "OK", "zip": "74401", "phone": "9186825584", "entity": "Organization"}}, {"type": "Feature", "geometry": {"type": "Point", "coordinates": [-95.628953929523, 36.295315707766]}, "properties": {"npi": "1942227053", "name": "WAL-MART STORES EAST LP", "category": "Pharmacy", "specialty": "Pharmacy", "address": "1500 S LYNN RIGGS BLVD", "city": "CLAREMORE", "state": "OK", "zip": "74017", "phone": "9183415181", "entity": "Organization"}}, {"type": "Feature", "geometry": {"type": "Point", "coordinates": [-95.868573079187, 36.063466643117]}, "properties": {"npi": "1407873532", "name": "SAMS EAST INC", "category": "Pharmacy", "specialty": "Pharmacy", "address": "6922 S MINGO RD", "city": "TULSA", "state": "OK", "zip": "74133", "phone": "9182949100", "entity": "Organization"}}, {"type": "Feature", "geometry": {"type": "Point", "coordinates": [-95.851204155133, 36.117707312225]}, "properties": {"npi": "1417974551", "name": "WAL-MART STORES EAST LP", "category": "Pharmacy", "specialty": "Pharmacy", "address": "3116 S GARNETT RD", "city": "TULSA", "state": "OK", "zip": "74146", "phone": "9186227923", "entity": "Organization"}}, {"type": "Feature", "geometry": {"type": "Point", "coordinates": [-97.551029727889, 35.493306097891]}, "properties": {"npi": "1871510917", "name": "WAL-MART STORES EAST LP", "category": "Pharmacy", "specialty": "Pharmacy", "address": "2217 NW 23RD ST", "city": "OKLAHOMA CITY", "state": "OK", "zip": "73107", "phone": "4055210804", "entity": "Organization"}}, {"type": "Feature", "geometry": {"type": "Point", "coordinates": [-97.567117140801, 35.58042235099]}, "properties": {"npi": "1225055007", "name": "THRIFTY PHARMACY NO III INC", "category": "Pharmacy", "specialty": "Pharmacy", "address": "10904 N MAY AVE STE L", "city": "OKLAHOMA CITY", "state": "OK", "zip": "73120", "phone": "4057512852", "entity": "Organization"}}, {"type": "Feature", "geometry": {"type": "Point", "coordinates": [-95.744806995309, 34.918235498732]}, "properties": {"npi": "1104844869", "name": "WAL-MART STORES EAST LP", "category": "Pharmacy", "specialty": "Pharmacy", "address": "432 S GEORGE NIGH EXPY", "city": "MCALESTER", "state": "OK", "zip": "74501", "phone": "9184238060", "entity": "Organization"}}, {"type": "Feature", "geometry": {"type": "Point", "coordinates": [-95.886759074409, 36.006277284242]}, "properties": {"npi": "1174541833", "name": "WAL-MART STORES EAST LP", "category": "Pharmacy", "specialty": "Pharmacy", "address": "10938 S MEMORIAL DR", "city": "TULSA", "state": "OK", "zip": "74133", "phone": "9183944075", "entity": "Organization"}}, {"type": "Feature", "geometry": {"type": "Point", "coordinates": [-95.487867, 34.0071541]}, "properties": {"npi": "1598783268", "name": "WAL-MART STORES EAST LP", "category": "Pharmacy", "specialty": "Pharmacy", "address": "1911 E JACKSON ST", "city": "HUGO", "state": "OK", "zip": "74743", "phone": "5803267541", "entity": "Organization"}}, {"type": "Feature", "geometry": {"type": "Point", "coordinates": [-96.699322694469, 36.114371144917]}, "properties": {"npi": "1780602748", "name": "YALE DRUG INC", "category": "Pharmacy", "specialty": "Long Term Care Pharmacy", "address": "121 N MAIN ST", "city": "YALE", "state": "OK", "zip": "74085", "phone": "9183874183", "entity": "Organization"}}, {"type": "Feature", "geometry": {"type": "Point", "coordinates": [-94.803505894252, 35.459864375253]}, "properties": {"npi": "1730108770", "name": "SALLISAW PHARMACY INC", "category": "Pharmacy", "specialty": "Pharmacy", "address": "1212A E CHEROKEE", "city": "SALLISAW", "state": "OK", "zip": "74955", "phone": "9187754451", "entity": "Organization"}}, {"type": "Feature", "geometry": {"type": "Point", "coordinates": [-97.531689970655, 35.638539170749]}, "properties": {"npi": "1568481570", "name": "WAL-MART STORES EAST LP", "category": "Pharmacy", "specialty": "Pharmacy", "address": "1101 NW 164TH ST", "city": "EDMOND", "state": "OK", "zip": "73013", "phone": "4052168375", "entity": "Organization"}}, {"type": "Feature", "geometry": {"type": "Point", "coordinates": [-97.578764492175, 35.52746350189]}, "properties": {"npi": "1003835018", "name": "INTEGRIS BAPTIST MEDICAL CENTER INC", "category": "Pharmacy", "specialty": "Home Infusion Therapy Pharmacy", "address": "3500 NW 56TH ST", "city": "OKLAHOMA CITY", "state": "OK", "zip": "73112", "phone": "4059518400", "entity": "Organization"}}, {"type": "Feature", "geometry": {"type": "Point", "coordinates": [-97.891832496395, 36.419909954515]}, "properties": {"npi": "1083633960", "name": "EVANS PHARMACY, LLC", "category": "Pharmacy", "specialty": "Pharmacy", "address": "1106 W WILLOW RD", "city": "ENID", "state": "OK", "zip": "73703", "phone": "5802344343", "entity": "Organization"}}, {"type": "Feature", "geometry": {"type": "Point", "coordinates": [-98.578432568054, 35.548544500052]}, "properties": {"npi": "1285653337", "name": "DEER CREEK PHARMACY SERVICES INC", "category": "Pharmacy", "specialty": "Non-Pharmacy Dispensing Site", "address": "509 ARAPAHO ST", "city": "HYDRO", "state": "OK", "zip": "73048", "phone": "4056634111", "entity": "Organization"}}, {"type": "Feature", "geometry": {"type": "Point", "coordinates": [-94.737140060676, 34.02744023115]}, "properties": {"npi": "1578584538", "name": "SHERRILLS CORPORATION", "category": "Pharmacy", "specialty": "Compounding Pharmacy", "address": "101 MAIN ST", "city": "BROKEN BOW", "state": "OK", "zip": "74728", "phone": "5805843353", "entity": "Organization"}}, {"type": "Feature", "geometry": {"type": "Point", "coordinates": [-96.687510690146, 35.4866460553]}, "properties": {"npi": "1487675443", "name": "SIMPSONS PRAGUE PHARMACY PLLC", "category": "Pharmacy", "specialty": "Community/Retail Pharmacy", "address": "1020 W MAIN ST", "city": "PRAGUE", "state": "OK", "zip": "74864", "phone": "4055674322", "entity": "Organization"}}, {"type": "Feature", "geometry": {"type": "Point", "coordinates": [-95.429569902149, 36.534090956352]}, "properties": {"npi": "1295756252", "name": "WENJOE APOTHECARY PLLC", "category": "Pharmacy", "specialty": "Pharmacy", "address": "600 WALNUT ST", "city": "CHELSEA", "state": "OK", "zip": "74016", "phone": "9187892241", "entity": "Organization"}}, {"type": "Feature", "geometry": {"type": "Point", "coordinates": [-97.538904789227, 35.521818417589]}, "properties": {"npi": "1306867379", "name": "MISSION HOSPICE LLC", "category": "Pharmacy", "specialty": "Specialty Pharmacy", "address": "1608 NW EXPRESSWAY ST", "city": "OKLAHOMA CITY", "state": "OK", "zip": "73118", "phone": "4058413841", "entity": "Organization"}}, {"type": "Feature", "geometry": {"type": "Point", "coordinates": [-98.346719560334, 34.594395296853]}, "properties": {"npi": "1215958285", "name": "EASTSIDE CLINIC PHARMACY", "category": "Pharmacy", "specialty": "Long Term Care Pharmacy", "address": "3612 SE LEE BLVD", "city": "LAWTON", "state": "OK", "zip": "73501", "phone": "5803556400", "entity": "Organization"}}, {"type": "Feature", "geometry": {"type": "Point", "coordinates": [-95.940269639136, 36.128787872597]}, "properties": {"npi": "1124049192", "name": "FMC PHARMACY LLC", "category": "Pharmacy", "specialty": "Pharmacy", "address": "2325 S HARVARD AVE", "city": "TULSA", "state": "OK", "zip": "74114", "phone": "9187123407", "entity": "Organization"}}, {"type": "Feature", "geometry": {"type": "Point", "coordinates": [-95.922503704209, 36.137842428238]}, "properties": {"npi": "1588686299", "name": "OKLAHOMA CVS PHARMACY LLC", "category": "Pharmacy", "specialty": "Community/Retail Pharmacy", "address": "1701 S YALE AVE", "city": "TULSA", "state": "OK", "zip": "74112", "phone": "9182930196", "entity": "Organization"}}, {"type": "Feature", "geometry": {"type": "Point", "coordinates": [-97.549421875227, 35.611857382726]}, "properties": {"npi": "1215959937", "name": "OKLAHOMA CVS PHARMACY LLC", "category": "Pharmacy", "specialty": "Community/Retail Pharmacy", "address": "13924 N PENNSYLVANIA AVE", "city": "OKLAHOMA CITY", "state": "OK", "zip": "73134", "phone": "4057520511", "entity": "Organization"}}, {"type": "Feature", "geometry": {"type": "Point", "coordinates": [-95.858184363254, 36.060935910539]}, "properties": {"npi": "1124040845", "name": "OKLAHOMA CVS PHARMACY LLC", "category": "Pharmacy", "specialty": "Community/Retail Pharmacy", "address": "10711 E 71ST ST", "city": "TULSA", "state": "OK", "zip": "74133", "phone": "9183078178", "entity": "Organization"}}, {"type": "Feature", "geometry": {"type": "Point", "coordinates": [-97.464340597368, 35.652730034219]}, "properties": {"npi": "1033131750", "name": "OKLAHOMA CVS PHARMACY LLC", "category": "Pharmacy", "specialty": "Community/Retail Pharmacy", "address": "1200 E 2ND ST", "city": "EDMOND", "state": "OK", "zip": "73034", "phone": "4058445099", "entity": "Organization"}}, {"type": "Feature", "geometry": {"type": "Point", "coordinates": [-97.638470499341, 35.555649948021]}, "properties": {"npi": "1851313571", "name": "OKLAHOMA CVS PHARMACY LLC", "category": "Pharmacy", "specialty": "Community/Retail Pharmacy", "address": "8315 N ROCKWELL AVE", "city": "OKLAHOMA CITY", "state": "OK", "zip": "73132", "phone": "4055066087", "entity": "Organization"}}, {"type": "Feature", "geometry": {"type": "Point", "coordinates": [-97.56555569481, 35.524563436507]}, "properties": {"npi": "1760404487", "name": "OKLAHOMA CVS PHARMACY LLC", "category": "Pharmacy", "specialty": "Community/Retail Pharmacy", "address": "5400 N MAY AVE", "city": "OKLAHOMA CITY", "state": "OK", "zip": "73112", "phone": "4059458375", "entity": "Organization"}}, {"type": "Feature", "geometry": {"type": "Point", "coordinates": [-97.397152754238, 35.435292100312]}, "properties": {"npi": "1679595391", "name": "OKLAHOMA CVS PHARMACY LLC", "category": "Pharmacy", "specialty": "Community/Retail Pharmacy", "address": "7305 SE 29TH ST", "city": "MIDWEST CITY", "state": "OK", "zip": "73110", "phone": "4054554001", "entity": "Organization"}}, {"type": "Feature", "geometry": {"type": "Point", "coordinates": [-95.840652523574, 36.284591942127]}, "properties": {"npi": "1295757912", "name": "OKLAHOMA CVS PHARMACY LLC", "category": "Pharmacy", "specialty": "Community/Retail Pharmacy", "address": "9010 N 121ST EAST AVE", "city": "OWASSO", "state": "OK", "zip": "74055", "phone": "9184018001", "entity": "Organization"}}, {"type": "Feature", "geometry": {"type": "Point", "coordinates": [-95.604623913417, 36.321785259549]}, "properties": {"npi": "1720001720", "name": "HEALTH CENTER PHARMACY OF CLAREMORE INC", "category": "Pharmacy", "specialty": "Compounding Pharmacy", "address": "113 E BLUE STARR DRIVE", "city": "CLAREMORE", "state": "OK", "zip": "74017", "phone": "9183411236", "entity": "Organization"}}, {"type": "Feature", "geometry": {"type": "Point", "coordinates": [-95.406108, 35.7580834]}, "properties": {"npi": "1730102773", "name": "ECONOMY PHARMACY INC", "category": "Pharmacy", "specialty": "Home Infusion Therapy Pharmacy", "address": "104 N 35TH ST", "city": "MUSKOGEE", "state": "OK", "zip": "74401", "phone": "9186822714", "entity": "Organization"}}, {"type": "Feature", "geometry": {"type": "Point", "coordinates": [-95.967094738206, 36.135098512699]}, "properties": {"npi": "1437172434", "name": "OKLAHOMA ONCOLOGY INC", "category": "Pharmacy", "specialty": "Non-Pharmacy Dispensing Site", "address": "1705 E 19TH ST", "city": "TULSA", "state": "OK", "zip": "74104", "phone": "9187443180", "entity": "Organization"}}, {"type": "Feature", "geometry": {"type": "Point", "coordinates": [-97.493177756722, 35.478424596319]}, "properties": {"npi": "1255354650", "name": "BOARD OF REGENTS OF THE UNIV OF OKLAHOMA PHARMACISTS MED MGMNT SERVICE", "category": "Pharmacy", "specialty": "Pharmacotherapy Pharmacist", "address": "1110 N STONEWALL AVE", "city": "OKLAHOMA CITY", "state": "OK", "zip": "73117", "phone": "4052716485", "entity": "Organization"}}, {"type": "Feature", "geometry": {"type": "Point", "coordinates": [-95.797505947308, 36.046401804779]}, "properties": {"npi": "1235144296", "name": "WALGREEN CO", "category": "Pharmacy", "specialty": "Community/Retail Pharmacy", "address": "701 W HOUSTON ST", "city": "BROKEN ARROW", "state": "OK", "zip": "74012", "phone": "9182517924", "entity": "Organization"}}, {"type": "Feature", "geometry": {"type": "Point", "coordinates": [-95.905528940826, 36.177156865082]}, "properties": {"npi": "1962417923", "name": "WALGREEN CO", "category": "Pharmacy", "specialty": "Community/Retail Pharmacy", "address": "6415 E PINE ST", "city": "TULSA", "state": "OK", "zip": "74115", "phone": "9188340582", "entity": "Organization"}}, {"type": "Feature", "geometry": {"type": "Point", "coordinates": [-95.886479441205, 36.091230945932]}, "properties": {"npi": "1407861461", "name": "WALGREEN CO", "category": "Pharmacy", "specialty": "Community/Retail Pharmacy", "address": "4971 S MEMORIAL DR", "city": "TULSA", "state": "OK", "zip": "74145", "phone": "9186634578", "entity": "Organization"}}, {"type": "Feature", "geometry": {"type": "Point", "coordinates": [-97.485626001103, 35.652862480533]}, "properties": {"npi": "1134134190", "name": "WALGREEN CO", "category": "Pharmacy", "specialty": "Community/Retail Pharmacy", "address": "301 S SANTA FE AVE", "city": "EDMOND", "state": "OK", "zip": "73003", "phone": "4053306093", "entity": "Organization"}}, {"type": "Feature", "geometry": {"type": "Point", "coordinates": [-98.299099273861, 34.782335669766]}, "properties": {"npi": "1669487534", "name": "ELGIN DISCOUNT PHARMACY INC", "category": "Pharmacy", "specialty": "Compounding Pharmacy", "address": "7523 US HIGHWAY 277", "city": "ELGIN", "state": "OK", "zip": "73538", "phone": "5804925007", "entity": "Organization"}}, {"type": "Feature", "geometry": {"type": "Point", "coordinates": [-95.957842276862, 36.060497537706]}, "properties": {"npi": "1255346227", "name": "WALGREEN CO", "category": "Pharmacy", "specialty": "Community/Retail Pharmacy", "address": "7111 S LEWIS AVE", "city": "TULSA", "state": "OK", "zip": "74136", "phone": "9184815066", "entity": "Organization"}}, {"type": "Feature", "geometry": {"type": "Point", "coordinates": [-98.422392054079, 34.600778708036]}, "properties": {"npi": "1427063494", "name": "WALGREEN CO", "category": "Pharmacy", "specialty": "Community/Retail Pharmacy", "address": "701 NW SHERIDAN RD", "city": "LAWTON", "state": "OK", "zip": "73505", "phone": "5803533948", "entity": "Organization"}}, {"type": "Feature", "geometry": {"type": "Point", "coordinates": [-97.47873208111, 35.623527071248]}, "properties": {"npi": "1154336121", "name": "WALGREEN CO", "category": "Pharmacy", "specialty": "Community/Retail Pharmacy", "address": "185 E 33RD ST", "city": "EDMOND", "state": "OK", "zip": "73013", "phone": "4053488328", "entity": "Organization"}}, {"type": "Feature", "geometry": {"type": "Point", "coordinates": [-97.423694518158, 35.218427949532]}, "properties": {"npi": "1972518942", "name": "WALGREEN CO", "category": "Pharmacy", "specialty": "Community/Retail Pharmacy", "address": "100 12TH AVE NE", "city": "NORMAN", "state": "OK", "zip": "73071", "phone": "4053292314", "entity": "Organization"}}, {"type": "Feature", "geometry": {"type": "Point", "coordinates": [-97.058535348099, 36.116496666664]}, "properties": {"npi": "1144235110", "name": "WALGREEN CO", "category": "Pharmacy", "specialty": "Community/Retail Pharmacy", "address": "519 S MAIN ST", "city": "STILLWATER", "state": "OK", "zip": "74074", "phone": "4053770349", "entity": "Organization"}}, {"type": "Feature", "geometry": {"type": "Point", "coordinates": [-95.92220376418, 36.046289839205]}, "properties": {"npi": "1871508846", "name": "WALGREEN CO", "category": "Pharmacy", "specialty": "Community/Retail Pharmacy", "address": "8102 S YALE AVE", "city": "TULSA", "state": "OK", "zip": "74137", "phone": "9184777882", "entity": "Organization"}}, {"type": "Feature", "geometry": {"type": "Point", "coordinates": [-98.695804955929, 35.526127575176]}, "properties": {"npi": "1790790772", "name": "WALGREEN CO", "category": "Pharmacy", "specialty": "Community/Retail Pharmacy", "address": "1019 E MAIN ST", "city": "WEATHERFORD", "state": "OK", "zip": "73096", "phone": "5807722956", "entity": "Organization"}}, {"type": "Feature", "geometry": {"type": "Point", "coordinates": [-99.405738071144, 35.411766207701]}, "properties": {"npi": "1881609865", "name": "WALGREEN CO", "category": "Pharmacy", "specialty": "Community/Retail Pharmacy", "address": "115 W 3RD ST", "city": "ELK CITY", "state": "OK", "zip": "73644", "phone": "5802254418", "entity": "Organization"}}, {"type": "Feature", "geometry": {"type": "Point", "coordinates": [-94.851779833994, 35.772658890269]}, "properties": {"npi": "1942215561", "name": "LAKE COUNTRY HEALTHCARE LLC", "category": "Pharmacy", "specialty": "Pharmacy", "address": "27753 S WELLING RD", "city": "WELLING", "state": "OK", "zip": "74471", "phone": "9184579997", "entity": "Organization"}}, {"type": "Feature", "geometry": {"type": "Point", "coordinates": [-97.494458126846, 35.332529008365]}, "properties": {"npi": "1851306476", "name": "MOORE MED CNTR CLINIC PHCY", "category": "Pharmacy", "specialty": "Pharmacy", "address": "700 S TELEPHONE RD", "city": "MOORE", "state": "OK", "zip": "73160", "phone": "4059170315", "entity": "Organization"}}, {"type": "Feature", "geometry": {"type": "Point", "coordinates": [-97.595572331716, 35.952666019637]}, "properties": {"npi": "1134135932", "name": "LOGSDON LOTZ DRUG INC", "category": "Pharmacy", "specialty": "Community/Retail Pharmacy", "address": "101 N GRAND", "city": "CRESCENT", "state": "OK", "zip": "73028", "phone": "4059693518", "entity": "Organization"}}, {"type": "Feature", "geometry": {"type": "Point", "coordinates": [-97.096831406658, 35.426428533539]}, "properties": {"npi": "1851308324", "name": "SHAWNEE REGIONAL PHARMACY INC", "category": "Pharmacy", "specialty": "Compounding Pharmacy", "address": "704 S 8TH ST", "city": "MCLOUD", "state": "OK", "zip": "74851", "phone": "4059643956", "entity": "Organization"}}, {"type": "Feature", "geometry": {"type": "Point", "coordinates": [-97.47496158882, 35.658924064826]}, "properties": {"npi": "1710994751", "name": "UCO STUDENT HEALTH PHCY", "category": "Pharmacy", "specialty": "Pharmacy", "address": "100 N UNIVERSITY DR", "city": "EDMOND", "state": "OK", "zip": "73034", "phone": "4059743119", "entity": "Organization"}}, {"type": "Feature", "geometry": {"type": "Point", "coordinates": [-98.475384058171, 34.623483298011]}, "properties": {"npi": "1790792679", "name": "WALGREEN CO", "category": "Pharmacy", "specialty": "Community/Retail Pharmacy", "address": "6701 NW CACHE RD", "city": "LAWTON", "state": "OK", "zip": "73505", "phone": "5805364621", "entity": "Organization"}}, {"type": "Feature", "geometry": {"type": "Point", "coordinates": [-97.547866311386, 35.406152521718]}, "properties": {"npi": "1366459240", "name": "WALGREEN CO", "category": "Pharmacy", "specialty": "Community/Retail Pharmacy", "address": "6000 S PENNSYLVANIA AVE", "city": "OKLAHOMA CITY", "state": "OK", "zip": "73159", "phone": "4056811419", "entity": "Organization"}}, {"type": "Feature", "geometry": {"type": "Point", "coordinates": [-95.831710149508, 36.031937914364]}, "properties": {"npi": "1033126941", "name": "WALGREEN CO", "category": "Pharmacy", "specialty": "Community/Retail Pharmacy", "address": "3600 W WASHINGTON ST", "city": "BROKEN ARROW", "state": "OK", "zip": "74012", "phone": "9182529297", "entity": "Organization"}}, {"type": "Feature", "geometry": {"type": "Point", "coordinates": [-95.381213868615, 35.959677429913]}, "properties": {"npi": "1396753786", "name": "STEINHEIL PHARMACY SERVICES, LLC", "category": "Pharmacy", "specialty": "Compounding Pharmacy", "address": "418 W CHEROKEE ST", "city": "WAGONER", "state": "OK", "zip": "74467", "phone": "9184852722", "entity": "Organization"}}, {"type": "Feature", "geometry": {"type": "Point", "coordinates": [-97.945253417155, 34.500872672587]}, "properties": {"npi": "1821007048", "name": "R & S DRUG STORES INC", "category": "Pharmacy", "specialty": "Pharmacy", "address": "101 E MAIN ST", "city": "DUNCAN", "state": "OK", "zip": "73533", "phone": "5802559648", "entity": "Organization"}}, {"type": "Feature", "geometry": {"type": "Point", "coordinates": [-97.370764311611, 35.453223149842]}, "properties": {"npi": "1619986098", "name": "VALU-MED PHARMACY, LLC", "category": "Pharmacy", "specialty": "Compounding Pharmacy", "address": "1212 S DOUGLAS BLVD", "city": "MIDWEST CITY", "state": "OK", "zip": "73130", "phone": "4057411200", "entity": "Organization"}}, {"type": "Feature", "geometry": {"type": "Point", "coordinates": [-97.145902837181, 34.187434726177]}, "properties": {"npi": "1093725285", "name": "HENRY ROBERTS EXPRESS PHARMACY LLC", "category": "Pharmacy", "specialty": "Long Term Care Pharmacy", "address": "1316 12TH AVE NW", "city": "ARDMORE", "state": "OK", "zip": "73401", "phone": "5802235828", "entity": "Organization"}}, {"type": "Feature", "geometry": {"type": "Point", "coordinates": [-96.969845904337, 34.507775758894]}, "properties": {"npi": "1285645184", "name": "LARRY'S PHARMACY OF SULPHUR INC", "category": "Pharmacy", "specialty": "Long Term Care Pharmacy", "address": "1012 W 2ND ST", "city": "SULPHUR", "state": "OK", "zip": "73086", "phone": "5806223131", "entity": "Organization"}}, {"type": "Feature", "geometry": {"type": "Point", "coordinates": [-99.093224672203, 35.024426226014]}, "properties": {"npi": "1376554931", "name": "TRUETT GUTHRIE", "category": "Pharmacy", "specialty": "Pharmacy", "address": "100 W 4TH ST", "city": "HOBART", "state": "OK", "zip": "73651", "phone": "5807262221", "entity": "Organization"}}, {"type": "Feature", "geometry": {"type": "Point", "coordinates": [-94.976497122224, 35.896224478849]}, "properties": {"npi": "1174534713", "name": "CHEROKEE HILLS PHARMACY", "category": "Pharmacy", "specialty": "Pharmacy", "address": "1607 D S MUSKOGEE", "city": "TAHLEQUAH", "state": "OK", "zip": "74464", "phone": "9184562581", "entity": "Organization"}}, {"type": "Feature", "geometry": {"type": "Point", "coordinates": [-95.905906123688, 36.089828300255]}, "properties": {"npi": "1699786723", "name": "CFP ACQUISITIONS, INC.", "category": "Pharmacy", "specialty": "Community/Retail Pharmacy", "address": "6136 E 51ST ST", "city": "TULSA", "state": "OK", "zip": "74135", "phone": "9186652003", "entity": "Organization"}}, {"type": "Feature", "geometry": {"type": "Point", "coordinates": [-98.418068536119, 35.84437149018]}, "properties": {"npi": "1326151846", "name": "THOMAS DRUG INC", "category": "Pharmacy", "specialty": "Pharmacy", "address": "407 W MAIN ST", "city": "WATONGA", "state": "OK", "zip": "73772", "phone": "5806234505", "entity": "Organization"}}, {"type": "Feature", "geometry": {"type": "Point", "coordinates": [-96.127977314089, 34.385991035997]}, "properties": {"npi": "1225142201", "name": "PREFERRED PHCY PROVIDERS OF SE OK", "category": "Pharmacy", "specialty": "Community/Retail Pharmacy", "address": "116 E COURT ST", "city": "ATOKA", "state": "OK", "zip": "74525", "phone": "5808899191", "entity": "Organization"}}, {"type": "Feature", "geometry": {"type": "Point", "coordinates": [-95.913315995208, 36.105635112585]}, "properties": {"npi": "1134233117", "name": "GENSCRIPTS LLC", "category": "Pharmacy", "specialty": "Community/Retail Pharmacy", "address": "3980 S HUDSON AVE", "city": "TULSA", "state": "OK", "zip": "74135", "phone": "9188289696", "entity": "Organization"}}, {"type": "Feature", "geometry": {"type": "Point", "coordinates": [-96.932639800077, 35.26064051662]}, "properties": {"npi": "1417061953", "name": "TECUMSEH MEDICAL CLINIC PHARMACY LLC", "category": "Pharmacy", "specialty": "Pharmacy", "address": "418 E WALNUT ST", "city": "TECUMSEH", "state": "OK", "zip": "74873", "phone": "4055986597", "entity": "Organization"}}, {"type": "Feature", "geometry": {"type": "Point", "coordinates": [-98.7077967559, 35.526074701557]}, "properties": {"npi": "1891800264", "name": "WEATHERFORD PHARMACY INC", "category": "Pharmacy", "specialty": "Long Term Care Pharmacy", "address": "101 W MAIN ST", "city": "WEATHERFORD", "state": "OK", "zip": "73096", "phone": "5807722781", "entity": "Organization"}}, {"type": "Feature", "geometry": {"type": "Point", "coordinates": [-94.791444516015, 33.882928363966]}, "properties": {"npi": "1588779136", "name": "RALLS ENTERPRISES INC", "category": "Pharmacy", "specialty": "Community/Retail Pharmacy", "address": "1200 SE LINCOLN RD", "city": "IDABEL", "state": "OK", "zip": "74745", "phone": "5802862190", "entity": "Organization"}}, {"type": "Feature", "geometry": {"type": "Point", "coordinates": [-99.406379835904, 36.433697949023]}, "properties": {"npi": "1235245309", "name": "MICKS FAMILY PHARMACY INC.", "category": "Pharmacy", "specialty": "Compounding Pharmacy", "address": "2116 OKLAHOMA AVE", "city": "WOODWARD", "state": "OK", "zip": "73801", "phone": "5802543504", "entity": "Organization"}}, {"type": "Feature", "geometry": {"type": "Point", "coordinates": [-96.317495139669, 35.433763970616]}, "properties": {"npi": "1831206291", "name": "CREEK NATION HOSPITAL & CLINICS", "category": "Pharmacy", "specialty": "Indian Health Service/Tribal/Urban Indian Health (I/T/U) Pharmacy", "address": "309 N 14TH ST", "city": "OKEMAH", "state": "OK", "zip": "74859", "phone": "9186231424", "entity": "Organization"}}, {"type": "Feature", "geometry": {"type": "Point", "coordinates": [-96.682113410071, 34.773468183539]}, "properties": {"npi": "1336257146", "name": "DICUS THRIF-T-WISE PHARMACY, INC.", "category": "Pharmacy", "specialty": "Pharmacy", "address": "312 W 12TH ST", "city": "ADA", "state": "OK", "zip": "74820", "phone": "5803328888", "entity": "Organization"}}, {"type": "Feature", "geometry": {"type": "Point", "coordinates": [-96.100357074192, 35.992103935236]}, "properties": {"npi": "1912016148", "name": "SAPULPA DRIVE IN PHARMACY", "category": "Pharmacy", "specialty": "Pharmacy", "address": "1029 E CLEVELAND AVE", "city": "SAPULPA", "state": "OK", "zip": "74066", "phone": "9182246558", "entity": "Organization"}}, {"type": "Feature", "geometry": {"type": "Point", "coordinates": [-96.097601619452, 35.992103935094]}, "properties": {"npi": "1457460321", "name": "CREEK NATION HOSPITAL & CLINICS", "category": "Pharmacy", "specialty": "Pharmacy", "address": "1125 E CLEVELAND AVE", "city": "SAPULPA", "state": "OK", "zip": "74066", "phone": "9182249310", "entity": "Organization"}}, {"type": "Feature", "geometry": {"type": "Point", "coordinates": [-95.955633853345, 35.610008717155]}, "properties": {"npi": "1154430031", "name": "CREEK NATION HOSPITAL & CLINICS", "category": "Pharmacy", "specialty": "Indian Health Service/Tribal/Urban Indian Health (I/T/U) Pharmacy", "address": "1313 E 20TH ST", "city": "OKMULGEE", "state": "OK", "zip": "74447", "phone": "9187560206", "entity": "Organization"}}, {"type": "Feature", "geometry": {"type": "Point", "coordinates": [-95.5949595, 35.3003682]}, "properties": {"npi": "1831208719", "name": "CREEK NATION HOSPITAL & CLINICS", "category": "Pharmacy", "specialty": "Specialty Pharmacy", "address": "500 EUNICE BURNS RD", "city": "EUFAULA", "state": "OK", "zip": "74432", "phone": "9186892547", "entity": "Organization"}}, {"type": "Feature", "geometry": {"type": "Point", "coordinates": [-96.285531120163, 35.420703046979]}, "properties": {"npi": "1033229992", "name": "CREEK NATION HOSPITAL & CLINICS", "category": "Pharmacy", "specialty": "Indian Health Service/Tribal/Urban Indian Health (I/T/U) Pharmacy", "address": "1800 E COPLIN ST", "city": "OKEMAH", "state": "OK", "zip": "74859", "phone": "9186231424", "entity": "Organization"}}, {"type": "Feature", "geometry": {"type": "Point", "coordinates": [-97.724603196112, 35.498095803902]}, "properties": {"npi": "1225148547", "name": "MCALISTER DRUG CORPORATION", "category": "Pharmacy", "specialty": "Compounding Pharmacy", "address": "948 S YUKON PKWY", "city": "YUKON", "state": "OK", "zip": "73099", "phone": "4053542582", "entity": "Organization"}}, {"type": "Feature", "geometry": {"type": "Point", "coordinates": [-97.170387781325, 34.642497273229]}, "properties": {"npi": "1790897700", "name": "CRESCENT DRUG STORE INC", "category": "Pharmacy", "specialty": "Pharmacy", "address": "116 S DEAN A MCGEE AVE", "city": "WYNNEWOOD", "state": "OK", "zip": "73098", "phone": "4056654115", "entity": "Organization"}}, {"type": "Feature", "geometry": {"type": "Point", "coordinates": [-95.922194025312, 36.068174458317]}, "properties": {"npi": "1851403406", "name": "COMMUNITY CARE HEALTH SERVICES", "category": "Pharmacy", "specialty": "Pharmacist", "address": "6600 S YALE AVE", "city": "TULSA", "state": "OK", "zip": "74136", "phone": "9184886660", "entity": "Organization"}}, {"type": "Feature", "geometry": {"type": "Point", "coordinates": [-97.720393465426, 35.593039323735]}, "properties": {"npi": "1386755031", "name": "MILLER DRUG", "category": "Pharmacy", "specialty": "Community/Retail Pharmacy", "address": "11101 SURREY HILLS BLVD", "city": "YUKON", "state": "OK", "zip": "73099", "phone": "4053731717", "entity": "Organization"}}, {"type": "Feature", "geometry": {"type": "Point", "coordinates": [-97.400090766289, 35.49318909022]}, "properties": {"npi": "1902918915", "name": "OKLAHOMA COUNTY CLINIC PHCY", "category": "Pharmacy", "specialty": "Clinic Pharmacy", "address": "7401 NE 23RD ST", "city": "OKLAHOMA CITY", "state": "OK", "zip": "73141", "phone": "4052781891", "entity": "Organization"}}, {"type": "Feature", "geometry": {"type": "Point", "coordinates": [-97.955011051284, 35.522368473781]}, "properties": {"npi": "1902908635", "name": "HAC, INC.", "category": "Pharmacy", "specialty": "Community/Retail Pharmacy", "address": "210 W ELM ST", "city": "EL RENO", "state": "OK", "zip": "73036", "phone": "4052903423", "entity": "Organization"}}, {"type": "Feature", "geometry": {"type": "Point", "coordinates": [-95.2484863, 35.7947942]}, "properties": {"npi": "1891898912", "name": "SCOTTS PHARMACY LLC", "category": "Pharmacy", "specialty": "Pharmacy", "address": "1201 S LEE ST", "city": "FORT GIBSON", "state": "OK", "zip": "74434", "phone": "9184783002", "entity": "Organization"}}, {"type": "Feature", "geometry": {"type": "Point", "coordinates": [-97.84149475039, 36.419900951808]}, "properties": {"npi": "1790889038", "name": "NORTHERN OKLAHOMA RESOURCE CENTER OF ENID PHARMACY", "category": "Pharmacy", "specialty": "Long Term Care Pharmacy", "address": "2600 E WILLOW RD", "city": "ENID", "state": "OK", "zip": "73701", "phone": "5802371027", "entity": "Organization"}}, {"type": "Feature", "geometry": {"type": "Point", "coordinates": [-97.443356537538, 35.648571745413]}, "properties": {"npi": "1922102151", "name": "CARTER HEALTHCARE PHARMACY AND DME OF OKLAHOMA, LLC", "category": "Pharmacy", "specialty": "Home Infusion Therapy Pharmacy", "address": "2800 COLTRANE PL STE 3", "city": "EDMOND", "state": "OK", "zip": "73034", "phone": "4059477700", "entity": "Organization"}}, {"type": "Feature", "geometry": {"type": "Point", "coordinates": [-97.513976551864, 35.687497838064]}, "properties": {"npi": "1477657203", "name": "OKLAHOMA CVS PHARMACY LLC", "category": "Pharmacy", "specialty": "Community/Retail Pharmacy", "address": "3200 S SANTA FE AVE", "city": "EDMOND", "state": "OK", "zip": "73013", "phone": "4053308107", "entity": "Organization"}}, {"type": "Feature", "geometry": {"type": "Point", "coordinates": [-97.549321339188, 35.56567483257]}, "properties": {"npi": "1053415885", "name": "OKLAHOMA CVS PHARMACY LLC", "category": "Pharmacy", "specialty": "Community/Retail Pharmacy", "address": "9401 N PENNSYLVANIA AVE", "city": "THE VILLAGE", "state": "OK", "zip": "73120", "phone": "4057513553", "entity": "Organization"}}, {"type": "Feature", "geometry": {"type": "Point", "coordinates": [-97.406551289457, 35.449746098231]}, "properties": {"npi": "1962506790", "name": "OKLAHOMA CVS PHARMACY LLC", "category": "Pharmacy", "specialty": "Community/Retail Pharmacy", "address": "6951 SE 15TH ST", "city": "MIDWEST CITY", "state": "OK", "zip": "73110", "phone": "4057377886", "entity": "Organization"}}, {"type": "Feature", "geometry": {"type": "Point", "coordinates": [-97.54770292588, 35.34873961492]}, "properties": {"npi": "1568566396", "name": "OKLAHOMA CVS PHARMACY LLC", "category": "Pharmacy", "specialty": "Community/Retail Pharmacy", "address": "2100 SW 119TH ST", "city": "OKLAHOMA CITY", "state": "OK", "zip": "73170", "phone": "4056911041", "entity": "Organization"}}, {"type": "Feature", "geometry": {"type": "Point", "coordinates": [-97.406240609723, 35.455880882588]}, "properties": {"npi": "1669576625", "name": "THOMAS WILSON PHARMACY INC", "category": "Pharmacy", "specialty": "Pharmacy", "address": "911 S AIR DEPOT BLVD", "city": "MIDWEST CITY", "state": "OK", "zip": "73110", "phone": "4057373464", "entity": "Organization"}}, {"type": "Feature", "geometry": {"type": "Point", "coordinates": [-96.020577536162, 36.103590172989]}, "properties": {"npi": "1578667531", "name": "WILLIAM H PITTMAN", "category": "Pharmacy", "specialty": "Pharmacy", "address": "4120 S 25TH WEST AVE", "city": "TULSA", "state": "OK", "zip": "74107", "phone": "9184464524", "entity": "Organization"}}, {"type": "Feature", "geometry": {"type": "Point", "coordinates": [-97.530077021163, 35.355394439197]}, "properties": {"npi": "1487758447", "name": "TAYLOR DRUG OPERATING SERVICES INC", "category": "Pharmacy", "specialty": "Long Term Care Pharmacy", "address": "11317 S WESTERN AVE", "city": "OKLAHOMA CITY", "state": "OK", "zip": "73170", "phone": "4056161941", "entity": "Organization"}}, {"type": "Feature", "geometry": {"type": "Point", "coordinates": [-97.530177543963, 35.377091249656]}, "properties": {"npi": "1043314875", "name": "OKLAHOMA CVS PHARMACY LLC", "category": "Pharmacy", "specialty": "Community/Retail Pharmacy", "address": "9001 S WESTERN AVE", "city": "OKLAHOMA CITY", "state": "OK", "zip": "73139", "phone": "4056916620", "entity": "Organization"}}, {"type": "Feature", "geometry": {"type": "Point", "coordinates": [-97.476783457859, 35.334198307769]}, "properties": {"npi": "1689778417", "name": "OKLAHOMA CVS PHARMACY LLC", "category": "Pharmacy", "specialty": "Community/Retail Pharmacy", "address": "800 SE 4TH ST", "city": "MOORE", "state": "OK", "zip": "73160", "phone": "4057941539", "entity": "Organization"}}, {"type": "Feature", "geometry": {"type": "Point", "coordinates": [-97.935003512255, 35.032136621064]}, "properties": {"npi": "1023112851", "name": "OKLAHOMA CVS PHARMACY LLC", "category": "Pharmacy", "specialty": "Community/Retail Pharmacy", "address": "1802 S 4TH ST", "city": "CHICKASHA", "state": "OK", "zip": "73018", "phone": "4052220305", "entity": "Organization"}}, {"type": "Feature", "geometry": {"type": "Point", "coordinates": [-97.476794489901, 35.492415123806]}, "properties": {"npi": "1669576492", "name": "OKLAHOMA CVS PHARMACY LLC", "category": "Pharmacy", "specialty": "Community/Retail Pharmacy", "address": "2323 N MARTIN LUTHER KING AVE", "city": "OKLAHOMA CITY", "state": "OK", "zip": "73111", "phone": "4054240557", "entity": "Organization"}}, {"type": "Feature", "geometry": {"type": "Point", "coordinates": [-98.403481118735, 34.594228454844]}, "properties": {"npi": "1679677405", "name": "OKLAHOMA CVS PHARMACY LLC", "category": "Pharmacy", "specialty": "Community/Retail Pharmacy", "address": "1016 SW LEE BLVD", "city": "LAWTON", "state": "OK", "zip": "73501", "phone": "5803531940", "entity": "Organization"}}, {"type": "Feature", "geometry": {"type": "Point", "coordinates": [-97.494895694617, 35.233001742218]}, "properties": {"npi": "1396849121", "name": "OKLAHOMA CVS PHARMACY LLC", "category": "Pharmacy", "specialty": "Community/Retail Pharmacy", "address": "3651 W ROBINSON ST", "city": "NORMAN", "state": "OK", "zip": "73072", "phone": "4053605406", "entity": "Organization"}}, {"type": "Feature", "geometry": {"type": "Point", "coordinates": [-96.9253164, 35.3156598]}, "properties": {"npi": "1831294024", "name": "ABSENTEE SHAWNEE TRIBAL HEALTH AUTHORITY, INC.", "category": "Pharmacy", "specialty": "Indian Health Service/Tribal/Urban Indian Health (I/T/U) Pharmacy", "address": "2029 GORDON COOPER DR", "city": "SHAWNEE", "state": "OK", "zip": "74801", "phone": "4058785859", "entity": "Organization"}}, {"type": "Feature", "geometry": {"type": "Point", "coordinates": [-97.4899377, 35.2611811]}, "properties": {"npi": "1285739045", "name": "NORMAN REGIONAL PHARMACY", "category": "Pharmacy", "specialty": "Community/Retail Pharmacy", "address": "3300 HEALTHPLEX PARKWAY", "city": "NORMAN", "state": "OK", "zip": "73072", "phone": "4053071964", "entity": "Organization"}}, {"type": "Feature", "geometry": {"type": "Point", "coordinates": [-98.304739610816, 34.360088941073]}, "properties": {"npi": "1336246180", "name": "ALTUS PHCY 97TH MDG", "category": "Pharmacy", "specialty": "Pharmacy", "address": "301 N 1ST ST", "city": "ALTUS AFB", "state": "OK", "zip": "73523", "phone": "5804815258", "entity": "Organization"}}, {"type": "Feature", "geometry": {"type": "Point", "coordinates": [-97.405917382128, 35.402691613239]}, "properties": {"npi": "1245337096", "name": "72D MEDGRP-TINKER", "category": "Pharmacy", "specialty": "Military/U.S. Coast Guard Pharmacy", "address": "7050 AIR DEPOT BLVD BLDG 1094", "city": "TINKER AFB", "state": "OK", "zip": "73145", "phone": "0573427784", "entity": "Organization"}}, {"type": "Feature", "geometry": {"type": "Point", "coordinates": [-97.273395477207, 35.493897219744]}, "properties": {"npi": "1326146044", "name": "OKLAHOMA CVS PHARMACY LLC", "category": "Pharmacy", "specialty": "Community/Retail Pharmacy", "address": "2350 N HARPER RD", "city": "CHOCTAW", "state": "OK", "zip": "73020", "phone": "4053903611", "entity": "Organization"}}, {"type": "Feature", "geometry": {"type": "Point", "coordinates": [-97.524306533662, 35.522394091398]}, "properties": {"npi": "1235237959", "name": "OKLAHOMA CVS PHARMACY LLC", "category": "Pharmacy", "specialty": "Community/Retail Pharmacy", "address": "715 NW 50TH ST", "city": "OKLAHOMA CITY", "state": "OK", "zip": "73118", "phone": "4058431501", "entity": "Organization"}}, {"type": "Feature", "geometry": {"type": "Point", "coordinates": [-94.830826703322, 36.985204256024]}, "properties": {"npi": "1295832558", "name": "OLE MINERS PHARMACY", "category": "Pharmacy", "specialty": "Pharmacy", "address": "103 S CONNELL AVE", "city": "PICHER", "state": "OK", "zip": "74360", "phone": "9186731552", "entity": "Organization"}}, {"type": "Feature", "geometry": {"type": "Point", "coordinates": [-97.456755776951, 35.435195511958]}, "properties": {"npi": "1538266796", "name": "JINNY ANN 4 CORPORATION", "category": "Pharmacy", "specialty": "Compounding Pharmacy", "address": "3252 SE 29TH ST", "city": "DEL CITY", "state": "OK", "zip": "73115", "phone": "4056770549", "entity": "Organization"}}, {"type": "Feature", "geometry": {"type": "Point", "coordinates": [-97.953725007101, 35.532215998023]}, "properties": {"npi": "1144328956", "name": "MEDICINE CHEST PHARMACY CO", "category": "Pharmacy", "specialty": "Pharmacist", "address": "201 S BICKFORD AVE", "city": "EL RENO", "state": "OK", "zip": "73036", "phone": "4052621222", "entity": "Organization"}}, {"type": "Feature", "geometry": {"type": "Point", "coordinates": [-97.734799695464, 36.806894288382]}, "properties": {"npi": "1235236175", "name": "KENNEDY DRUG CO", "category": "Pharmacy", "specialty": "Pharmacy", "address": "107 E CHEROKEE ST", "city": "MEDFORD", "state": "OK", "zip": "73759", "phone": "5803952831", "entity": "Organization"}}, {"type": "Feature", "geometry": {"type": "Point", "coordinates": [-95.129550621489, 35.260874953651]}, "properties": {"npi": "1144327081", "name": "HEADS PHARMACY INC", "category": "Pharmacy", "specialty": "Pharmacy", "address": "501 NW H ST", "city": "STIGLER", "state": "OK", "zip": "74462", "phone": "9189678877", "entity": "Organization"}}, {"type": "Feature", "geometry": {"type": "Point", "coordinates": [-97.079544097081, 36.115802372723]}, "properties": {"npi": "1053418996", "name": "EDREI, LLC.", "category": "Pharmacy", "specialty": "Pharmacy", "address": "1721 W 6TH AVE", "city": "STILLWATER", "state": "OK", "zip": "74074", "phone": "4053723331", "entity": "Organization"}}, {"type": "Feature", "geometry": {"type": "Point", "coordinates": [-96.662372364369, 34.781594373243]}, "properties": {"npi": "1962509802", "name": "CENTRAL OKLAHOMA FAMILY MEDICAL CENTER, INC.", "category": "Pharmacy", "specialty": "Long Term Care Pharmacy", "address": "1131 ARLINGTON ST", "city": "ADA", "state": "OK", "zip": "74820", "phone": "5803325720", "entity": "Organization"}}, {"type": "Feature", "geometry": {"type": "Point", "coordinates": [-95.934124599205, 36.750647872919]}, "properties": {"npi": "1124128962", "name": "MEDICAL PARK CENTER PHARMACY INC", "category": "Pharmacy", "specialty": "Long Term Care Pharmacy", "address": "3400 E FRANK PHILLIPS BLVD", "city": "BARTLESVILLE", "state": "OK", "zip": "74006", "phone": "9183312525", "entity": "Organization"}}, {"type": "Feature", "geometry": {"type": "Point", "coordinates": [-95.353954645389, 35.770094581805]}, "properties": {"npi": "1215037536", "name": "CONCORD FOOD STORES LLC", "category": "Pharmacy", "specialty": "Pharmacy", "address": "6 E SHAWNEE RD", "city": "MUSKOGEE", "state": "OK", "zip": "74403", "phone": "9186814403", "entity": "Organization"}}, {"type": "Feature", "geometry": {"type": "Point", "coordinates": [-99.43727141916, 35.411605408677]}, "properties": {"npi": "1710088737", "name": "ELK CITY UNITED DRUG", "category": "Pharmacy", "specialty": "Pharmacy", "address": "2700 W 3RD ST", "city": "ELK CITY", "state": "OK", "zip": "73644", "phone": "5802251600", "entity": "Organization"}}, {"type": "Feature", "geometry": {"type": "Point", "coordinates": [-97.432317084849, 35.225495282128]}, "properties": {"npi": "1194816074", "name": "STATE OF OKLAHOMA", "category": "Pharmacy", "specialty": "Long Term Care Pharmacy", "address": "900 E MAIN ST", "city": "NORMAN", "state": "OK", "zip": "73071", "phone": "4055736600", "entity": "Organization"}}, {"type": "Feature", "geometry": {"type": "Point", "coordinates": [-97.05864724174, 36.114280840553]}, "properties": {"npi": "1962593566", "name": "FISHERS CENTRAL DRUG STORE INC", "category": "Pharmacy", "specialty": "Community/Retail Pharmacy", "address": "722 S MAIN ST", "city": "STILLWATER", "state": "OK", "zip": "74074", "phone": "4053726120", "entity": "Organization"}}, {"type": "Feature", "geometry": {"type": "Point", "coordinates": [-95.616003297735, 35.951769392681]}, "properties": {"npi": "1518059674", "name": "CREEK NATION HOSPITAL & CLINICS", "category": "Pharmacy", "specialty": "Pharmacy", "address": "31870 EAST HWY 51", "city": "COWETA", "state": "OK", "zip": "74429", "phone": "9182793200", "entity": "Organization"}}, {"type": "Feature", "geometry": {"type": "Point", "coordinates": [-95.9223711, 35.9644713]}, "properties": {"npi": "1316030745", "name": "TRB DRUGS INC", "category": "Pharmacy", "specialty": "Pharmacy", "address": "3404 S YALE AVE", "city": "TULSA", "state": "OK", "zip": "74135", "phone": "9187436623", "entity": "Organization"}}, {"type": "Feature", "geometry": {"type": "Point", "coordinates": [-95.9223471, 35.9249345]}, "properties": {"npi": "1225121650", "name": "TRB DRUGS INC", "category": "Pharmacy", "specialty": "Pharmacy", "address": "3414 S YALE AVE", "city": "TULSA", "state": "OK", "zip": "74135", "phone": "9187494200", "entity": "Organization"}}, {"type": "Feature", "geometry": {"type": "Point", "coordinates": [-96.386755703656, 33.993310589937]}, "properties": {"npi": "1922191360", "name": "CORNER DRUG OF DURANT INC", "category": "Pharmacy", "specialty": "Long Term Care Pharmacy", "address": "1005 W MAIN ST", "city": "DURANT", "state": "OK", "zip": "74701", "phone": "5809244444", "entity": "Organization"}}, {"type": "Feature", "geometry": {"type": "Point", "coordinates": [-99.405699337236, 35.410607616501]}, "properties": {"npi": "1831282276", "name": "SWARTZ DRUG", "category": "Pharmacy", "specialty": "Pharmacy", "address": "122 W BROADWAY AVE", "city": "ELK CITY", "state": "OK", "zip": "73644", "phone": "5802253610", "entity": "Organization"}}, {"type": "Feature", "geometry": {"type": "Point", "coordinates": [-97.898876168314, 36.10937393404]}, "properties": {"npi": "1740373182", "name": "LAPORTE PHARMACY INC", "category": "Pharmacy", "specialty": "Pharmacy", "address": "103 S MAIN ST", "city": "HENNESSEY", "state": "OK", "zip": "73742", "phone": "4058532557", "entity": "Organization"}}, {"type": "Feature", "geometry": {"type": "Point", "coordinates": [-95.76681874492, 34.929218822261]}, "properties": {"npi": "1477646818", "name": "JOHN HARDY FAMILY ENTERPRISES LLC", "category": "Pharmacy", "specialty": "Pharmacy", "address": "200A S 3RD STREET", "city": "MCALESTER", "state": "OK", "zip": "74501", "phone": "9184234333", "entity": "Organization"}}, {"type": "Feature", "geometry": {"type": "Point", "coordinates": [-97.439659502381, 35.232794546975]}, "properties": {"npi": "1386737724", "name": "HULIN PHARMACY INC", "category": "Pharmacy", "specialty": "Long Term Care Pharmacy", "address": "500 E ROBINSON ST", "city": "NORMAN", "state": "OK", "zip": "73071", "phone": "4053645020", "entity": "Organization"}}, {"type": "Feature", "geometry": {"type": "Point", "coordinates": [-97.529906628199, 35.547976799152]}, "properties": {"npi": "1194818534", "name": "PHARM NICHOLS HILLS ACQUISITION LLC", "category": "Pharmacy", "specialty": "Compounding Pharmacy", "address": "7600 N WESTERN AVE", "city": "NICHOLS HILLS", "state": "OK", "zip": "73116", "phone": "4058439501", "entity": "Organization"}}, {"type": "Feature", "geometry": {"type": "Point", "coordinates": [-96.804050711386, 36.33863997166]}, "properties": {"npi": "1003909441", "name": "PAWNEE HILLCREST PHARMACY ENTERPRISES, LLC", "category": "Pharmacy", "specialty": "Community/Retail Pharmacy", "address": "539 6TH STREET", "city": "PAWNEE", "state": "OK", "zip": "74058", "phone": "9187623666", "entity": "Organization"}}, {"type": "Feature", "geometry": {"type": "Point", "coordinates": [-96.919288687718, 35.327427095403]}, "properties": {"npi": "1912090358", "name": "RICHARDS DRUG INC", "category": "Pharmacy", "specialty": "Long Term Care Pharmacy", "address": "324 E MAIN ST", "city": "SHAWNEE", "state": "OK", "zip": "74801", "phone": "4052737810", "entity": "Organization"}}, {"type": "Feature", "geometry": {"type": "Point", "coordinates": [-98.419346535804, 35.844504081622]}, "properties": {"npi": "1649363086", "name": "CITYRX LLC", "category": "Pharmacy", "specialty": "Community/Retail Pharmacy", "address": "101 N CLARENCE NASH BLVD", "city": "WATONGA", "state": "OK", "zip": "73772", "phone": "5806234545", "entity": "Organization"}}, {"type": "Feature", "geometry": {"type": "Point", "coordinates": [-96.49150308493, 35.156515377218]}, "properties": {"npi": "1467545806", "name": "NOLEN V WILLIAMS", "category": "Pharmacy", "specialty": "Pharmacy", "address": "309 S WEWOKA AVE", "city": "WEWOKA", "state": "OK", "zip": "74884", "phone": "4052573388", "entity": "Organization"}}, {"type": "Feature", "geometry": {"type": "Point", "coordinates": [-94.82720122506, 33.893961571898]}, "properties": {"npi": "1093808438", "name": "CITY DRUG OF IDABEL INC", "category": "Pharmacy", "specialty": "Pharmacy", "address": "12 S CENTRAL AVE", "city": "IDABEL", "state": "OK", "zip": "74745", "phone": "5802863235", "entity": "Organization"}}, {"type": "Feature", "geometry": {"type": "Point", "coordinates": [-96.756366512222, 35.978857543256]}, "properties": {"npi": "1902999345", "name": "KEN'S HEALTHMART LLC", "category": "Pharmacy", "specialty": "Pharmacy", "address": "200 S HIGHLAND AVE", "city": "CUSHING", "state": "OK", "zip": "74023", "phone": "9182255200", "entity": "Organization"}}, {"type": "Feature", "geometry": {"type": "Point", "coordinates": [-97.078245748338, 36.113705373022]}, "properties": {"npi": "1811080252", "name": "CHARLIES DISCOUNT DRUG INC", "category": "Pharmacy", "specialty": "Pharmacy", "address": "723 S WALNUT ST", "city": "STILLWATER", "state": "OK", "zip": "74074", "phone": "4056243535", "entity": "Organization"}}, {"type": "Feature", "geometry": {"type": "Point", "coordinates": [-96.388712218789, 35.833884793987]}, "properties": {"npi": "1720171168", "name": "PHARMOLOGY BRISTOW LLC", "category": "Pharmacy", "specialty": "Compounding Pharmacy", "address": "201 E 7TH AVE", "city": "BRISTOW", "state": "OK", "zip": "74010", "phone": "9183673328", "entity": "Organization"}}, {"type": "Feature", "geometry": {"type": "Point", "coordinates": [-98.880430532279, 36.584815297394]}, "properties": {"npi": "1639262074", "name": "JERRYS PHARMACY", "category": "Pharmacy", "specialty": "Pharmacy", "address": "1549 MAIN ST", "city": "WAYNOKA", "state": "OK", "zip": "73860", "phone": "5808241741", "entity": "Organization"}}, {"type": "Feature", "geometry": {"type": "Point", "coordinates": [-96.704398648064, 36.572745207115]}, "properties": {"npi": "1982797320", "name": "BARLOWS DRUG AND GIFTS INC", "category": "Pharmacy", "specialty": "Long Term Care Pharmacy", "address": "249 N MAIN ST", "city": "FAIRFAX", "state": "OK", "zip": "74637", "phone": "9186423318", "entity": "Organization"}}, {"type": "Feature", "geometry": {"type": "Point", "coordinates": [-97.610308227808, 35.49334210091]}, "properties": {"npi": "1790878130", "name": "T G SCRIPTS INC", "category": "Pharmacy", "specialty": "Community/Retail Pharmacy", "address": "4911 NW 23RD ST", "city": "OKLAHOMA CITY", "state": "OK", "zip": "73127", "phone": "4059464375", "entity": "Organization"}}, {"type": "Feature", "geometry": {"type": "Point", "coordinates": [-97.547623227809, 35.494307132189]}, "properties": {"npi": "1609969047", "name": "BFL-PENN INC", "category": "Pharmacy", "specialty": "Pharmacy", "address": "2500 N PENNSYLVANIA AVE", "city": "OKLAHOMA CITY", "state": "OK", "zip": "73107", "phone": "4055255120", "entity": "Organization"}}, {"type": "Feature", "geometry": {"type": "Point", "coordinates": [-97.547866310448, 35.407142521543]}, "properties": {"npi": "1134212566", "name": "RELIABLE DISCOUNT PHARMACY INC", "category": "Pharmacy", "specialty": "Pharmacy", "address": "5900 S PENNSYLVANIA AVE STE A", "city": "OKLAHOMA CITY", "state": "OK", "zip": "73119", "phone": "4056816631", "entity": "Organization"}}, {"type": "Feature", "geometry": {"type": "Point", "coordinates": [-97.370910205927, 35.466754354841]}, "properties": {"npi": "1043303472", "name": "TWIN R NO 2 INC", "category": "Pharmacy", "specialty": "Pharmacy", "address": "249 N DOUGLAS BLVD", "city": "MIDWEST CITY", "state": "OK", "zip": "73130", "phone": "4057414411", "entity": "Organization"}}, {"type": "Feature", "geometry": {"type": "Point", "coordinates": [-97.487078752652, 34.232948728906]}, "properties": {"npi": "1952494387", "name": "ECK DRUG CO INC", "category": "Pharmacy", "specialty": "Long Term Care Pharmacy", "address": "11103 HIGHWAY 76", "city": "HEALDTON", "state": "OK", "zip": "73438", "phone": "5802291141", "entity": "Organization"}}, {"type": "Feature", "geometry": {"type": "Point", "coordinates": [-98.990170648856, 35.292302136598]}, "properties": {"npi": "1104919547", "name": "EVETTS DRUG INC.", "category": "Pharmacy", "specialty": "Long Term Care Pharmacy", "address": "100 E 1ST ST", "city": "CORDELL", "state": "OK", "zip": "73632", "phone": "5808323388", "entity": "Organization"}}, {"type": "Feature", "geometry": {"type": "Point", "coordinates": [-97.95708313408, 34.501879349652]}, "properties": {"npi": "1013000454", "name": "R & S DRUG STORES INC", "category": "Pharmacy", "specialty": "Pharmacy", "address": "821 W MAIN ST", "city": "DUNCAN", "state": "OK", "zip": "73533", "phone": "5802556292", "entity": "Organization"}}, {"type": "Feature", "geometry": {"type": "Point", "coordinates": [-98.001387070833, 34.163819166409]}, "properties": {"npi": "1558454991", "name": "ECK DRUG & GIFT INC", "category": "Pharmacy", "specialty": "Long Term Care Pharmacy", "address": "101 S MAIN ST", "city": "WAURIKA", "state": "OK", "zip": "73573", "phone": "5802282383", "entity": "Organization"}}, {"type": "Feature", "geometry": {"type": "Point", "coordinates": [-96.339014474924, 36.665593844786]}, "properties": {"npi": "1255424693", "name": "GATRELL 6 ENTERPRISES LLC", "category": "Pharmacy", "specialty": "Pharmacy", "address": "714 KIHEKAH AVE", "city": "PAWHUSKA", "state": "OK", "zip": "74056", "phone": "9182871317", "entity": "Organization"}}, {"type": "Feature", "geometry": {"type": "Point", "coordinates": [-98.22699677607, 35.072207014824]}, "properties": {"npi": "1427141860", "name": "PHILLIP W & PHYLLIS J MELTON", "category": "Pharmacy", "specialty": "Long Term Care Pharmacy", "address": "1104 E CENTRAL BLVD", "city": "ANADARKO", "state": "OK", "zip": "73005", "phone": "4052473081", "entity": "Organization"}}, {"type": "Feature", "geometry": {"type": "Point", "coordinates": [-97.619003466148, 35.507805098807]}, "properties": {"npi": "1336232776", "name": "BFL-MACARTHUR LLC", "category": "Pharmacy", "specialty": "Pharmacy", "address": "3701 N MACARTHUR BLVD", "city": "WARR ACRES", "state": "OK", "zip": "73122", "phone": "4054958283", "entity": "Organization"}}, {"type": "Feature", "geometry": {"type": "Point", "coordinates": [-99.333904408189, 34.65480836885]}, "properties": {"npi": "1861585291", "name": "BUNKER HILL PHARMACY INC", "category": "Pharmacy", "specialty": "Long Term Care Pharmacy", "address": "1610 N MAIN ST", "city": "ALTUS", "state": "OK", "zip": "73521", "phone": "5804827530", "entity": "Organization"}}, {"type": "Feature", "geometry": {"type": "Point", "coordinates": [-99.334115383917, 34.657434719287]}, "properties": {"npi": "1770676108", "name": "CENTRAL PHARMACY", "category": "Pharmacy", "specialty": "Pharmacy", "address": "1721 N MAIN ST", "city": "ALTUS", "state": "OK", "zip": "73521", "phone": "5804823414", "entity": "Organization"}}, {"type": "Feature", "geometry": {"type": "Point", "coordinates": [-97.580944704672, 35.532971646788]}, "properties": {"npi": "1245323682", "name": "BFL-PORTLAND LLC", "category": "Pharmacy", "specialty": "Pharmacy", "address": "3501 NW EXPRESSWAY", "city": "OKLAHOMA CITY", "state": "OK", "zip": "73112", "phone": "4059466386", "entity": "Organization"}}, {"type": "Feature", "geometry": {"type": "Point", "coordinates": [-97.977058406747, 35.726936836693]}, "properties": {"npi": "1306939566", "name": "KRITTENBRINK PHARMACY", "category": "Pharmacy", "specialty": "Pharmacy", "address": "315 KANSAS AVE", "city": "OKARCHE", "state": "OK", "zip": "73762", "phone": "4052634433", "entity": "Organization"}}, {"type": "Feature", "geometry": {"type": "Point", "coordinates": [-94.59838752316, 35.402051073488]}, "properties": {"npi": "1578656732", "name": "BROADWAY CORNER DRUG", "category": "Pharmacy", "specialty": "Pharmacy", "address": "101 E SHAWNTEL SMITH BLVD", "city": "MULDROW", "state": "OK", "zip": "74948", "phone": "9184271985", "entity": "Organization"}}, {"type": "Feature", "geometry": {"type": "Point", "coordinates": [-97.3379734, 35.4931299]}, "properties": {"npi": "1073606240", "name": "CUSTOM PHARMACY INNOVATIONS INC", "category": "Pharmacy", "specialty": "Compounding Pharmacy", "address": "10911 NE 23RD", "city": "NICOMA PARK", "state": "OK", "zip": "73066", "phone": "4057698585", "entity": "Organization"}}, {"type": "Feature", "geometry": {"type": "Point", "coordinates": [-95.850580997128, 36.089935422731]}, "properties": {"npi": "1225121338", "name": "MOORE PHARMACY SERVICE; LLC", "category": "Pharmacy", "specialty": "Community/Retail Pharmacy", "address": "11414 E. 51ST STREET", "city": "TULSA", "state": "OK", "zip": "74146", "phone": "9184618103", "entity": "Organization"}}, {"type": "Feature", "geometry": {"type": "Point", "coordinates": [-95.999751736988, 36.368492953538]}, "properties": {"npi": "1023102431", "name": "KENDALL HEALTHMART INC.", "category": "Pharmacy", "specialty": "Community/Retail Pharmacy", "address": "222 E ROGERS BLVD", "city": "SKIATOOK", "state": "OK", "zip": "74070", "phone": "9183962411", "entity": "Organization"}}, {"type": "Feature", "geometry": {"type": "Point", "coordinates": [-95.762784609669, 34.927208638847]}, "properties": {"npi": "1932293347", "name": "MCBEE AND DAVIS INC", "category": "Pharmacy", "specialty": "Pharmacy", "address": "622 E WYANDOTTE AVE", "city": "MCALESTER", "state": "OK", "zip": "74501", "phone": "9184265223", "entity": "Organization"}}, {"type": "Feature", "geometry": {"type": "Point", "coordinates": [-96.771654, 34.090337]}, "properties": {"npi": "1669566071", "name": "CORNER DRUG LLC", "category": "Pharmacy", "specialty": "Pharmacy", "address": "100 E MAIN ST", "city": "MADILL", "state": "OK", "zip": "73446", "phone": "5807953376", "entity": "Organization"}}, {"type": "Feature", "geometry": {"type": "Point", "coordinates": [-95.855085081721, 36.264742911593]}, "properties": {"npi": "1578657987", "name": "CLINICAL CARE PHARMACY OF OWASSO", "category": "Pharmacy", "specialty": "Long Term Care Pharmacy", "address": "130 S MAIN ST", "city": "OWASSO", "state": "OK", "zip": "74055", "phone": "9182741737", "entity": "Organization"}}, {"type": "Feature", "geometry": {"type": "Point", "coordinates": [-97.525637467591, 35.480157902013]}, "properties": {"npi": "1528153947", "name": "WHEELER AND STUCKEY, INC", "category": "Pharmacy", "specialty": "Community/Retail Pharmacy", "address": "1211 NORTH SHARTEL AVENUE", "city": "OKLAHOMA CITY", "state": "OK", "zip": "73103", "phone": "4052320241", "entity": "Organization"}}, {"type": "Feature", "geometry": {"type": "Point", "coordinates": [-97.597957052707, 35.608967488533]}, "properties": {"npi": "1104910363", "name": "MERCY PHARMACY SERVICES, LLC", "category": "Pharmacy", "specialty": "Pharmacy", "address": "4200 W MEMORIAL RD", "city": "OKLAHOMA CITY", "state": "OK", "zip": "73120", "phone": "4057523590", "entity": "Organization"}}, {"type": "Feature", "geometry": {"type": "Point", "coordinates": [-95.825731524116, 36.278494853851]}, "properties": {"npi": "1083709091", "name": "OMC PHARMACY INC", "category": "Pharmacy", "specialty": "Community/Retail Pharmacy", "address": "13600 E 86TH ST N STE 500", "city": "OWASSO", "state": "OK", "zip": "74055", "phone": "9182723020", "entity": "Organization"}}, {"type": "Feature", "geometry": {"type": "Point", "coordinates": [-95.975681076534, 36.153410708757]}, "properties": {"npi": "1457447609", "name": "INDIAN HEALTH CARE RESOURCE CENTER OF TULSA, INC.", "category": "Pharmacy", "specialty": "Indian Health Service/Tribal/Urban Indian Health (I/T/U) Pharmacy", "address": "530 S. PEORIA AVENUE", "city": "TULSA", "state": "OK", "zip": "74120", "phone": "9185881900", "entity": "Organization"}}, {"type": "Feature", "geometry": {"type": "Point", "coordinates": [-102.516457482571, 36.729755104707]}, "properties": {"npi": "1497842272", "name": "HOOKER PHARMACY PLLC", "category": "Pharmacy", "specialty": "Community/Retail Pharmacy", "address": "318 W MAIN ST", "city": "BOISE CITY", "state": "OK", "zip": "73933", "phone": "5805443441", "entity": "Organization"}}, {"type": "Feature", "geometry": {"type": "Point", "coordinates": [-95.093941832629, 34.002334453776]}, "properties": {"npi": "1750470969", "name": "BOLTON DRUG & JEWELRY", "category": "Pharmacy", "specialty": "Community/Retail Pharmacy", "address": "#3 N DALTON", "city": "VALLIANT", "state": "OK", "zip": "74764", "phone": "5809334214", "entity": "Organization"}}, {"type": "Feature", "geometry": {"type": "Point", "coordinates": [-95.344746102481, 34.955799018803]}, "properties": {"npi": "1457440141", "name": "ROYS DISCOUNT PHARMACY LLC", "category": "Pharmacy", "specialty": "Pharmacy", "address": "621 HIGHWAY 2 N", "city": "WILBURTON", "state": "OK", "zip": "74578", "phone": "9184650111", "entity": "Organization"}}, {"type": "Feature", "geometry": {"type": "Point", "coordinates": [-94.620974710637, 35.063624165967]}, "properties": {"npi": "1750470449", "name": "HARPS FOOD STORES, INC.", "category": "Pharmacy", "specialty": "Pharmacy", "address": "2219 N BROADWAY ST", "city": "POTEAU", "state": "OK", "zip": "74953", "phone": "9186479531", "entity": "Organization"}}, {"type": "Feature", "geometry": {"type": "Point", "coordinates": [-97.517770309233, 35.377136525322]}, "properties": {"npi": "1932298585", "name": "BOBS PHARMACY", "category": "Pharmacy", "specialty": "Pharmacy", "address": "210 SW 89TH ST", "city": "OKLAHOMA CITY", "state": "OK", "zip": "73139", "phone": "4056318174", "entity": "Organization"}}, {"type": "Feature", "geometry": {"type": "Point", "coordinates": [-98.224925238488, 35.057931208775]}, "properties": {"npi": "1841389491", "name": "LOVELLS PHARMACY INC", "category": "Pharmacy", "specialty": "Pharmacy", "address": "802 W PETREE RD", "city": "ANADARKO", "state": "OK", "zip": "73005", "phone": "4052473348", "entity": "Organization"}}, {"type": "Feature", "geometry": {"type": "Point", "coordinates": [-98.651528964713, 36.803508842572]}, "properties": {"npi": "1396835013", "name": "HOLDER-SOUTHERN DRUG COMPANY INC", "category": "Pharmacy", "specialty": "Long Term Care Pharmacy", "address": "513 BARNES AVE", "city": "ALVA", "state": "OK", "zip": "73717", "phone": "5803273332", "entity": "Organization"}}, {"type": "Feature", "geometry": {"type": "Point", "coordinates": [-96.687283186575, 35.486646055288]}, "properties": {"npi": "1306936836", "name": "PRAGUE GROCERY, LLC", "category": "Pharmacy", "specialty": "Community/Retail Pharmacy", "address": "1000 W MAIN", "city": "PRAGUE", "state": "OK", "zip": "74864", "phone": "4055674000", "entity": "Organization"}}, {"type": "Feature", "geometry": {"type": "Point", "coordinates": [-95.904369622923, 36.085587410524]}, "properties": {"npi": "1528148665", "name": "ADVANCED INFUSION THERAPEUTICS, LLC", "category": "Pharmacy", "specialty": "Home Infusion Therapy Pharmacy", "address": "5401 S SHERIDAN RD", "city": "TULSA", "state": "OK", "zip": "74145", "phone": "9186222700", "entity": "Organization"}}, {"type": "Feature", "geometry": {"type": "Point", "coordinates": [-97.655799998576, 35.145906946467]}, "properties": {"npi": "1659451953", "name": "PHARM BLANCHARD ACQUISITION LLC", "category": "Pharmacy", "specialty": "Community/Retail Pharmacy", "address": "301 NE 10TH ST", "city": "BLANCHARD", "state": "OK", "zip": "73010", "phone": "4054859311", "entity": "Organization"}}, {"type": "Feature", "geometry": {"type": "Point", "coordinates": [-97.86643222694, 36.390748649654]}, "properties": {"npi": "1598845000", "name": "DIELRX", "category": "Pharmacy", "specialty": "Pharmacy", "address": "826 E GARRIOTT RD", "city": "ENID", "state": "OK", "zip": "73701", "phone": "5802334244", "entity": "Organization"}}, {"type": "Feature", "geometry": {"type": "Point", "coordinates": [-98.309215054745, 34.357834959609]}, "properties": {"npi": "1588745830", "name": "LYONS DRUG AND GIFT", "category": "Pharmacy", "specialty": "Community/Retail Pharmacy", "address": "112 S BROADWAY ST", "city": "WALTERS", "state": "OK", "zip": "73572", "phone": "5808753188", "entity": "Organization"}}, {"type": "Feature", "geometry": {"type": "Point", "coordinates": [-96.657828230294, 35.749007415633]}, "properties": {"npi": "1245311943", "name": "STROUD DRUG INC", "category": "Pharmacy", "specialty": "Pharmacy", "address": "406 W MAIN ST", "city": "STROUD", "state": "OK", "zip": "74079", "phone": "9189682323", "entity": "Organization"}}, {"type": "Feature", "geometry": {"type": "Point", "coordinates": [-96.758900643635, 34.960275417205]}, "properties": {"npi": "1003998980", "name": "CENTRAL OKLAHOMA FAMILY MEDICAL CENTER INC", "category": "Pharmacy", "specialty": "Pharmacy", "address": "527 W 3RD ST", "city": "KONAWA", "state": "OK", "zip": "74849", "phone": "5809258911", "entity": "Organization"}}, {"type": "Feature", "geometry": {"type": "Point", "coordinates": [-95.156853334139, 36.637372362995]}, "properties": {"npi": "1407938202", "name": "PHARM VINITA ACQUISITION LLC", "category": "Pharmacy", "specialty": "Long Term Care Pharmacy", "address": "201 N SCRAPER ST", "city": "VINITA", "state": "OK", "zip": "74301", "phone": "9182562541", "entity": "Organization"}}, {"type": "Feature", "geometry": {"type": "Point", "coordinates": [-97.488073382911, 35.652842475173]}, "properties": {"npi": "1225110026", "name": "LARRY M ADAMS", "category": "Pharmacy", "specialty": "Pharmacy", "address": "410 W EDMOND RD", "city": "EDMOND", "state": "OK", "zip": "73003", "phone": "4053411504", "entity": "Organization"}}, {"type": "Feature", "geometry": {"type": "Point", "coordinates": [-97.468899930337, 35.203966213397]}, "properties": {"npi": "1134201932", "name": "SOONER DISCOUNT PHARMACY LLC", "category": "Pharmacy", "specialty": "Compounding Pharmacy", "address": "1811 W LINDSEY ST", "city": "NORMAN", "state": "OK", "zip": "73069", "phone": "4053296001", "entity": "Organization"}}, {"type": "Feature", "geometry": {"type": "Point", "coordinates": [-99.327292581429, 34.637865337652]}, "properties": {"npi": "1952483752", "name": "UNITED DISCOUNT DRUG INC", "category": "Pharmacy", "specialty": "Long Term Care Pharmacy", "address": "601 E BROADWAY ST", "city": "ALTUS", "state": "OK", "zip": "73521", "phone": "5804770800", "entity": "Organization"}}, {"type": "Feature", "geometry": {"type": "Point", "coordinates": [-97.361256256107, 35.012162607463]}, "properties": {"npi": "1770665572", "name": "DON'S DISCOUNT PHARMACY", "category": "Pharmacy", "specialty": "Community/Retail Pharmacy", "address": "204 WEST MAIN", "city": "PURCELL", "state": "OK", "zip": "73080", "phone": "4055272186", "entity": "Organization"}}, {"type": "Feature", "geometry": {"type": "Point", "coordinates": [-97.978130456194, 34.521563227202]}, "properties": {"npi": "1497837298", "name": "STAR PHARMACY INC", "category": "Pharmacy", "specialty": "Long Term Care Pharmacy", "address": "2340 W ELK AVE RM 10", "city": "DUNCAN", "state": "OK", "zip": "73533", "phone": "5802557165", "entity": "Organization"}}, {"type": "Feature", "geometry": {"type": "Point", "coordinates": [-95.629689958041, 36.697866944645]}, "properties": {"npi": "1215019013", "name": "REIDS PHARMACY", "category": "Pharmacy", "specialty": "Long Term Care Pharmacy", "address": "206 S ASH ST", "city": "NOWATA", "state": "OK", "zip": "74048", "phone": "9182730433", "entity": "Organization"}}, {"type": "Feature", "geometry": {"type": "Point", "coordinates": [-95.621022235452, 36.314694196895]}, "properties": {"npi": "1124100920", "name": "WENJOE APOTHECARY PLLC", "category": "Pharmacy", "specialty": "Long Term Care Pharmacy", "address": "998 W WILL ROGERS BLVD", "city": "CLAREMORE", "state": "OK", "zip": "74017", "phone": "9183411184", "entity": "Organization"}}, {"type": "Feature", "geometry": {"type": "Point", "coordinates": [-95.967079311831, 36.146955723842]}, "properties": {"npi": "1033291836", "name": "SCOTT ROBISONS RX INC", "category": "Pharmacy", "specialty": "Community/Retail Pharmacy", "address": "1145 S UTICA AVE", "city": "TULSA", "state": "OK", "zip": "74104", "phone": "9185827144", "entity": "Organization"}}, {"type": "Feature", "geometry": {"type": "Point", "coordinates": [-95.374584648368, 35.959595811421]}, "properties": {"npi": "1942382742", "name": "ROGERS DRUG COMPANY INC", "category": "Pharmacy", "specialty": "Pharmacy", "address": "326 E CHEROKEE ST", "city": "WAGONER", "state": "OK", "zip": "74467", "phone": "9184852317", "entity": "Organization"}}, {"type": "Feature", "geometry": {"type": "Point", "coordinates": [-96.976858052175, 34.506305654898]}, "properties": {"npi": "1699858134", "name": "SOONER PHARMACY", "category": "Pharmacy", "specialty": "Pharmacist", "address": "815 WEST BROADWAY", "city": "SULPHUR", "state": "OK", "zip": "73086", "phone": "5806222208", "entity": "Organization"}}, {"type": "Feature", "geometry": {"type": "Point", "coordinates": [-98.432754703649, 34.608922442329]}, "properties": {"npi": "1427130947", "name": "COMANCHE COUNTY HOSPITAL AUTHORITY", "category": "Pharmacy", "specialty": "Community/Retail Pharmacy", "address": "3201 W GORE BLVD STE A", "city": "LAWTON", "state": "OK", "zip": "73505", "phone": "5805855401", "entity": "Organization"}}, {"type": "Feature", "geometry": {"type": "Point", "coordinates": [-97.138552521172, 34.179200806444]}, "properties": {"npi": "1194808568", "name": "CARTER KEENER & THURMAN INC", "category": "Pharmacy", "specialty": "Pharmacy", "address": "907 GRAND AVE", "city": "ARDMORE", "state": "OK", "zip": "73401", "phone": "5802233000", "entity": "Organization"}}, {"type": "Feature", "geometry": {"type": "Point", "coordinates": [-96.218910402926, 34.539652974546]}, "properties": {"npi": "1780767731", "name": "PALACE DRUG OF COALGATE LLC", "category": "Pharmacy", "specialty": "Long Term Care Pharmacy", "address": "104 W OHIO AVE", "city": "COALGATE", "state": "OK", "zip": "74538", "phone": "5809272064", "entity": "Organization"}}, {"type": "Feature", "geometry": {"type": "Point", "coordinates": [-95.531062192019, 34.848213568714]}, "properties": {"npi": "1316020365", "name": "CAL DRUG LLC", "category": "Pharmacy", "specialty": "Pharmacy", "address": "401 HIGHWAY 270", "city": "HARTSHORNE", "state": "OK", "zip": "74547", "phone": "9182977283", "entity": "Organization"}}, {"type": "Feature", "geometry": {"type": "Point", "coordinates": [-98.589833954788, 36.053482473501]}, "properties": {"npi": "1134202187", "name": "HEROD DRUG, LLC.", "category": "Pharmacy", "specialty": "Pharmacy", "address": "212 W MAIN", "city": "CANTON", "state": "OK", "zip": "73724", "phone": "5808863444", "entity": "Organization"}}, {"type": "Feature", "geometry": {"type": "Point", "coordinates": [-98.366851986751, 34.893264784161]}, "properties": {"npi": "1043393093", "name": "PHILLIP W & PHYLLIS J MELTON", "category": "Pharmacy", "specialty": "Community/Retail Pharmacy", "address": "118 E EVANS", "city": "APACHE", "state": "OK", "zip": "73006", "phone": "5805883639", "entity": "Organization"}}, {"type": "Feature", "geometry": {"type": "Point", "coordinates": [-97.481041596567, 35.235831772095]}, "properties": {"npi": "1942384466", "name": "OKLAHOMA CVS PHARMACY LLC", "category": "Pharmacy", "specialty": "Community/Retail Pharmacy", "address": "1400 24TH AVE NW", "city": "NORMAN", "state": "OK", "zip": "73069", "phone": "4052533001", "entity": "Organization"}}, {"type": "Feature", "geometry": {"type": "Point", "coordinates": [-95.939874767975, 36.043839315581]}, "properties": {"npi": "1386728426", "name": "MEDX CORPORATION", "category": "Pharmacy", "specialty": "Pharmacy", "address": "8285 S HARVARD AVE", "city": "TULSA", "state": "OK", "zip": "74137", "phone": "9184811490", "entity": "Organization"}}, {"type": "Feature", "geometry": {"type": "Point", "coordinates": [-95.957512091119, 36.058129944432]}, "properties": {"npi": "1730263872", "name": "MEDX CORPORATION", "category": "Pharmacy", "specialty": "Pharmacy", "address": "7234 S LEWIS AVE", "city": "TULSA", "state": "OK", "zip": "74136", "phone": "9184940661", "entity": "Organization"}}, {"type": "Feature", "geometry": {"type": "Point", "coordinates": [-95.974898031991, 36.104362922981]}, "properties": {"npi": "1285718320", "name": "MED-X CORPORATION", "category": "Pharmacy", "specialty": "Pharmacy", "address": "1339 E 41ST ST", "city": "TULSA", "state": "OK", "zip": "74105", "phone": "9187445490", "entity": "Organization"}}, {"type": "Feature", "geometry": {"type": "Point", "coordinates": [-95.940424677585, 36.132894249063]}, "properties": {"npi": "1184708224", "name": "MAYS DRUG STORES IN", "category": "Pharmacy", "specialty": "Pharmacy", "address": "2110 S HARVARD AVE", "city": "TULSA", "state": "OK", "zip": "74114", "phone": "9187440145", "entity": "Organization"}}, {"type": "Feature", "geometry": {"type": "Point", "coordinates": [-95.843608317432, 36.27913188726]}, "properties": {"npi": "1184708232", "name": "MEDX CORPORATION", "category": "Pharmacy", "specialty": "Pharmacy", "address": "8705 N 117TH EAST AVE", "city": "OWASSO", "state": "OK", "zip": "74055", "phone": "9182721181", "entity": "Organization"}}, {"type": "Feature", "geometry": {"type": "Point", "coordinates": [-97.067148135622, 36.730155392534]}, "properties": {"npi": "1992889042", "name": "MAYS DRUG STORES IN", "category": "Pharmacy", "specialty": "Pharmacy", "address": "2211 N 14TH ST", "city": "PONCA CITY", "state": "OK", "zip": "74601", "phone": "5807623700", "entity": "Organization"}}, {"type": "Feature", "geometry": {"type": "Point", "coordinates": [-95.832944716924, 36.118987941737]}, "properties": {"npi": "1801970959", "name": "MEDX CORPORATION", "category": "Pharmacy", "specialty": "Pharmacy", "address": "12919 E 31ST ST", "city": "TULSA", "state": "OK", "zip": "74134", "phone": "9186223232", "entity": "Organization"}}, {"type": "Feature", "geometry": {"type": "Point", "coordinates": [-95.904477277636, 36.119741317479]}, "properties": {"npi": "1356425409", "name": "WALGREEN CO", "category": "Pharmacy", "specialty": "Pharmacy", "address": "3063 S SHERIDAN RD", "city": "TULSA", "state": "OK", "zip": "74129", "phone": "9183840260", "entity": "Organization"}}, {"type": "Feature", "geometry": {"type": "Point", "coordinates": [-95.922230798171, 36.073501009541]}, "properties": {"npi": "1013091156", "name": "MAY'S DRUG STORES, INC.", "category": "Pharmacy", "specialty": "Clinic Pharmacy", "address": "6160 S YALE AVE", "city": "TULSA", "state": "OK", "zip": "74136", "phone": "9184927400", "entity": "Organization"}}, {"type": "Feature", "geometry": {"type": "Point", "coordinates": [-95.940199016362, 36.118170848856]}, "properties": {"npi": "1922182062", "name": "MEDX CORPORATION", "category": "Pharmacy", "specialty": "Pharmacy", "address": "3133 S HARVARD AVE", "city": "TULSA", "state": "OK", "zip": "74135", "phone": "9187436226", "entity": "Organization"}}, {"type": "Feature", "geometry": {"type": "Point", "coordinates": [-95.735082719944, 36.060830312856]}, "properties": {"npi": "1427132182", "name": "MAYS DRUG STORES IN", "category": "Pharmacy", "specialty": "Pharmacy", "address": "4900 W KENOSHA ST", "city": "BROKEN ARROW", "state": "OK", "zip": "74012", "phone": "9184619968", "entity": "Organization"}}, {"type": "Feature", "geometry": {"type": "Point", "coordinates": [-96.030873954996, 36.098695693957]}, "properties": {"npi": "1801970561", "name": "MAYS DRUG STORES IN", "category": "Pharmacy", "specialty": "Pharmacy", "address": "3319 W 45TH ST", "city": "TULSA", "state": "OK", "zip": "74107", "phone": "9184452677", "entity": "Organization"}}, {"type": "Feature", "geometry": {"type": "Point", "coordinates": [-98.578284915175, 35.550120631499]}, "properties": {"npi": "1154405892", "name": "DEER CREEK PHARMACY INC", "category": "Pharmacy", "specialty": "Pharmacy", "address": "510 N ARAPAHO AVE", "city": "HYDRO", "state": "OK", "zip": "73048", "phone": "4056634111", "entity": "Organization"}}, {"type": "Feature", "geometry": {"type": "Point", "coordinates": [-95.832944716924, 36.118987941737]}, "properties": {"npi": "1871677534", "name": "MEDX CORPORATION", "category": "Pharmacy", "specialty": "Pharmacy", "address": "12919 EAST 31ST AVE", "city": "TULSA", "state": "OK", "zip": "74135", "phone": "9187444777", "entity": "Organization"}}, {"type": "Feature", "geometry": {"type": "Point", "coordinates": [-98.7455753, 35.0976799]}, "properties": {"npi": "1821173055", "name": "JERRY BENNETT", "category": "Pharmacy", "specialty": "Pharmacy", "address": "221 MAIN STREET", "city": "MOUNTAIN VIEW", "state": "OK", "zip": "73062", "phone": "5803472519", "entity": "Organization"}}, {"type": "Feature", "geometry": {"type": "Point", "coordinates": [-97.509982998377, 34.455580638832]}, "properties": {"npi": "1376628503", "name": "CAMP PHARMACY LLC", "category": "Pharmacy", "specialty": "Pharmacy", "address": "1 MEDICAL PLAZA", "city": "RATLIFF CITY", "state": "OK", "zip": "73481", "phone": "5808563333", "entity": "Organization"}}, {"type": "Feature", "geometry": {"type": "Point", "coordinates": [-97.717492329003, 35.290887973627]}, "properties": {"npi": "1891870184", "name": "DAVENPORT HEALTH HOLDINGS LLC", "category": "Pharmacy", "specialty": "Pharmacy", "address": "5310 E HIGHWAY 37", "city": "TUTTLE", "state": "OK", "zip": "73089", "phone": "4053814425", "entity": "Organization"}}, {"type": "Feature", "geometry": {"type": "Point", "coordinates": [-96.912141059488, 35.345294297412]}, "properties": {"npi": "1700961091", "name": "HARRISON DISCOUNT PHARMACY PLLC", "category": "Pharmacy", "specialty": "Pharmacy", "address": "1442 N HARRISON AVE", "city": "SHAWNEE", "state": "OK", "zip": "74801", "phone": "4052739906", "entity": "Organization"}}, {"type": "Feature", "geometry": {"type": "Point", "coordinates": [-97.583507489912, 35.526264093741]}, "properties": {"npi": "1619052909", "name": "MEDIC PHARMACY MANAGEMENT INC", "category": "Pharmacy", "specialty": "Pharmacy", "address": "5701 N PORTLAND AVE", "city": "OKLAHOMA CITY", "state": "OK", "zip": "73112", "phone": "4059496410", "entity": "Organization"}}, {"type": "Feature", "geometry": {"type": "Point", "coordinates": [-97.932671659687, 35.846792464303]}, "properties": {"npi": "1942385075", "name": "LTRX INC.", "category": "Pharmacy", "specialty": "Pharmacy", "address": "1308 S. MAIN STREET", "city": "KINGFISHER", "state": "OK", "zip": "73750", "phone": "4053755400", "entity": "Organization"}}, {"type": "Feature", "geometry": {"type": "Point", "coordinates": [-96.394191211666, 36.415485457701]}, "properties": {"npi": "1356426647", "name": "HOMINY REXALL INC", "category": "Pharmacy", "specialty": "Pharmacy", "address": "104 W MAIN ST", "city": "HOMINY", "state": "OK", "zip": "74035", "phone": "9188852715", "entity": "Organization"}}, {"type": "Feature", "geometry": {"type": "Point", "coordinates": [-95.972741980224, 35.623097569537]}, "properties": {"npi": "1265517551", "name": "OKEMAH PHARMACY MANAGEMENT LLC", "category": "Pharmacy", "specialty": "Pharmacy", "address": "108 S MORTON AVE", "city": "OKMULGEE", "state": "OK", "zip": "74447", "phone": "9187561322", "entity": "Organization"}}, {"type": "Feature", "geometry": {"type": "Point", "coordinates": [-96.390439678508, 33.996735702892]}, "properties": {"npi": "1528143815", "name": "EDGEMAN HEALTH LLC", "category": "Pharmacy", "specialty": "Community/Retail Pharmacy", "address": "311 N. WASHINGTON AVE.", "city": "DURANT", "state": "OK", "zip": "74701", "phone": "5809243784", "entity": "Organization"}}, {"type": "Feature", "geometry": {"type": "Point", "coordinates": [-97.394606804339, 35.13897046536]}, "properties": {"npi": "1902981137", "name": "DRUGS & THINGS INC", "category": "Pharmacy", "specialty": "Compounding Pharmacy", "address": "125 S MAIN ST", "city": "NOBLE", "state": "OK", "zip": "73068", "phone": "4058725531", "entity": "Organization"}}, {"type": "Feature", "geometry": {"type": "Point", "coordinates": [-95.864742047881, 36.119041465866]}, "properties": {"npi": "1447335732", "name": "TRB DRUGS INC", "category": "Pharmacy", "specialty": "Pharmacy", "address": "9757 E 31ST ST", "city": "TULSA", "state": "OK", "zip": "74146", "phone": "9186223213", "entity": "Organization"}}, {"type": "Feature", "geometry": {"type": "Point", "coordinates": [-97.078245748736, 36.11309790639]}, "properties": {"npi": "1174608467", "name": "TIGER DRUG COMPANY", "category": "Pharmacy", "specialty": "Long Term Care Pharmacy", "address": "825 S WALNUT ST", "city": "STILLWATER", "state": "OK", "zip": "74074", "phone": "4053727900", "entity": "Organization"}}, {"type": "Feature", "geometry": {"type": "Point", "coordinates": [-97.583366689116, 35.52544558543]}, "properties": {"npi": "1598840670", "name": "UNITED DISCOUNT PHARMACY #2", "category": "Pharmacy", "specialty": "Community/Retail Pharmacy", "address": "5420 N PORTLAND AVE", "city": "OKLAHOMA CITY", "state": "OK", "zip": "73112", "phone": "4059476828", "entity": "Organization"}}, {"type": "Feature", "geometry": {"type": "Point", "coordinates": [-96.671244994925, 35.239562879775]}, "properties": {"npi": "1144305269", "name": "SEMDRUG, LLC", "category": "Pharmacy", "specialty": "Community/Retail Pharmacy", "address": "1717 N MILT PHILLIPS AVE", "city": "SEMINOLE", "state": "OK", "zip": "74868", "phone": "4053825420", "entity": "Organization"}}, {"type": "Feature", "geometry": {"type": "Point", "coordinates": [-96.880776587696, 35.701383127947]}, "properties": {"npi": "1710063599", "name": "HITE DRUG INC", "category": "Pharmacy", "specialty": "Pharmacy", "address": "913 MANVEL AVE", "city": "CHANDLER", "state": "OK", "zip": "74834", "phone": "4052581218", "entity": "Organization"}}, {"type": "Feature", "geometry": {"type": "Point", "coordinates": [-99.633036304375, 35.30784323733]}, "properties": {"npi": "1235215807", "name": "SAM THORNBROUGH", "category": "Pharmacy", "specialty": "Community/Retail Pharmacy", "address": "1601 WATTS ST", "city": "SAYRE", "state": "OK", "zip": "73662", "phone": "5809283058", "entity": "Organization"}}, {"type": "Feature", "geometry": {"type": "Point", "coordinates": [-97.530303168491, 35.38746852413]}, "properties": {"npi": "1134205685", "name": "JIMARDE INC", "category": "Pharmacy", "specialty": "Compounding Pharmacy", "address": "908 STRAKA TER", "city": "OKLAHOMA CITY", "state": "OK", "zip": "73139", "phone": "4056050346", "entity": "Organization"}}, {"type": "Feature", "geometry": {"type": "Point", "coordinates": [-98.317151783293, 36.116158206134]}, "properties": {"npi": "1902982267", "name": "LUCKIE DRUG LLC", "category": "Pharmacy", "specialty": "Long Term Care Pharmacy", "address": "116 N MAIN ST", "city": "OKEENE", "state": "OK", "zip": "73763", "phone": "5808223789", "entity": "Organization"}}, {"type": "Feature", "geometry": {"type": "Point", "coordinates": [-95.838815329706, 36.079591613507]}, "properties": {"npi": "1215013321", "name": "D & D SERVICES INC", "category": "Pharmacy", "specialty": "Compounding Pharmacy", "address": "12331 E 60TH ST", "city": "TULSA", "state": "OK", "zip": "74146", "phone": "9182522000", "entity": "Organization"}}, {"type": "Feature", "geometry": {"type": "Point", "coordinates": [-97.126322062968, 33.936288833311]}, "properties": {"npi": "1235216003", "name": "MARIETTA DISCOUNT PHARMACY, INC", "category": "Pharmacy", "specialty": "Community/Retail Pharmacy", "address": "300 S HIGHWAY 77", "city": "MARIETTA", "state": "OK", "zip": "73448", "phone": "5802765555", "entity": "Organization"}}, {"type": "Feature", "geometry": {"type": "Point", "coordinates": [-97.326740462348, 35.014887219671]}, "properties": {"npi": "1578640249", "name": "WILLIAMS PHARMACY INC", "category": "Pharmacy", "specialty": "Long Term Care Pharmacy", "address": "700 E BROADWAY ST", "city": "LEXINGTON", "state": "OK", "zip": "73051", "phone": "4055275682", "entity": "Organization"}}, {"type": "Feature", "geometry": {"type": "Point", "coordinates": [-96.414882879747, 34.880445569952]}, "properties": {"npi": "1366529034", "name": "ALLEN NEIGHBORHOOD PHARMACY INC", "category": "Pharmacy", "specialty": "Community/Retail Pharmacy", "address": "200 E LEXINGTON", "city": "ALLEN", "state": "OK", "zip": "74825", "phone": "5808572492", "entity": "Organization"}}, {"type": "Feature", "geometry": {"type": "Point", "coordinates": [-97.935677599441, 35.051093604076]}, "properties": {"npi": "1477631984", "name": "LIBERTY DRUG INC", "category": "Pharmacy", "specialty": "Long Term Care Pharmacy", "address": "315 W CHICKASHA AVE", "city": "CHICKASHA", "state": "OK", "zip": "73018", "phone": "4052241204", "entity": "Organization"}}, {"type": "Feature", "geometry": {"type": "Point", "coordinates": [-95.867924495699, 36.050106399058]}, "properties": {"npi": "1700963113", "name": "SOUTHWESTERN REGIONAL HOSPITAL", "category": "Pharmacy", "specialty": "Community/Retail Pharmacy", "address": "10109 E 79TH ST", "city": "TULSA", "state": "OK", "zip": "74133", "phone": "9182865370", "entity": "Organization"}}, {"type": "Feature", "geometry": {"type": "Point", "coordinates": [-96.397594742617, 34.006811171717]}, "properties": {"npi": "1730267774", "name": "LIFEPLUS MINISTRIES, INC.", "category": "Pharmacy", "specialty": "Pharmacist", "address": "1400 BRYAN DR STE 100", "city": "DURANT", "state": "OK", "zip": "74701", "phone": "5809246048", "entity": "Organization"}}, {"type": "Feature", "geometry": {"type": "Point", "coordinates": [-98.7485933, 35.7438282]}, "properties": {"npi": "1740369669", "name": "THOMAS DRUG INC", "category": "Pharmacy", "specialty": "Pharmacy", "address": "145 W BROADWAY AVE", "city": "THOMAS", "state": "OK", "zip": "73669", "phone": "5806613545", "entity": "Organization"}}, {"type": "Feature", "geometry": {"type": "Point", "coordinates": [-97.088856974736, 35.484898829532]}, "properties": {"npi": "1194803346", "name": "KICKAPOO TRIBAL HEALTH CENTER", "category": "Pharmacy", "specialty": "Indian Health Service/Tribal/Urban Indian Health (I/T/U) Pharmacy", "address": "105365 S. HWY 102", "city": "MCLOUD", "state": "OK", "zip": "74851", "phone": "4059642081", "entity": "Organization"}}, {"type": "Feature", "geometry": {"type": "Point", "coordinates": [-97.498816593743, 35.536713168335]}, "properties": {"npi": "1740368026", "name": "D & D SERVICES", "category": "Pharmacy", "specialty": "Pharmacy", "address": "720 NE 63RD ST", "city": "OKLAHOMA CITY", "state": "OK", "zip": "73105", "phone": "4058487337", "entity": "Organization"}}, {"type": "Feature", "geometry": {"type": "Point", "coordinates": [-95.76301370174, 34.927392049262]}, "properties": {"npi": "1477631513", "name": "GLN OF MCALESTER, INC", "category": "Pharmacy", "specialty": "Pharmacist", "address": "601 E WYANDOTTE AVE", "city": "MCALESTER", "state": "OK", "zip": "74501", "phone": "9184232980", "entity": "Organization"}}, {"type": "Feature", "geometry": {"type": "Point", "coordinates": [-95.796397372263, 36.01751660508]}, "properties": {"npi": "1902985047", "name": "MAYS DRUG STORES INC", "category": "Pharmacy", "specialty": "Pharmacy", "address": "626 W NEW ORLEANS ST", "city": "BROKEN ARROW", "state": "OK", "zip": "74011", "phone": "9184551087", "entity": "Organization"}}, {"type": "Feature", "geometry": {"type": "Point", "coordinates": [-96.100842849525, 36.136754199875]}, "properties": {"npi": "1184702276", "name": "MAYS DRUG STORES INC", "category": "Pharmacy", "specialty": "Pharmacy", "address": "651 E CHARLES PAGE BLVD", "city": "SAND SPRINGS", "state": "OK", "zip": "74063", "phone": "9182450568", "entity": "Organization"}}, {"type": "Feature", "geometry": {"type": "Point", "coordinates": [-98.680302677751, 35.551448131402]}, "properties": {"npi": "1104905132", "name": "HOME RX SERVICES INC", "category": "Pharmacy", "specialty": "Pharmacy", "address": "2012 WEST LAWTER ROAD", "city": "WEATHERFORD", "state": "OK", "zip": "73096", "phone": "5807740232", "entity": "Organization"}}, {"type": "Feature", "geometry": {"type": "Point", "coordinates": [-95.967152953031, 36.13461792004]}, "properties": {"npi": "1477632149", "name": "UTICA SERVICES INC", "category": "Pharmacy", "specialty": "Pharmacy", "address": "1923 S UTICA AVE", "city": "TULSA", "state": "OK", "zip": "74104", "phone": "9187487699", "entity": "Organization"}}, {"type": "Feature", "geometry": {"type": "Point", "coordinates": [-101.477763116044, 36.68967654657]}, "properties": {"npi": "1508945486", "name": "GUYMON CLINIC PHARMACY LLC", "category": "Pharmacy", "specialty": "Pharmacy", "address": "1210 N LELIA ST", "city": "GUYMON", "state": "OK", "zip": "73942", "phone": "5803383339", "entity": "Organization"}}, {"type": "Feature", "geometry": {"type": "Point", "coordinates": [-97.952740189789, 35.533077210319]}, "properties": {"npi": "1629157391", "name": "RUKE PHARMACY INC.", "category": "Pharmacy", "specialty": "Community/Retail Pharmacy", "address": "108 S ROCK ISLAND AVE", "city": "EL RENO", "state": "OK", "zip": "73036", "phone": "4052625590", "entity": "Organization"}}, {"type": "Feature", "geometry": {"type": "Point", "coordinates": [-94.737140060664, 34.027622559402]}, "properties": {"npi": "1447339114", "name": "CHANDLER-HEWITT DRUG INC", "category": "Pharmacy", "specialty": "Pharmacy", "address": "121 MAIN ST", "city": "BROKEN BOW", "state": "OK", "zip": "74728", "phone": "5805843378", "entity": "Organization"}}, {"type": "Feature", "geometry": {"type": "Point", "coordinates": [-94.827793490549, 33.894958424078]}, "properties": {"npi": "1356420020", "name": "CHANDLER-HEWITT DRUG INC", "category": "Pharmacy", "specialty": "Pharmacy", "address": "4 E MAIN ST", "city": "IDABEL", "state": "OK", "zip": "74745", "phone": "5802863474", "entity": "Organization"}}, {"type": "Feature", "geometry": {"type": "Point", "coordinates": [-97.439393648626, 35.218261772916]}, "properties": {"npi": "1265511935", "name": "CENTRAL PHARMACY& HOSPITAL EQUIPMENT COMPANY INC", "category": "Pharmacy", "specialty": "Pharmacy", "address": "222 ALAMEDA ST", "city": "NORMAN", "state": "OK", "zip": "73069", "phone": "4053212838", "entity": "Organization"}}, {"type": "Feature", "geometry": {"type": "Point", "coordinates": [-96.141948121909, 34.374751990665]}, "properties": {"npi": "1174602841", "name": "LANIG HEALTH RX-N-RN LLC", "category": "Pharmacy", "specialty": "Community/Retail Pharmacy", "address": "872 W. 13TH ST.", "city": "ATOKA", "state": "OK", "zip": "74525", "phone": "5808893331", "entity": "Organization"}}, {"type": "Feature", "geometry": {"type": "Point", "coordinates": [-96.673205979807, 34.232287944236]}, "properties": {"npi": "1891874566", "name": "SOONER PHARMACY INC OF TISHOMINGO", "category": "Pharmacy", "specialty": "Pharmacy", "address": "101 S BYRD ST", "city": "TISHOMINGO", "state": "OK", "zip": "73460", "phone": "5803719509", "entity": "Organization"}}, {"type": "Feature", "geometry": {"type": "Point", "coordinates": [-96.009543210378, 36.08989097563]}, "properties": {"npi": "1700965472", "name": "PROVIDENTIA LLC", "category": "Pharmacy", "specialty": "Pharmacy", "address": "1507 W 51ST ST", "city": "TULSA", "state": "OK", "zip": "74107", "phone": "9184461404", "entity": "Organization"}}, {"type": "Feature", "geometry": {"type": "Point", "coordinates": [-101.48142392225, 36.690625510789]}, "properties": {"npi": "1063591436", "name": "PARKVIEW PHARMACY INC", "category": "Pharmacy", "specialty": "Pharmacy", "address": "115 MEDICAL DR", "city": "GUYMON", "state": "OK", "zip": "73942", "phone": "5803387565", "entity": "Organization"}}, {"type": "Feature", "geometry": {"type": "Point", "coordinates": [-95.757542031631, 34.925925580322]}, "properties": {"npi": "1346329687", "name": "MAYS DRUG STORES INC", "category": "Pharmacy", "specialty": "Pharmacy", "address": "1001 WYANDOTTE", "city": "MCALESTER", "state": "OK", "zip": "74501", "phone": "9184263535", "entity": "Organization"}}, {"type": "Feature", "geometry": {"type": "Point", "coordinates": [-95.582557684872, 35.283363283586]}, "properties": {"npi": "1639248610", "name": "GUARDIAN HEALTH SYSTEMS EUFAULA", "category": "Pharmacy", "specialty": "Home Infusion Therapy Pharmacy", "address": "401 S MAIN ST", "city": "EUFAULA", "state": "OK", "zip": "74432", "phone": "4058480338", "entity": "Organization"}}, {"type": "Feature", "geometry": {"type": "Point", "coordinates": [-97.053772194066, 36.882455829664]}, "properties": {"npi": "1174692339", "name": "RHOADS BROTHERS PHARMACIES, INC.", "category": "Pharmacy", "specialty": "Pharmacist", "address": "106 W 7TH ST", "city": "NEWKIRK", "state": "OK", "zip": "74647", "phone": "5803622420", "entity": "Organization"}}, {"type": "Feature", "geometry": {"type": "Point", "coordinates": [-95.635059511474, 36.28578101365]}, "properties": {"npi": "1114096377", "name": "MAYS DRUG STORES INC", "category": "Pharmacy", "specialty": "Pharmacy", "address": "215 NORTH LYNN RIGGS", "city": "CLAREMORE", "state": "OK", "zip": "74017", "phone": "9183422100", "entity": "Organization"}}, {"type": "Feature", "geometry": {"type": "Point", "coordinates": [-96.74020774079, 35.985685493164]}, "properties": {"npi": "1881763050", "name": "MAYS DRUG STORES INC", "category": "Pharmacy", "specialty": "Pharmacy", "address": "2110-O EAST MAIN", "city": "CUSHING", "state": "OK", "zip": "74023", "phone": "9182255233", "entity": "Organization"}}, {"type": "Feature", "geometry": {"type": "Point", "coordinates": [-95.873232899527, 36.118905550714]}, "properties": {"npi": "1881763043", "name": "MAYS DRUGS STORES INC", "category": "Pharmacy", "specialty": "Pharmacy", "address": "9070 EAST 31ST STREET", "city": "TULSA", "state": "OK", "zip": "74145", "phone": "9186274142", "entity": "Organization"}}, {"type": "Feature", "geometry": {"type": "Point", "coordinates": [-99.3810139, 34.9603038]}, "properties": {"npi": "1295804920", "name": "GRANITE DRUG, INC", "category": "Pharmacy", "specialty": "Compounding Pharmacy", "address": "316 MAIN ST", "city": "GRANITE", "state": "OK", "zip": "73547", "phone": "5805352130", "entity": "Organization"}}, {"type": "Feature", "geometry": {"type": "Point", "coordinates": [-94.59013297304, 35.403371707391]}, "properties": {"npi": "1447320502", "name": "MULDROW PHARMACY INC.", "category": "Pharmacy", "specialty": "Community/Retail Pharmacy", "address": "710 E SHAWNTEL SMITH BLVD", "city": "MULDROW", "state": "OK", "zip": "74948", "phone": "9184273243", "entity": "Organization"}}, {"type": "Feature", "geometry": {"type": "Point", "coordinates": [-96.241588804293, 35.23742074817]}, "properties": {"npi": "1861562944", "name": "TYLER DRUG", "category": "Pharmacy", "specialty": "Pharmacy", "address": "105 N MAIN ST", "city": "WETUMKA", "state": "OK", "zip": "74883", "phone": "4054523203", "entity": "Organization"}}, {"type": "Feature", "geometry": {"type": "Point", "coordinates": [-97.74245395216, 35.498213145036]}, "properties": {"npi": "1043380124", "name": "UNITED PHARMACY INC", "category": "Pharmacy", "specialty": "Compounding Pharmacy", "address": "901 CORNWELL DR", "city": "YUKON", "state": "OK", "zip": "73099", "phone": "4053545233", "entity": "Organization"}}, {"type": "Feature", "geometry": {"type": "Point", "coordinates": [-95.637660282415, 36.700201736996]}, "properties": {"npi": "1952471039", "name": "THE CITY DRUG, INC.", "category": "Pharmacy", "specialty": "Community/Retail Pharmacy", "address": "128 E CHEROKEE AVE", "city": "NOWATA", "state": "OK", "zip": "74048", "phone": "9182733825", "entity": "Organization"}}, {"type": "Feature", "geometry": {"type": "Point", "coordinates": [-97.547794331625, 35.384737727826]}, "properties": {"npi": "1770653859", "name": "LENDELL HICKS", "category": "Pharmacy", "specialty": "Pharmacy", "address": "8220 S PENNSYLVANIA AVE", "city": "OKLAHOMA CITY", "state": "OK", "zip": "73159", "phone": "4056821648", "entity": "Organization"}}, {"type": "Feature", "geometry": {"type": "Point", "coordinates": [-97.479871317644, 35.652457852654]}, "properties": {"npi": "1740350073", "name": "SHERRYS DISCOUNT PHARMACY INC", "category": "Pharmacy", "specialty": "Long Term Care Pharmacy", "address": "220 S LITTLER AVE", "city": "EDMOND", "state": "OK", "zip": "73034", "phone": "4053411683", "entity": "Organization"}}, {"type": "Feature", "geometry": {"type": "Point", "coordinates": [-98.9245484, 36.1496738]}, "properties": {"npi": "1639249444", "name": "BIVENS DRUG INC", "category": "Pharmacy", "specialty": "Pharmacy", "address": "217 N MAIN", "city": "SEILING", "state": "OK", "zip": "73663", "phone": "5809224812", "entity": "Organization"}}, {"type": "Feature", "geometry": {"type": "Point", "coordinates": [-97.215955597996, 34.737044825997]}, "properties": {"npi": "1972674141", "name": "SOUTHERN OKLAHOMA MENTAL HEALTH AND INSTITUTIONAL PHARMACY", "category": "Pharmacy", "specialty": "Long Term Care Pharmacy", "address": "110 BURR AVE", "city": "PAULS VALLEY", "state": "OK", "zip": "73075", "phone": "4052387391", "entity": "Organization"}}, {"type": "Feature", "geometry": {"type": "Point", "coordinates": [-96.803250206937, 36.337875986867]}, "properties": {"npi": "1497826416", "name": "PAWNEE DRUG COMPANY", "category": "Pharmacy", "specialty": "Community/Retail Pharmacy", "address": "553 HARRISON ST", "city": "PAWNEE", "state": "OK", "zip": "74058", "phone": "9187622148", "entity": "Organization"}}, {"type": "Feature", "geometry": {"type": "Point", "coordinates": [-95.403436529526, 35.755034942497]}, "properties": {"npi": "1003987942", "name": "MAYS DRUG STORES INC", "category": "Pharmacy", "specialty": "Pharmacy", "address": "3202 WEST OKMULGEE", "city": "MUSKOGEE", "state": "OK", "zip": "74401", "phone": "9186832211", "entity": "Organization"}}, {"type": "Feature", "geometry": {"type": "Point", "coordinates": [-97.63672445254, 35.496413722302]}, "properties": {"npi": "1538231907", "name": "DENNIS WAGNER", "category": "Pharmacy", "specialty": "Community/Retail Pharmacy", "address": "2703 N ROCKWELL AVE", "city": "BETHANY", "state": "OK", "zip": "73008", "phone": "4057896881", "entity": "Organization"}}, {"type": "Feature", "geometry": {"type": "Point", "coordinates": [-99.881562687369, 36.268621513792]}, "properties": {"npi": "1366515926", "name": "NEWMAN MEDICAL CENTER PHARMACY INC", "category": "Pharmacy", "specialty": "Long Term Care Pharmacy", "address": "905 S MAIN ST", "city": "SHATTUCK", "state": "OK", "zip": "73858", "phone": "5809385127", "entity": "Organization"}}, {"type": "Feature", "geometry": {"type": "Point", "coordinates": [-97.93694234217, 35.043798637684]}, "properties": {"npi": "1346312139", "name": "SHEPLEE INC", "category": "Pharmacy", "specialty": "Pharmacy", "address": "720 S 4TH ST", "city": "CHICKASHA", "state": "OK", "zip": "73018", "phone": "4052224100", "entity": "Organization"}}, {"type": "Feature", "geometry": {"type": "Point", "coordinates": [-96.912197510343, 35.337854939619]}, "properties": {"npi": "1164594958", "name": "PHARM SHAWNEE ACQUISITION LLC", "category": "Pharmacy", "specialty": "Pharmacy", "address": "1006 N HARRISON AVE", "city": "SHAWNEE", "state": "OK", "zip": "74801", "phone": "4052737360", "entity": "Organization"}}, {"type": "Feature", "geometry": {"type": "Point", "coordinates": [-99.506126995502, 34.873415050701]}, "properties": {"npi": "1306910831", "name": "BRATTON DRUGS INC", "category": "Pharmacy", "specialty": "Long Term Care Pharmacy", "address": "109 S OKLAHOMA AVE", "city": "MANGUM", "state": "OK", "zip": "73554", "phone": "5807822195", "entity": "Organization"}}, {"type": "Feature", "geometry": {"type": "Point", "coordinates": [-98.442184357207, 34.623341705006]}, "properties": {"npi": "1215001748", "name": "WOODSONS PHARMACY", "category": "Pharmacy", "specialty": "Pharmacy", "address": "3902 NW CACHE RD", "city": "LAWTON", "state": "OK", "zip": "73505", "phone": "5803553164", "entity": "Organization"}}, {"type": "Feature", "geometry": {"type": "Point", "coordinates": [-95.854945410281, 36.264001197246]}, "properties": {"npi": "1124192653", "name": "PHARMACY PROVIDERS INC", "category": "Pharmacy", "specialty": "Community/Retail Pharmacy", "address": "104 E 2ND AVE", "city": "OWASSO", "state": "OK", "zip": "74055", "phone": "9183760303", "entity": "Organization"}}, {"type": "Feature", "geometry": {"type": "Point", "coordinates": [-97.408465237251, 34.817849019679]}, "properties": {"npi": "1881769487", "name": "JACK JUSTICE", "category": "Pharmacy", "specialty": "Pharmacy", "address": "500 WILLIAMS", "city": "MAYSVILLE", "state": "OK", "zip": "73057", "phone": "4058674427", "entity": "Organization"}}, {"type": "Feature", "geometry": {"type": "Point", "coordinates": [-98.445350260627, 34.594256882547]}, "properties": {"npi": "1801961743", "name": "QUANTUM MEDICAL INC", "category": "Pharmacy", "specialty": "Pharmacy", "address": "4202 SW LEE BLVD", "city": "LAWTON", "state": "OK", "zip": "73505", "phone": "5802480808", "entity": "Organization"}}, {"type": "Feature", "geometry": {"type": "Point", "coordinates": [-95.922127981727, 36.104416339556]}, "properties": {"npi": "1871669531", "name": "BROOKSHIRE GROCERY COMPANY", "category": "Pharmacy", "specialty": "Pharmacy", "address": "4909 E 41ST ST", "city": "TULSA", "state": "OK", "zip": "74135", "phone": "9182707060", "entity": "Organization"}}, {"type": "Feature", "geometry": {"type": "Point", "coordinates": [-95.922485845099, 36.135775406056]}, "properties": {"npi": "1780750448", "name": "BROOKSHIRE GROCERY COMPANY", "category": "Pharmacy", "specialty": "Pharmacy", "address": "1885 S YALE AVE", "city": "TULSA", "state": "OK", "zip": "74112", "phone": "9182932256", "entity": "Organization"}}, {"type": "Feature", "geometry": {"type": "Point", "coordinates": [-95.843413289115, 36.27860805914]}, "properties": {"npi": "1972679637", "name": "BROOKSHIRE GROCERY COMPANY", "category": "Pharmacy", "specialty": "Pharmacy", "address": "11815 E 86TH ST N", "city": "OWASSO", "state": "OK", "zip": "74055", "phone": "9182723030", "entity": "Organization"}}, {"type": "Feature", "geometry": {"type": "Point", "coordinates": [-95.975981325548, 36.017668065801]}, "properties": {"npi": "1881760544", "name": "BROOKSHIRE GROCERY COMPANY", "category": "Pharmacy", "specialty": "Pharmacy", "address": "446 S ELM ST", "city": "JENKS", "state": "OK", "zip": "74037", "phone": "9182992684", "entity": "Organization"}}, {"type": "Feature", "geometry": {"type": "Point", "coordinates": [-95.621149333149, 36.314746560466]}, "properties": {"npi": "1326114083", "name": "BROOKSHIRE GROCERY COMPANY", "category": "Pharmacy", "specialty": "Clinic Pharmacy", "address": "1000 W WILL ROGERS BLVD", "city": "CLAREMORE", "state": "OK", "zip": "74017", "phone": "9183414557", "entity": "Organization"}}, {"type": "Feature", "geometry": {"type": "Point", "coordinates": [-95.854058324714, 36.104537509716]}, "properties": {"npi": "1053487710", "name": "BROOKSHIRE GROCERY COMPANY", "category": "Pharmacy", "specialty": "Community/Retail Pharmacy", "address": "11005 E 41ST ST", "city": "TULSA", "state": "OK", "zip": "74146", "phone": "9186103245", "entity": "Organization"}}, {"type": "Feature", "geometry": {"type": "Point", "coordinates": [-95.778079346035, 36.061067837575]}, "properties": {"npi": "1962578625", "name": "BROOKSHIRE GROCERY COMPANY", "category": "Pharmacy", "specialty": "Pharmacy", "address": "1100 E KENOSHA ST", "city": "BROKEN ARROW", "state": "OK", "zip": "74012", "phone": "9182511295", "entity": "Organization"}}, {"type": "Feature", "geometry": {"type": "Point", "coordinates": [-94.9740172, 35.9067306]}, "properties": {"npi": "1699841353", "name": "BROOKSHIRE GROCERY COMPANY", "category": "Pharmacy", "specialty": "Compounding Pharmacy", "address": "2001 S MUSKOGEE AVE", "city": "TAHLEQUAH", "state": "OK", "zip": "74464", "phone": "9184566103", "entity": "Organization"}}, {"type": "Feature", "geometry": {"type": "Point", "coordinates": [-95.736755067397, 36.189793404487]}, "properties": {"npi": "1780750323", "name": "BROOKSHIRE GROCERY COMPANY", "category": "Pharmacy", "specialty": "Pharmacy", "address": "2500 N HIGHWAY 66", "city": "CATOOSA", "state": "OK", "zip": "74015", "phone": "9182668113", "entity": "Organization"}}, {"type": "Feature", "geometry": {"type": "Point", "coordinates": [-97.964571895971, 34.3734961504]}, "properties": {"npi": "1770659948", "name": "COMANCHE RX INC", "category": "Pharmacy", "specialty": "Pharmacy", "address": "513 HILLERY RD", "city": "COMANCHE", "state": "OK", "zip": "73529", "phone": "5804398869", "entity": "Organization"}}, {"type": "Feature", "geometry": {"type": "Point", "coordinates": [-96.600811608225, 35.988524250795]}, "properties": {"npi": "1801962915", "name": "MURPHY STORES INC", "category": "Pharmacy", "specialty": "Pharmacy", "address": "145 E BROADWAY ST", "city": "DRUMRIGHT", "state": "OK", "zip": "74030", "phone": "9183529301", "entity": "Organization"}}, {"type": "Feature", "geometry": {"type": "Point", "coordinates": [-95.309910703307, 36.295114513537]}, "properties": {"npi": "1710053822", "name": "ELLIOTT PLAZA PHARMACY LLC", "category": "Pharmacy", "specialty": "Compounding Pharmacy", "address": "510 S ELLIOTT ST", "city": "PRYOR", "state": "OK", "zip": "74361", "phone": "9188252225", "entity": "Organization"}}, {"type": "Feature", "geometry": {"type": "Point", "coordinates": [-97.513431103516, 35.57283355353]}, "properties": {"npi": "1972679926", "name": "HUNTER'S SPECIALTY PHARMACY LLC", "category": "Pharmacy", "specialty": "Compounding Pharmacy", "address": "10120 BROADWAY EXT.,", "city": "OKLAHOMA CITY", "state": "OK", "zip": "73114", "phone": "4054182929", "entity": "Organization"}}, {"type": "Feature", "geometry": {"type": "Point", "coordinates": [-95.834474056062, 36.298413619721]}, "properties": {"npi": "1437226917", "name": "OWASSO MEDICAL FACILITY LLC", "category": "Pharmacy", "specialty": "Institutional Pharmacy", "address": "12451 E 100TH ST N", "city": "OWASSO", "state": "OK", "zip": "74055", "phone": "9182745046", "entity": "Organization"}}, {"type": "Feature", "geometry": {"type": "Point", "coordinates": [-95.510202851505, 36.150960506918]}, "properties": {"npi": "1487722211", "name": "INOLA DRUG INC", "category": "Pharmacy", "specialty": "Compounding Pharmacy", "address": "19 W COMMERCIAL ST", "city": "INOLA", "state": "OK", "zip": "74036", "phone": "9185438777", "entity": "Organization"}}, {"type": "Feature", "geometry": {"type": "Point", "coordinates": [-97.165089217661, 35.490752570448]}, "properties": {"npi": "1942368667", "name": "HARRAH PHARMACY INC.", "category": "Pharmacy", "specialty": "Community/Retail Pharmacy", "address": "2060 N CHURCH", "city": "HARRAH", "state": "OK", "zip": "73045", "phone": "4054542476", "entity": "Organization"}}, {"type": "Feature", "geometry": {"type": "Point", "coordinates": [-96.005209439133, 35.959111600064]}, "properties": {"npi": "1750440129", "name": "GLENPOOL PHARMACY INC", "category": "Pharmacy", "specialty": "Pharmacy", "address": "262 E 141ST STREET", "city": "GLENPOOL", "state": "OK", "zip": "74033", "phone": "9183223667", "entity": "Organization"}}, {"type": "Feature", "geometry": {"type": "Point", "coordinates": [-96.914846161739, 35.331800295043]}, "properties": {"npi": "1477612851", "name": "SHAWNEE DISCOUNT DRUG", "category": "Pharmacy", "specialty": "Community/Retail Pharmacy", "address": "430 N TUCKER AVE", "city": "SHAWNEE", "state": "OK", "zip": "74801", "phone": "4052750426", "entity": "Organization"}}, {"type": "Feature", "geometry": {"type": "Point", "coordinates": [-96.659661619664, 34.781588589579]}, "properties": {"npi": "1245390400", "name": "LEE'S PHARMACY", "category": "Pharmacy", "specialty": "Community/Retail Pharmacy", "address": "1201 ARLINGTON ST", "city": "ADA", "state": "OK", "zip": "74820", "phone": "5803324455", "entity": "Organization"}}, {"type": "Feature", "geometry": {"type": "Point", "coordinates": [-95.93521167192, 36.799065305563]}, "properties": {"npi": "1265592158", "name": "POPKESS PHARMACY INC.", "category": "Pharmacy", "specialty": "Long Term Care Pharmacy", "address": "524 E DON TYLER AVE", "city": "DEWEY", "state": "OK", "zip": "74029", "phone": "9185342262", "entity": "Organization"}}, {"type": "Feature", "geometry": {"type": "Point", "coordinates": [-97.366053484469, 35.02980842587]}, "properties": {"npi": "1295895118", "name": "J & J INVESTMENTS LLC", "category": "Pharmacy", "specialty": "Community/Retail Pharmacy", "address": "1602 N GREEN AVE", "city": "PURCELL", "state": "OK", "zip": "73080", "phone": "4055275900", "entity": "Organization"}}, {"type": "Feature", "geometry": {"type": "Point", "coordinates": [-96.652425642042, 34.78375710421]}, "properties": {"npi": "1487715587", "name": "CHICKASAW NATION DIVISION OF HEALTH", "category": "Pharmacy", "specialty": "Community/Retail Pharmacy", "address": "933 N COUNTRY CLUB RD", "city": "ADA", "state": "OK", "zip": "74820", "phone": "5802725710", "entity": "Organization"}}, {"type": "Feature", "geometry": {"type": "Point", "coordinates": [-97.1598957, 34.6440927]}, "properties": {"npi": "1356402424", "name": "DAVIDS PHARMACY", "category": "Pharmacy", "specialty": "Pharmacy", "address": "1300 E KERR BLVD", "city": "WYNNEWOOD", "state": "OK", "zip": "73098", "phone": "4056654225", "entity": "Organization"}}, {"type": "Feature", "geometry": {"type": "Point", "coordinates": [-99.3178542, 34.6357194]}, "properties": {"npi": "1518028380", "name": "JACKSON COUNTY MEMORIAL HOSP PHCY", "category": "Pharmacy", "specialty": "Institutional Pharmacy", "address": "1200 E PECAN ST", "city": "ALTUS", "state": "OK", "zip": "73521", "phone": "5803795700", "entity": "Organization"}}, {"type": "Feature", "geometry": {"type": "Point", "coordinates": [-97.0749322, 36.124645]}, "properties": {"npi": "1598827776", "name": "OKLAHOMA STATE UNIVERSITY", "category": "Pharmacy", "specialty": "Pharmacy", "address": "1202 W FARM RD", "city": "STILLWATER", "state": "OK", "zip": "74078", "phone": "4057447665", "entity": "Organization"}}, {"type": "Feature", "geometry": {"type": "Point", "coordinates": [-95.318527525664, 36.303956958735]}, "properties": {"npi": "1265594279", "name": "BEGGS PHARMACY INC.", "category": "Pharmacy", "specialty": "Community/Retail Pharmacy", "address": "200 S ADAIR ST", "city": "PRYOR", "state": "OK", "zip": "74361", "phone": "9188253059", "entity": "Organization"}}, {"type": "Feature", "geometry": {"type": "Point", "coordinates": [-94.73948617135, 34.011568286751]}, "properties": {"npi": "1609938349", "name": "E D ALLENS PHARMACY OF BROKEN BOW INC", "category": "Pharmacy", "specialty": "Community/Retail Pharmacy", "address": "619 S PARK DR", "city": "BROKEN BOW", "state": "OK", "zip": "74728", "phone": "5805845841", "entity": "Organization"}}, {"type": "Feature", "geometry": {"type": "Point", "coordinates": [-96.357464961277, 36.126523331448]}, "properties": {"npi": "1306909916", "name": "BALTRO LLC", "category": "Pharmacy", "specialty": "Compounding Pharmacy", "address": "124 COONROD AVE", "city": "MANNFORD", "state": "OK", "zip": "74044", "phone": "9188652164", "entity": "Organization"}}, {"type": "Feature", "geometry": {"type": "Point", "coordinates": [-95.797486047432, 36.05658710446]}, "properties": {"npi": "1083777601", "name": "THE APOTHECARY SHOPPE OF BA LLC", "category": "Pharmacy", "specialty": "Long Term Care Pharmacy", "address": "510 N ELM PL", "city": "BROKEN ARROW", "state": "OK", "zip": "74012", "phone": "9184499988", "entity": "Organization"}}, {"type": "Feature", "geometry": {"type": "Point", "coordinates": [-95.891729199402, 36.031812307566]}, "properties": {"npi": "1982767950", "name": "OKLAHOMA MEDICAL SERVICES & SUPPLY INC", "category": "Pharmacy", "specialty": "Non-Pharmacy Dispensing Site", "address": "7614 E 91ST ST", "city": "TULSA", "state": "OK", "zip": "74133", "phone": "9184949994", "entity": "Organization"}}, {"type": "Feature", "geometry": {"type": "Point", "coordinates": [-95.610143188098, 36.322227755694]}, "properties": {"npi": "1609939529", "name": "CLAREMORE COMPOUNDING CENTER, INC", "category": "Pharmacy", "specialty": "Pharmacy", "address": "1151 N LYNN RIGGS BLVD", "city": "CLAREMORE", "state": "OK", "zip": "74017", "phone": "9182833784", "entity": "Organization"}}, {"type": "Feature", "geometry": {"type": "Point", "coordinates": [-97.549439744052, 35.619124189008]}, "properties": {"npi": "1770647109", "name": "FLOURISH INTEGRATIVE PHARMACY LLC", "category": "Pharmacy", "specialty": "Compounding Pharmacy", "address": "14720 N PENNSYLVANIA AVE", "city": "OKLAHOMA CITY", "state": "OK", "zip": "73134", "phone": "4057513333", "entity": "Organization"}}, {"type": "Feature", "geometry": {"type": "Point", "coordinates": [-95.434316000988, 36.536671418673]}, "properties": {"npi": "1689738726", "name": "CHELSEA FAMILY PHARMACY, LLC", "category": "Pharmacy", "specialty": "Community/Retail Pharmacy", "address": "406 W 6TH ST", "city": "CHELSEA", "state": "OK", "zip": "74016", "phone": "9187892241", "entity": "Organization"}}, {"type": "Feature", "geometry": {"type": "Point", "coordinates": [-97.570935595155, 35.377172282173]}, "properties": {"npi": "1942365879", "name": "COMMUNITY PHARMACY LLC", "category": "Pharmacy", "specialty": "Community/Retail Pharmacy", "address": "3125 SW 89TH ST", "city": "OKLAHOMA CITY", "state": "OK", "zip": "73159", "phone": "4056057700", "entity": "Organization"}}, {"type": "Feature", "geometry": {"type": "Point", "coordinates": [-98.701650526348, 35.527164151205]}, "properties": {"npi": "1639234057", "name": "ALLEN PHARMACY INC", "category": "Pharmacy", "specialty": "Clinic Pharmacy", "address": "521 E FRANKLIN AVE", "city": "WEATHERFORD", "state": "OK", "zip": "73096", "phone": "5807723347", "entity": "Organization"}}, {"type": "Feature", "geometry": {"type": "Point", "coordinates": [-97.600205091319, 35.255763470474]}, "properties": {"npi": "1396800835", "name": "NEWCASTLE DRUG", "category": "Pharmacy", "specialty": "Pharmacist", "address": "1021 N MAIN ST", "city": "NEWCASTLE", "state": "OK", "zip": "73065", "phone": "4053874386", "entity": "Organization"}}, {"type": "Feature", "geometry": {"type": "Point", "coordinates": [-96.491475577035, 35.158864367242]}, "properties": {"npi": "1548325962", "name": "NORMAN DRUG", "category": "Pharmacy", "specialty": "Pharmacy", "address": "109 N WEWOKA AVE", "city": "WEWOKA", "state": "OK", "zip": "74884", "phone": "4052575461", "entity": "Organization"}}, {"type": "Feature", "geometry": {"type": "Point", "coordinates": [-99.347289, 35.8654392]}, "properties": {"npi": "1508921552", "name": "LEEDEY DRUG INC", "category": "Pharmacy", "specialty": "Pharmacy", "address": "421 S MAIN", "city": "LEEDEY", "state": "OK", "zip": "73654", "phone": "5804883393", "entity": "Organization"}}, {"type": "Feature", "geometry": {"type": "Point", "coordinates": [-96.303831485321, 35.431599592378]}, "properties": {"npi": "1821154709", "name": "SOONER DRUG AND GIFTS OR OKEMAH", "category": "Pharmacy", "specialty": "Community/Retail Pharmacy", "address": "324 W BROADWAY ST", "city": "OKEMAH", "state": "OK", "zip": "74859", "phone": "9186231771", "entity": "Organization"}}, {"type": "Feature", "geometry": {"type": "Point", "coordinates": [-95.342126298314, 36.189605015504]}, "properties": {"npi": "1649336520", "name": "CHOTEAU DISCOUNT PHARMACY INC", "category": "Pharmacy", "specialty": "Pharmacy", "address": "214 N CHOUTEAU AVE", "city": "CHOUTEAU", "state": "OK", "zip": "74337", "phone": "9184766455", "entity": "Organization"}}, {"type": "Feature", "geometry": {"type": "Point", "coordinates": [-99.095884282125, 35.025682711573]}, "properties": {"npi": "1912063892", "name": "GRINNELL PRESCRIPTION SHOP INC", "category": "Pharmacy", "specialty": "Long Term Care Pharmacy", "address": "304 S BROADWAY", "city": "HOBART", "state": "OK", "zip": "73651", "phone": "5807265613", "entity": "Organization"}}, {"type": "Feature", "geometry": {"type": "Point", "coordinates": [-98.431305148673, 34.608815707047]}, "properties": {"npi": "1942366430", "name": "1ST PHARMACY CORP", "category": "Pharmacy", "specialty": "Pharmacy", "address": "2702 W. GORE BLVD.", "city": "LAWTON", "state": "OK", "zip": "73505", "phone": "5803530760", "entity": "Organization"}}, {"type": "Feature", "geometry": {"type": "Point", "coordinates": [-97.576584809524, 35.527555858316]}, "properties": {"npi": "1255497525", "name": "INTEGRIS PROHEALTH INC", "category": "Pharmacy", "specialty": "Specialty Pharmacy", "address": "3433 NW 56TH ST STE 140B", "city": "OKLAHOMA CITY", "state": "OK", "zip": "73112", "phone": "4059454400", "entity": "Organization"}}, {"type": "Feature", "geometry": {"type": "Point", "coordinates": [-97.455291506713, 35.43843767097]}, "properties": {"npi": "1073679346", "name": "LASSITER ENTERPRISES INC", "category": "Pharmacy", "specialty": "Pharmacy", "address": "3001 S MANSFIELD AVE", "city": "DEL CITY", "state": "OK", "zip": "73115", "phone": "4056193736", "entity": "Organization"}}, {"type": "Feature", "geometry": {"type": "Point", "coordinates": [-97.530227441965, 35.401206967005]}, "properties": {"npi": "1265598536", "name": "RX PRESCRIPTION SHOP LLC", "category": "Pharmacy", "specialty": "Compounding Pharmacy", "address": "6517 S WESTERN AVE", "city": "OKLAHOMA CITY", "state": "OK", "zip": "73139", "phone": "4056341415", "entity": "Organization"}}, {"type": "Feature", "geometry": {"type": "Point", "coordinates": [-96.677590841409, 35.232063100442]}, "properties": {"npi": "1174689442", "name": "BESTYET PHARMACY", "category": "Pharmacy", "specialty": "Pharmacy", "address": "600 W STROTHERS AVE", "city": "SEMINOLE", "state": "OK", "zip": "74868", "phone": "4053824130", "entity": "Organization"}}, {"type": "Feature", "geometry": {"type": "Point", "coordinates": [-97.632225144898, 35.512336533]}, "properties": {"npi": "1083770358", "name": "DONS PHARMACY LIMITED", "category": "Pharmacy", "specialty": "Pharmacy", "address": "6801 NW 39TH EXPY", "city": "BETHANY", "state": "OK", "zip": "73008", "phone": "4057892453", "entity": "Organization"}}, {"type": "Feature", "geometry": {"type": "Point", "coordinates": [-98.969830523824, 35.514449885597]}, "properties": {"npi": "1891851168", "name": "GWA INC", "category": "Pharmacy", "specialty": "Long Term Care Pharmacy", "address": "815 FRISCO AVE", "city": "CLINTON", "state": "OK", "zip": "73601", "phone": "5803231244", "entity": "Organization"}}, {"type": "Feature", "geometry": {"type": "Point", "coordinates": [-97.646176065943, 35.4932701397]}, "properties": {"npi": "1700942075", "name": "DC 2008 INC", "category": "Pharmacy", "specialty": "Compounding Pharmacy", "address": "7530 NW 23RD ST", "city": "BETHANY", "state": "OK", "zip": "73008", "phone": "4057898921", "entity": "Organization"}}, {"type": "Feature", "geometry": {"type": "Point", "coordinates": [-97.623012948304, 35.464504890447]}, "properties": {"npi": "1164588430", "name": "OP PHARMACY LLC", "category": "Pharmacy", "specialty": "Compounding Pharmacy", "address": "6125 W RENO AVE", "city": "OKLAHOMA CITY", "state": "OK", "zip": "73127", "phone": "4054947811", "entity": "Organization"}}, {"type": "Feature", "geometry": {"type": "Point", "coordinates": [-96.668430736684, 35.2258084665]}, "properties": {"npi": "1073679171", "name": "PARKS DRUG", "category": "Pharmacy", "specialty": "Community/Retail Pharmacy", "address": "330 N MAIN ST", "city": "SEMINOLE", "state": "OK", "zip": "74868", "phone": "4053823870", "entity": "Organization"}}, {"type": "Feature", "geometry": {"type": "Point", "coordinates": [-97.258423201753, 34.1729793204]}, "properties": {"npi": "1598822934", "name": "LONE GROVE DRUG", "category": "Pharmacy", "specialty": "Pharmacy", "address": "16662 US HWY 70", "city": "LONE GROVE", "state": "OK", "zip": "73443", "phone": "5806573555", "entity": "Organization"}}, {"type": "Feature", "geometry": {"type": "Point", "coordinates": [-98.232427521124, 34.823029434306]}, "properties": {"npi": "1588721963", "name": "DENNIS TRENT MOSER", "category": "Pharmacy", "specialty": "Pharmacy", "address": "428 E COLE", "city": "FLETCHER", "state": "OK", "zip": "73541", "phone": "5805496115", "entity": "Organization"}}, {"type": "Feature", "geometry": {"type": "Point", "coordinates": [-95.922068736746, 36.075073172486]}, "properties": {"npi": "1437216827", "name": "SAINT FRANCIS HOSPITAL", "category": "Pharmacy", "specialty": "Community/Retail Pharmacy", "address": "6161 S YALE AVE", "city": "TULSA", "state": "OK", "zip": "74136", "phone": "9184941169", "entity": "Organization"}}, {"type": "Feature", "geometry": {"type": "Point", "coordinates": [-95.512644161103, 34.009754911767]}, "properties": {"npi": "1356498539", "name": "APOTHECARY OF HUGO INC", "category": "Pharmacy", "specialty": "Pharmacy", "address": "116 E DUKE ST", "city": "HUGO", "state": "OK", "zip": "74743", "phone": "5803263301", "entity": "Organization"}}, {"type": "Feature", "geometry": {"type": "Point", "coordinates": [-97.630441594846, 35.511642948437]}, "properties": {"npi": "1962559583", "name": "BETHANY UNITED DRUG CO", "category": "Pharmacy", "specialty": "Community/Retail Pharmacy", "address": "6736 NW 39TH EXPY", "city": "BETHANY", "state": "OK", "zip": "73008", "phone": "4057892126", "entity": "Organization"}}, {"type": "Feature", "geometry": {"type": "Point", "coordinates": [-97.39955526114, 35.186054311566]}, "properties": {"npi": "1154478212", "name": "CYBER PHARMACY LLC", "category": "Pharmacy", "specialty": "Compounding Pharmacy", "address": "2600 TECHNOLOGY PL", "city": "NORMAN", "state": "OK", "zip": "73071", "phone": "4053215300", "entity": "Organization"}}, {"type": "Feature", "geometry": {"type": "Point", "coordinates": [-94.659647596621, 35.021750920022]}, "properties": {"npi": "1851448526", "name": "CHOCTAW NATION OF OKLAHOMA", "category": "Pharmacy", "specialty": "Community/Retail Pharmacy", "address": "109 KERR AVE", "city": "POTEAU", "state": "OK", "zip": "74953", "phone": "0083497026", "entity": "Organization"}}, {"type": "Feature", "geometry": {"type": "Point", "coordinates": [-97.033644438746, 35.980768935358]}, "properties": {"npi": "1770631731", "name": "PERKINS DRUGS INC", "category": "Pharmacy", "specialty": "Pharmacy", "address": "820 N MAIN ST", "city": "PERKINS", "state": "OK", "zip": "74059", "phone": "4055472414", "entity": "Organization"}}, {"type": "Feature", "geometry": {"type": "Point", "coordinates": [-97.437322689359, 35.435292102351]}, "properties": {"npi": "1730237207", "name": "THOMPSONS DRUG", "category": "Pharmacy", "specialty": "Pharmacy", "address": "4503 SE 29TH ST", "city": "DEL CITY", "state": "OK", "zip": "73115", "phone": "4056772467", "entity": "Organization"}}, {"type": "Feature", "geometry": {"type": "Point", "coordinates": [-99.404984602191, 35.410920055972]}, "properties": {"npi": "1083764401", "name": "HEARTLAND MEDICAL AND HOME HEALTH INC", "category": "Pharmacy", "specialty": "Compounding Pharmacy", "address": "121 N MAIN ST", "city": "ELK CITY", "state": "OK", "zip": "73644", "phone": "5802435551", "entity": "Organization"}}, {"type": "Feature", "geometry": {"type": "Point", "coordinates": [-96.7857983, 36.334617]}, "properties": {"npi": "1124178017", "name": "PAWNEE IHS PHARMACY", "category": "Pharmacy", "specialty": "Indian Health Service/Tribal/Urban Indian Health (I/T/U) Pharmacy", "address": "1201 HERITAGE CIR", "city": "PAWNEE", "state": "OK", "zip": "74058", "phone": "9187622517", "entity": "Organization"}}, {"type": "Feature", "geometry": {"type": "Point", "coordinates": [-98.385182097213, 34.620358936259]}, "properties": {"npi": "1316097298", "name": "LAWTON IHS PHARMACY", "category": "Pharmacy", "specialty": "Pharmacy", "address": "1515 LAURIE TATUM ROAD", "city": "LAWTON", "state": "OK", "zip": "73507", "phone": "5803545537", "entity": "Organization"}}, {"type": "Feature", "geometry": {"type": "Point", "coordinates": [-95.628290138039, 36.316619261693]}, "properties": {"npi": "1023168051", "name": "CLAREMORE IHS PHARMACY", "category": "Pharmacy", "specialty": "Indian Health Service/Tribal/Urban Indian Health (I/T/U) Pharmacy", "address": "101 S MOORE AVE", "city": "CLAREMORE", "state": "OK", "zip": "74017", "phone": "9183426581", "entity": "Organization"}}, {"type": "Feature", "geometry": {"type": "Point", "coordinates": [-97.492067248546, 35.340743623563]}, "properties": {"npi": "1487704706", "name": "DEBBIE JO LEWIS", "category": "Pharmacy", "specialty": "Pharmacy", "address": "322 N SERVICE RD", "city": "MOORE", "state": "OK", "zip": "73160", "phone": "4057943565", "entity": "Organization"}}, {"type": "Feature", "geometry": {"type": "Point", "coordinates": [-95.340443315087, 35.74685748765]}, "properties": {"npi": "1760532014", "name": "MAYS DRUG STORES INC", "category": "Pharmacy", "specialty": "Community/Retail Pharmacy", "address": "607 N YORK ST", "city": "MUSKOGEE", "state": "OK", "zip": "74403", "phone": "9186826673", "entity": "Organization"}}, {"type": "Feature", "geometry": {"type": "Point", "coordinates": [-96.936702384102, 35.258860113804]}, "properties": {"npi": "1295885515", "name": "RALPHS PHARMACY INC.", "category": "Pharmacy", "specialty": "Pharmacy", "address": "211 N BROADWAY ST", "city": "TECUMSEH", "state": "OK", "zip": "74873", "phone": "4055983729", "entity": "Organization"}}, {"type": "Feature", "geometry": {"type": "Point", "coordinates": [-98.599441831204, 35.101754628582]}, "properties": {"npi": "1699825489", "name": "CARNEIGIE INDIAN HEALTH CLINIC", "category": "Pharmacy", "specialty": "Indian Health Service/Tribal/Urban Indian Health (I/T/U) Pharmacy", "address": "212 E 4TH STREET", "city": "CARNEGIE", "state": "OK", "zip": "73015", "phone": "5806542533", "entity": "Organization"}}, {"type": "Feature", "geometry": {"type": "Point", "coordinates": [-95.708796535102, 36.442504540524]}, "properties": {"npi": "1740330588", "name": "TRUMMEL DRUG INC.", "category": "Pharmacy", "specialty": "Community/Retail Pharmacy", "address": "459 S ELM ST", "city": "OOLOGAH", "state": "OK", "zip": "74053", "phone": "9184432414", "entity": "Organization"}}, {"type": "Feature", "geometry": {"type": "Point", "coordinates": [-97.975215477548, 35.530569416834]}, "properties": {"npi": "1538219381", "name": "EL RENO IHS PHARMACY", "category": "Pharmacy", "specialty": "Pharmacy", "address": "1801 PARKVIEW", "city": "EL RENO", "state": "OK", "zip": "73036", "phone": "4052591560", "entity": "Organization"}}, {"type": "Feature", "geometry": {"type": "Point", "coordinates": [-97.902351268233, 36.390727788011]}, "properties": {"npi": "1003967373", "name": "PHILLIPS DRUG", "category": "Pharmacy", "specialty": "Pharmacy", "address": "1925 W OWEN K GARRIOTT RD", "city": "ENID", "state": "OK", "zip": "73703", "phone": "5804022342", "entity": "Organization"}}, {"type": "Feature", "geometry": {"type": "Point", "coordinates": [-98.400110458941, 34.608590705555]}, "properties": {"npi": "1730230665", "name": "KENS RX DISCOUNT PHARMACY", "category": "Pharmacy", "specialty": "Long Term Care Pharmacy", "address": "802 W GORE BLVD", "city": "LAWTON", "state": "OK", "zip": "73501", "phone": "5803534113", "entity": "Organization"}}, {"type": "Feature", "geometry": {"type": "Point", "coordinates": [-95.164502162455, 36.199916258738]}, "properties": {"npi": "1952452955", "name": "BLACK DRUG INC", "category": "Pharmacy", "specialty": "Compounding Pharmacy", "address": "412 E MAIN ST", "city": "LOCUST GROVE", "state": "OK", "zip": "74352", "phone": "9184795223", "entity": "Organization"}}, {"type": "Feature", "geometry": {"type": "Point", "coordinates": [-98.46336694761, 34.623384972245]}, "properties": {"npi": "1689725673", "name": "M SHAWN ANDERSON RPH PC", "category": "Pharmacy", "specialty": "Pharmacy", "address": "5366 NW CACHE RD", "city": "LAWTON", "state": "OK", "zip": "73505", "phone": "5805959500", "entity": "Organization"}}, {"type": "Feature", "geometry": {"type": "Point", "coordinates": [-99.502452717367, 34.882508394261]}, "properties": {"npi": "1497806483", "name": "UNITED PHARMACY OF MANGUM LLC", "category": "Pharmacy", "specialty": "Pharmacy", "address": "1000 N LOUIS TITTLE AVE", "city": "MANGUM", "state": "OK", "zip": "73554", "phone": "5807825400", "entity": "Organization"}}, {"type": "Feature", "geometry": {"type": "Point", "coordinates": [-97.45815307359, 35.652794219548]}, "properties": {"npi": "1871646026", "name": "T V DISCOUNT DRUGS INC", "category": "Pharmacy", "specialty": "Pharmacy", "address": "1701 E 2ND ST", "city": "EDMOND", "state": "OK", "zip": "73034", "phone": "4053480220", "entity": "Organization"}}, {"type": "Feature", "geometry": {"type": "Point", "coordinates": [-97.516478429391, 35.468914536435]}, "properties": {"npi": "1760535223", "name": "THE MEDICINE CABINET", "category": "Pharmacy", "specialty": "Community/Retail Pharmacy", "address": "211 N ROBINSON AVE", "city": "OKLAHOMA CITY", "state": "OK", "zip": "73102", "phone": "4052320707", "entity": "Organization"}}, {"type": "Feature", "geometry": {"type": "Point", "coordinates": [-98.317151783293, 36.116158206134]}, "properties": {"npi": "1962556316", "name": "SWANNS PHARMACY", "category": "Pharmacy", "specialty": "Pharmacy", "address": "116 N MAIN ST", "city": "WATONGA", "state": "OK", "zip": "73763", "phone": "5808223789", "entity": "Organization"}}, {"type": "Feature", "geometry": {"type": "Point", "coordinates": [-98.479802550658, 36.26912743604]}, "properties": {"npi": "1295880185", "name": "KIDD HEALTHMART DRUG CO", "category": "Pharmacy", "specialty": "Pharmacy", "address": "104 N MAIN ST", "city": "FAIRVIEW", "state": "OK", "zip": "73737", "phone": "5802274685", "entity": "Organization"}}, {"type": "Feature", "geometry": {"type": "Point", "coordinates": [-98.415316556841, 34.608763007424]}, "properties": {"npi": "1720124936", "name": "RICHMARK INC", "category": "Pharmacy", "specialty": "Community/Retail Pharmacy", "address": "1810 W GORE BLVD", "city": "LAWTON", "state": "OK", "zip": "73501", "phone": "5803554540", "entity": "Organization"}}, {"type": "Feature", "geometry": {"type": "Point", "coordinates": [-97.95787564319, 34.648898907165]}, "properties": {"npi": "1891831400", "name": "MEDICINE CHEST LLC", "category": "Pharmacy", "specialty": "Pharmacy", "address": "201 N BROADWAY ST", "city": "MARLOW", "state": "OK", "zip": "73055", "phone": "5806583747", "entity": "Organization"}}, {"type": "Feature", "geometry": {"type": "Point", "coordinates": [-97.53305066529, 35.420687518398]}, "properties": {"npi": "1700922317", "name": "JIMS TOWER PHARMACY INC", "category": "Pharmacy", "specialty": "Pharmacy", "address": "1024 SW 44TH ST STE 700", "city": "OKLAHOMA CITY", "state": "OK", "zip": "73109", "phone": "4056319625", "entity": "Organization"}}, {"type": "Feature", "geometry": {"type": "Point", "coordinates": [-97.597748334885, 35.452183160508]}, "properties": {"npi": "1528104130", "name": "PHARMACY SOLUTIONS LLC", "category": "Pharmacy", "specialty": "Pharmacy", "address": "4350 WILL ROGERS PKWY", "city": "OKLAHOMA CITY", "state": "OK", "zip": "73108", "phone": "4059484602", "entity": "Organization"}}, {"type": "Feature", "geometry": {"type": "Point", "coordinates": [-94.96870255901, 35.503613714308]}, "properties": {"npi": "1356487912", "name": "VIAN DRUG COMPANY LLC", "category": "Pharmacy", "specialty": "Long Term Care Pharmacy", "address": "401 S THORNTON ST", "city": "VIAN", "state": "OK", "zip": "74962", "phone": "9187738111", "entity": "Organization"}}, {"type": "Feature", "geometry": {"type": "Point", "coordinates": [-97.460336594929, 35.656397061128]}, "properties": {"npi": "1982742979", "name": "CLINIC PHARMACY INC", "category": "Pharmacy", "specialty": "Pharmacy", "address": "120 N BRYANT AVE STE A2", "city": "EDMOND", "state": "OK", "zip": "73034", "phone": "4053418490", "entity": "Organization"}}, {"type": "Feature", "geometry": {"type": "Point", "coordinates": [-94.621475400682, 35.052090545599]}, "properties": {"npi": "1609914696", "name": "AJ NILKANTH GOKUL LLC", "category": "Pharmacy", "specialty": "Community/Retail Pharmacy", "address": "219 DEWEY AVE", "city": "POTEAU", "state": "OK", "zip": "74953", "phone": "9186472113", "entity": "Organization"}}, {"type": "Feature", "geometry": {"type": "Point", "coordinates": [-97.069525954218, 36.115572965023]}, "properties": {"npi": "1336287325", "name": "CONSUMERS IGA PHARMACY", "category": "Pharmacy", "specialty": "Pharmacy", "address": "909 W 6TH AVE", "city": "STILLWATER", "state": "OK", "zip": "74074", "phone": "4053725242", "entity": "Organization"}}, {"type": "Feature", "geometry": {"type": "Point", "coordinates": [-97.503041718776, 35.515920340339]}, "properties": {"npi": "1568501518", "name": "RED ROCK PHARMACY, LLC", "category": "Pharmacy", "specialty": "Long Term Care Pharmacy", "address": "4400 N LINCOLN BLVD", "city": "OKLAHOMA CITY", "state": "OK", "zip": "73105", "phone": "4054250384", "entity": "Organization"}}, {"type": "Feature", "geometry": {"type": "Point", "coordinates": [-97.425558221308, 35.878092023804]}, "properties": {"npi": "1801936059", "name": "TV DISCOUNT DRUG INC", "category": "Pharmacy", "specialty": "Pharmacy", "address": "112 W OKLAHOMA AVE", "city": "GUTHRIE", "state": "OK", "zip": "73044", "phone": "4052822700", "entity": "Organization"}}, {"type": "Feature", "geometry": {"type": "Point", "coordinates": [-95.935428447514, 36.757254535698]}, "properties": {"npi": "1326188335", "name": "H&G HOME MEDICAL", "category": "Pharmacy", "specialty": "Community/Retail Pharmacy", "address": "112 NE WASHINGTON BLVD", "city": "BARTLESVILLE", "state": "OK", "zip": "74006", "phone": "9183334848", "entity": "Organization"}}, {"type": "Feature", "geometry": {"type": "Point", "coordinates": [-96.771200441352, 34.089041456992]}, "properties": {"npi": "1790825974", "name": "INFUCARE INC", "category": "Pharmacy", "specialty": "Home Infusion Therapy Pharmacy", "address": "211 S 1ST ST", "city": "MADILL", "state": "OK", "zip": "73446", "phone": "5807957323", "entity": "Organization"}}, {"type": "Feature", "geometry": {"type": "Point", "coordinates": [-97.570935595155, 35.377172282173]}, "properties": {"npi": "1942340898", "name": "COMMUNITY PHARMACY, LLC", "category": "Pharmacy", "specialty": "Community/Retail Pharmacy", "address": "3125 SW 89 ST", "city": "OKLAHOMA CITY", "state": "OK", "zip": "73159", "phone": "4056057700", "entity": "Organization"}}, {"type": "Feature", "geometry": {"type": "Point", "coordinates": [-94.603762877243, 34.888384355554]}, "properties": {"npi": "1760523625", "name": "MIRANDA GREEN", "category": "Pharmacy", "specialty": "Pharmacy", "address": "101 W AVENUE D", "city": "HEAVENER", "state": "OK", "zip": "74937", "phone": "9186534803", "entity": "Organization"}}, {"type": "Feature", "geometry": {"type": "Point", "coordinates": [-97.530288865724, 35.422662941978]}, "properties": {"npi": "1679614531", "name": "INTEGRIS PROHEALTH INC", "category": "Pharmacy", "specialty": "Community/Retail Pharmacy", "address": "4221 S WESTERN AVE STE 1020", "city": "OKLAHOMA CITY", "state": "OK", "zip": "73109", "phone": "4056367717", "entity": "Organization"}}, {"type": "Feature", "geometry": {"type": "Point", "coordinates": [-96.463992819866, 36.311191165394]}, "properties": {"npi": "1922142736", "name": "MOORE HEALTHCARE INC", "category": "Pharmacy", "specialty": "Long Term Care Pharmacy", "address": "301 N BROADWAY ST", "city": "CLEVELAND", "state": "OK", "zip": "74020", "phone": "9183582524", "entity": "Organization"}}, {"type": "Feature", "geometry": {"type": "Point", "coordinates": [-95.125747903738, 35.254259310704]}, "properties": {"npi": "1831234467", "name": "HOOVER DRUG", "category": "Pharmacy", "specialty": "Pharmacy", "address": "107 W MAIN ST", "city": "STIGLER", "state": "OK", "zip": "74462", "phone": "9189678321", "entity": "Organization"}}, {"type": "Feature", "geometry": {"type": "Point", "coordinates": [-95.999982100079, 36.368609315357]}, "properties": {"npi": "1073658316", "name": "JOHN HENRY THOMASON", "category": "Pharmacy", "specialty": "Pharmacy", "address": "201 E ROGERS BLVD", "city": "SKIATOOK", "state": "OK", "zip": "74070", "phone": "9183961636", "entity": "Organization"}}, {"type": "Feature", "geometry": {"type": "Point", "coordinates": [-99.389474766137, 36.41894547648]}, "properties": {"npi": "1275669673", "name": "HAC, INC.", "category": "Pharmacy", "specialty": "Pharmacy", "address": "2821 8TH ST", "city": "WOODWARD", "state": "OK", "zip": "73801", "phone": "5802543411", "entity": "Organization"}}, {"type": "Feature", "geometry": {"type": "Point", "coordinates": [-97.480819381025, 34.23303631999]}, "properties": {"npi": "1447387113", "name": "ECK DRUG CO INC", "category": "Pharmacy", "specialty": "Community/Retail Pharmacy", "address": "322 W MAIN ST", "city": "HEALDTON", "state": "OK", "zip": "73438", "phone": "5802291141", "entity": "Organization"}}, {"type": "Feature", "geometry": {"type": "Point", "coordinates": [-99.868709676012, 35.215033369088]}, "properties": {"npi": "1215065594", "name": "MEADOR DRUG", "category": "Pharmacy", "specialty": "Pharmacy", "address": "215 W ROGER MILLER BLVD", "city": "ERICK", "state": "OK", "zip": "73645", "phone": "5805263311", "entity": "Organization"}}, {"type": "Feature", "geometry": {"type": "Point", "coordinates": [-96.752134390174, 34.95889853504]}, "properties": {"npi": "1982733317", "name": "THE SCRIPT SHOP INC", "category": "Pharmacy", "specialty": "Pharmacist", "address": "207 N BROADWAY ST", "city": "KONAWA", "state": "OK", "zip": "74849", "phone": "5809253201", "entity": "Organization"}}, {"type": "Feature", "geometry": {"type": "Point", "coordinates": [-97.871853112143, 36.39420449206]}, "properties": {"npi": "1295864072", "name": "SCHEFFE MED ARTS PRESCRIPTION", "category": "Pharmacy", "specialty": "Community/Retail Pharmacy", "address": "302 S 5TH ST", "city": "ENID", "state": "OK", "zip": "73701", "phone": "5802332152", "entity": "Organization"}}, {"type": "Feature", "geometry": {"type": "Point", "coordinates": [-94.791872931525, 35.463513505904]}, "properties": {"npi": "1558490219", "name": "SEQUOYAH COUNTY CITY TRUST AUTHORITY", "category": "Pharmacy", "specialty": "Pharmacy", "address": "213 E REDWOOD AVE", "city": "SALLISAW", "state": "OK", "zip": "74955", "phone": "9187741100", "entity": "Organization"}}, {"type": "Feature", "geometry": {"type": "Point", "coordinates": [-97.513874862182, 35.652210705798]}, "properties": {"npi": "1710018015", "name": "THRIFTY PHARMACY III", "category": "Pharmacy", "specialty": "Long Term Care Pharmacy", "address": "230 S SANTA FE AVE", "city": "EDMOND", "state": "OK", "zip": "73003", "phone": "4057154405", "entity": "Organization"}}, {"type": "Feature", "geometry": {"type": "Point", "coordinates": [-96.100931611786, 35.999078934022]}, "properties": {"npi": "1194857839", "name": "F & T PHARMACIES INC", "category": "Pharmacy", "specialty": "Pharmacy", "address": "1001 E DEWEY AVE", "city": "SAPULPA", "state": "OK", "zip": "74066", "phone": "9182242704", "entity": "Organization"}}, {"type": "Feature", "geometry": {"type": "Point", "coordinates": [-97.965326370531, 34.507057317639]}, "properties": {"npi": "1821113903", "name": "HAC, INC.", "category": "Pharmacy", "specialty": "Pharmacy", "address": "1401 W BEECH AVE", "city": "DUNCAN", "state": "OK", "zip": "73533", "phone": "5802550228", "entity": "Organization"}}, {"type": "Feature", "geometry": {"type": "Point", "coordinates": [-97.423747397562, 35.879136601095]}, "properties": {"npi": "1730204819", "name": "HAC INC", "category": "Pharmacy", "specialty": "Pharmacy", "address": "220 E CLEVELAND AVE", "city": "GUTHRIE", "state": "OK", "zip": "73044", "phone": "4052820466", "entity": "Organization"}}, {"type": "Feature", "geometry": {"type": "Point", "coordinates": [-98.974516682011, 35.515341443463]}, "properties": {"npi": "1649395724", "name": "HAC INC", "category": "Pharmacy", "specialty": "Community/Retail Pharmacy", "address": "1200 GARY BLVD", "city": "CLINTON", "state": "OK", "zip": "73601", "phone": "5803230230", "entity": "Organization"}}, {"type": "Feature", "geometry": {"type": "Point", "coordinates": [-97.441095832748, 35.420687513729]}, "properties": {"npi": "1215052303", "name": "HAC INC", "category": "Pharmacy", "specialty": "Pharmacy", "address": "4308 SE 44TH ST", "city": "OKLAHOMA CITY", "state": "OK", "zip": "73135", "phone": "4056722065", "entity": "Organization"}}, {"type": "Feature", "geometry": {"type": "Point", "coordinates": [-96.671244994943, 35.239317098822]}, "properties": {"npi": "1124143219", "name": "HAC, INC.", "category": "Pharmacy", "specialty": "Community/Retail Pharmacy", "address": "1701 N MILT PHILLIPS AVE", "city": "SEMINOLE", "state": "OK", "zip": "74868", "phone": "4053821467", "entity": "Organization"}}, {"type": "Feature", "geometry": {"type": "Point", "coordinates": [-95.984682968406, 35.440926028345]}, "properties": {"npi": "1033234125", "name": "HAC, INC.", "category": "Pharmacy", "specialty": "Pharmacy", "address": "310 W TRUDGEON ST", "city": "HENRYETTA", "state": "OK", "zip": "74437", "phone": "9186522553", "entity": "Organization"}}, {"type": "Feature", "geometry": {"type": "Point", "coordinates": [-97.94206891828, 35.029498858202]}, "properties": {"npi": "1942325030", "name": "HAC INC", "category": "Pharmacy", "specialty": "Community/Retail Pharmacy", "address": "759 W GRAND AVE", "city": "CHICKASHA", "state": "OK", "zip": "73018", "phone": "4052245645", "entity": "Organization"}}, {"type": "Feature", "geometry": {"type": "Point", "coordinates": [-99.408745103096, 35.411660616479]}, "properties": {"npi": "1992820088", "name": "HAC, INC.", "category": "Pharmacy", "specialty": "Community/Retail Pharmacy", "address": "412 W 3RD ST", "city": "ELK CITY", "state": "OK", "zip": "73644", "phone": "5802257961", "entity": "Organization"}}, {"type": "Feature", "geometry": {"type": "Point", "coordinates": [-97.143335930707, 34.177680607027]}, "properties": {"npi": "1801911995", "name": "HAC, INC.", "category": "Pharmacy", "specialty": "Pharmacy", "address": "205 N COMMERCE ST", "city": "ARDMORE", "state": "OK", "zip": "73401", "phone": "5802230143", "entity": "Organization"}}, {"type": "Feature", "geometry": {"type": "Point", "coordinates": [-95.967320839152, 36.750671202734]}, "properties": {"npi": "1710002803", "name": "BOWLES PHARMACY INC", "category": "Pharmacy", "specialty": "Pharmacy", "address": "811 SE FRANK PHILLIPS BLVD", "city": "BARTLESVILLE", "state": "OK", "zip": "74003", "phone": "9183369411", "entity": "Organization"}}, {"type": "Feature", "geometry": {"type": "Point", "coordinates": [-97.565615411742, 35.422613519712]}, "properties": {"npi": "1629193719", "name": "HAC, INC.", "category": "Pharmacy", "specialty": "Pharmacy", "address": "4301 S MAY AVE", "city": "OKLAHOMA CITY", "state": "OK", "zip": "73119", "phone": "4056826191", "entity": "Organization"}}, {"type": "Feature", "geometry": {"type": "Point", "coordinates": [-95.760971002498, 36.160496296375]}, "properties": {"npi": "1437274529", "name": "HAC INC", "category": "Pharmacy", "specialty": "Community/Retail Pharmacy", "address": "19302 EAST ADMIRAL BLVD", "city": "CATOOSA", "state": "OK", "zip": "74015", "phone": "9182662543", "entity": "Organization"}}, {"type": "Feature", "geometry": {"type": "Point", "coordinates": [-97.638381755337, 35.582151258848]}, "properties": {"npi": "1346365434", "name": "HAC INC", "category": "Pharmacy", "specialty": "Pharmacy", "address": "11120 N ROCKWELL AVE", "city": "OKLAHOMA CITY", "state": "OK", "zip": "73162", "phone": "4057218023", "entity": "Organization"}}, {"type": "Feature", "geometry": {"type": "Point", "coordinates": [-97.512452907242, 35.652993067797]}, "properties": {"npi": "1255456349", "name": "HAC INC", "category": "Pharmacy", "specialty": "Pharmacy", "address": "2205 W EDMOND RD", "city": "EDMOND", "state": "OK", "zip": "73003", "phone": "4053400236", "entity": "Organization"}}, {"type": "Feature", "geometry": {"type": "Point", "coordinates": [-97.484660416445, 35.623438445618]}, "properties": {"npi": "1104941293", "name": "HAC INC", "category": "Pharmacy", "specialty": "Pharmacy", "address": "24 E 33RD ST", "city": "EDMOND", "state": "OK", "zip": "73013", "phone": "4053307202", "entity": "Organization"}}, {"type": "Feature", "geometry": {"type": "Point", "coordinates": [-97.467114486829, 35.20384088072]}, "properties": {"npi": "1053436055", "name": "HAC, INC.", "category": "Pharmacy", "specialty": "Pharmacy", "address": "1724 W LINDSEY ST", "city": "NORMAN", "state": "OK", "zip": "73069", "phone": "4053643900", "entity": "Organization"}}, {"type": "Feature", "geometry": {"type": "Point", "coordinates": [-97.545655807181, 35.511310252766]}, "properties": {"npi": "1114042298", "name": "HAC INC", "category": "Pharmacy", "specialty": "Pharmacy", "address": "2016 NW 39TH ST", "city": "OKLAHOMA CITY", "state": "OK", "zip": "73118", "phone": "4055219516", "entity": "Organization"}}, {"type": "Feature", "geometry": {"type": "Point", "coordinates": [-97.530128096632, 35.488025506359]}, "properties": {"npi": "1417072505", "name": "HAC, INC.", "category": "Pharmacy", "specialty": "Pharmacy", "address": "1108 NW 18TH ST", "city": "OKLAHOMA CITY", "state": "OK", "zip": "73106", "phone": "4055247741", "entity": "Organization"}}, {"type": "Feature", "geometry": {"type": "Point", "coordinates": [-95.313085614771, 36.306735869986]}, "properties": {"npi": "1326163411", "name": "HAC INC", "category": "Pharmacy", "specialty": "Community/Retail Pharmacy", "address": "504 E GRAHAM AVE", "city": "PRYOR", "state": "OK", "zip": "74361", "phone": "9188255422", "entity": "Organization"}}, {"type": "Feature", "geometry": {"type": "Point", "coordinates": [-97.457857167391, 35.218361985579]}, "properties": {"npi": "1235254327", "name": "HAC INC", "category": "Pharmacy", "specialty": "Community/Retail Pharmacy", "address": "1100 W MAIN ST", "city": "NORMAN", "state": "OK", "zip": "73069", "phone": "4053645665", "entity": "Organization"}}, {"type": "Feature", "geometry": {"type": "Point", "coordinates": [-95.401753433714, 35.754927542062]}, "properties": {"npi": "1013032101", "name": "HAC INC", "category": "Pharmacy", "specialty": "Community/Retail Pharmacy", "address": "3115 W OKMULGEE ST", "city": "MUSKOGEE", "state": "OK", "zip": "74401", "phone": "9186871911", "entity": "Organization"}}, {"type": "Feature", "geometry": {"type": "Point", "coordinates": [-97.370958241103, 34.996184017164]}, "properties": {"npi": "1396860003", "name": "CHICKASAW NATION DIVISION OF HEALTH", "category": "Pharmacy", "specialty": "Pharmacy", "address": "1438 HARDCASTLE BLVD", "city": "PURCELL", "state": "OK", "zip": "73080", "phone": "5802725710", "entity": "Organization"}}, {"type": "Feature", "geometry": {"type": "Point", "coordinates": [-97.567117306639, 35.596727342781]}, "properties": {"npi": "1396860474", "name": "HAC INC", "category": "Pharmacy", "specialty": "Pharmacy", "address": "12508 N MAY AVE", "city": "OKLAHOMA CITY", "state": "OK", "zip": "73120", "phone": "4057512950", "entity": "Organization"}}, {"type": "Feature", "geometry": {"type": "Point", "coordinates": [-97.216933646647, 34.738095769411]}, "properties": {"npi": "1205951381", "name": "HAC, INC.", "category": "Pharmacy", "specialty": "Pharmacy", "address": "505 S CHICKASAW ST", "city": "PAULS VALLEY", "state": "OK", "zip": "73075", "phone": "4052387505", "entity": "Organization"}}, {"type": "Feature", "geometry": {"type": "Point", "coordinates": [-97.140428521734, 34.201934235248]}, "properties": {"npi": "1669597027", "name": "CHICKASAW NATION DIVISION OF HEALTH", "category": "Pharmacy", "specialty": "Community/Retail Pharmacy", "address": "2510 CHICKASAW BLVD", "city": "ARDMORE", "state": "OK", "zip": "73401", "phone": "5802725710", "entity": "Organization"}}, {"type": "Feature", "geometry": {"type": "Point", "coordinates": [-97.539168928442, 35.435283107527]}, "properties": {"npi": "1861510083", "name": "RALPHS DRUG & TAG AGENCY", "category": "Pharmacy", "specialty": "Pharmacist", "address": "1301 SW 29TH ST", "city": "OKLAHOMA CITY", "state": "OK", "zip": "73119", "phone": "4056343317", "entity": "Organization"}}, {"type": "Feature", "geometry": {"type": "Point", "coordinates": [-96.111435543331, 35.998363877446]}, "properties": {"npi": "1184743668", "name": "SUGGS DRUGS INC.", "category": "Pharmacy", "specialty": "Community/Retail Pharmacy", "address": "25 S PARK ST", "city": "SAPULPA", "state": "OK", "zip": "74066", "phone": "9182243883", "entity": "Organization"}}, {"type": "Feature", "geometry": {"type": "Point", "coordinates": [-97.95965758919, 34.36898315141]}, "properties": {"npi": "1023138674", "name": "WILLIAM W BAKER", "category": "Pharmacy", "specialty": "Community/Retail Pharmacy", "address": "211 MAIN AVE", "city": "COMANCHE", "state": "OK", "zip": "73529", "phone": "5804398846", "entity": "Organization"}}, {"type": "Feature", "geometry": {"type": "Point", "coordinates": [-97.030608394145, 36.882962236919]}, "properties": {"npi": "1477674075", "name": "KAW NATION", "category": "Pharmacy", "specialty": "Pharmacist", "address": "3151 E RIVER RD", "city": "NEWKIRK", "state": "OK", "zip": "74647", "phone": "5803622449", "entity": "Organization"}}, {"type": "Feature", "geometry": {"type": "Point", "coordinates": [-98.422414558331, 34.606310281876]}, "properties": {"npi": "1548487770", "name": "BUY FOR LESS DISCOUNT PHARMACY", "category": "Pharmacy", "specialty": "Community/Retail Pharmacy", "address": "205 SW SHERIDAN RD", "city": "LAWTON", "state": "OK", "zip": "73505", "phone": "5802480300", "entity": "Organization"}}, {"type": "Feature", "geometry": {"type": "Point", "coordinates": [-97.264908636607, 35.450376215803]}, "properties": {"npi": "1609093681", "name": "MARK'S PRESCRIPTION SHOP INC", "category": "Pharmacy", "specialty": "Community/Retail Pharmacy", "address": "1530 S CHOCTAW RD STE A", "city": "CHOCTAW", "state": "OK", "zip": "73020", "phone": "4053903205", "entity": "Organization"}}, {"type": "Feature", "geometry": {"type": "Point", "coordinates": [-96.938915721199, 35.36179049894]}, "properties": {"npi": "1962629709", "name": "SHAWNEE REGIONAL HOSPITAL PHARMACY", "category": "Pharmacy", "specialty": "Pharmacy", "address": "1102 W MACARTHUR ST", "city": "SHAWNEE", "state": "OK", "zip": "74804", "phone": "4058783435", "entity": "Organization"}}, {"type": "Feature", "geometry": {"type": "Point", "coordinates": [-97.407645599034, 35.463889431722]}, "properties": {"npi": "1619194453", "name": "HERITAGE PARK PHARMACY, LLC", "category": "Pharmacy", "specialty": "Pharmacy Technician", "address": "6908 E RENO AVE STE 101", "city": "MIDWEST CITY", "state": "OK", "zip": "73110", "phone": "4057376697", "entity": "Organization"}}, {"type": "Feature", "geometry": {"type": "Point", "coordinates": [-97.285700628784, 36.286405438755]}, "properties": {"npi": "1649490756", "name": "FOSTER CORNER DRUG INC", "category": "Pharmacy", "specialty": "Pharmacist", "address": "328 N 6TH ST", "city": "PERRY", "state": "OK", "zip": "73077", "phone": "5803362136", "entity": "Organization"}}, {"type": "Feature", "geometry": {"type": "Point", "coordinates": [-97.495922605076, 35.635929872816]}, "properties": {"npi": "1215158753", "name": "INNOVATIVE PHARMACY SOLUTIONS", "category": "Pharmacy", "specialty": "Compounding Pharmacy", "address": "1716 S KELLY AVE", "city": "EDMOND", "state": "OK", "zip": "73013", "phone": "4053303619", "entity": "Organization"}}, {"type": "Feature", "geometry": {"type": "Point", "coordinates": [-99.333817155027, 34.649753993338]}, "properties": {"npi": "1891907705", "name": "WALGREEN CO", "category": "Pharmacy", "specialty": "Community/Retail Pharmacy", "address": "1132 N MAIN ST", "city": "ALTUS", "state": "OK", "zip": "73521", "phone": "5804771316", "entity": "Organization"}}, {"type": "Feature", "geometry": {"type": "Point", "coordinates": [-97.476653746866, 35.493180094121]}, "properties": {"npi": "1952515140", "name": "HOMETOWN IGA PHARMACY", "category": "Pharmacy", "specialty": "Pharmacist", "address": "2001 NE 23RD", "city": "OKLAHOMA CITY", "state": "OK", "zip": "73111", "phone": "4054244361", "entity": "Organization"}}, {"type": "Feature", "geometry": {"type": "Point", "coordinates": [-97.512798038612, 35.567686981289]}, "properties": {"npi": "1104031962", "name": "MCBRIDE CLINIC ORTHOPEDIC HOSPITAL LLC", "category": "Pharmacy", "specialty": "Pharmacy", "address": "9600 BROADWAY EXT", "city": "OKLAHOMA CITY", "state": "OK", "zip": "73114", "phone": "4054862184", "entity": "Organization"}}, {"type": "Feature", "geometry": {"type": "Point", "coordinates": [-96.003977713231, 36.066555192855]}, "properties": {"npi": "1235346479", "name": "TULSA SPINE & SPECIALTY HOSPITAL PHARMACY", "category": "Pharmacy", "specialty": "Institutional Pharmacy", "address": "6901 S OLYMPIA AVE", "city": "TULSA", "state": "OK", "zip": "74132", "phone": "9183885713", "entity": "Organization"}}, {"type": "Feature", "geometry": {"type": "Point", "coordinates": [-97.513431103516, 35.57283355353]}, "properties": {"npi": "1750598066", "name": "HUNTERS PRECISION RX LLC", "category": "Pharmacy", "specialty": "Long Term Care Pharmacy", "address": "10120 BROADWAY EXTENSION", "city": "OKLAHOMA CITY", "state": "OK", "zip": "73114", "phone": "4054182929", "entity": "Organization"}}, {"type": "Feature", "geometry": {"type": "Point", "coordinates": [-97.554698438553, 35.452763513834]}, "properties": {"npi": "1467661413", "name": "JIMRX, PC", "category": "Pharmacy", "specialty": "Community/Retail Pharmacy", "address": "2300 EXCHANGE AVE", "city": "OKLAHOMA CITY", "state": "OK", "zip": "73108", "phone": "4052354242", "entity": "Organization"}}, {"type": "Feature", "geometry": {"type": "Point", "coordinates": [-97.891865528614, 36.419909954517]}, "properties": {"npi": "1982806527", "name": "EVANS SPECIALTY PHARMACY", "category": "Pharmacy", "specialty": "Specialty Pharmacy", "address": "1110 W WILLOW RD", "city": "ENID", "state": "OK", "zip": "73703", "phone": "5802421116", "entity": "Organization"}}, {"type": "Feature", "geometry": {"type": "Point", "coordinates": [-99.327292581437, 34.637750746275]}, "properties": {"npi": "1619170628", "name": "UNITED DISCOUNT DRUG", "category": "Pharmacy", "specialty": "Community/Retail Pharmacy", "address": "600 E BROADWAY ST", "city": "ALTUS", "state": "OK", "zip": "73521", "phone": "5804770800", "entity": "Organization"}}, {"type": "Feature", "geometry": {"type": "Point", "coordinates": [-95.402370726962, 35.750782807966]}, "properties": {"npi": "1093911604", "name": "ERNIES PHARMACY & WELLNESS CENTER", "category": "Pharmacy", "specialty": "Long Term Care Pharmacy", "address": "410 S 32ND ST", "city": "MUSKOGEE", "state": "OK", "zip": "74401", "phone": "9186830611", "entity": "Organization"}}, {"type": "Feature", "geometry": {"type": "Point", "coordinates": [-98.576739540789, 35.549520140849]}, "properties": {"npi": "1215135132", "name": "JOHNA K. ROOF, P. C.", "category": "Pharmacy", "specialty": "Long Term Care Pharmacy", "address": "125 W. MAIN ST.", "city": "HYDRO", "state": "OK", "zip": "73048", "phone": "4056632320", "entity": "Organization"}}, {"type": "Feature", "geometry": {"type": "Point", "coordinates": [-97.42544454178, 35.88018902343]}, "properties": {"npi": "1477752004", "name": "CORY'S PHARMACY", "category": "Pharmacy", "specialty": "Community/Retail Pharmacy", "address": "102 W NOBLE AVE", "city": "GUTHRIE", "state": "OK", "zip": "73044", "phone": "4052822595", "entity": "Organization"}}, {"type": "Feature", "geometry": {"type": "Point", "coordinates": [-95.927032571767, 36.104273314945]}, "properties": {"npi": "1124228945", "name": "BOARD OF REGENTS OF THE UNIVERSITY", "category": "Pharmacy", "specialty": "Pharmacy", "address": "4444 E 41ST ST", "city": "TULSA", "state": "OK", "zip": "74135", "phone": "9186194990", "entity": "Organization"}}, {"type": "Feature", "geometry": {"type": "Point", "coordinates": [-95.652630026935, 35.960538457115]}, "properties": {"npi": "1215137617", "name": "GREEN COUNTRY PHARMACY LLC", "category": "Pharmacy", "specialty": "Community/Retail Pharmacy", "address": "13937 SOUTH HWY 51", "city": "COWETA", "state": "OK", "zip": "74429", "phone": "9182796600", "entity": "Organization"}}, {"type": "Feature", "geometry": {"type": "Point", "coordinates": [-94.47826066416, 35.275812978192]}, "properties": {"npi": "1225238447", "name": "HAISTEN ENTERPRISES PC", "category": "Pharmacy", "specialty": "Community/Retail Pharmacy", "address": "102 E FOLSOM BLVD", "city": "POCOLA", "state": "OK", "zip": "74902", "phone": "9184362900", "entity": "Organization"}}, {"type": "Feature", "geometry": {"type": "Point", "coordinates": [-95.406069190514, 35.753579599462]}, "properties": {"npi": "1487842191", "name": "MUSKOGEE REGION MEDICAL CENTER", "category": "Pharmacy", "specialty": "Pharmacy", "address": "300 ROCKEFELLER DR", "city": "MUSKOGEE", "state": "OK", "zip": "74401", "phone": "9186845501", "entity": "Organization"}}, {"type": "Feature", "geometry": {"type": "Point", "coordinates": [-97.519900106388, 35.406276111674]}, "properties": {"npi": "1992988307", "name": "LA FARMACIA", "category": "Pharmacy", "specialty": "Pharmacy", "address": "415 SW 59TH ST", "city": "OKLAHOMA CITY", "state": "OK", "zip": "73109", "phone": "4056311677", "entity": "Organization"}}, {"type": "Feature", "geometry": {"type": "Point", "coordinates": [-95.922194025312, 36.068174458317]}, "properties": {"npi": "1629252390", "name": "ALL SAINTS HOME MEDICAL LLC", "category": "Pharmacy", "specialty": "Compounding Pharmacy", "address": "6600 S YALE AVE STE 110", "city": "TULSA", "state": "OK", "zip": "74136", "phone": "9184886660", "entity": "Organization"}}, {"type": "Feature", "geometry": {"type": "Point", "coordinates": [-96.397594742617, 34.006811171717]}, "properties": {"npi": "1376728626", "name": "PHARMACY OPERATIONS INC", "category": "Pharmacy", "specialty": "Community/Retail Pharmacy", "address": "1400 BRYAN DR", "city": "DURANT", "state": "OK", "zip": "74701", "phone": "5809246048", "entity": "Organization"}}, {"type": "Feature", "geometry": {"type": "Point", "coordinates": [-96.004134253829, 36.054410255144]}, "properties": {"npi": "1235315250", "name": "OKLAHOMA CVS PHARMACY LLC", "category": "Pharmacy", "specialty": "Community/Retail Pharmacy", "address": "7437 S OLYMPIA AVE W", "city": "TULSA", "state": "OK", "zip": "74132", "phone": "9188771621", "entity": "Organization"}}, {"type": "Feature", "geometry": {"type": "Point", "coordinates": [-96.060611171845, 35.877824104398]}, "properties": {"npi": "1871771436", "name": "KRISTI SUE PRESLEY", "category": "Pharmacy", "specialty": "Community/Retail Pharmacy", "address": "1419 COMMERCIAL AVE", "city": "MOUNDS", "state": "OK", "zip": "74047", "phone": "9188276301", "entity": "Organization"}}, {"type": "Feature", "geometry": {"type": "Point", "coordinates": [-95.853394714156, 36.093442828978]}, "properties": {"npi": "1649441387", "name": "ALL SAINTS HOME MEDICAL, L.L.C.", "category": "Pharmacy", "specialty": "Specialty Pharmacy", "address": "11212 E. 48TH ST", "city": "TULSA", "state": "OK", "zip": "74146", "phone": "9185567127", "entity": "Organization"}}, {"type": "Feature", "geometry": {"type": "Point", "coordinates": [-95.107888695409, 35.255909408019]}, "properties": {"npi": "1861669640", "name": "STIGLER HEALTH AND WELLNESS CENTER INC", "category": "Pharmacy", "specialty": "Community/Retail Pharmacy", "address": "1505 E MAIN ST UNIT C", "city": "STIGLER", "state": "OK", "zip": "74462", "phone": "9189678321", "entity": "Organization"}}, {"type": "Feature", "geometry": {"type": "Point", "coordinates": [-95.650321309154, 36.32174926192]}, "properties": {"npi": "1003073040", "name": "STATE OF OKLAHOMA", "category": "Pharmacy", "specialty": "Pharmacy", "address": "3001 W BLUE STARR DR", "city": "CLAREMORE", "state": "OK", "zip": "74017", "phone": "9183425432", "entity": "Organization"}}, {"type": "Feature", "geometry": {"type": "Point", "coordinates": [-98.352340992059, 34.601409052303]}, "properties": {"npi": "1902063902", "name": "STATE OF OKLAHOMA", "category": "Pharmacy", "specialty": "Pharmacy", "address": "501 SE FLOWER MOUND RD", "city": "LAWTON", "state": "OK", "zip": "73501", "phone": "5803516511", "entity": "Organization"}}, {"type": "Feature", "geometry": {"type": "Point", "coordinates": [-97.904756200415, 36.419791741129]}, "properties": {"npi": "1013174366", "name": "DIELRX", "category": "Pharmacy", "specialty": "Long Term Care Pharmacy", "address": "2311 W WILLOW RD", "city": "ENID", "state": "OK", "zip": "73703", "phone": "5802347700", "entity": "Organization"}}, {"type": "Feature", "geometry": {"type": "Point", "coordinates": [-96.960353971851, 34.493871491053]}, "properties": {"npi": "1124286059", "name": "STATE OF OKLAHOMA", "category": "Pharmacy", "specialty": "Pharmacy", "address": "304 FAIRLANE AVE", "city": "SULPHUR", "state": "OK", "zip": "73086", "phone": "5806227500", "entity": "Organization"}}, {"type": "Feature", "geometry": {"type": "Point", "coordinates": [-97.620758535357, 35.594691083611]}, "properties": {"npi": "1669630331", "name": "WALGREEN CO", "category": "Pharmacy", "specialty": "Community/Retail Pharmacy", "address": "5901 NW 122ND ST", "city": "OKLAHOMA CITY", "state": "OK", "zip": "73142", "phone": "4057221356", "entity": "Organization"}}, {"type": "Feature", "geometry": {"type": "Point", "coordinates": [-96.004061359066, 36.066454384583]}, "properties": {"npi": "1003076738", "name": "OLYMPIA PHARMACY LLC", "category": "Pharmacy", "specialty": "Compounding Pharmacy", "address": "6802 S OLYMPIA AVE", "city": "TULSA", "state": "OK", "zip": "74132", "phone": "9183986279", "entity": "Organization"}}, {"type": "Feature", "geometry": {"type": "Point", "coordinates": [-95.868434554788, 36.037141568719]}, "properties": {"npi": "1326201138", "name": "MUSKOGEE VAMC", "category": "Pharmacy", "specialty": "Department of Veterans Affairs (VA) Pharmacy", "address": "8921 S MINGO RD", "city": "TULSA", "state": "OK", "zip": "74133", "phone": "9186282648", "entity": "Organization"}}, {"type": "Feature", "geometry": {"type": "Point", "coordinates": [-97.926079699024, 36.390591259672]}, "properties": {"npi": "1134382294", "name": "WALGREEN CO", "category": "Pharmacy", "specialty": "Community/Retail Pharmacy", "address": "3915 W OWEN K GARRIOTT RD", "city": "ENID", "state": "OK", "zip": "73703", "phone": "5802372237", "entity": "Organization"}}, {"type": "Feature", "geometry": {"type": "Point", "coordinates": [-96.634686630365, 34.776979589124]}, "properties": {"npi": "1538323340", "name": "VALLEY VIEW REGIONAL HOSPITAL PHARMACY", "category": "Pharmacy", "specialty": "Pharmacy", "address": "430 N MONTE VISTA ST", "city": "ADA", "state": "OK", "zip": "74820", "phone": "5804211500", "entity": "Organization"}}, {"type": "Feature", "geometry": {"type": "Point", "coordinates": [-97.513534653197, 35.542362150322]}, "properties": {"npi": "1679739155", "name": "ZANN MCMAHAN MD PC", "category": "Pharmacy", "specialty": "Non-Pharmacy Dispensing Site", "address": "7006 BROADWAY EXT", "city": "OKLAHOMA CITY", "state": "OK", "zip": "73116", "phone": "4059164545", "entity": "Organization"}}, {"type": "Feature", "geometry": {"type": "Point", "coordinates": [-94.949920619156, 35.908149726048]}, "properties": {"npi": "1326294968", "name": "CHEROKEE NATION OUTPATIENT HEALTH CENTER PHARMACY", "category": "Pharmacy", "specialty": "Specialty Pharmacy", "address": "19600 E ROSS STREET", "city": "TAHLEQUAH", "state": "OK", "zip": "74464", "phone": "5392341100", "entity": "Organization"}}, {"type": "Feature", "geometry": {"type": "Point", "coordinates": [-97.7603235, 35.4915468]}, "properties": {"npi": "1700034709", "name": "OKLAHOMA CVS PHARMACY LLC", "category": "Pharmacy", "specialty": "Community/Retail Pharmacy", "address": "1700 GARTH BROOKS BLVD", "city": "YUKON", "state": "OK", "zip": "73099", "phone": "4054943180", "entity": "Organization"}}, {"type": "Feature", "geometry": {"type": "Point", "coordinates": [-97.92590861409, 36.396533348995]}, "properties": {"npi": "1598913147", "name": "EVANS PHARMACY LLC", "category": "Pharmacy", "specialty": "Pharmacy", "address": "110 N OAKWOOD RD", "city": "ENID", "state": "OK", "zip": "73703", "phone": "5802331202", "entity": "Organization"}}, {"type": "Feature", "geometry": {"type": "Point", "coordinates": [-96.241587675956, 35.237188330813]}, "properties": {"npi": "1316196546", "name": "EAST CENTRAL OKLAHOMA FAMILY HEALTH CENTER, INC.", "category": "Pharmacy", "specialty": "Pharmacy", "address": "109 S MAIN ST", "city": "WETUMKA", "state": "OK", "zip": "74883", "phone": "4054525400", "entity": "Organization"}}, {"type": "Feature", "geometry": {"type": "Point", "coordinates": [-95.97071654405, 36.060765251264]}, "properties": {"npi": "1932359023", "name": "INSYNC LIFE CARE, LLC", "category": "Pharmacy", "specialty": "Community/Retail Pharmacy", "address": "1515 E 71ST ST", "city": "TULSA", "state": "OK", "zip": "74136", "phone": "9185827500", "entity": "Organization"}}, {"type": "Feature", "geometry": {"type": "Point", "coordinates": [-97.957872221547, 34.648429848799]}, "properties": {"npi": "1033361134", "name": "MARLOW MEDICINE", "category": "Pharmacy", "specialty": "Long Term Care Pharmacy", "address": "129 N BROADWAY ST", "city": "MARLOW", "state": "OK", "zip": "73055", "phone": "5806586060", "entity": "Organization"}}, {"type": "Feature", "geometry": {"type": "Point", "coordinates": [-96.678792113742, 34.781332228566]}, "properties": {"npi": "1790939494", "name": "HALO RX LLC", "category": "Pharmacy", "specialty": "Long Term Care Pharmacy", "address": "703 N BROADWAY AVE", "city": "ADA", "state": "OK", "zip": "74820", "phone": "5804219885", "entity": "Organization"}}, {"type": "Feature", "geometry": {"type": "Point", "coordinates": [-97.74260084814, 35.48060987486]}, "properties": {"npi": "1932354354", "name": "HAC, INC.", "category": "Pharmacy", "specialty": "Pharmacy", "address": "2400 CORNWELL DR", "city": "YUKON", "state": "OK", "zip": "73099", "phone": "4053547449", "entity": "Organization"}}, {"type": "Feature", "geometry": {"type": "Point", "coordinates": [-97.601446889372, 35.610315079873]}, "properties": {"npi": "1952546962", "name": "OKLAHOMA ONCOLOGY AND HEMATOLGY PC", "category": "Pharmacy", "specialty": "Community/Retail Pharmacy", "address": "4401 W MEMORIAL RD", "city": "OKLAHOMA CITY", "state": "OK", "zip": "73134", "phone": "4059362825", "entity": "Organization"}}, {"type": "Feature", "geometry": {"type": "Point", "coordinates": [-97.145528406081, 34.187435721042]}, "properties": {"npi": "1750527925", "name": "HENRY ROBERTS EXPRESS PHARMACY LLC", "category": "Pharmacy", "specialty": "Community/Retail Pharmacy", "address": "1306 12TH AVE NW", "city": "ARDMORE", "state": "OK", "zip": "73401", "phone": "5802262684", "entity": "Organization"}}, {"type": "Feature", "geometry": {"type": "Point", "coordinates": [-97.516421348541, 35.478153505456]}, "properties": {"npi": "1740426915", "name": "HOME CARE MEDICAL, LLC", "category": "Pharmacy", "specialty": "Community/Retail Pharmacy", "address": "220 NW 10TH ST", "city": "OKLAHOMA CITY", "state": "OK", "zip": "73103", "phone": "4052351468", "entity": "Organization"}}, {"type": "Feature", "geometry": {"type": "Point", "coordinates": [-98.661111902964, 35.541694347738]}, "properties": {"npi": "1578709655", "name": "THOMAS DRUG INC", "category": "Pharmacy", "specialty": "Long Term Care Pharmacy", "address": "3741 LEGACY", "city": "WEATHERFORD", "state": "OK", "zip": "73096", "phone": "5807722235", "entity": "Organization"}}, {"type": "Feature", "geometry": {"type": "Point", "coordinates": [-95.868614257598, 36.103941621622]}, "properties": {"npi": "1912148008", "name": "ARCADIA PHARMACY SOLUTIONS, LLC", "category": "Pharmacy", "specialty": "Home Infusion Therapy Pharmacy", "address": "4125 S MINGO RD", "city": "TULSA", "state": "OK", "zip": "74146", "phone": "8778957830", "entity": "Organization"}}, {"type": "Feature", "geometry": {"type": "Point", "coordinates": [-95.992547795433, 36.152972449874]}, "properties": {"npi": "1538301197", "name": "QUALITY FIRST MEDICAL SUPPLIES LLC", "category": "Pharmacy", "specialty": "Pharmacy", "address": "115 W 3RD ST STE 820", "city": "TULSA", "state": "OK", "zip": "74103", "phone": "9185853069", "entity": "Organization"}}, {"type": "Feature", "geometry": {"type": "Point", "coordinates": [-95.864390300739, 36.03185243914]}, "properties": {"npi": "1558503763", "name": "ECONOMY PHARMACY INC", "category": "Pharmacy", "specialty": "Compounding Pharmacy", "address": "10120 E 91ST ST", "city": "TULSA", "state": "OK", "zip": "74133", "phone": "9186153388", "entity": "Organization"}}, {"type": "Feature", "geometry": {"type": "Point", "coordinates": [-96.117580144549, 35.988410093495]}, "properties": {"npi": "1679707095", "name": "BROOKSHIRE GROCERY COMPANY", "category": "Pharmacy", "specialty": "Pharmacy", "address": "132 W TAFT AVE", "city": "SAPULPA", "state": "OK", "zip": "74066", "phone": "9182243600", "entity": "Organization"}}, {"type": "Feature", "geometry": {"type": "Point", "coordinates": [-95.922177678699, 36.090437693894]}, "properties": {"npi": "1588898902", "name": "L & L PHARMACY LLC", "category": "Pharmacy", "specialty": "Community/Retail Pharmacy", "address": "5057 S YALE AVE", "city": "TULSA", "state": "OK", "zip": "74135", "phone": "9183943784", "entity": "Organization"}}, {"type": "Feature", "geometry": {"type": "Point", "coordinates": [-95.904282355368, 36.060619636821]}, "properties": {"npi": "1174758437", "name": "BROOKSHIRE GROCERY COMPANY", "category": "Pharmacy", "specialty": "Pharmacy", "address": "7114 S SHERIDAN RD", "city": "TULSA", "state": "OK", "zip": "74133", "phone": "9184810000", "entity": "Organization"}}, {"type": "Feature", "geometry": {"type": "Point", "coordinates": [-95.974549094413, 36.060726927048]}, "properties": {"npi": "1033344668", "name": "ACT PHARMACY, LLC", "category": "Pharmacy", "specialty": "Pharmacy", "address": "1323 E 71ST ST STE 104B", "city": "TULSA", "state": "OK", "zip": "74136", "phone": "9184931800", "entity": "Organization"}}, {"type": "Feature", "geometry": {"type": "Point", "coordinates": [-97.957897699269, 34.639253678419]}, "properties": {"npi": "1275762932", "name": "NEWBERRY EXPRESS PHARMACY-CLINICAL SERVICES", "category": "Pharmacy", "specialty": "Pharmacy", "address": "801 S BROADWAY ST", "city": "MARLOW", "state": "OK", "zip": "73055", "phone": "5806583784", "entity": "Organization"}}, {"type": "Feature", "geometry": {"type": "Point", "coordinates": [-95.0809376, 34.000798]}, "properties": {"npi": "1235361262", "name": "PRUETTS FOOD INC", "category": "Pharmacy", "specialty": "Community/Retail Pharmacy", "address": "202 W CHAPPELL DR", "city": "VALLIANT", "state": "OK", "zip": "74764", "phone": "5809335745", "entity": "Organization"}}, {"type": "Feature", "geometry": {"type": "Point", "coordinates": [-97.887918882134, 36.397799366704]}, "properties": {"npi": "1285866335", "name": "RICKS PHARMACY INC", "category": "Pharmacy", "specialty": "Community/Retail Pharmacy", "address": "811 W RANDOLPH AVE", "city": "ENID", "state": "OK", "zip": "73701", "phone": "5802371535", "entity": "Organization"}}, {"type": "Feature", "geometry": {"type": "Point", "coordinates": [-95.986001205288, 36.206019140268]}, "properties": {"npi": "1457684557", "name": "METRO PHARMACY AND MEDICAL SUPPLIES INC", "category": "Pharmacy", "specialty": "Pharmacy", "address": "575 E 36TH ST N", "city": "TULSA", "state": "OK", "zip": "74106", "phone": "9184257770", "entity": "Organization"}}, {"type": "Feature", "geometry": {"type": "Point", "coordinates": [-97.622271707399, 35.60988622899]}, "properties": {"npi": "1588992861", "name": "INTEGRIS PROHEALTH INC", "category": "Pharmacy", "specialty": "Specialty Pharmacy", "address": "5915 W MEMORIAL RD STE 110", "city": "OKLAHOMA CITY", "state": "OK", "zip": "73142", "phone": "4057732300", "entity": "Organization"}}, {"type": "Feature", "geometry": {"type": "Point", "coordinates": [-98.431305148673, 34.608815707047]}, "properties": {"npi": "1053649327", "name": "1ST PHARMACY CORPORATION", "category": "Pharmacy", "specialty": "Community/Retail Pharmacy", "address": "2702 W GORE BLVD", "city": "LAWTON", "state": "OK", "zip": "73505", "phone": "5803530760", "entity": "Organization"}}, {"type": "Feature", "geometry": {"type": "Point", "coordinates": [-97.724648608352, 35.460170812461]}, "properties": {"npi": "1316276637", "name": "YUKON PHARMACY INC", "category": "Pharmacy", "specialty": "Compounding Pharmacy", "address": "520 S MUSTANG RD", "city": "YUKON", "state": "OK", "zip": "73099", "phone": "4052566653", "entity": "Organization"}}, {"type": "Feature", "geometry": {"type": "Point", "coordinates": [-95.975537011151, 36.178967065367]}, "properties": {"npi": "1871823781", "name": "GLENPOOL PHARMACY INC", "category": "Pharmacy", "specialty": "Pharmacy", "address": "1601 N PEORIA AVE", "city": "TULSA", "state": "OK", "zip": "74106", "phone": "9183223667", "entity": "Organization"}}, {"type": "Feature", "geometry": {"type": "Point", "coordinates": [-97.601072966891, 35.494381722908]}, "properties": {"npi": "1881917086", "name": "WINDSOR PARK PHARMACY OF OKLAHOMA LLC", "category": "Pharmacy", "specialty": "Long Term Care Pharmacy", "address": "2506 N MERIDIAN AVE", "city": "OKLAHOMA CITY", "state": "OK", "zip": "73107", "phone": "4057024747", "entity": "Organization"}}, {"type": "Feature", "geometry": {"type": "Point", "coordinates": [-95.584048438748, 35.284269440933]}, "properties": {"npi": "1477876159", "name": "BOOMER SOLUTIONS LLC", "category": "Pharmacy", "specialty": "Specialty Pharmacy", "address": "310 S 1ST ST", "city": "EUFAULA", "state": "OK", "zip": "74432", "phone": "8777743706", "entity": "Organization"}}, {"type": "Feature", "geometry": {"type": "Point", "coordinates": [-95.979461625853, 36.067445464612]}, "properties": {"npi": "1528383841", "name": "SHADOW MOUNTAIN BEHAVIORAL HEALTH SYSTEM, LLC", "category": "Pharmacy", "specialty": "Institutional Pharmacy", "address": "1027 E 66TH PL", "city": "TULSA", "state": "OK", "zip": "74136", "phone": "9184928200", "entity": "Organization"}}, {"type": "Feature", "geometry": {"type": "Point", "coordinates": [-95.964698585014, 36.134179204306]}, "properties": {"npi": "1114244985", "name": "ADULT GASTROENTEROLOGY ASSOCIATES, INC", "category": "Pharmacy", "specialty": "Non-Pharmacy Dispensing Site", "address": "2000 S WHEELING AVE", "city": "TULSA", "state": "OK", "zip": "74104", "phone": "9187494887", "entity": "Organization"}}, {"type": "Feature", "geometry": {"type": "Point", "coordinates": [-96.4068954827, 33.998659536682]}, "properties": {"npi": "1104145846", "name": "BMTTH LLC", "category": "Pharmacy", "specialty": "Community/Retail Pharmacy", "address": "2432 W MAIN ST", "city": "DURANT", "state": "OK", "zip": "74701", "phone": "5809201400", "entity": "Organization"}}, {"type": "Feature", "geometry": {"type": "Point", "coordinates": [-94.769187876793, 36.588185168713]}, "properties": {"npi": "1962721464", "name": "RX SHOPPE INC", "category": "Pharmacy", "specialty": "Compounding Pharmacy", "address": "901 S MAIN ST", "city": "GROVE", "state": "OK", "zip": "74344", "phone": "9187861092", "entity": "Organization"}}, {"type": "Feature", "geometry": {"type": "Point", "coordinates": [-97.836715775282, 36.396002348483]}, "properties": {"npi": "1043531734", "name": "DIELRX", "category": "Pharmacy", "specialty": "Pharmacy", "address": "221 S 30TH ST", "city": "ENID", "state": "OK", "zip": "73701", "phone": "5802373801", "entity": "Organization"}}, {"type": "Feature", "geometry": {"type": "Point", "coordinates": [-97.565512746347, 35.361974166877]}, "properties": {"npi": "1205157724", "name": "CREST RX LLC", "category": "Pharmacy", "specialty": "Compounding Pharmacy", "address": "10601 S MAY AVE STE 11", "city": "OKLAHOMA CITY", "state": "OK", "zip": "73170", "phone": "4053787171", "entity": "Organization"}}, {"type": "Feature", "geometry": {"type": "Point", "coordinates": [-97.476653746866, 35.493180094121]}, "properties": {"npi": "1306167572", "name": "BFL MLK LLC", "category": "Pharmacy", "specialty": "Pharmacy", "address": "2001 NE 23RD ST", "city": "OKLAHOMA CITY", "state": "OK", "zip": "73111", "phone": "4054244361", "entity": "Organization"}}, {"type": "Feature", "geometry": {"type": "Point", "coordinates": [-97.640774391129, 35.420748115261]}, "properties": {"npi": "1013222363", "name": "OCCUPATIONAL HEALTH CENTERS OF THE SOUTHWEST P.A.", "category": "Pharmacy", "specialty": "Non-Pharmacy Dispensing Site", "address": "7301 SW 44TH ST", "city": "OKLAHOMA CITY", "state": "OK", "zip": "73179", "phone": "4053573500", "entity": "Organization"}}, {"type": "Feature", "geometry": {"type": "Point", "coordinates": [-97.932530292101, 35.846770914997]}, "properties": {"npi": "1982919130", "name": "HERITAGE PHARMACY LLC", "category": "Pharmacy", "specialty": "Long Term Care Pharmacy", "address": "1309 S MAIN ST", "city": "KINGFISHER", "state": "OK", "zip": "73750", "phone": "4053756300", "entity": "Organization"}}, {"type": "Feature", "geometry": {"type": "Point", "coordinates": [-97.52168009838, 35.435292106637]}, "properties": {"npi": "1376858373", "name": "JUDE & JODY FURNITURE INC.", "category": "Pharmacy", "specialty": "Non-Pharmacy Dispensing Site", "address": "509 SW 29TH ST", "city": "OKLAHOMA CITY", "state": "OK", "zip": "73109", "phone": "4056311505", "entity": "Organization"}}, {"type": "Feature", "geometry": {"type": "Point", "coordinates": [-97.530087244303, 35.484396025776]}, "properties": {"npi": "1679880512", "name": "OKEY PHARMACY LLC", "category": "Pharmacy", "specialty": "Community/Retail Pharmacy", "address": "1515 N CLASSEN BLVD", "city": "OKLAHOMA CITY", "state": "OK", "zip": "73106", "phone": "4056049085", "entity": "Organization"}}, {"type": "Feature", "geometry": {"type": "Point", "coordinates": [-98.298936338257, 34.362177335915]}, "properties": {"npi": "1922316959", "name": "ELIZABETH CREW PLLC", "category": "Pharmacy", "specialty": "Pharmacy", "address": "619 E MISSOURI ST", "city": "WALTERS", "state": "OK", "zip": "73572", "phone": "5808756161", "entity": "Organization"}}, {"type": "Feature", "geometry": {"type": "Point", "coordinates": [-97.513905976178, 35.487051097102]}, "properties": {"npi": "1639489529", "name": "TBCPM LLC", "category": "Pharmacy", "specialty": "Pharmacy", "address": "1801 N BROADWAY AVE", "city": "OKLAHOMA CITY", "state": "OK", "zip": "73103", "phone": "4054295138", "entity": "Organization"}}, {"type": "Feature", "geometry": {"type": "Point", "coordinates": [-95.99894502637, 36.368748013264]}, "properties": {"npi": "1538460795", "name": "OK COMPOUNDING LLC", "category": "Pharmacy", "specialty": "Compounding Pharmacy", "address": "102 N BROADWAY", "city": "SKIATOOK", "state": "OK", "zip": "74070", "phone": "9183960100", "entity": "Organization"}}, {"type": "Feature", "geometry": {"type": "Point", "coordinates": [-98.599441831204, 35.101754628582]}, "properties": {"npi": "1639472970", "name": "CARNEGIE INDIAN HEALTH CLINIC", "category": "Pharmacy", "specialty": "Indian Health Service/Tribal/Urban Indian Health (I/T/U) Pharmacy", "address": "212 E. 4TH ST", "city": "CARNEGIE", "state": "OK", "zip": "73015", "phone": "5806541100", "entity": "Organization"}}, {"type": "Feature", "geometry": {"type": "Point", "coordinates": [-98.459908894376, 34.59430517308]}, "properties": {"npi": "1912200221", "name": "RENOLDS ARMY COMMUNITY HOSPITAL", "category": "Pharmacy", "specialty": "Military/U.S. Coast Guard Pharmacy", "address": "5404 SW LEE BLVD", "city": "LAWTON", "state": "OK", "zip": "73505", "phone": "5805582558", "entity": "Organization"}}, {"type": "Feature", "geometry": {"type": "Point", "coordinates": [-97.932972248322, 35.86298858811]}, "properties": {"npi": "1174827273", "name": "KINGFISHER PHARMACY MANAGEMENT PLLC", "category": "Pharmacy", "specialty": "Long Term Care Pharmacy", "address": "119 W ADMIRE AVE", "city": "KINGFISHER", "state": "OK", "zip": "73750", "phone": "4053753202", "entity": "Organization"}}, {"type": "Feature", "geometry": {"type": "Point", "coordinates": [-97.135133368883, 33.748815463127]}, "properties": {"npi": "1669777058", "name": "THACKERVILLE PHARMACY", "category": "Pharmacy", "specialty": "Compounding Pharmacy", "address": "11530 RIDGE RD STE 1", "city": "THACKERVILLE", "state": "OK", "zip": "73459", "phone": "5802765161", "entity": "Organization"}}, {"type": "Feature", "geometry": {"type": "Point", "coordinates": [-98.510265023103, 34.597907033794]}, "properties": {"npi": "1164721577", "name": "MAXOR NATIONAL PHARMACY SERVICES LLC", "category": "Pharmacy", "specialty": "Community/Retail Pharmacy", "address": "901 SW GOODYEAR BLVD", "city": "LAWTON", "state": "OK", "zip": "73505", "phone": "5805315858", "entity": "Organization"}}, {"type": "Feature", "geometry": {"type": "Point", "coordinates": [-98.1401346, 34.9342068]}, "properties": {"npi": "1629377064", "name": "CENTRAL DRUG LLC", "category": "Pharmacy", "specialty": "Community/Retail Pharmacy", "address": "307 N MAIN ST", "city": "CEMENT", "state": "OK", "zip": "73017", "phone": "4054893521", "entity": "Organization"}}, {"type": "Feature", "geometry": {"type": "Point", "coordinates": [-95.143391869594, 35.932838558419]}, "properties": {"npi": "1407145121", "name": "NORTHEASTERN OKLAHOMA COMMUNITY HEALTH CENTERS INC", "category": "Pharmacy", "specialty": "Pharmacy", "address": "131 E MAIN ST", "city": "HULBERT", "state": "OK", "zip": "74441", "phone": "9187722727", "entity": "Organization"}}, {"type": "Feature", "geometry": {"type": "Point", "coordinates": [-97.466413035171, 35.334152530335]}, "properties": {"npi": "1194014704", "name": "CARTERS DRUG INC", "category": "Pharmacy", "specialty": "Community/Retail Pharmacy", "address": "1400 SE 4TH ST STE E", "city": "MOORE", "state": "OK", "zip": "73160", "phone": "4057359600", "entity": "Organization"}}, {"type": "Feature", "geometry": {"type": "Point", "coordinates": [-94.62348983251, 35.054114881282]}, "properties": {"npi": "1962791483", "name": "HOMETOWN DRUG COMPANY LLC", "category": "Pharmacy", "specialty": "Compounding Pharmacy", "address": "307 N BROADWAY ST", "city": "POTEAU", "state": "OK", "zip": "74953", "phone": "9186472349", "entity": "Organization"}}, {"type": "Feature", "geometry": {"type": "Point", "coordinates": [-97.466413035171, 35.334152530335]}, "properties": {"npi": "1104116508", "name": "CARTERS DRUG INC,", "category": "Pharmacy", "specialty": "Pharmacy", "address": "1400 SE 4TH ST", "city": "MOORE", "state": "OK", "zip": "73160", "phone": "4057997400", "entity": "Organization"}}, {"type": "Feature", "geometry": {"type": "Point", "coordinates": [-97.583598741431, 35.583121359737]}, "properties": {"npi": "1831485267", "name": "OKLAHOMA CANCER AND BLOOD SPECIALISTS, LLC", "category": "Pharmacy", "specialty": "Non-Pharmacy Dispensing Site", "address": "11100 HEFNER POINTE DR STE A", "city": "OKLAHOMA CITY", "state": "OK", "zip": "73120", "phone": "4057520871", "entity": "Organization"}}, {"type": "Feature", "geometry": {"type": "Point", "coordinates": [-97.050521559707, 36.130577960012]}, "properties": {"npi": "1568758555", "name": "CAMPBELL DRUG INCORPORATED", "category": "Pharmacy", "specialty": "Community/Retail Pharmacy", "address": "610 E MCELROY RD", "city": "STILLWATER", "state": "OK", "zip": "74075", "phone": "4057073005", "entity": "Organization"}}, {"type": "Feature", "geometry": {"type": "Point", "coordinates": [-94.59013297304, 35.403371707391]}, "properties": {"npi": "1467731760", "name": "S AND H FAMILY PHARMACY SERVICES INCORPORATED", "category": "Pharmacy", "specialty": "Long Term Care Pharmacy", "address": "710 E SHAWNTEL SMITH BLVD STE D", "city": "MULDROW", "state": "OK", "zip": "74948", "phone": "9184276060", "entity": "Organization"}}, {"type": "Feature", "geometry": {"type": "Point", "coordinates": [-99.423249813924, 35.411642617238]}, "properties": {"npi": "1164701645", "name": "KEYES' COMPOUNDING & SPECIALTY DRUG", "category": "Pharmacy", "specialty": "Compounding Pharmacy", "address": "1602 W 3RD ST", "city": "ELK CITY", "state": "OK", "zip": "73644", "phone": "5802255273", "entity": "Organization"}}, {"type": "Feature", "geometry": {"type": "Point", "coordinates": [-95.889328937946, 36.117799338211]}, "properties": {"npi": "1437433448", "name": "HARVARD FAMILY PHYSICIANS P C", "category": "Pharmacy", "specialty": "Pharmacy", "address": "7912 E 31ST CT STE 130", "city": "TULSA", "state": "OK", "zip": "74145", "phone": "9187287654", "entity": "Organization"}}, {"type": "Feature", "geometry": {"type": "Point", "coordinates": [-98.422441561572, 34.609624392685]}, "properties": {"npi": "1881970374", "name": "LAWTON HERITAGE PHARMACY INC", "category": "Pharmacy", "specialty": "Compounding Pharmacy", "address": "12 NW SHERIDAN RD", "city": "LAWTON", "state": "OK", "zip": "73505", "phone": "5803549860", "entity": "Organization"}}, {"type": "Feature", "geometry": {"type": "Point", "coordinates": [-96.049658721127, 35.740772386201]}, "properties": {"npi": "1316214026", "name": "KATHY'S PHARMACY & GIFTS", "category": "Pharmacy", "specialty": "Community/Retail Pharmacy", "address": "8054 HIGHWAY 16 STE 100", "city": "BEGGS", "state": "OK", "zip": "74421", "phone": "9182674890", "entity": "Organization"}}, {"type": "Feature", "geometry": {"type": "Point", "coordinates": [-99.868709676012, 35.215033369088]}, "properties": {"npi": "1639447378", "name": "RYAN WOODY", "category": "Pharmacy", "specialty": "Community/Retail Pharmacy", "address": "215 WEST ROGER MILLER BLVD", "city": "ERICK", "state": "OK", "zip": "73645", "phone": "5805263311", "entity": "Organization"}}, {"type": "Feature", "geometry": {"type": "Point", "coordinates": [-95.848196067461, 36.300317867385]}, "properties": {"npi": "1255609855", "name": "HOSPICE PHARMACY PROVIDERS, LLC", "category": "Pharmacy", "specialty": "Specialty Pharmacy", "address": "9100 N GARNETT RD STE K", "city": "OWASSO", "state": "OK", "zip": "74055", "phone": "9182726337", "entity": "Organization"}}, {"type": "Feature", "geometry": {"type": "Point", "coordinates": [-97.440456116553, 35.224871324425]}, "properties": {"npi": "1134490550", "name": "DAVES HEALTHMART PHARMACY INC", "category": "Pharmacy", "specialty": "Pharmacy", "address": "329 N PORTER AVE", "city": "NORMAN", "state": "OK", "zip": "73071", "phone": "4053608882", "entity": "Organization"}}, {"type": "Feature", "geometry": {"type": "Point", "coordinates": [-97.552927831288, 35.493178413113]}, "properties": {"npi": "1215202064", "name": "23RD STREET PHARMACY LLC", "category": "Pharmacy", "specialty": "Long Term Care Pharmacy", "address": "2316 NW 23RD ST", "city": "OKLAHOMA CITY", "state": "OK", "zip": "73107", "phone": "4056026442", "entity": "Organization"}}, {"type": "Feature", "geometry": {"type": "Point", "coordinates": [-95.833318522781, 36.089989057877]}, "properties": {"npi": "1295000685", "name": "OKLAHOMA CANCER SPECIALISTS AND RESEARCH INSTITUTE LLC", "category": "Pharmacy", "specialty": "Pharmacy", "address": "12697 E 51ST ST", "city": "TULSA", "state": "OK", "zip": "74146", "phone": "9185053252", "entity": "Organization"}}, {"type": "Feature", "geometry": {"type": "Point", "coordinates": [-96.239007464572, 35.234863068027]}, "properties": {"npi": "1407116668", "name": "CREEK NATION HOSPITAL & CLINICS", "category": "Pharmacy", "specialty": "Pharmacy", "address": "325 S WASHITA ST", "city": "WETUMKA", "state": "OK", "zip": "74883", "phone": "4054521313", "entity": "Organization"}}, {"type": "Feature", "geometry": {"type": "Point", "coordinates": [-96.652412145425, 34.788147603836]}, "properties": {"npi": "1710249628", "name": "THE CHICKASAW NATION EMPLOYEE CLINIC PHARMACY- ADA", "category": "Pharmacy", "specialty": "Pharmacy", "address": "1007 N COUNTRY CLUB RD", "city": "ADA", "state": "OK", "zip": "74820", "phone": "5804218775", "entity": "Organization"}}, {"type": "Feature", "geometry": {"type": "Point", "coordinates": [-95.922111858403, 36.057089036495]}, "properties": {"npi": "1124382585", "name": "RX CONCEPTS LLC", "category": "Pharmacy", "specialty": "Long Term Care Pharmacy", "address": "7302 S YALE AVE STE 101", "city": "TULSA", "state": "OK", "zip": "74136", "phone": "9183923366", "entity": "Organization"}}, {"type": "Feature", "geometry": {"type": "Point", "coordinates": [-96.018434721685, 35.949432938171]}, "properties": {"npi": "1700141801", "name": "MEDICATION ADVISORS, PLLC", "category": "Pharmacy", "specialty": "Geriatric Pharmacist", "address": "790 W 147TH PL S", "city": "GLENPOOL", "state": "OK", "zip": "74033", "phone": "8884078643", "entity": "Organization"}}, {"type": "Feature", "geometry": {"type": "Point", "coordinates": [-97.487078752652, 34.232948728906]}, "properties": {"npi": "1306101118", "name": "KND ENTERPRISES LLC", "category": "Pharmacy", "specialty": "Pharmacy", "address": "11103 HWY 76", "city": "HEALDTON", "state": "OK", "zip": "73438", "phone": "5802291141", "entity": "Organization"}}, {"type": "Feature", "geometry": {"type": "Point", "coordinates": [-96.42664835354, 33.932655767971]}, "properties": {"npi": "1841546249", "name": "ONESOURCE LLC", "category": "Pharmacy", "specialty": "Community/Retail Pharmacy", "address": "213 E MAIN ST STE 100", "city": "CALERA", "state": "OK", "zip": "74730", "phone": "5802796001", "entity": "Organization"}}, {"type": "Feature", "geometry": {"type": "Point", "coordinates": [-95.848312937217, 36.046266113463]}, "properties": {"npi": "1598012270", "name": "GENSCRIPTS LLC", "category": "Pharmacy", "specialty": "Community/Retail Pharmacy", "address": "4666 W HOUSTON ST", "city": "BROKEN ARROW", "state": "OK", "zip": "74012", "phone": "9186153330", "entity": "Organization"}}, {"type": "Feature", "geometry": {"type": "Point", "coordinates": [-97.57460773555, 35.527419530928]}, "properties": {"npi": "1801146782", "name": "PHYSICIAN PREFERRED MEDICAL, LLC", "category": "Pharmacy", "specialty": "Community/Retail Pharmacy", "address": "3300 NW 56TH ST", "city": "OKLAHOMA CITY", "state": "OK", "zip": "73112", "phone": "8552030681", "entity": "Organization"}}, {"type": "Feature", "geometry": {"type": "Point", "coordinates": [-96.11351751694, 35.98266582179]}, "properties": {"npi": "1962753764", "name": "PILL BOX PHARMACY LLC", "category": "Pharmacy", "specialty": "Pharmacy", "address": "1329 S MAIN ST UNIT C", "city": "SAPULPA", "state": "OK", "zip": "74066", "phone": "9185126635", "entity": "Organization"}}, {"type": "Feature", "geometry": {"type": "Point", "coordinates": [-94.778932294592, 36.205162463247]}, "properties": {"npi": "1861743130", "name": "KANSAS PHARMACY LLC", "category": "Pharmacy", "specialty": "Pharmacy", "address": "1119 E TULSA AVE", "city": "KANSAS", "state": "OK", "zip": "74347", "phone": "9188686162", "entity": "Organization"}}, {"type": "Feature", "geometry": {"type": "Point", "coordinates": [-95.88662333858, 35.999266233225]}, "properties": {"npi": "1194076216", "name": "BROOKSHIRE GROCERY COMPANY", "category": "Pharmacy", "specialty": "Pharmacy", "address": "11116 S MEMORIAL DR", "city": "BIXBY", "state": "OK", "zip": "74008", "phone": "9189704919", "entity": "Organization"}}, {"type": "Feature", "geometry": {"type": "Point", "coordinates": [-97.266179315289, 35.435222502287]}, "properties": {"npi": "1164774709", "name": "MATT'S COUNTRY BOY PHARMACY LLC", "category": "Pharmacy", "specialty": "Community/Retail Pharmacy", "address": "14890 SE 29TH ST STE 108", "city": "CHOCTAW", "state": "OK", "zip": "73020", "phone": "4053903205", "entity": "Organization"}}, {"type": "Feature", "geometry": {"type": "Point", "coordinates": [-97.529895539902, 35.348378900424]}, "properties": {"npi": "1659625820", "name": "EXPRESS DRUG LLC", "category": "Pharmacy", "specialty": "Long Term Care Pharmacy", "address": "12032 S WESTERN AVE", "city": "OKLAHOMA CITY", "state": "OK", "zip": "73170", "phone": "4057353950", "entity": "Organization"}}, {"type": "Feature", "geometry": {"type": "Point", "coordinates": [-96.652295121555, 34.781685180602]}, "properties": {"npi": "1881938918", "name": "BROWNS PHARMACY AND GIFTS LLC", "category": "Pharmacy", "specialty": "Long Term Care Pharmacy", "address": "1800 ARLINGTON ST", "city": "ADA", "state": "OK", "zip": "74820", "phone": "5802791416", "entity": "Organization"}}, {"type": "Feature", "geometry": {"type": "Point", "coordinates": [-95.90626968483, 36.015900151708]}, "properties": {"npi": "1508102609", "name": "INSYNC LIFE CARE LLC", "category": "Pharmacy", "specialty": "Community/Retail Pharmacy", "address": "6310 EAST 102ND STREET", "city": "TULSA", "state": "OK", "zip": "74137", "phone": "9185827500", "entity": "Organization"}}, {"type": "Feature", "geometry": {"type": "Point", "coordinates": [-94.841721437444, 36.874306665304]}, "properties": {"npi": "1295071025", "name": "GLMHC PHARMACY LLC", "category": "Pharmacy", "specialty": "Pharmacy", "address": "111 S TREATY RD STE 142A", "city": "MIAMI", "state": "OK", "zip": "74354", "phone": "9185401511", "entity": "Organization"}}, {"type": "Feature", "geometry": {"type": "Point", "coordinates": [-97.512990496367, 35.638306388711]}, "properties": {"npi": "1225376544", "name": "J & M BOWLES LLC", "category": "Pharmacy", "specialty": "Pharmacy", "address": "2200 W 15TH ST", "city": "EDMOND", "state": "OK", "zip": "73013", "phone": "4053301089", "entity": "Organization"}}, {"type": "Feature", "geometry": {"type": "Point", "coordinates": [-95.9989776, 36.3686861]}, "properties": {"npi": "1245579937", "name": "OK COMPOUNDING", "category": "Pharmacy", "specialty": "Pharmacy", "address": "102 BROADWAY", "city": "SKIATOOK", "state": "OK", "zip": "74070", "phone": "9183960100", "entity": "Organization"}}, {"type": "Feature", "geometry": {"type": "Point", "coordinates": [-97.898818566253, 36.113985310197]}, "properties": {"npi": "1548509615", "name": "HERITAGE PHARMACY LLC", "category": "Pharmacy", "specialty": "Community/Retail Pharmacy", "address": "529 N MAIN ST", "city": "HENNESSEY", "state": "OK", "zip": "73742", "phone": "4053756300", "entity": "Organization"}}, {"type": "Feature", "geometry": {"type": "Point", "coordinates": [-95.886619291669, 35.946298158727]}, "properties": {"npi": "1558601179", "name": "GLENPOOL PHARMACY INC", "category": "Pharmacy", "specialty": "Community/Retail Pharmacy", "address": "15024 S MEMORIAL DR STE F", "city": "BIXBY", "state": "OK", "zip": "74008", "phone": "9183647222", "entity": "Organization"}}, {"type": "Feature", "geometry": {"type": "Point", "coordinates": [-94.877417036048, 36.896556034329]}, "properties": {"npi": "1023358298", "name": "NW MIAMI LLC", "category": "Pharmacy", "specialty": "Long Term Care Pharmacy", "address": "1910 N MAIN ST", "city": "MIAMI", "state": "OK", "zip": "74354", "phone": "9185424795", "entity": "Organization"}}, {"type": "Feature", "geometry": {"type": "Point", "coordinates": [-95.612436049945, 36.318113729759]}, "properties": {"npi": "1154664191", "name": "GREEN COUNTRY RX LLC", "category": "Pharmacy", "specialty": "Compounding Pharmacy", "address": "700 N LYNN RIGGS BLVD", "city": "CLAREMORE", "state": "OK", "zip": "74017", "phone": "9183428050", "entity": "Organization"}}, {"type": "Feature", "geometry": {"type": "Point", "coordinates": [-95.92205208936, 36.068392173698]}, "properties": {"npi": "1871938241", "name": "ECONOMY PHARMACY INC", "category": "Pharmacy", "specialty": "Compounding Pharmacy", "address": "6585 S YALE AVE STE 102", "city": "TULSA", "state": "OK", "zip": "74136", "phone": "9184911004", "entity": "Organization"}}, {"type": "Feature", "geometry": {"type": "Point", "coordinates": [-97.4795458929, 35.651996329773]}, "properties": {"npi": "1922445089", "name": "METRO PHARMACY LLC", "category": "Pharmacy", "specialty": "Pharmacy", "address": "125 E 3RD ST", "city": "EDMOND", "state": "OK", "zip": "73034", "phone": "4055138210", "entity": "Organization"}}, {"type": "Feature", "geometry": {"type": "Point", "coordinates": [-95.975750040859, 36.019751330678]}, "properties": {"npi": "1073952354", "name": "PATRIOT PHARMACIES LLC", "category": "Pharmacy", "specialty": "Compounding Pharmacy", "address": "329 S ELM ST STE 130", "city": "JENKS", "state": "OK", "zip": "74037", "phone": "9182984153", "entity": "Organization"}}, {"type": "Feature", "geometry": {"type": "Point", "coordinates": [-97.478266085943, 35.612682073133]}, "properties": {"npi": "1639518038", "name": "CREATIVE CARE PHARMACY, LLC", "category": "Pharmacy", "specialty": "Compounding Pharmacy", "address": "14101 N EASTERN AVE", "city": "EDMOND", "state": "OK", "zip": "73013", "phone": "4055621800", "entity": "Organization"}}, {"type": "Feature", "geometry": {"type": "Point", "coordinates": [-95.954249557706, 36.04635414044]}, "properties": {"npi": "1457790545", "name": "ADVANCED ORTHOPEDICS OF OKLAHOMA PLLC", "category": "Pharmacy", "specialty": "Pharmacy", "address": "2488 E 81ST ST STE 290", "city": "TULSA", "state": "OK", "zip": "74137", "phone": "9184942665", "entity": "Organization"}}, {"type": "Feature", "geometry": {"type": "Point", "coordinates": [-95.934939317362, 36.727964205001]}, "properties": {"npi": "1063853778", "name": "LIMESTONE PHARMACY P.L.L.C.", "category": "Pharmacy", "specialty": "Pharmacy", "address": "3803 NOWATA RD STE C", "city": "BARTLESVILLE", "state": "OK", "zip": "74006", "phone": "9183310000", "entity": "Organization"}}, {"type": "Feature", "geometry": {"type": "Point", "coordinates": [-97.4795458929, 35.651996329773]}, "properties": {"npi": "1497196851", "name": "RED RIVER RX SOLUTIONS, LLC", "category": "Pharmacy", "specialty": "Pharmacy", "address": "125 E 3RD ST STE C", "city": "EDMOND", "state": "OK", "zip": "73034", "phone": "4055092952", "entity": "Organization"}}, {"type": "Feature", "geometry": {"type": "Point", "coordinates": [-97.601119187067, 35.523699671395]}, "properties": {"npi": "1629419726", "name": "OPEN ARMS CLINIC", "category": "Pharmacy", "specialty": "Clinic Pharmacy", "address": "5252 N MERIDIAN AVE STE 101", "city": "OKLAHOMA CITY", "state": "OK", "zip": "73112", "phone": "4057890458", "entity": "Organization"}}, {"type": "Feature", "geometry": {"type": "Point", "coordinates": [-97.534259085657, 35.387101853605]}, "properties": {"npi": "1316388408", "name": "VARIETY CARE INC", "category": "Pharmacy", "specialty": "Pharmacy", "address": "1025 STRAKA TER", "city": "OKLAHOMA CITY", "state": "OK", "zip": "73139", "phone": "4056295281", "entity": "Organization"}}, {"type": "Feature", "geometry": {"type": "Point", "coordinates": [-97.527706970046, 35.391050523365]}, "properties": {"npi": "1679905384", "name": "HEALTHSCRIPTS OF AMERICA - OKLAHOMA CITY, LLC", "category": "Pharmacy", "specialty": "Community/Retail Pharmacy", "address": "804 W I 240 SERVICE RD STE F", "city": "OKLAHOMA CITY", "state": "OK", "zip": "73139", "phone": "8553571433", "entity": "Organization"}}, {"type": "Feature", "geometry": {"type": "Point", "coordinates": [-97.522908372595, 35.477181575626]}, "properties": {"npi": "1649602293", "name": "SSM HEALTH CARE OF OKLAHOMA INC", "category": "Pharmacy", "specialty": "Community/Retail Pharmacy", "address": "608 NW 9TH ST", "city": "OKLAHOMA CITY", "state": "OK", "zip": "73102", "phone": "4058155655", "entity": "Organization"}}, {"type": "Feature", "geometry": {"type": "Point", "coordinates": [-97.632268672892, 35.512047310729]}, "properties": {"npi": "1013340249", "name": "PHARMCAREOK, INC.", "category": "Pharmacy", "specialty": "Community/Retail Pharmacy", "address": "6800 NW 39TH EXPY", "city": "BETHANY", "state": "OK", "zip": "73008", "phone": "4057873939", "entity": "Organization"}}, {"type": "Feature", "geometry": {"type": "Point", "coordinates": [-97.861623140542, 36.390572366533]}, "properties": {"npi": "1164856944", "name": "PHARMCAREOK OF ENID, INC.", "category": "Pharmacy", "specialty": "Community/Retail Pharmacy", "address": "1119A E OWEN GARRIOTT RD", "city": "ENID", "state": "OK", "zip": "73701", "phone": "5802425252", "entity": "Organization"}}, {"type": "Feature", "geometry": {"type": "Point", "coordinates": [-98.578284915175, 35.550120631499]}, "properties": {"npi": "1528492303", "name": "PHARMCAREOK OF HYDRO, INC.", "category": "Pharmacy", "specialty": "Community/Retail Pharmacy", "address": "510 S ARAPAHO AVENUE", "city": "HYDRO", "state": "OK", "zip": "73048", "phone": "4056634111", "entity": "Organization"}}, {"type": "Feature", "geometry": {"type": "Point", "coordinates": [-95.751345920179, 36.177784517412]}, "properties": {"npi": "1649604356", "name": "PHARMCAREOK OF TULSA, INC.", "category": "Pharmacy", "specialty": "Community/Retail Pharmacy", "address": "750 S CHEROKEE ST STE B", "city": "CATOOSA", "state": "OK", "zip": "74015", "phone": "9183790404", "entity": "Organization"}}, {"type": "Feature", "geometry": {"type": "Point", "coordinates": [-97.475051868508, 35.21829076389]}, "properties": {"npi": "1306272778", "name": "THUNDER DISCOUNT DRUG LLC", "category": "Pharmacy", "specialty": "Community/Retail Pharmacy", "address": "2296 W MAIN ST", "city": "NORMAN", "state": "OK", "zip": "73069", "phone": "4052123177", "entity": "Organization"}}, {"type": "Feature", "geometry": {"type": "Point", "coordinates": [-97.527706970046, 35.391050523365]}, "properties": {"npi": "1104252600", "name": "PREMIER DRUG, LLC", "category": "Pharmacy", "specialty": "Community/Retail Pharmacy", "address": "804 WEST I-240 SERVICE ROAD, SUITE F", "city": "OKLAHOMA CITY", "state": "OK", "zip": "73139", "phone": "4053784210", "entity": "Organization"}}, {"type": "Feature", "geometry": {"type": "Point", "coordinates": [-97.479626, 35.2386989]}, "properties": {"npi": "1972939015", "name": "J & M BOWLES LLC", "category": "Pharmacy", "specialty": "Community/Retail Pharmacy", "address": "2550 MT WILLIAMS DR", "city": "NORMAN", "state": "OK", "zip": "73069", "phone": "4058098145", "entity": "Organization"}}, {"type": "Feature", "geometry": {"type": "Point", "coordinates": [-97.215955597996, 34.737044825997]}, "properties": {"npi": "1063840437", "name": "HEALTHCARE PHARMACY OF OKLAHOMA INC", "category": "Pharmacy", "specialty": "Compounding Pharmacy", "address": "110 BURR AVE STE A", "city": "PAULS VALLEY", "state": "OK", "zip": "73075", "phone": "4052382755", "entity": "Organization"}}, {"type": "Feature", "geometry": {"type": "Point", "coordinates": [-97.496267458116, 35.232786955252]}, "properties": {"npi": "1760810071", "name": "BROOKHAVEN SPECIALTY PHARMACY LLC", "category": "Pharmacy", "specialty": "Pharmacy", "address": "3750 W ROBINSON ST", "city": "NORMAN", "state": "OK", "zip": "73072", "phone": "5804216929", "entity": "Organization"}}, {"type": "Feature", "geometry": {"type": "Point", "coordinates": [-97.521265245824, 35.405280832098]}, "properties": {"npi": "1649600446", "name": "HOPE PHARMACY, LLC", "category": "Pharmacy", "specialty": "Pharmacy", "address": "6100 S WALKER AVE", "city": "OKLAHOMA CITY", "state": "OK", "zip": "73139", "phone": "4055103890", "entity": "Organization"}}, {"type": "Feature", "geometry": {"type": "Point", "coordinates": [-95.935572928187, 36.756401424976]}, "properties": {"npi": "1386074946", "name": "NW BARTLESVILLE LLC", "category": "Pharmacy", "specialty": "Community/Retail Pharmacy", "address": "143 SE WASHINGTON BLVD", "city": "BARTLESVILLE", "state": "OK", "zip": "74006", "phone": "9188764204", "entity": "Organization"}}, {"type": "Feature", "geometry": {"type": "Point", "coordinates": [-96.678792113742, 34.781332228566]}, "properties": {"npi": "1588085666", "name": "HALO COMPOUNDING", "category": "Pharmacy", "specialty": "Pharmacy", "address": "703 N. BROADWAY STE. 3", "city": "ADA", "state": "OK", "zip": "74820", "phone": "5804219885", "entity": "Organization"}}, {"type": "Feature", "geometry": {"type": "Point", "coordinates": [-97.583366689757, 35.524711626375]}, "properties": {"npi": "1881016954", "name": "VARIETY CARE", "category": "Pharmacy", "specialty": "Community/Retail Pharmacy", "address": "5320 N PORTLAND AVE", "city": "OKLAHOMA CITY", "state": "OK", "zip": "73112", "phone": "4056050316", "entity": "Organization"}}, {"type": "Feature", "geometry": {"type": "Point", "coordinates": [-95.36579176697, 35.754429111665]}, "properties": {"npi": "1285056846", "name": "HUNTERS GREEN COUNTRY PHARMACY LLC", "category": "Pharmacy", "specialty": "Pharmacy", "address": "619 N MAIN ST", "city": "MUSKOGEE", "state": "OK", "zip": "74401", "phone": "9189133652", "entity": "Organization"}}, {"type": "Feature", "geometry": {"type": "Point", "coordinates": [-94.976497122224, 35.896224478849]}, "properties": {"npi": "1639592330", "name": "CHEROKEE HILLS DRUG COMPANY LLC", "category": "Pharmacy", "specialty": "Community/Retail Pharmacy", "address": "1607 S MUSKOGEE AVE", "city": "TAHLEQUAH", "state": "OK", "zip": "74464", "phone": "9184562531", "entity": "Organization"}}, {"type": "Feature", "geometry": {"type": "Point", "coordinates": [-97.511230424699, 35.182216819338]}, "properties": {"npi": "1124442801", "name": "THE CHICKASAW NATION EMPLOYEE CLINIC PHARMACY", "category": "Pharmacy", "specialty": "Community/Retail Pharmacy", "address": "2080 STATE HWY 9 WEST", "city": "NORMAN", "state": "OK", "zip": "73072", "phone": "4053226868", "entity": "Organization"}}, {"type": "Feature", "geometry": {"type": "Point", "coordinates": [-96.112025969005, 35.979340106242]}, "properties": {"npi": "1770908675", "name": "CREOKS MENTAL HEALTH SERVICES, INC., DBA TRUWELLNESS RX", "category": "Pharmacy", "specialty": "Clinic Pharmacy", "address": "105 EAST ROSS AVENUE", "city": "SAPULPA", "state": "OK", "zip": "74066", "phone": "9182164628", "entity": "Organization"}}, {"type": "Feature", "geometry": {"type": "Point", "coordinates": [-96.658204701742, 34.781698963503]}, "properties": {"npi": "1598181000", "name": "THERACOMPRX LLC", "category": "Pharmacy", "specialty": "Compounding Pharmacy", "address": "1414 ARLINGTON ST", "city": "ADA", "state": "OK", "zip": "74820", "phone": "5804369922", "entity": "Organization"}}, {"type": "Feature", "geometry": {"type": "Point", "coordinates": [-97.473229809648, 35.296919111477]}, "properties": {"npi": "1669898904", "name": "VARIETY CARE INC", "category": "Pharmacy", "specialty": "Pharmacy", "address": "500 SW 44TH ST", "city": "OKLAHOMA CITY", "state": "OK", "zip": "73109", "phone": "4056295223", "entity": "Organization"}}, {"type": "Feature", "geometry": {"type": "Point", "coordinates": [-98.479774806757, 36.274419155101]}, "properties": {"npi": "1134545999", "name": "OLIVERS EXPRESS PHARMACY LLC", "category": "Pharmacy", "specialty": "Long Term Care Pharmacy", "address": "624 N MAIN ST", "city": "FAIRVIEW", "state": "OK", "zip": "73737", "phone": "5802274000", "entity": "Organization"}}, {"type": "Feature", "geometry": {"type": "Point", "coordinates": [-97.530294919155, 35.420687518258]}, "properties": {"npi": "1356769509", "name": "INTEGRIS PROHEALTH INC", "category": "Pharmacy", "specialty": "Pharmacy", "address": "4401 S WESTERN AVE STE 1F181", "city": "OKLAHOMA CITY", "state": "OK", "zip": "73109", "phone": "4052310400", "entity": "Organization"}}, {"type": "Feature", "geometry": {"type": "Point", "coordinates": [-99.630387576421, 36.839252049163]}, "properties": {"npi": "1780003475", "name": "TEXOMA MEDICAL SERVICES, INC", "category": "Pharmacy", "specialty": "Long Term Care Pharmacy", "address": "506 N HOY STREET", "city": "BUFFALO", "state": "OK", "zip": "73834", "phone": "5807352277", "entity": "Organization"}}, {"type": "Feature", "geometry": {"type": "Point", "coordinates": [-97.441161813569, 35.229688320229]}, "properties": {"npi": "1396164935", "name": "PHYSICIANS & SURGEONS PHARMACY", "category": "Pharmacy", "specialty": "Community/Retail Pharmacy", "address": "900 N PORTER AVE", "city": "NORMAN", "state": "OK", "zip": "73071", "phone": "4053645222", "entity": "Organization"}}, {"type": "Feature", "geometry": {"type": "Point", "coordinates": [-97.42619757215, 35.636644058083]}, "properties": {"npi": "1306265640", "name": "MERCY PHARMACY SERVICES, LLC", "category": "Pharmacy", "specialty": "Community/Retail Pharmacy", "address": "2017 W I 35 FRONTAGE RD", "city": "EDMOND", "state": "OK", "zip": "73013", "phone": "4057573395", "entity": "Organization"}}, {"type": "Feature", "geometry": {"type": "Point", "coordinates": [-97.549445576615, 35.652520469714]}, "properties": {"npi": "1114347622", "name": "OKLAHOMA CVS PHARMACY LLC", "category": "Pharmacy", "specialty": "Community/Retail Pharmacy", "address": "17850 N PENNSYLVANIA AVE", "city": "EDMOND", "state": "OK", "zip": "73012", "phone": "4053411142", "entity": "Organization"}}, {"type": "Feature", "geometry": {"type": "Point", "coordinates": [-99.630387576421, 36.839252049163]}, "properties": {"npi": "1073923645", "name": "BUFFALO PHARMACY MANAGEMENT, INC", "category": "Pharmacy", "specialty": "Community/Retail Pharmacy", "address": "506 N HOY", "city": "BUFFALO", "state": "OK", "zip": "73834", "phone": "5807352161", "entity": "Organization"}}, {"type": "Feature", "geometry": {"type": "Point", "coordinates": [-96.260035183764, 34.125552773773]}, "properties": {"npi": "1154733293", "name": "ONESOURCE LLC", "category": "Pharmacy", "specialty": "Community/Retail Pharmacy", "address": "124 BUFFALO ST", "city": "CADDO", "state": "OK", "zip": "74729", "phone": "5802796001", "entity": "Organization"}}, {"type": "Feature", "geometry": {"type": "Point", "coordinates": [-95.850580997128, 36.089935422731]}, "properties": {"npi": "1063824589", "name": "RX HOLDINGS LLC", "category": "Pharmacy", "specialty": "Community/Retail Pharmacy", "address": "11414 E 51ST ST STE A", "city": "TULSA", "state": "OK", "zip": "74146", "phone": "9184618103", "entity": "Organization"}}, {"type": "Feature", "geometry": {"type": "Point", "coordinates": [-98.4146754, 34.6522258]}, "properties": {"npi": "1225442056", "name": "AHC REYNOLDS-FT SILL", "category": "Pharmacy", "specialty": "Military/U.S. Coast Guard Pharmacy", "address": "4301 WILSON ST", "city": "FORT SILL", "state": "OK", "zip": "73503", "phone": "5804422013", "entity": "Organization"}}, {"type": "Feature", "geometry": {"type": "Point", "coordinates": [-97.499314615277, 35.681959665282]}, "properties": {"npi": "1013322213", "name": "HEALTH SHOPPE LLC", "category": "Pharmacy", "specialty": "Pharmacy", "address": "1260 W COVELL RD", "city": "EDMOND", "state": "OK", "zip": "73003", "phone": "4055624242", "entity": "Organization"}}, {"type": "Feature", "geometry": {"type": "Point", "coordinates": [-97.524318214844, 35.47896518548]}, "properties": {"npi": "1942616768", "name": "PREFERRED RX, LLC", "category": "Pharmacy", "specialty": "Pharmacy", "address": "1111 N LEE AVE STE 105", "city": "OKLAHOMA CITY", "state": "OK", "zip": "73103", "phone": "4056091911", "entity": "Organization"}}, {"type": "Feature", "geometry": {"type": "Point", "coordinates": [-97.370741834598, 35.429064110393]}, "properties": {"npi": "1316354814", "name": "SSM HEALTH CARE OF OKLAHOMA INC", "category": "Pharmacy", "specialty": "Pharmacy", "address": "3400 S DOUGLAS BLVD", "city": "OKLAHOMA CITY", "state": "OK", "zip": "73150", "phone": "4057724034", "entity": "Organization"}}, {"type": "Feature", "geometry": {"type": "Point", "coordinates": [-95.993368970666, 36.176969422785]}, "properties": {"npi": "1124427745", "name": "BETHEL PHARMACY LLC", "category": "Pharmacy", "specialty": "Pharmacy", "address": "205 E PINE ST STE 7", "city": "TULSA", "state": "OK", "zip": "74106", "phone": "9185059650", "entity": "Organization"}}, {"type": "Feature", "geometry": {"type": "Point", "coordinates": [-96.112897927508, 36.137453910019]}, "properties": {"npi": "1417358516", "name": "PHARMACY CORPORATION OF AMERICA", "category": "Pharmacy", "specialty": "Pharmacy", "address": "207 W 1ST ST", "city": "SAND SPRINGS", "state": "OK", "zip": "74063", "phone": "8554445387", "entity": "Organization"}}, {"type": "Feature", "geometry": {"type": "Point", "coordinates": [-95.904332936016, 36.031683211564]}, "properties": {"npi": "1831591288", "name": "WALGREENS", "category": "Pharmacy", "specialty": "Pharmacist", "address": "9106 S SHERIDAN RD", "city": "TULSA", "state": "OK", "zip": "74133", "phone": "9184923735", "entity": "Organization"}}, {"type": "Feature", "geometry": {"type": "Point", "coordinates": [-96.018838554138, 36.151639054496]}, "properties": {"npi": "1992107577", "name": "THE GEORGE PROTHRO, MD PHARMACY OF TULSA COUNTY", "category": "Pharmacy", "specialty": "Pharmacist", "address": "2401 CHARLES PAGE BLVD", "city": "TULSA", "state": "OK", "zip": "74127", "phone": "9185965575", "entity": "Organization"}}, {"type": "Feature", "geometry": {"type": "Point", "coordinates": [-98.708731, 35.5359633]}, "properties": {"npi": "1942604905", "name": "SWOSU SCHOOL OF PHARMACY", "category": "Pharmacy", "specialty": "Pharmacy", "address": "100 CAMPUS DR", "city": "WEATHERFORD", "state": "OK", "zip": "73096", "phone": "5807746878", "entity": "Organization"}}, {"type": "Feature", "geometry": {"type": "Point", "coordinates": [-94.818366883461, 33.895493668475]}, "properties": {"npi": "1710383690", "name": "FREDS STORES OF TENNESSEE INC", "category": "Pharmacy", "specialty": "Community/Retail Pharmacy", "address": "810 SE WASHINGTON ST", "city": "IDABEL", "state": "OK", "zip": "74745", "phone": "5802082400", "entity": "Organization"}}, {"type": "Feature", "geometry": {"type": "Point", "coordinates": [-97.160907088903, 35.434968989461]}, "properties": {"npi": "1316343627", "name": "ALLCARE PHARMACY FLOWERS & GIFTS", "category": "Pharmacy", "specialty": "Community/Retail Pharmacy", "address": "20914 SE 29TH ST", "city": "HARRAH", "state": "OK", "zip": "73045", "phone": "4053917433", "entity": "Organization"}}, {"type": "Feature", "geometry": {"type": "Point", "coordinates": [-97.530127311287, 35.410932819256]}, "properties": {"npi": "1609273903", "name": "TLC PHARMACY, LLC", "category": "Pharmacy", "specialty": "Specialty Pharmacy", "address": "5510 S WESTERN AVE", "city": "OKLAHOMA CITY", "state": "OK", "zip": "73109", "phone": "4054128054", "entity": "Organization"}}, {"type": "Feature", "geometry": {"type": "Point", "coordinates": [-95.971377504352, 36.597639264924]}, "properties": {"npi": "1629476221", "name": "CHEROKEE NATION", "category": "Pharmacy", "specialty": "Pharmacy", "address": "395200 W 2900 RD", "city": "OCHELATA", "state": "OK", "zip": "74051", "phone": "9185356000", "entity": "Organization"}}, {"type": "Feature", "geometry": {"type": "Point", "coordinates": [-97.072757896284, 36.108628015098]}, "properties": {"npi": "1174921316", "name": "CDL CENTRAL DRUG, INC.", "category": "Pharmacy", "specialty": "Long Term Care Pharmacy", "address": "1220 W 12TH AVE", "city": "STILLWATER", "state": "OK", "zip": "74074", "phone": "4053726120", "entity": "Organization"}}, {"type": "Feature", "geometry": {"type": "Point", "coordinates": [-97.464185667672, 35.645439210117]}, "properties": {"npi": "1518357151", "name": "SPRING CREEK PHARMACY LLC", "category": "Pharmacy", "specialty": "Pharmacy", "address": "1218 E 9TH ST STE 1", "city": "EDMOND", "state": "OK", "zip": "73034", "phone": "4052859082", "entity": "Organization"}}, {"type": "Feature", "geometry": {"type": "Point", "coordinates": [-97.454450613833, 35.638181476025]}, "properties": {"npi": "1962895631", "name": "STANBRO HEALTHCARE GROUP LLC", "category": "Pharmacy", "specialty": "Pharmacy", "address": "2000 E 15TH ST", "city": "EDMOND", "state": "OK", "zip": "73013", "phone": "4055626434", "entity": "Organization"}}, {"type": "Feature", "geometry": {"type": "Point", "coordinates": [-97.765015616526, 35.48406802143]}, "properties": {"npi": "1952796682", "name": "INTEGRIS PROHEALTH INC", "category": "Pharmacy", "specialty": "Pharmacy", "address": "1205 HEALTH CENTER PKWY STE 115", "city": "YUKON", "state": "OK", "zip": "73099", "phone": "4057175330", "entity": "Organization"}}, {"type": "Feature", "geometry": {"type": "Point", "coordinates": [-97.886556119563, 36.390833367828]}, "properties": {"npi": "1669867396", "name": "INTEGRIS PROHEALTH INC", "category": "Pharmacy", "specialty": "Pharmacy", "address": "600 S MONROE ST STE 1A", "city": "ENID", "state": "OK", "zip": "73701", "phone": "5802133442", "entity": "Organization"}}, {"type": "Feature", "geometry": {"type": "Point", "coordinates": [-95.955764473487, 36.140453309979]}, "properties": {"npi": "1194102046", "name": "CFP ACQUISITIONS, INC.", "category": "Pharmacy", "specialty": "Long Term Care Pharmacy", "address": "2516 E 15TH ST", "city": "TULSA", "state": "OK", "zip": "74104", "phone": "9187286420", "entity": "Organization"}}, {"type": "Feature", "geometry": {"type": "Point", "coordinates": [-95.886672900499, 36.016253903311]}, "properties": {"npi": "1386021996", "name": "COSTCO WHOLESALE CORPORATION", "category": "Pharmacy", "specialty": "Pharmacy", "address": "10220 S MEMORIAL DR", "city": "TULSA", "state": "OK", "zip": "74133", "phone": "9184987011", "entity": "Organization"}}, {"type": "Feature", "geometry": {"type": "Point", "coordinates": [-97.140797424485, 34.188505452898]}, "properties": {"npi": "1396124236", "name": "MERCY PHARMACY SERVICES, LLC", "category": "Pharmacy", "specialty": "Pharmacy", "address": "1011 14TH AVE NW", "city": "ARDMORE", "state": "OK", "zip": "73401", "phone": "5802206250", "entity": "Organization"}}, {"type": "Feature", "geometry": {"type": "Point", "coordinates": [-95.832767850857, 36.278418965966]}, "properties": {"npi": "1447630645", "name": "OWASSO DRUG COMPANY LLC", "category": "Pharmacy", "specialty": "Long Term Care Pharmacy", "address": "12724 E 86TH ST N", "city": "OWASSO", "state": "OK", "zip": "74055", "phone": "9182722881", "entity": "Organization"}}, {"type": "Feature", "geometry": {"type": "Point", "coordinates": [-95.9591666817, 36.156633381136]}, "properties": {"npi": "1700268844", "name": "COMMUNITY HEALTH CONNECTION, INC.", "category": "Pharmacy", "specialty": "Clinic Pharmacy", "address": "2321 E 3RD ST", "city": "TULSA", "state": "OK", "zip": "74104", "phone": "9187104400", "entity": "Organization"}}, {"type": "Feature", "geometry": {"type": "Point", "coordinates": [-94.949206834642, 35.912498660949]}, "properties": {"npi": "1346623584", "name": "CHEROKEE NATION", "category": "Pharmacy", "specialty": "Community/Retail Pharmacy", "address": "100 S BLISS AVE", "city": "TAHLEQUAH", "state": "OK", "zip": "74464", "phone": "9187724754", "entity": "Organization"}}, {"type": "Feature", "geometry": {"type": "Point", "coordinates": [-95.970948220533, 36.147753124931]}, "properties": {"npi": "1326422957", "name": "OU BEDLAM CHARITABLE PHARMACY", "category": "Pharmacy", "specialty": "Community/Retail Pharmacy", "address": "1111 S SAINT LOUIS AVE", "city": "TULSA", "state": "OK", "zip": "74120", "phone": "9186194704", "entity": "Organization"}}, {"type": "Feature", "geometry": {"type": "Point", "coordinates": [-98.98749704833, 35.30291785439]}, "properties": {"npi": "1053796235", "name": "CLINIC PHARMACY OF CORDELL INC", "category": "Pharmacy", "specialty": "Compounding Pharmacy", "address": "1213 N GLENN ENGLISH ST", "city": "CORDELL", "state": "OK", "zip": "73632", "phone": "5808323714", "entity": "Organization"}}, {"type": "Feature", "geometry": {"type": "Point", "coordinates": [-96.335628760696, 36.66290511777]}, "properties": {"npi": "1568839470", "name": "OSAGE NATION SI-SI A-PE-TXA", "category": "Pharmacy", "specialty": "Indian Health Service/Tribal/Urban Indian Health (I/T/U) Pharmacy", "address": "316 E MAIN ST", "city": "PAWHUSKA", "state": "OK", "zip": "74056", "phone": "9182879373", "entity": "Organization"}}, {"type": "Feature", "geometry": {"type": "Point", "coordinates": [-97.651837173928, 35.560431521378]}, "properties": {"npi": "1073981486", "name": "SAMS CLUB", "category": "Pharmacy", "specialty": "Pharmacy", "address": "9000 NW PASSAGE", "city": "OKLAHOMA CITY", "state": "OK", "zip": "73132", "phone": "4057733616", "entity": "Organization"}}, {"type": "Feature", "geometry": {"type": "Point", "coordinates": [-99.4427465, 35.4095007]}, "properties": {"npi": "1063882900", "name": "RAD RX", "category": "Pharmacy", "specialty": "Pharmacy", "address": "10 LIBERTY LN", "city": "ELK CITY", "state": "OK", "zip": "73644", "phone": "5802255270", "entity": "Organization"}}, {"type": "Feature", "geometry": {"type": "Point", "coordinates": [-98.665918687627, 35.551621136727]}, "properties": {"npi": "1689044513", "name": "KASEY BADGETT PHARMACY SERVICES LLC", "category": "Pharmacy", "specialty": "Pharmacy", "address": "102 STABLEGATE", "city": "WEATHERFORD", "state": "OK", "zip": "73096", "phone": "5803020334", "entity": "Organization"}}, {"type": "Feature", "geometry": {"type": "Point", "coordinates": [-97.567249026069, 35.56736520631]}, "properties": {"npi": "1518337302", "name": "UGC-2, LLC", "category": "Pharmacy", "specialty": "Community/Retail Pharmacy", "address": "9515 N MAY AVE", "city": "THE VILLAGE", "state": "OK", "zip": "73120", "phone": "4052869932", "entity": "Organization"}}, {"type": "Feature", "geometry": {"type": "Point", "coordinates": [-94.877472514113, 36.873334568586]}, "properties": {"npi": "1649641861", "name": "OSBORN DRUGS WAREHOUSE", "category": "Pharmacy", "specialty": "Pharmacy", "address": "103 S MAIN ST", "city": "MIAMI", "state": "OK", "zip": "74354", "phone": "9189190637", "entity": "Organization"}}, {"type": "Feature", "geometry": {"type": "Point", "coordinates": [-96.672950230306, 34.223256016971]}, "properties": {"npi": "1427429687", "name": "FAMILY HEALTH CENTER OF SOUTHERN OKLAHOMA INC", "category": "Pharmacy", "specialty": "Clinic Pharmacy", "address": "610 E 24TH ST", "city": "TISHOMINGO", "state": "OK", "zip": "73460", "phone": "5803710203", "entity": "Organization"}}, {"type": "Feature", "geometry": {"type": "Point", "coordinates": [-95.848199377279, 36.300663523404]}, "properties": {"npi": "1700259256", "name": "GENSCRIPTS OWASSO, LLC", "category": "Pharmacy", "specialty": "Community/Retail Pharmacy", "address": "9538 N GARNETT RD", "city": "OWASSO", "state": "OK", "zip": "74055", "phone": "9182749696", "entity": "Organization"}}, {"type": "Feature", "geometry": {"type": "Point", "coordinates": [-95.775978789808, 36.075507832821]}, "properties": {"npi": "1881067346", "name": "WAL-MART STORES EAST , LP", "category": "Pharmacy", "specialty": "Pharmacy", "address": "1300 E ALBANY ST", "city": "BROKEN ARROW", "state": "OK", "zip": "74012", "phone": "9185056246", "entity": "Organization"}}, {"type": "Feature", "geometry": {"type": "Point", "coordinates": [-97.453396752653, 35.247374545075]}, "properties": {"npi": "1801260807", "name": "PRESCRIPTION CARE LLC", "category": "Pharmacy", "specialty": "Community/Retail Pharmacy", "address": "800 W ROCK CREEK RD STE 117", "city": "NORMAN", "state": "OK", "zip": "73069", "phone": "4059288985", "entity": "Organization"}}, {"type": "Feature", "geometry": {"type": "Point", "coordinates": [-97.513431103516, 35.57283355353]}, "properties": {"npi": "1558735654", "name": "HUNTER'S SPECIALTY PHARMACY LLC", "category": "Pharmacy", "specialty": "Compounding Pharmacy", "address": "10120 BROADWAY EXT., SUITE 100", "city": "OKLAHOMA CITY", "state": "OK", "zip": "73114", "phone": "4054182929", "entity": "Organization"}}, {"type": "Feature", "geometry": {"type": "Point", "coordinates": [-97.595346169632, 35.452291740448]}, "properties": {"npi": "1114392115", "name": "REMEDI SENIORCARE OF OKLAHOMA LLC", "category": "Pharmacy", "specialty": "Pharmacy", "address": "4243 WILL ROGERS PKWY", "city": "OKLAHOMA CITY", "state": "OK", "zip": "73108", "phone": "8779278713", "entity": "Organization"}}, {"type": "Feature", "geometry": {"type": "Point", "coordinates": [-95.904356758335, 36.073249753821]}, "properties": {"npi": "1508221854", "name": "CAREFIRST PHARMACY TULSA INC", "category": "Pharmacy", "specialty": "Compounding Pharmacy", "address": "6214 S SHERIDAN RD", "city": "TULSA", "state": "OK", "zip": "74133", "phone": "9189406767", "entity": "Organization"}}, {"type": "Feature", "geometry": {"type": "Point", "coordinates": [-95.958048485005, 36.086821228027]}, "properties": {"npi": "1780040675", "name": "CONVENIENT RX", "category": "Pharmacy", "specialty": "Pharmacy", "address": "5272 S LEWIS AVE STE 240", "city": "TULSA", "state": "OK", "zip": "74105", "phone": "9187948700", "entity": "Organization"}}, {"type": "Feature", "geometry": {"type": "Point", "coordinates": [-97.486775361474, 35.333769126739]}, "properties": {"npi": "1376900761", "name": "MOORE RX, LLC", "category": "Pharmacy", "specialty": "Compounding Pharmacy", "address": "513 S BROADWAY ST", "city": "MOORE", "state": "OK", "zip": "73160", "phone": "1405735510", "entity": "Organization"}}, {"type": "Feature", "geometry": {"type": "Point", "coordinates": [-97.412735245023, 35.388907413047]}, "properties": {"npi": "1386002178", "name": "OKLAHOMA CITY VAMC", "category": "Pharmacy", "specialty": "Department of Veterans Affairs (VA) Pharmacy", "address": "7919 MID AMERICA BLVD", "city": "OKLAHOMA CITY", "state": "OK", "zip": "73135", "phone": "6153553451", "entity": "Organization"}}, {"type": "Feature", "geometry": {"type": "Point", "coordinates": [-97.296682491352, 36.811504504552]}, "properties": {"npi": "1548629579", "name": "BLACKWELL PHARMACY LLC", "category": "Pharmacy", "specialty": "Compounding Pharmacy", "address": "1004 W DOOLIN AVE", "city": "BLACKWELL", "state": "OK", "zip": "74631", "phone": "5803632137", "entity": "Organization"}}, {"type": "Feature", "geometry": {"type": "Point", "coordinates": [-95.836500514611, 36.087331816403]}, "properties": {"npi": "1194185504", "name": "GUARDIAN PHARMACY OF TULSA, LLC", "category": "Pharmacy", "specialty": "Long Term Care Pharmacy", "address": "5415 S 125TH EAST AVE", "city": "TULSA", "state": "OK", "zip": "74146", "phone": "8662378217", "entity": "Organization"}}, {"type": "Feature", "geometry": {"type": "Point", "coordinates": [-97.411566702991, 35.173324880123]}, "properties": {"npi": "1598125981", "name": "WAL-MART STORES EAST , LP", "category": "Pharmacy", "specialty": "Pharmacy", "address": "3651 CLASSEN BLVD", "city": "NORMAN", "state": "OK", "zip": "73071", "phone": "4055157023", "entity": "Organization"}}, {"type": "Feature", "geometry": {"type": "Point", "coordinates": [-97.559882983165, 35.436128868402]}, "properties": {"npi": "1861854713", "name": "AFFORDABLE PHARMACY AND HEALTH FOOD CENTER LLC", "category": "Pharmacy", "specialty": "Pharmacy", "address": "2636 SW 28TH ST", "city": "OKLAHOMA CITY", "state": "OK", "zip": "73108", "phone": "4056364091", "entity": "Organization"}}, {"type": "Feature", "geometry": {"type": "Point", "coordinates": [-97.124232334451, 34.184649172704]}, "properties": {"npi": "1730539487", "name": "GOOD SHEPHERD COMMUNITY CLINIC, INC", "category": "Pharmacy", "specialty": "Clinic Pharmacy", "address": "20 12TH AVE NW", "city": "ARDMORE", "state": "OK", "zip": "73401", "phone": "5802233411", "entity": "Organization"}}, {"type": "Feature", "geometry": {"type": "Point", "coordinates": [-96.81975911544, 34.162489741449]}, "properties": {"npi": "1871945162", "name": "MERCY HOSPITAL ARDMORE", "category": "Pharmacy", "specialty": "Community/Retail Pharmacy", "address": "23223 RIGSBY RD", "city": "MADILL", "state": "OK", "zip": "73446", "phone": "4052059301", "entity": "Organization"}}, {"type": "Feature", "geometry": {"type": "Point", "coordinates": [-97.557614550149, 35.473921861087]}, "properties": {"npi": "1487109518", "name": "NORTHROCK PHARMACY LLC", "category": "Pharmacy", "specialty": "Pharmacy", "address": "2617 GENERAL PERSHING BLVD", "city": "OKLAHOMA CITY", "state": "OK", "zip": "73107", "phone": "4058581780", "entity": "Organization"}}, {"type": "Feature", "geometry": {"type": "Point", "coordinates": [-97.72467829444, 35.391741124644]}, "properties": {"npi": "1235688060", "name": "MUSTANG DRUG LLC", "category": "Pharmacy", "specialty": "Compounding Pharmacy", "address": "103 E STATE HIGHWAY 152", "city": "MUSTANG", "state": "OK", "zip": "73064", "phone": "4052560555", "entity": "Organization"}}, {"type": "Feature", "geometry": {"type": "Point", "coordinates": [-96.031970498648, 35.944721602183]}, "properties": {"npi": "1821547134", "name": "NEW SPRING PHARMACY, LLC", "category": "Pharmacy", "specialty": "Community/Retail Pharmacy", "address": "3462 W 151ST ST S", "city": "KIEFER", "state": "OK", "zip": "74041", "phone": "9189380440", "entity": "Organization"}}, {"type": "Feature", "geometry": {"type": "Point", "coordinates": [-95.922068736746, 36.075073172486]}, "properties": {"npi": "1639611403", "name": "SAINT FRANCIS HOSPITAL, INC", "category": "Pharmacy", "specialty": "Pharmacy", "address": "6161 S YALE B LEVEL BLUE NORTH", "city": "TULSA", "state": "OK", "zip": "74136", "phone": "9185027355", "entity": "Organization"}}, {"type": "Feature", "geometry": {"type": "Point", "coordinates": [-96.971509192248, 34.506424380315]}, "properties": {"npi": "1982147468", "name": "HOBBS PHARMACY INC", "category": "Pharmacy", "specialty": "Long Term Care Pharmacy", "address": "420 W BROADWAY AVE", "city": "SULPHUR", "state": "OK", "zip": "73086", "phone": "5806223131", "entity": "Organization"}}, {"type": "Feature", "geometry": {"type": "Point", "coordinates": [-95.922194025312, 36.068174458317]}, "properties": {"npi": "1184161283", "name": "SAINT FRANCIS HOSPITAL, INC", "category": "Pharmacy", "specialty": "Community/Retail Pharmacy", "address": "6600 S YALE SUITE 110", "city": "TULSA", "state": "OK", "zip": "74136", "phone": "9184886660", "entity": "Organization"}}, {"type": "Feature", "geometry": {"type": "Point", "coordinates": [-94.50047618708, 35.405204961967]}, "properties": {"npi": "1912447806", "name": "CHRIS ISBELL PHARMACY LLC", "category": "Pharmacy", "specialty": "Community/Retail Pharmacy", "address": "303 E RAY FINE BLVD STE 1", "city": "ROLAND", "state": "OK", "zip": "74954", "phone": "9184270400", "entity": "Organization"}}, {"type": "Feature", "geometry": {"type": "Point", "coordinates": [-97.287572725652, 35.565783071652]}, "properties": {"npi": "1205356383", "name": "RLM PHARMACY, LLC", "category": "Pharmacy", "specialty": "Community/Retail Pharmacy", "address": "101 W MAIN ST", "city": "JONES", "state": "OK", "zip": "73049", "phone": "4053992277", "entity": "Organization"}}, {"type": "Feature", "geometry": {"type": "Point", "coordinates": [-95.798734047552, 36.01739929661]}, "properties": {"npi": "1053833608", "name": "CPII, LLC", "category": "Pharmacy", "specialty": "Community/Retail Pharmacy", "address": "811 W. NEW ORLEANS", "city": "BROKEN ARROW", "state": "OK", "zip": "74011", "phone": "9185780031", "entity": "Organization"}}, {"type": "Feature", "geometry": {"type": "Point", "coordinates": [-97.619194060101, 35.509682335827]}, "properties": {"npi": "1255855854", "name": "OKC SCRIPTS LLC", "category": "Pharmacy", "specialty": "Pharmacy", "address": "5914 NW 38TH ST # 5914", "city": "WARR ACRES", "state": "OK", "zip": "73122", "phone": "8779104515", "entity": "Organization"}}, {"type": "Feature", "geometry": {"type": "Point", "coordinates": [-95.798734047552, 36.01739929661]}, "properties": {"npi": "1336663699", "name": "CPII, LLC", "category": "Pharmacy", "specialty": "Pharmacy", "address": "811 W. NEW ORLEANS, STE 101", "city": "BROKEN ARROW", "state": "OK", "zip": "74011", "phone": "9185780031", "entity": "Organization"}}, {"type": "Feature", "geometry": {"type": "Point", "coordinates": [-99.014905545862, 34.403327644265]}, "properties": {"npi": "1740709252", "name": "FREDERICK PHARMACY INC", "category": "Pharmacy", "specialty": "Community/Retail Pharmacy", "address": "219 E JOSEPHINE AVE", "city": "FREDERICK", "state": "OK", "zip": "73542", "phone": "5803357575", "entity": "Organization"}}, {"type": "Feature", "geometry": {"type": "Point", "coordinates": [-97.528982826941, 35.519372500772]}, "properties": {"npi": "1215448337", "name": "1ST CHOICE PHARMACY LLC", "category": "Pharmacy", "specialty": "Long Term Care Pharmacy", "address": "1024 NW 47TH ST STE C", "city": "OKLAHOMA CITY", "state": "OK", "zip": "73118", "phone": "4055092469", "entity": "Organization"}}, {"type": "Feature", "geometry": {"type": "Point", "coordinates": [-97.52573646562, 35.477580620806]}, "properties": {"npi": "1154833796", "name": "LIFE PHARMACY II", "category": "Pharmacy", "specialty": "Community/Retail Pharmacy", "address": "1015 N SHARTEL AVE STE B", "city": "OKLAHOMA CITY", "state": "OK", "zip": "73102", "phone": "4055624242", "entity": "Organization"}}, {"type": "Feature", "geometry": {"type": "Point", "coordinates": [-95.979067506892, 36.023267874394]}, "properties": {"npi": "1508371980", "name": "ROWLAND PHARMACY, LLC", "category": "Pharmacy", "specialty": "Pharmacy", "address": "802 W MAIN ST STE 103", "city": "JENKS", "state": "OK", "zip": "74037", "phone": "9182364668", "entity": "Organization"}}, {"type": "Feature", "geometry": {"type": "Point", "coordinates": [-97.640774391129, 35.420748115261]}, "properties": {"npi": "1811405202", "name": "INTEGRIS PROHEALTH INC", "category": "Pharmacy", "specialty": "Clinic Pharmacy", "address": "7301 SW 44TH ST # F", "city": "OKLAHOMA CITY", "state": "OK", "zip": "73179", "phone": "4053573510", "entity": "Organization"}}, {"type": "Feature", "geometry": {"type": "Point", "coordinates": [-99.425562866169, 35.411754271194]}, "properties": {"npi": "1265931612", "name": "FARMERS UNION HOSPITAL ASSOCIATION", "category": "Pharmacy", "specialty": "Pharmacy", "address": "1801 W 3RD ST", "city": "ELK CITY", "state": "OK", "zip": "73644", "phone": "5808215390", "entity": "Organization"}}, {"type": "Feature", "geometry": {"type": "Point", "coordinates": [-94.87984536021, 36.872228721209]}, "properties": {"npi": "1285134825", "name": "BAPTIST HEALTHCARE OF OKLAHOMA, LLC", "category": "Pharmacy", "specialty": "Pharmacy", "address": "200 2ND AVE SW", "city": "MIAMI", "state": "OK", "zip": "74354", "phone": "9185407502", "entity": "Organization"}}, {"type": "Feature", "geometry": {"type": "Point", "coordinates": [-97.575057516164, 35.527426049511]}, "properties": {"npi": "1366945842", "name": "PHARMORE SPECIALTY PHARMACIES LLC", "category": "Pharmacy", "specialty": "Compounding Pharmacy", "address": "3330 NW 56TH ST STE 100", "city": "OKLAHOMA CITY", "state": "OK", "zip": "73112", "phone": "4056046861", "entity": "Organization"}}, {"type": "Feature", "geometry": {"type": "Point", "coordinates": [-97.57460773555, 35.527419530928]}, "properties": {"npi": "1588169692", "name": "OKCITY RX, LLC", "category": "Pharmacy", "specialty": "Community/Retail Pharmacy", "address": "3300 NW 56TH ST STE 101", "city": "OKLAHOMA CITY", "state": "OK", "zip": "73112", "phone": "2144212210", "entity": "Organization"}}, {"type": "Feature", "geometry": {"type": "Point", "coordinates": [-98.471122537054, 34.594548302931]}, "properties": {"npi": "1689179715", "name": "TOMMIE SIMON MD, PLLC", "category": "Pharmacy", "specialty": "Non-Pharmacy Dispensing Site", "address": "6401 SW LEE BLVD", "city": "LAWTON", "state": "OK", "zip": "73505", "phone": "5806995139", "entity": "Organization"}}, {"type": "Feature", "geometry": {"type": "Point", "coordinates": [-97.143172560359, 34.185574052329]}, "properties": {"npi": "1972000628", "name": "OKLAHOMA DEPARTMENT OF VETERANS NORMAN CENTER", "category": "Pharmacy", "specialty": "Pharmacy", "address": "1015 S COMMERCE ST", "city": "ARDMORE", "state": "OK", "zip": "73401", "phone": "5802232266", "entity": "Organization"}}, {"type": "Feature", "geometry": {"type": "Point", "coordinates": [-95.908058976756, 36.075315579751]}, "properties": {"npi": "1891282877", "name": "PREMIER RHEUMATOLOGY OF OKLAHOMA", "category": "Pharmacy", "specialty": "Non-Pharmacy Dispensing Site", "address": "6114 E. 61ST STREET", "city": "TULSA", "state": "OK", "zip": "74136", "phone": "9184888840", "entity": "Organization"}}, {"type": "Feature", "geometry": {"type": "Point", "coordinates": [-97.525674082892, 35.565612083852]}, "properties": {"npi": "1831689397", "name": "VARIETY CARE, INC", "category": "Pharmacy", "specialty": "Pharmacy", "address": "721 W BRITTON RD", "city": "OKLAHOMA CITY", "state": "OK", "zip": "73114", "phone": "4056326688", "entity": "Organization"}}, {"type": "Feature", "geometry": {"type": "Point", "coordinates": [-95.886513081159, 36.007661392918]}, "properties": {"npi": "1952888356", "name": "GENSCRIPTS LLC", "category": "Pharmacy", "specialty": "Community/Retail Pharmacy", "address": "10827 S MEMORIAL DR STE D", "city": "TULSA", "state": "OK", "zip": "74133", "phone": "9189217737", "entity": "Organization"}}, {"type": "Feature", "geometry": {"type": "Point", "coordinates": [-96.669672102364, 34.776575590975]}, "properties": {"npi": "1073091070", "name": "BRODERICK ENTERPRISES, LLC", "category": "Pharmacy", "specialty": "Compounding Pharmacy", "address": "711 E 9TH ST", "city": "ADA", "state": "OK", "zip": "74820", "phone": "5803323344", "entity": "Organization"}}, {"type": "Feature", "geometry": {"type": "Point", "coordinates": [-97.499098989874, 35.636173762493]}, "properties": {"npi": "1235613886", "name": "APS 1705, LLC", "category": "Pharmacy", "specialty": "Community/Retail Pharmacy", "address": "1705 RENAISSANCE BLVD STE 110", "city": "EDMOND", "state": "OK", "zip": "73013", "phone": "4057269845", "entity": "Organization"}}, {"type": "Feature", "geometry": {"type": "Point", "coordinates": [-94.805567832448, 35.440400360382]}, "properties": {"npi": "1174098941", "name": "SEQUOYAH COUNTY DRUG COMPANY PLLC", "category": "Pharmacy", "specialty": "Community/Retail Pharmacy", "address": "1632 S KERR BLVD", "city": "SALLISAW", "state": "OK", "zip": "74955", "phone": "9187740089", "entity": "Organization"}}, {"type": "Feature", "geometry": {"type": "Point", "coordinates": [-95.904356758335, 36.073249753821]}, "properties": {"npi": "1003382060", "name": "CAREFIRST PHARMACY TULSA, INC.", "category": "Pharmacy", "specialty": "Compounding Pharmacy", "address": "6214 S. SHERIDAN RD", "city": "TULSA", "state": "OK", "zip": "74133", "phone": "9189406767", "entity": "Organization"}}, {"type": "Feature", "geometry": {"type": "Point", "coordinates": [-97.639764520021, 35.583794495104]}, "properties": {"npi": "1932679099", "name": "ZRC PHARMACY, LLC", "category": "Pharmacy", "specialty": "Compounding Pharmacy", "address": "7158 NW 112TH ST", "city": "OKLAHOMA CITY", "state": "OK", "zip": "73162", "phone": "4054707008", "entity": "Organization"}}, {"type": "Feature", "geometry": {"type": "Point", "coordinates": [-96.634688802117, 34.776027066007]}, "properties": {"npi": "1922571009", "name": "CENTRAL OKLAHOMA FAMILY MEDICAL CENTER, INC.", "category": "Pharmacy", "specialty": "Community/Retail Pharmacy", "address": "304 N MONTE VISTA STREET", "city": "ADA", "state": "OK", "zip": "74820", "phone": "5804365111", "entity": "Organization"}}, {"type": "Feature", "geometry": {"type": "Point", "coordinates": [-97.423306351571, 35.397071517008]}, "properties": {"npi": "1225592496", "name": "CRIMSON SPIRE PHARMACY", "category": "Pharmacy", "specialty": "Pharmacy", "address": "5600 S.E. 67 STR", "city": "OKC", "state": "OK", "zip": "73135", "phone": "4054730144", "entity": "Organization"}}, {"type": "Feature", "geometry": {"type": "Point", "coordinates": [-97.063879168594, 35.694430306346]}, "properties": {"npi": "1174088454", "name": "PHARMACY @ WELLSTON", "category": "Pharmacy", "specialty": "Pharmacy", "address": "309 W 2ND ST", "city": "WELLSTON", "state": "OK", "zip": "74881", "phone": "4053564199", "entity": "Organization"}}, {"type": "Feature", "geometry": {"type": "Point", "coordinates": [-95.312066810287, 34.918763503274]}, "properties": {"npi": "1093271769", "name": "VERITAS PROPERTIES LLC", "category": "Pharmacy", "specialty": "Long Term Care Pharmacy", "address": "225 W MAIN ST STE 1", "city": "WILBURTON", "state": "OK", "zip": "74578", "phone": "9184659300", "entity": "Organization"}}, {"type": "Feature", "geometry": {"type": "Point", "coordinates": [-97.531515747877, 35.604047915375]}, "properties": {"npi": "1588122790", "name": "COSTCO WHOLESALE CORPORATION", "category": "Pharmacy", "specialty": "Community/Retail Pharmacy", "address": "13200 N WESTERN AVE", "city": "OKLAHOMA CITY", "state": "OK", "zip": "73114", "phone": "4058325112", "entity": "Organization"}}, {"type": "Feature", "geometry": {"type": "Point", "coordinates": [-94.622675055964, 35.241127502121]}, "properties": {"npi": "1326508706", "name": "DEDMON PHARMACY INC", "category": "Pharmacy", "specialty": "Long Term Care Pharmacy", "address": "213 W BROADWAY ST", "city": "SPIRO", "state": "OK", "zip": "74959", "phone": "9189622131", "entity": "Organization"}}, {"type": "Feature", "geometry": {"type": "Point", "coordinates": [-97.46032764023, 35.60908448145]}, "properties": {"npi": "1578023958", "name": "PHARMACY PROVIDERS OF OKLAHOMA INC", "category": "Pharmacy", "specialty": "Pharmacy", "address": "3000 E MEMORIAL RD", "city": "EDMOND", "state": "OK", "zip": "73013", "phone": "4055575700", "entity": "Organization"}}, {"type": "Feature", "geometry": {"type": "Point", "coordinates": [-97.612225046746, 35.544989733911]}, "properties": {"npi": "1396208757", "name": "REVAN INC", "category": "Pharmacy", "specialty": "Pharmacy", "address": "5601 NW 72ND ST STE 142", "city": "WARR ACRES", "state": "OK", "zip": "73132", "phone": "8887738267", "entity": "Organization"}}, {"type": "Feature", "geometry": {"type": "Point", "coordinates": [-97.476843819466, 35.348569185839]}, "properties": {"npi": "1477117893", "name": "PHARMOLOGY MOORE LLC", "category": "Pharmacy", "specialty": "Compounding Pharmacy", "address": "1280 N EASTERN AVE, SUITE F", "city": "MOORE", "state": "OK", "zip": "73160", "phone": "4057355160", "entity": "Organization"}}, {"type": "Feature", "geometry": {"type": "Point", "coordinates": [-95.310906687328, 35.494010032226]}, "properties": {"npi": "1811553423", "name": "SEQUOYAH COUNTY DRUG COMPANY PLLC", "category": "Pharmacy", "specialty": "Community/Retail Pharmacy", "address": "806 CAMPBELL RD STE B", "city": "WARNER", "state": "OK", "zip": "74469", "phone": "9184635444", "entity": "Organization"}}, {"type": "Feature", "geometry": {"type": "Point", "coordinates": [-97.565596216543, 35.501364158973]}, "properties": {"npi": "1760040943", "name": "NEIGHBORHOOD PHARMACY,LLC", "category": "Pharmacy", "specialty": "Community/Retail Pharmacy", "address": "3122 N MAY AVE", "city": "OKLAHOMA CITY", "state": "OK", "zip": "73112", "phone": "4056048010", "entity": "Organization"}}, {"type": "Feature", "geometry": {"type": "Point", "coordinates": [-95.797494750195, 36.076007076956]}, "properties": {"npi": "1780236653", "name": "CAREFIRST PHARMACY INC.", "category": "Pharmacy", "specialty": "Pharmacy", "address": "2530 N. ELM PL.", "city": "BROKEN ARROW", "state": "OK", "zip": "74012", "phone": "9189941400", "entity": "Organization"}}, {"type": "Feature", "geometry": {"type": "Point", "coordinates": [-97.551082751981, 35.511405094703]}, "properties": {"npi": "1427601525", "name": "EPIC PHARMACY LLC", "category": "Pharmacy", "specialty": "Specialty Pharmacy", "address": "2249 NW 39TH ST", "city": "OKLAHOMA CITY", "state": "OK", "zip": "73112", "phone": "4057247852", "entity": "Organization"}}, {"type": "Feature", "geometry": {"type": "Point", "coordinates": [-99.3808995, 34.9633774]}, "properties": {"npi": "1063068385", "name": "MURRAY DRUG CO. LLC", "category": "Pharmacy", "specialty": "Community/Retail Pharmacy", "address": "316 NORTH MAIN ST", "city": "GRANITE", "state": "OK", "zip": "73547", "phone": "5805352130", "entity": "Organization"}}, {"type": "Feature", "geometry": {"type": "Point", "coordinates": [-97.460145280216, 35.635288105374]}, "properties": {"npi": "1760030399", "name": "OPTIMUM PRIMARY CARE PLLC", "category": "Pharmacy", "specialty": "Non-Pharmacy Dispensing Site", "address": "1501 E 19TH ST", "city": "EDMOND", "state": "OK", "zip": "73013", "phone": "4054716511", "entity": "Organization"}}, {"type": "Feature", "geometry": {"type": "Point", "coordinates": [-96.113584757734, 35.987564814627]}, "properties": {"npi": "1528617834", "name": "VAPORHERBS,LLC", "category": "Pharmacy", "specialty": "Non-Pharmacy Dispensing Site", "address": "921 S MAIN ST", "city": "SAPULPA", "state": "OK", "zip": "74066", "phone": "9182898526", "entity": "Organization"}}, {"type": "Feature", "geometry": {"type": "Point", "coordinates": [-97.495590655766, 35.311252673367]}, "properties": {"npi": "1477102580", "name": "PHP OK PC", "category": "Pharmacy", "specialty": "Non-Pharmacy Dispensing Site", "address": "1110 MAGNOLIA COURT", "city": "MOORE", "state": "OK", "zip": "73160", "phone": "4058773128", "entity": "Organization"}}, {"type": "Feature", "geometry": {"type": "Point", "coordinates": [-98.434330829235, 34.608921298574]}, "properties": {"npi": "1952952566", "name": "COMANCHE COUNTY HOSPITAL AUTHORITY", "category": "Pharmacy", "specialty": "Community/Retail Pharmacy", "address": "3401 W GORE BLVD", "city": "LAWTON", "state": "OK", "zip": "73505", "phone": "5802804445", "entity": "Organization"}}, {"type": "Feature", "geometry": {"type": "Point", "coordinates": [-95.92222652909, 36.102447157659]}, "properties": {"npi": "1568004232", "name": "CREOKS MENTAL HEALTH SERVICES", "category": "Pharmacy", "specialty": "Community/Retail Pharmacy", "address": "4103 S YALE AVE STE B", "city": "TULSA", "state": "OK", "zip": "74135", "phone": "9184954128", "entity": "Organization"}}, {"type": "Feature", "geometry": {"type": "Point", "coordinates": [-97.60299171435, 35.606189731011]}, "properties": {"npi": "1770128084", "name": "SCWW LLC", "category": "Pharmacy", "specialty": "Pharmacy", "address": "13301 N MERIDIAN AVE STE 400", "city": "OKLAHOMA CITY", "state": "OK", "zip": "73120", "phone": "4057554600", "entity": "Organization"}}, {"type": "Feature", "geometry": {"type": "Point", "coordinates": [-97.631618777605, 35.511909580668]}, "properties": {"npi": "1952946022", "name": "THE CHILDREN'S CENTER, INC. DBA BETHANY COMMUNITY PHARMACY", "category": "Pharmacy", "specialty": "Compounding Pharmacy", "address": "6770 NW 39TH EXPY", "city": "BETHANY", "state": "OK", "zip": "73008", "phone": "4054406797", "entity": "Organization"}}, {"type": "Feature", "geometry": {"type": "Point", "coordinates": [-97.565736976637, 35.504052096747]}, "properties": {"npi": "1467098806", "name": "CUDD COMPANY LLC", "category": "Pharmacy", "specialty": "Long Term Care Pharmacy", "address": "3401 N MAY AVE STE B", "city": "OKLAHOMA CITY", "state": "OK", "zip": "73112", "phone": "4058436691", "entity": "Organization"}}, {"type": "Feature", "geometry": {"type": "Point", "coordinates": [-98.694179786076, 35.53932268526]}, "properties": {"npi": "1396381679", "name": "APOTHECARY ASSOCIATES LLC", "category": "Pharmacy", "specialty": "Long Term Care Pharmacy", "address": "1315 N WASHINGTON ST STE 3", "city": "WEATHERFORD", "state": "OK", "zip": "73096", "phone": "5803026500", "entity": "Organization"}}, {"type": "Feature", "geometry": {"type": "Point", "coordinates": [-97.423685383022, 35.406215473351]}, "properties": {"npi": "1437797248", "name": "OXFORD PHARMACY LLC", "category": "Pharmacy", "specialty": "Community/Retail Pharmacy", "address": "6001 S SOONER RD STE B", "city": "OKLAHOMA CITY", "state": "OK", "zip": "73135", "phone": "4053512264", "entity": "Organization"}}, {"type": "Feature", "geometry": {"type": "Point", "coordinates": [-95.843271782307, 36.118900508022]}, "properties": {"npi": "1457983595", "name": "COMMUNITY HEALTH CONNECTION INC", "category": "Pharmacy", "specialty": "Community/Retail Pharmacy", "address": "12020 E 31ST ST", "city": "TULSA", "state": "OK", "zip": "74146", "phone": "9187104460", "entity": "Organization"}}, {"type": "Feature", "geometry": {"type": "Point", "coordinates": [-95.98864246552, 35.439766583948]}, "properties": {"npi": "1629602651", "name": "HENRYETTA DRUG LLC", "category": "Pharmacy", "specialty": "Pharmacy", "address": "623 W MAIN ST", "city": "HENRYETTA", "state": "OK", "zip": "74437", "phone": "9186523361", "entity": "Organization"}}, {"type": "Feature", "geometry": {"type": "Point", "coordinates": [-97.602953876402, 35.611261083764]}, "properties": {"npi": "1104451095", "name": "OKLAHOMA SPECIALTY PHARMACY,LLC", "category": "Pharmacy", "specialty": "Community/Retail Pharmacy", "address": "13921 N MERIDIAN AVE STE 102", "city": "OKLAHOMA CITY", "state": "OK", "zip": "73134", "phone": "4056944427", "entity": "Organization"}}, {"type": "Feature", "geometry": {"type": "Point", "coordinates": [-97.402825042035, 35.464121250084]}, "properties": {"npi": "1265060081", "name": "M & L PHARMACY, LLC", "category": "Pharmacy", "specialty": "Community/Retail Pharmacy", "address": "7201 E RENO AVE STE A", "city": "OKLAHOMA CITY", "state": "OK", "zip": "73110", "phone": "4057373451", "entity": "Organization"}}, {"type": "Feature", "geometry": {"type": "Point", "coordinates": [-95.405109419375, 35.755034942581]}, "properties": {"npi": "1508486978", "name": "ECONOMY PHARMACY", "category": "Pharmacy", "specialty": "Long Term Care Pharmacy", "address": "3414 W. OKMULGEE", "city": "MUSKOGEE", "state": "OK", "zip": "74401", "phone": "9186827765", "entity": "Organization"}}, {"type": "Feature", "geometry": {"type": "Point", "coordinates": [-95.616003297735, 35.951769392681]}, "properties": {"npi": "1952923104", "name": "CREEK NATION HOSPITAL & CLINICS", "category": "Pharmacy", "specialty": "Pharmacy", "address": "31870 1/2 EAST HWY 51", "city": "COWETA", "state": "OK", "zip": "74429", "phone": "9182793400", "entity": "Organization"}}, {"type": "Feature", "geometry": {"type": "Point", "coordinates": [-96.676826045758, 34.23438986776]}, "properties": {"npi": "1124642178", "name": "PHARMOLOGY TISHMINGO ACQUISITION LLC", "category": "Pharmacy", "specialty": "Long Term Care Pharmacy", "address": "140 E MAIN ST", "city": "TISHOMINGO", "state": "OK", "zip": "73460", "phone": "5803712355", "entity": "Organization"}}, {"type": "Feature", "geometry": {"type": "Point", "coordinates": [-95.864390300739, 36.03185243914]}, "properties": {"npi": "1932725058", "name": "ECONOMY PHARMACY", "category": "Pharmacy", "specialty": "Long Term Care Pharmacy", "address": "10120 E 91ST", "city": "TULSA", "state": "OK", "zip": "74133", "phone": "9186153388", "entity": "Organization"}}, {"type": "Feature", "geometry": {"type": "Point", "coordinates": [-96.01576373266, 35.951865595259]}, "properties": {"npi": "1033736657", "name": "GENSCRIPTS GLENPOOL, LLC", "category": "Pharmacy", "specialty": "Pharmacy", "address": "12100 SOUTH YUKON AVENUE", "city": "GLENPOOL", "state": "OK", "zip": "74033", "phone": "9185521040", "entity": "Organization"}}, {"type": "Feature", "geometry": {"type": "Point", "coordinates": [-99.913498095689, 34.691414516349]}, "properties": {"npi": "1740808625", "name": "BIGBOX PHARMACY UNLIMITED LLC", "category": "Pharmacy", "specialty": "Pharmacy", "address": "509 E CHESTNUT ST STE B", "city": "HOLLIS", "state": "OK", "zip": "73550", "phone": "5806882257", "entity": "Organization"}}, {"type": "Feature", "geometry": {"type": "Point", "coordinates": [-99.334113728154, 34.662039860817]}, "properties": {"npi": "1053924969", "name": "KEENUM PHARMACY, LLC", "category": "Pharmacy", "specialty": "Compounding Pharmacy", "address": "2101 N MAIN ST", "city": "ALTUS", "state": "OK", "zip": "73521", "phone": "5804770381", "entity": "Organization"}}, {"type": "Feature", "geometry": {"type": "Point", "coordinates": [-95.9643689, 36.090191]}, "properties": {"npi": "1881208817", "name": "OP PHARMACY LLC", "category": "Pharmacy", "specialty": "Compounding Pharmacy", "address": "2865 E. SKELLY DR.", "city": "TULSA", "state": "OK", "zip": "74105", "phone": "9188203033", "entity": "Organization"}}, {"type": "Feature", "geometry": {"type": "Point", "coordinates": [-94.568167239481, 35.995977283288]}, "properties": {"npi": "1558968958", "name": "WESTVILLE DRUG COMPANY LLC", "category": "Pharmacy", "specialty": "Community/Retail Pharmacy", "address": "301 S. WILLIAMS ST", "city": "WESTVILLE", "state": "OK", "zip": "74965", "phone": "9187235466", "entity": "Organization"}}, {"type": "Feature", "geometry": {"type": "Point", "coordinates": [-97.232038082905, 35.493348277205]}, "properties": {"npi": "1831797380", "name": "BC2RX, LLC", "category": "Pharmacy", "specialty": "Pharmacy", "address": "16925 NE 23RD ST STE 101", "city": "CHOCTAW", "state": "OK", "zip": "73020", "phone": "4052816363", "entity": "Organization"}}, {"type": "Feature", "geometry": {"type": "Point", "coordinates": [-95.992547795433, 36.152972449874]}, "properties": {"npi": "1659976223", "name": "TRIOVA PHARMACEUTICALS, LLC", "category": "Pharmacy", "specialty": "Non-Pharmacy Dispensing Site", "address": "115 W 3RD ST STE 720", "city": "TULSA", "state": "OK", "zip": "74103", "phone": "5397770720", "entity": "Organization"}}, {"type": "Feature", "geometry": {"type": "Point", "coordinates": [-97.528974039109, 35.667419775822]}, "properties": {"npi": "1487244687", "name": "GETWELL RX OF EDMOND, LLC", "category": "Pharmacy", "specialty": "Compounding Pharmacy", "address": "1020 NW 192ND ST STE A", "city": "EDMOND", "state": "OK", "zip": "73012", "phone": "4058618800", "entity": "Organization"}}, {"type": "Feature", "geometry": {"type": "Point", "coordinates": [-97.567258035684, 35.57846018178]}, "properties": {"npi": "1194318071", "name": "BH ENDEAVORS OKC LLC", "category": "Pharmacy", "specialty": "Community/Retail Pharmacy", "address": "10717 N MAY AVE STE D", "city": "THE VILLAGE", "state": "OK", "zip": "73120", "phone": "4054510777", "entity": "Organization"}}, {"type": "Feature", "geometry": {"type": "Point", "coordinates": [-97.525637467591, 35.480157902013]}, "properties": {"npi": "1679159149", "name": "EMCURE PHARMACY INC", "category": "Pharmacy", "specialty": "Community/Retail Pharmacy", "address": "1211 N SHARTEL AVE STE 100", "city": "OKLAHOMA CITY", "state": "OK", "zip": "73103", "phone": "4057685560", "entity": "Organization"}}, {"type": "Feature", "geometry": {"type": "Point", "coordinates": [-97.494480130643, 35.314028431068]}, "properties": {"npi": "1730769373", "name": "COSTCO WHOLESALE CORPORATION", "category": "Pharmacy", "specialty": "Community/Retail Pharmacy", "address": "2651 S TELEPHONE RD", "city": "MOORE", "state": "OK", "zip": "73160", "phone": "4053007671", "entity": "Organization"}}, {"type": "Feature", "geometry": {"type": "Point", "coordinates": [-97.20754768788, 35.232305048609]}, "properties": {"npi": "1063093185", "name": "ABSENTEE SHAWNEE TRIBAL HEALTH AUTHORITY, INC.", "category": "Pharmacy", "specialty": "Indian Health Service/Tribal/Urban Indian Health (I/T/U) Pharmacy", "address": "15951 LITTLE AXE DR", "city": "NORMAN", "state": "OK", "zip": "73026", "phone": "4054470300", "entity": "Organization"}}, {"type": "Feature", "geometry": {"type": "Point", "coordinates": [-97.1486358, 34.1861829]}, "properties": {"npi": "1316529803", "name": "GOOD SHEPHERD COMMUNITY CLINIC, INC.", "category": "Pharmacy", "specialty": "Clinic Pharmacy", "address": "1104 WALNUT DR W", "city": "ARDMORE", "state": "OK", "zip": "73401", "phone": "5802260543", "entity": "Organization"}}, {"type": "Feature", "geometry": {"type": "Point", "coordinates": [-97.675827538188, 35.652903607947]}, "properties": {"npi": "1356915318", "name": "STACKED HAIR LLC", "category": "Pharmacy", "specialty": "Pharmacy", "address": "6234 EDMOND RD NE", "city": "PIEDMONT", "state": "OK", "zip": "73078", "phone": "4056142884", "entity": "Organization"}}, {"type": "Feature", "geometry": {"type": "Point", "coordinates": [-97.502621607885, 35.507836375288]}, "properties": {"npi": "1891360814", "name": "HAC, INC.", "category": "Pharmacy", "specialty": "Community/Retail Pharmacy", "address": "625 NE 36TH ST", "city": "OKLAHOMA CITY", "state": "OK", "zip": "73105", "phone": "4052903423", "entity": "Organization"}}, {"type": "Feature", "geometry": {"type": "Point", "coordinates": [-97.601241993787, 35.538606250051]}, "properties": {"npi": "1700456019", "name": "APOTHECA RX", "category": "Pharmacy", "specialty": "Community/Retail Pharmacy", "address": "6525 N MERIDIAN AVE STE 110", "city": "OKLAHOMA CITY", "state": "OK", "zip": "73116", "phone": "4054207328", "entity": "Organization"}}, {"type": "Feature", "geometry": {"type": "Point", "coordinates": [-99.914798884396, 34.695672357024]}, "properties": {"npi": "1083286975", "name": "SHORTGRASS COMMUNITY HEALTH CENTER, INC", "category": "Pharmacy", "specialty": "Clinic Pharmacy", "address": "400 E SYCAMORE ST", "city": "HOLLIS", "state": "OK", "zip": "73550", "phone": "5806882800", "entity": "Organization"}}, {"type": "Feature", "geometry": {"type": "Point", "coordinates": [-96.704229971249, 36.574099318582]}, "properties": {"npi": "1437721008", "name": "FAIRFAX PHARMACY LLC", "category": "Pharmacy", "specialty": "Community/Retail Pharmacy", "address": "400 N MAIN ST", "city": "FAIRFAX", "state": "OK", "zip": "74637", "phone": "9186421200", "entity": "Organization"}}, {"type": "Feature", "geometry": {"type": "Point", "coordinates": [-95.904367103318, 36.077471980305]}, "properties": {"npi": "1417627886", "name": "TRU SCRIPT PHARMACY LLC", "category": "Pharmacy", "specialty": "Community/Retail Pharmacy", "address": "6048 S SHERIDAN RD STE C", "city": "TULSA", "state": "OK", "zip": "74145", "phone": "8668857279", "entity": "Organization"}}, {"type": "Feature", "geometry": {"type": "Point", "coordinates": [-97.529811210047, 35.551059672921]}, "properties": {"npi": "1871255166", "name": "CLAREMORE COMPOUNDING CENTER, INC", "category": "Pharmacy", "specialty": "Pharmacy", "address": "1000 W WILSHIRE BLVD STE 401", "city": "OKLAHOMA CITY", "state": "OK", "zip": "73116", "phone": "4057541090", "entity": "Organization"}}, {"type": "Feature", "geometry": {"type": "Point", "coordinates": [-97.500985254914, 35.47813450662]}, "properties": {"npi": "1528721834", "name": "BOARD OF REGENTS OF THE UNIV OF OKLA-STEPHENSON SPECIALTY PHARMACY", "category": "Pharmacy", "specialty": "Community/Retail Pharmacy", "address": "800 NE 10TH ST STE 3001", "city": "OKLAHOMA CITY", "state": "OK", "zip": "73104", "phone": "4052711515", "entity": "Organization"}}, {"type": "Feature", "geometry": {"type": "Point", "coordinates": [-97.592198153769, 35.509075983838]}, "properties": {"npi": "1558024257", "name": "TD PHARMACY SERVICES, PLLC", "category": "Pharmacy", "specialty": "Pharmacy", "address": "3810 N. TULSA AVE.", "city": "OKLAHOMA CITY", "state": "OK", "zip": "73112", "phone": "4058056191", "entity": "Organization"}}, {"type": "Feature", "geometry": {"type": "Point", "coordinates": [-97.529811210047, 35.551059672921]}, "properties": {"npi": "1548924020", "name": "CLAREMORE COMPOUNDING CENTER INC", "category": "Pharmacy", "specialty": "Pharmacy", "address": "1000 W WILSHIRE BLVD SUITE 401", "city": "OKC", "state": "OK", "zip": "73116", "phone": "4057541090", "entity": "Organization"}}, {"type": "Feature", "geometry": {"type": "Point", "coordinates": [-97.488868101672, 35.635500187064]}, "properties": {"npi": "1669125829", "name": "QUALGEN, LLC", "category": "Pharmacy", "specialty": "Pharmacy", "address": "2217 S FRETZ AVE STE 120", "city": "EDMOND", "state": "OK", "zip": "73013", "phone": "1405518216", "entity": "Organization"}}, {"type": "Feature", "geometry": {"type": "Point", "coordinates": [-97.527317795109, 35.546590616997]}, "properties": {"npi": "1275286080", "name": "HERITAGE HEALTH SERVICES LLC", "category": "Pharmacy", "specialty": "Non-Pharmacy Dispensing Site", "address": "7336 N CLASSEN BLVD STE 100", "city": "OKLAHOMA CITY", "state": "OK", "zip": "73116", "phone": "4056088060", "entity": "Organization"}}, {"type": "Feature", "geometry": {"type": "Point", "coordinates": [-97.500985254914, 35.47813450662]}, "properties": {"npi": "1528713310", "name": "OU MEDICINE INC.", "category": "Pharmacy", "specialty": "Specialty Pharmacy", "address": "800 NE 10TH ST # 1044", "city": "OKLAHOMA CITY", "state": "OK", "zip": "73104", "phone": "4052711488", "entity": "Organization"}}, {"type": "Feature", "geometry": {"type": "Point", "coordinates": [-97.494397594186, 35.486909504735]}, "properties": {"npi": "1427704154", "name": "COMMUNITY HEALTH CENTERS, INC.", "category": "Pharmacy", "specialty": "Community/Retail Pharmacy", "address": "1006 NE 17TH ST", "city": "OKLAHOMA CITY", "state": "OK", "zip": "73111", "phone": "4054199800", "entity": "Organization"}}, {"type": "Feature", "geometry": {"type": "Point", "coordinates": [-99.392221592754, 36.4335582319]}, "properties": {"npi": "1861141947", "name": "TEXOMA MEDICAL SERVICES INC", "category": "Pharmacy", "specialty": "Community/Retail Pharmacy", "address": "1021 OKLAHOMA AVE STE A", "city": "WOODWARD", "state": "OK", "zip": "73801", "phone": "5802565586", "entity": "Organization"}}, {"type": "Feature", "geometry": {"type": "Point", "coordinates": [-97.564027015134, 35.502243096978]}, "properties": {"npi": "1184367492", "name": "EVEREST PHARMACY LLC", "category": "Pharmacy", "specialty": "Pharmacy", "address": "2809 NW 31ST ST", "city": "OKLAHOMA CITY", "state": "OK", "zip": "73112", "phone": "4057249450", "entity": "Organization"}}, {"type": "Feature", "geometry": {"type": "Point", "coordinates": [-97.070366849149, 36.724691452983]}, "properties": {"npi": "1801530829", "name": "RT FAMILY DISCOUNT PHARMACY LTC", "category": "Pharmacy", "specialty": "Long Term Care Pharmacy", "address": "310 FAIRVIEW AVE", "city": "PONCA CITY", "state": "OK", "zip": "74601", "phone": "5807626335", "entity": "Organization"}}, {"type": "Feature", "geometry": {"type": "Point", "coordinates": [-97.493422739514, 35.475938831315]}, "properties": {"npi": "1215671151", "name": "BOARD OF REGENTS OF THE UNIVERSITY OF OKLAHOMA DBA 1893 PHARMACY", "category": "Pharmacy", "specialty": "Specialty Pharmacy", "address": "901 N STONEWALL AVE STE 1200", "city": "OKLAHOMA CITY", "state": "OK", "zip": "73117", "phone": "4052718931", "entity": "Organization"}}, {"type": "Feature", "geometry": {"type": "Point", "coordinates": [-97.4257147, 35.88039]}, "properties": {"npi": "1255075289", "name": "SIMPLIFIED RX LTC", "category": "Pharmacy", "specialty": "Long Term Care Pharmacy", "address": "102 NOBLE AVE", "city": "GUTHRIE", "state": "OK", "zip": "73044", "phone": "9185100648", "entity": "Organization"}}, {"type": "Feature", "geometry": {"type": "Point", "coordinates": [-97.521549779131, 35.480067098724]}, "properties": {"npi": "1043956832", "name": "MIDTOWN DRUG", "category": "Pharmacy", "specialty": "Compounding Pharmacy", "address": "525 NW 11TH ST STE 112", "city": "OKLAHOMA CITY", "state": "OK", "zip": "73103", "phone": "4057681002", "entity": "Organization"}}, {"type": "Feature", "geometry": {"type": "Point", "coordinates": [-95.930392146199, 36.0897833177]}, "properties": {"npi": "1932846995", "name": "CPII, LLC", "category": "Pharmacy", "specialty": "Community/Retail Pharmacy", "address": "4132 E 51ST ST", "city": "TULSA", "state": "OK", "zip": "74135", "phone": "9185780031", "entity": "Organization"}}, {"type": "Feature", "geometry": {"type": "Point", "coordinates": [-97.506956616497, 35.621519979865]}, "properties": {"npi": "1194463018", "name": "QUALGEN, LLC", "category": "Pharmacy", "specialty": "Compounding Pharmacy", "address": "14844 BRISTOL PARK BLVD", "city": "EDMOND", "state": "OK", "zip": "73013", "phone": "4055518216", "entity": "Organization"}}, {"type": "Feature", "geometry": {"type": "Point", "coordinates": [-97.531577924204, 35.59460077962]}, "properties": {"npi": "1083352066", "name": "PRAIRIE GARDENS PHARMACY INC", "category": "Pharmacy", "specialty": "Community/Retail Pharmacy", "address": "12301 N WESTERN AVE STE 106", "city": "OKLAHOMA CITY", "state": "OK", "zip": "73114", "phone": "4057681818", "entity": "Organization"}}, {"type": "Feature", "geometry": {"type": "Point", "coordinates": [-96.01576373266, 35.951865595259]}, "properties": {"npi": "1649901265", "name": "ROSE ROCK PHARMACY, LLC", "category": "Pharmacy", "specialty": "Community/Retail Pharmacy", "address": "12100 S YUKON AVE STE A", "city": "GLENPOOL", "state": "OK", "zip": "74033", "phone": "9183214054", "entity": "Organization"}}, {"type": "Feature", "geometry": {"type": "Point", "coordinates": [-97.515073367394, 35.365339151784]}, "properties": {"npi": "1578295994", "name": "ALLIANCE RX", "category": "Pharmacy", "specialty": "Pharmacy", "address": "10317 S BROADWAY AVE", "city": "OKLAHOMA CITY", "state": "OK", "zip": "73139", "phone": "4054207328", "entity": "Organization"}}, {"type": "Feature", "geometry": {"type": "Point", "coordinates": [-96.090399927023, 35.999300981968]}, "properties": {"npi": "1275260069", "name": "CURA FOR THE WORLD FOUNDATION PHARMACY", "category": "Pharmacy", "specialty": "Pharmacy", "address": "1500 E DEWEY AVE", "city": "SAPULPA", "state": "OK", "zip": "74066", "phone": "9183479221", "entity": "Organization"}}, {"type": "Feature", "geometry": {"type": "Point", "coordinates": [-99.395973973136, 36.436011033651]}, "properties": {"npi": "1053031369", "name": "RANDYS PHARMACY (LTC)", "category": "Pharmacy", "specialty": "Long Term Care Pharmacy", "address": "1310 MAIN ST", "city": "WOODWARD", "state": "OK", "zip": "73801", "phone": "5802566600", "entity": "Organization"}}, {"type": "Feature", "geometry": {"type": "Point", "coordinates": [-97.494464752663, 35.482238505563]}, "properties": {"npi": "1063132777", "name": "OU MEDICINE, INC.", "category": "Pharmacy", "specialty": "Community/Retail Pharmacy", "address": "1000 NE 13TH ST STE 1880", "city": "OKLAHOMA CITY", "state": "OK", "zip": "73104", "phone": "4058081771", "entity": "Organization"}}, {"type": "Feature", "geometry": {"type": "Point", "coordinates": [-97.439659502381, 35.232794546975]}, "properties": {"npi": "1376264572", "name": "NORMAN UROLOGY ASSOCIATES PC", "category": "Pharmacy", "specialty": "Non-Pharmacy Dispensing Site", "address": "500 E ROBINSON ST STE 1300", "city": "NORMAN", "state": "OK", "zip": "73071", "phone": "4053609966", "entity": "Organization"}}, {"type": "Feature", "geometry": {"type": "Point", "coordinates": [-97.532050713145, 35.496019528219]}, "properties": {"npi": "1619698370", "name": "SUPERX PHARMACY LLC", "category": "Pharmacy", "specialty": "Pharmacy", "address": "2668 N MILITARY AVE", "city": "OKLAHOMA CITY", "state": "OK", "zip": "73106", "phone": "4056746345", "entity": "Organization"}}, {"type": "Feature", "geometry": {"type": "Point", "coordinates": [-99.392221592754, 36.4335582319]}, "properties": {"npi": "1255048526", "name": "TEXOMA MEDICAL SERVICES, INC.", "category": "Pharmacy", "specialty": "Long Term Care Pharmacy", "address": "1021 OKLAHOMA AVE", "city": "WOODWARD", "state": "OK", "zip": "73801", "phone": "5802565586", "entity": "Organization"}}, {"type": "Feature", "geometry": {"type": "Point", "coordinates": [-99.913498095689, 34.691414516349]}, "properties": {"npi": "1710699822", "name": "ROBINSON FAMILY PHARMACY LLC", "category": "Pharmacy", "specialty": "Community/Retail Pharmacy", "address": "509 E CHESTNUT ST", "city": "HOLLIS", "state": "OK", "zip": "73550", "phone": "5806882247", "entity": "Organization"}}, {"type": "Feature", "geometry": {"type": "Point", "coordinates": [-96.699602577887, 35.24484003925]}, "properties": {"npi": "1205540101", "name": "CENTRAL OKLAHOMA FAMILY MEDICAL CENTER", "category": "Pharmacy", "specialty": "Clinic Pharmacy", "address": "2249 BOREN BLVD STE B", "city": "SEMINOLE", "state": "OK", "zip": "74868", "phone": "4056837900", "entity": "Organization"}}, {"type": "Feature", "geometry": {"type": "Point", "coordinates": [-94.877778219867, 36.874619123253]}, "properties": {"npi": "1144935172", "name": "OSBORN DRUGS INC", "category": "Pharmacy", "specialty": "Long Term Care Pharmacy", "address": "11 W CENTRAL AVE", "city": "MIAMI", "state": "OK", "zip": "74354", "phone": "9185424444", "entity": "Organization"}}, {"type": "Feature", "geometry": {"type": "Point", "coordinates": [-97.512618928693, 35.377153834483]}, "properties": {"npi": "1548976889", "name": "EQUALITY HEALTH GROUP LLC", "category": "Pharmacy", "specialty": "Pharmacy", "address": "8 SW 89TH ST STE 200", "city": "OKLAHOMA CITY", "state": "OK", "zip": "73139", "phone": "4057612762", "entity": "Organization"}}, {"type": "Feature", "geometry": {"type": "Point", "coordinates": [-95.8517041056, 36.137105763439]}, "properties": {"npi": "1487350260", "name": "UP RX - LLC", "category": "Pharmacy", "specialty": "Community/Retail Pharmacy", "address": "11240 E 17TH PL", "city": "TULSA", "state": "OK", "zip": "74128", "phone": "9183985588", "entity": "Organization"}}, {"type": "Feature", "geometry": {"type": "Point", "coordinates": [-99.404935947489, 35.417545130446]}, "properties": {"npi": "1023716438", "name": "SKINNER PHARMACIES INC", "category": "Pharmacy", "specialty": "Long Term Care Pharmacy", "address": "809 N MAIN ST", "city": "ELK CITY", "state": "OK", "zip": "73644", "phone": "5802252121", "entity": "Organization"}}, {"type": "Feature", "geometry": {"type": "Point", "coordinates": [-97.454450613833, 35.638181476025]}, "properties": {"npi": "1386343499", "name": "THE APOTHECARY ROOM", "category": "Pharmacy", "specialty": "Community/Retail Pharmacy", "address": "2000 E 15TH ST STE 100B", "city": "EDMOND", "state": "OK", "zip": "73013", "phone": "4056004600", "entity": "Organization"}}, {"type": "Feature", "geometry": {"type": "Point", "coordinates": [-95.129550621489, 35.260874953651]}, "properties": {"npi": "1346942729", "name": "HASKELL REGIONAL HOSPITAL, INC.", "category": "Pharmacy", "specialty": "Community/Retail Pharmacy", "address": "501 NW H ST STE A", "city": "STIGLER", "state": "OK", "zip": "74462", "phone": "9182892315", "entity": "Organization"}}, {"type": "Feature", "geometry": {"type": "Point", "coordinates": [-95.8495036, 36.2224152]}, "properties": {"npi": "1649974650", "name": "COSTCO WHOLESALE CORPORATION", "category": "Pharmacy", "specialty": "Community/Retail Pharmacy", "address": "4816 N 118TH AVE E", "city": "TULSA", "state": "OK", "zip": "74116", "phone": "5392355120", "entity": "Organization"}}, {"type": "Feature", "geometry": {"type": "Point", "coordinates": [-97.525637467591, 35.480157902013]}, "properties": {"npi": "1790471407", "name": "DIVERSITY FAMILY PHARMACY INC", "category": "Pharmacy", "specialty": "Community/Retail Pharmacy", "address": "1211 N SHARTEL AVE STE 300A", "city": "OKLAHOMA CITY", "state": "OK", "zip": "73103", "phone": "4057786820", "entity": "Organization"}}, {"type": "Feature", "geometry": {"type": "Point", "coordinates": [-94.761698004573, 36.58315066883]}, "properties": {"npi": "1629769393", "name": "INTEGRIS PROHEALTH INC", "category": "Pharmacy", "specialty": "Community/Retail Pharmacy", "address": "601 E 13TH ST STE B", "city": "GROVE", "state": "OK", "zip": "74344", "phone": "4059493120", "entity": "Organization"}}, {"type": "Feature", "geometry": {"type": "Point", "coordinates": [-94.626944905918, 35.089471510987]}, "properties": {"npi": "1659063246", "name": "POTEAU FAMILY PHARMACY, LLC", "category": "Pharmacy", "specialty": "Community/Retail Pharmacy", "address": "1122 TARBY ROAD", "city": "POTEAU", "state": "OK", "zip": "74953", "phone": "9186470453", "entity": "Organization"}}, {"type": "Feature", "geometry": {"type": "Point", "coordinates": [-97.513489816268, 35.546890654039]}, "properties": {"npi": "1740972058", "name": "ARISTACARE HEALTH INC", "category": "Pharmacy", "specialty": "Pharmacy", "address": "7512 BROADWAY EXT STE 308", "city": "OKLAHOMA CITY", "state": "OK", "zip": "73116", "phone": "4052125669", "entity": "Organization"}}, {"type": "Feature", "geometry": {"type": "Point", "coordinates": [-96.131000731306, 34.379630957025]}, "properties": {"npi": "1700578853", "name": "RITTER EXPRESS PHARMACY, INC", "category": "Pharmacy", "specialty": "Long Term Care Pharmacy", "address": "744 S MISSISSIPPI AVE", "city": "ATOKA", "state": "OK", "zip": "74525", "phone": "5808890230", "entity": "Organization"}}, {"type": "Feature", "geometry": {"type": "Point", "coordinates": [-97.423306351571, 35.397071517008]}, "properties": {"npi": "1659063717", "name": "MERCY PHARMACY SERVICES LLC", "category": "Pharmacy", "specialty": "Community/Retail Pharmacy", "address": "5600 SE 67TH ST", "city": "OKLAHOMA CITY", "state": "OK", "zip": "73135", "phone": "3146285627", "entity": "Organization"}}, {"type": "Feature", "geometry": {"type": "Point", "coordinates": [-95.95242771112, 35.613007200643]}, "properties": {"npi": "1033801105", "name": "OKMULGEE DISCOUNT PHARMACY, LLC", "category": "Pharmacy", "specialty": "Long Term Care Pharmacy", "address": "1160 S BELMONT AVE", "city": "OKMULGEE", "state": "OK", "zip": "74447", "phone": "9187561223", "entity": "Organization"}}, {"type": "Feature", "geometry": {"type": "Point", "coordinates": [-95.499593545608, 34.010541149645]}, "properties": {"npi": "1245922392", "name": "HUGO EXPRESS PHARMACY, LLC", "category": "Pharmacy", "specialty": "Long Term Care Pharmacy", "address": "1200 E JACKSON ST", "city": "HUGO", "state": "OK", "zip": "74743", "phone": "5803261600", "entity": "Organization"}}, {"type": "Feature", "geometry": {"type": "Point", "coordinates": [-97.966635623563, 34.544167864915]}, "properties": {"npi": "1861184939", "name": "BAKER EXPRESS PHARMACY, LLC", "category": "Pharmacy", "specialty": "Long Term Care Pharmacy", "address": "3344 N HWY 81", "city": "DUNCAN", "state": "OK", "zip": "73533", "phone": "5802553784", "entity": "Organization"}}, {"type": "Feature", "geometry": {"type": "Point", "coordinates": [-98.432754703649, 34.608922442329]}, "properties": {"npi": "1770276727", "name": "COMANCHE COUNTY HEALTHCARE CORPORATION", "category": "Pharmacy", "specialty": "Pharmacist Clinician (PhC)/ Clinical Pharmacy Specialist", "address": "3201 W GORE BLVD STE 101", "city": "LAWTON", "state": "OK", "zip": "73505", "phone": "5802506551", "entity": "Organization"}}, {"type": "Feature", "geometry": {"type": "Point", "coordinates": [-95.964931188891, 36.140516310441]}, "properties": {"npi": "1346920790", "name": "EQUITY PHARMACY INC", "category": "Pharmacy", "specialty": "Community/Retail Pharmacy", "address": "1822 E 15TH ST STE C", "city": "TULSA", "state": "OK", "zip": "74104", "phone": "9189826229", "entity": "Organization"}}, {"type": "Feature", "geometry": {"type": "Point", "coordinates": [-97.530272413776, 35.413928519451]}, "properties": {"npi": "1942084520", "name": "ICARE PHARMACY", "category": "Pharmacy", "specialty": "Community/Retail Pharmacy", "address": "5201 S WESTERN AVE STE 200", "city": "OKLAHOMA CITY", "state": "OK", "zip": "73109", "phone": "4057682270", "entity": "Organization"}}, {"type": "Feature", "geometry": {"type": "Point", "coordinates": [-97.494464752663, 35.482238505563]}, "properties": {"npi": "1447039342", "name": "OU MEDICINE INC.", "category": "Pharmacy", "specialty": "Specialty Pharmacy", "address": "1000 NE 13TH ST., SUITE 1880", "city": "OKLAHOMA CITY", "state": "OK", "zip": "73104", "phone": "4052715831", "entity": "Organization"}}, {"type": "Feature", "geometry": {"type": "Point", "coordinates": [-96.634688802117, 34.776027066007]}, "properties": {"npi": "1821860503", "name": "CENTRAL OKLAHOMA FAMILY MEDICAL CENTER, INC.", "category": "Pharmacy", "specialty": "Clinic Pharmacy", "address": "304 N MONTE VISTA ST", "city": "ADA", "state": "OK", "zip": "74820", "phone": "5804361111", "entity": "Organization"}}, {"type": "Feature", "geometry": {"type": "Point", "coordinates": [-95.35813951586, 35.782057440687]}, "properties": {"npi": "1194590760", "name": "CREEK NATION HOSPITAL & CLINICS", "category": "Pharmacy", "specialty": "Specialty Pharmacy", "address": "2900 N MAIN ST", "city": "MUSKOGEE", "state": "OK", "zip": "74401", "phone": "8557714321", "entity": "Organization"}}, {"type": "Feature", "geometry": {"type": "Point", "coordinates": [-95.908306137625, 36.10582819024]}, "properties": {"npi": "1346017407", "name": "HUNTER'S GRAND PHARMACY, LLC", "category": "Pharmacy", "specialty": "Community/Retail Pharmacy", "address": "6111 E SKELLY DR STE 1100", "city": "TULSA", "state": "OK", "zip": "74135", "phone": "9183096774", "entity": "Organization"}}, {"type": "Feature", "geometry": {"type": "Point", "coordinates": [-97.468899930337, 35.203966213397]}, "properties": {"npi": "1811764657", "name": "COMPASSIONATE CARE PHARMACY LLC", "category": "Pharmacy", "specialty": "Long Term Care Pharmacy", "address": "1811 W LINDSEY ST STE 101", "city": "NORMAN", "state": "OK", "zip": "73069", "phone": "4055464199", "entity": "Organization"}}, {"type": "Feature", "geometry": {"type": "Point", "coordinates": [-97.484013473425, 35.398122631935]}, "properties": {"npi": "1538936471", "name": "GUARDIAN PHARMACY OF OKLAHOMA CITY, LLC", "category": "Pharmacy", "specialty": "Long Term Care Pharmacy", "address": "6705 CAMILLE AVE", "city": "OKLAHOMA CITY", "state": "OK", "zip": "73149", "phone": "5722133650", "entity": "Organization"}}, {"type": "Feature", "geometry": {"type": "Point", "coordinates": [-98.402055735382, 34.604112724139]}, "properties": {"npi": "1881462398", "name": "LEGACY RX", "category": "Pharmacy", "specialty": "Ambulatory Care Pharmacist", "address": "927 SW D AVE", "city": "LAWTON", "state": "OK", "zip": "73501", "phone": "5806998052", "entity": "Organization"}}, {"type": "Feature", "geometry": {"type": "Point", "coordinates": [-97.552101635805, 35.36331075386]}, "properties": {"npi": "1447011135", "name": "EAGLET PHARMACY LLC", "category": "Pharmacy", "specialty": "Community/Retail Pharmacy", "address": "2209 SW 104TH ST STE E", "city": "OKLAHOMA CITY", "state": "OK", "zip": "73159", "phone": "4056765300", "entity": "Organization"}}, {"type": "Feature", "geometry": {"type": "Point", "coordinates": [-98.745747988062, 35.097657228113]}, "properties": {"npi": "1891550760", "name": "VETERINARY ENTERPRISES OF TOMORROW", "category": "Pharmacy", "specialty": "Community/Retail Pharmacy", "address": "240 MAIN ST", "city": "MOUNTAIN VIEW", "state": "OK", "zip": "73062", "phone": "5803472770", "entity": "Organization"}}, {"type": "Feature", "geometry": {"type": "Point", "coordinates": [-97.720530993503, 35.464409688374]}, "properties": {"npi": "1689424079", "name": "CONNECTING CARE CLINIC, LLC", "category": "Pharmacy", "specialty": "Pharmacist Clinician (PhC)/ Clinical Pharmacy Specialist", "address": "11225 W RENO AVE", "city": "YUKON", "state": "OK", "zip": "73099", "phone": "4056333419", "entity": "Organization"}}, {"type": "Feature", "geometry": {"type": "Point", "coordinates": [-97.583507489912, 35.526264093741]}, "properties": {"npi": "1619721784", "name": "INTEGRIS BAPTIST MEDICAL CENTER INC", "category": "Pharmacy", "specialty": "Institutional Pharmacy", "address": "5501 N PORTLAND AVE", "city": "OKLAHOMA CITY", "state": "OK", "zip": "73112", "phone": "4056046000", "entity": "Organization"}}, {"type": "Feature", "geometry": {"type": "Point", "coordinates": [-95.813483, 35.9963789]}, "properties": {"npi": "1063252260", "name": "BROOKSHIRE GROCERY COMPANY", "category": "Pharmacy", "specialty": "Pharmacy", "address": "1914 W. NORFOLK DRIVE", "city": "BROKEN ARROW", "state": "OK", "zip": "74011", "phone": "5392504625", "entity": "Organization"}}, {"type": "Feature", "geometry": {"type": "Point", "coordinates": [-95.839286890848, 36.364476412611]}, "properties": {"npi": "1396580676", "name": "COLLINSVILLE FAMILY PHARMACY LC", "category": "Pharmacy", "specialty": "Long Term Care Pharmacy", "address": "1205 W MAIN ST STE A", "city": "COLLINSVILLE", "state": "OK", "zip": "74021", "phone": "9183712547", "entity": "Organization"}}, {"type": "Feature", "geometry": {"type": "Point", "coordinates": [-95.797384170352, 36.01933945069]}, "properties": {"npi": "1235968488", "name": "GFJ INC", "category": "Pharmacy", "specialty": "Long Term Care Pharmacy", "address": "3359 S ELM PL", "city": "BROKEN ARROW", "state": "OK", "zip": "74012", "phone": "9184513784", "entity": "Organization"}}, {"type": "Feature", "geometry": {"type": "Point", "coordinates": [-95.86529424983, 36.050094361183]}, "properties": {"npi": "1093546574", "name": "CREEK NATION HOSPITAL & CLINICS", "category": "Pharmacy", "specialty": "Indian Health Service/Tribal/Urban Indian Health (I/T/U) Pharmacy", "address": "10153 E 79TH ST STE 102", "city": "TULSA", "state": "OK", "zip": "74133", "phone": "8557714321", "entity": "Organization"}}, {"type": "Feature", "geometry": {"type": "Point", "coordinates": [-96.129830517253, 34.382357052816]}, "properties": {"npi": "1720819725", "name": "FAMILY HEALTH CENTER OF SOUTHERN OKLAHOMA INC", "category": "Pharmacy", "specialty": "Community/Retail Pharmacy", "address": "457 S MISSISSIPPI AVE", "city": "ATOKA", "state": "OK", "zip": "74525", "phone": "5802073800", "entity": "Organization"}}, {"type": "Feature", "geometry": {"type": "Point", "coordinates": [-95.129564843021, 35.260875565331]}, "properties": {"npi": "1003648650", "name": "HASKELL REGIONAL HOSPITAL, INC.", "category": "Pharmacy", "specialty": "Mail Order Pharmacy", "address": "503 NW H ST STE A", "city": "STIGLER", "state": "OK", "zip": "74462", "phone": "9182892315", "entity": "Organization"}}, {"type": "Feature", "geometry": {"type": "Point", "coordinates": [-96.9388004, 35.3635828]}, "properties": {"npi": "1912739020", "name": "ST. ANTHONY SHAWNEE HOSPITAL, INC.", "category": "Pharmacy", "specialty": "Community/Retail Pharmacy", "address": "3210 KETHLEY RD.", "city": "SHAWNEE", "state": "OK", "zip": "74804", "phone": "4052739417", "entity": "Organization"}}, {"type": "Feature", "geometry": {"type": "Point", "coordinates": [-96.911994004167, 35.373526051039]}, "properties": {"npi": "1659104651", "name": "WINEGARDNER INC", "category": "Pharmacy", "specialty": "Compounding Pharmacy", "address": "4151 N HARRISON ST", "city": "SHAWNEE", "state": "OK", "zip": "74804", "phone": "4059136227", "entity": "Organization"}}, {"type": "Feature", "geometry": {"type": "Point", "coordinates": [-97.485250179054, 35.398197017299]}, "properties": {"npi": "1538996152", "name": "PHARMACORR STERILE, LLC", "category": "Pharmacy", "specialty": "Pharmacy", "address": "1500 SE 66TH ST", "city": "OKLAHOMA CITY", "state": "OK", "zip": "73149", "phone": "8333279567", "entity": "Organization"}}, {"type": "Feature", "geometry": {"type": "Point", "coordinates": [-95.1531767914, 36.292928832846]}, "properties": {"npi": "1215755426", "name": "NEOHEALTH OKLAHOMA COMMUNITY HEALTH CENTERS, INC.", "category": "Pharmacy", "specialty": "Community/Retail Pharmacy", "address": "103 E. FERRY ST", "city": "SALINA", "state": "OK", "zip": "74365", "phone": "9184347442", "entity": "Organization"}}, {"type": "Feature", "geometry": {"type": "Point", "coordinates": [-97.513431103516, 35.57283355353]}, "properties": {"npi": "1629890660", "name": "HUNTERS PRECISION RX LLC", "category": "Pharmacy", "specialty": "Pharmacy", "address": "10120 BROADWAY EXT STE 120", "city": "OKLAHOMA CITY", "state": "OK", "zip": "73114", "phone": "4054182929", "entity": "Organization"}}, {"type": "Feature", "geometry": {"type": "Point", "coordinates": [-97.869406470715, 36.393065366523]}, "properties": {"npi": "1366266280", "name": "ENID UROLOGY ASSOCIATES, INC", "category": "Pharmacy", "specialty": "Non-Pharmacy Dispensing Site", "address": "615 E OKLAHOMA AVE STE 202", "city": "ENID", "state": "OK", "zip": "73701", "phone": "5802333230", "entity": "Organization"}}, {"type": "Feature", "geometry": {"type": "Point", "coordinates": [-97.478266085943, 35.612682073133]}, "properties": {"npi": "1215752563", "name": "CREATIVE CARE PHARMACY, LLC", "category": "Pharmacy", "specialty": "Long Term Care Pharmacy", "address": "14101 N EASTERN AVE STE A", "city": "EDMOND", "state": "OK", "zip": "73013", "phone": "4055621800", "entity": "Organization"}}, {"type": "Feature", "geometry": {"type": "Point", "coordinates": [-96.060741062339, 35.876748209601]}, "properties": {"npi": "1750106001", "name": "QUANTUM PHARMACEUTICALS", "category": "Pharmacy", "specialty": "Compounding Pharmacy", "address": "1314 COMMERCIAL AVE", "city": "MOUNDS", "state": "OK", "zip": "74047", "phone": "9189380503", "entity": "Organization"}}, {"type": "Feature", "geometry": {"type": "Point", "coordinates": [-97.960155988365, 35.047587761609]}, "properties": {"npi": "1376359463", "name": "TOTALDOSE CHICKASHA LLC", "category": "Pharmacy", "specialty": "Long Term Care Pharmacy", "address": "2103 W IOWA AVE", "city": "CHICKASHA", "state": "OK", "zip": "73018", "phone": "4052222273", "entity": "Organization"}}, {"type": "Feature", "geometry": {"type": "Point", "coordinates": [-97.689179529618, 35.449550688588]}, "properties": {"npi": "1235946351", "name": "WESTBURY EXPRESS PHARMACY OF OKC LLC", "category": "Pharmacy", "specialty": "Compounding Pharmacy", "address": "1600 S MORGAN RD STE A", "city": "OKLAHOMA CITY", "state": "OK", "zip": "73128", "phone": "4059142385", "entity": "Organization"}}, {"type": "Feature", "geometry": {"type": "Point", "coordinates": [-95.904299697583, 36.048949417134]}, "properties": {"npi": "1538977657", "name": "TULSA SAFFA LLC", "category": "Pharmacy", "specialty": "Community/Retail Pharmacy", "address": "8004 S SHERIDAN RD", "city": "TULSA", "state": "OK", "zip": "74133", "phone": "9184924242", "entity": "Organization"}}, {"type": "Feature", "geometry": {"type": "Point", "coordinates": [-99.170371518966, 35.352288891901]}, "properties": {"npi": "1003624289", "name": "FAITHCARE PHARMACY", "category": "Pharmacy", "specialty": "Pharmacy", "address": "220 OK- 44", "city": "BURNS FLAT", "state": "OK", "zip": "73647", "phone": "5805623629", "entity": "Organization"}}, {"type": "Feature", "geometry": {"type": "Point", "coordinates": [-97.494464752663, 35.482238505563]}, "properties": {"npi": "1942011697", "name": "OU MEDICINE INC.", "category": "Pharmacy", "specialty": "Community/Retail Pharmacy", "address": "1000 NE 13TH ST.", "city": "OKLAHOMA CITY", "state": "OK", "zip": "73104", "phone": "4052714253", "entity": "Organization"}}, {"type": "Feature", "geometry": {"type": "Point", "coordinates": [-98.440822953325, 34.608975298884]}, "properties": {"npi": "1952115248", "name": "COMANCHE COUNTY HOSPITAL AUTHORITY", "category": "Pharmacy", "specialty": "Community/Retail Pharmacy", "address": "3811 W GORE BLVD STE 8", "city": "LAWTON", "state": "OK", "zip": "73505", "phone": "5803558620", "entity": "Organization"}}, {"type": "Feature", "geometry": {"type": "Point", "coordinates": [-97.509338542102, 35.568006778361]}, "properties": {"npi": "1598560591", "name": "INTEGRIS PROHEALTH INC", "category": "Pharmacy", "specialty": "Pharmacy", "address": "10029 N OKLAHOMA AVE STE 101", "city": "OKLAHOMA CITY", "state": "OK", "zip": "73114", "phone": "4056016310", "entity": "Organization"}}, {"type": "Feature", "geometry": {"type": "Point", "coordinates": [-97.2849954, 36.6954067]}, "properties": {"npi": "1679378608", "name": "NORTHERN OKLAHOMA PHARMACY", "category": "Pharmacy", "specialty": "Pharmacy", "address": "16603 W SOUTH AVE", "city": "TONKAWA", "state": "OK", "zip": "74653", "phone": "5805570085", "entity": "Organization"}}, {"type": "Feature", "geometry": {"type": "Point", "coordinates": [-97.932671659687, 35.846792464303]}, "properties": {"npi": "1669279436", "name": "LTRX INC.", "category": "Pharmacy", "specialty": "Long Term Care Pharmacy", "address": "1308 S MAIN ST", "city": "KINGFISHER", "state": "OK", "zip": "73750", "phone": "4053755400", "entity": "Organization"}}, {"type": "Feature", "geometry": {"type": "Point", "coordinates": [-94.8071898, 35.4572004]}, "properties": {"npi": "1699569178", "name": "SALLISAW STATE VETERANS HOME", "category": "Pharmacy", "specialty": "Long Term Care Pharmacy", "address": "2343 S KERR BLVD", "city": "SALLISAW", "state": "OK", "zip": "74955", "phone": "9187744859", "entity": "Organization"}}, {"type": "Feature", "geometry": {"type": "Point", "coordinates": [-95.904629551974, 36.155650104763]}, "properties": {"npi": "1598550881", "name": "NRF INC", "category": "Pharmacy", "specialty": "Long Term Care Pharmacy", "address": "444 S SHERIDAN RD", "city": "TULSA", "state": "OK", "zip": "74112", "phone": "9188359577", "entity": "Organization"}}, {"type": "Feature", "geometry": {"type": "Point", "coordinates": [-97.07413989519, 36.115827068087]}, "properties": {"npi": "1780471847", "name": "STILLWATER MEDICAL CENTER AUTHORITY", "category": "Pharmacy", "specialty": "Institutional Pharmacy", "address": "1323 W 6TH AVE", "city": "STILLWATER", "state": "OK", "zip": "74074", "phone": "4053721480", "entity": "Organization"}}, {"type": "Feature", "geometry": {"type": "Point", "coordinates": [-94.7267635, 34.0264288]}, "properties": {"npi": "1447143532", "name": "CHOCTAW NATION OF OKLAHOMA", "category": "Pharmacy", "specialty": "Community/Retail Pharmacy", "address": "1300 E MARTIN LUTHER KING DR", "city": "BROKEN BOW", "state": "OK", "zip": "74728", "phone": "9185677000", "entity": "Organization"}}, {"type": "Feature", "geometry": {"type": "Point", "coordinates": [-95.857709926181, 36.148081518323]}, "properties": {"npi": "1720971625", "name": "SAINT FRANCIS HOSPITAL INC.", "category": "Pharmacy", "specialty": "Non-Pharmacy Dispensing Site", "address": "10711 E 11TH ST STE 1", "city": "TULSA", "state": "OK", "zip": "74128", "phone": "9185837233", "entity": "Organization"}}, {"type": "Feature", "geometry": {"type": "Point", "coordinates": [-94.977036168701, 35.893735752272]}, "properties": {"npi": "1124914551", "name": "NORTHEASTERN OKLAHOMA COMMUNITY HEALTH CENTERS INC", "category": "Pharmacy", "specialty": "Community/Retail Pharmacy", "address": "1721 S MUSKOGEE AVE", "city": "TAHLEQUAH", "state": "OK", "zip": "74464", "phone": "9187083585", "entity": "Organization"}}, {"type": "Feature", "geometry": {"type": "Point", "coordinates": [-97.580573558378, 35.610953468782]}, "properties": {"npi": "1942196621", "name": "CENTRAL OKLAHOMA AMERICAN INDIAN HEALTH COUNCIL, INC.", "category": "Pharmacy", "specialty": "Indian Health Service/Tribal/Urban Indian Health (I/T/U) Pharmacy", "address": "13801 WIRELESS WAY", "city": "OKLAHOMA CITY", "state": "OK", "zip": "73134", "phone": "4059484900", "entity": "Organization"}}, {"type": "Feature", "geometry": {"type": "Point", "coordinates": [-97.48607709938, 35.379573148645]}, "properties": {"npi": "1568352698", "name": "PILLPACK LLC", "category": "Pharmacy", "specialty": "Community/Retail Pharmacy", "address": "8707 POLE RD STE 100", "city": "OKLAHOMA CITY", "state": "OK", "zip": "73149", "phone": "8557455725", "entity": "Organization"}}, {"type": "Feature", "geometry": {"type": "Point", "coordinates": [-97.556652038837, 35.652995838628]}, "properties": {"npi": "1801779731", "name": "DOUGS PHARMACY, LLC", "category": "Pharmacy", "specialty": "Community/Retail Pharmacy", "address": "2404 NW 178TH ST STE F", "city": "EDMOND", "state": "OK", "zip": "73012", "phone": "4052853684", "entity": "Organization"}}, {"type": "Feature", "geometry": {"type": "Point", "coordinates": [-97.760165992899, 35.472769747448]}, "properties": {"npi": "1851279731", "name": "FAITH CLINIC INC", "category": "Pharmacy", "specialty": "Pharmacy", "address": "620 N CEMETERY RD BLDG 2", "city": "YUKON", "state": "OK", "zip": "73099", "phone": "4052656198", "entity": "Organization"}}, {"type": "Feature", "geometry": {"type": "Point", "coordinates": [-97.724784653566, 35.47370432001]}, "properties": {"npi": "1073484523", "name": "TELOS COMPOUNDING SOLUTIONS LLC", "category": "Pharmacy", "specialty": "Community/Retail Pharmacy", "address": "701 N MUSTANG RD STE C", "city": "YUKON", "state": "OK", "zip": "73099", "phone": "4057060079", "entity": "Organization"}}, {"type": "Feature", "geometry": {"type": "Point", "coordinates": [-98.477996304078, 36.275147419459]}, "properties": {"npi": "1801766340", "name": "BENRX LLC", "category": "Pharmacy", "specialty": "Community/Retail Pharmacy", "address": "210 E STATE RD", "city": "FAIRVIEW", "state": "OK", "zip": "73737", "phone": "5802272045", "entity": "Organization"}}, {"type": "Feature", "geometry": {"type": "Point", "coordinates": [-97.836715775286, 36.39594627249]}, "properties": {"npi": "1134099617", "name": "GREAT SALT PLAINS HEALTH CENTER, INC.", "category": "Pharmacy", "specialty": "Clinic Pharmacy", "address": "231 S 30TH ST", "city": "ENID", "state": "OK", "zip": "73701", "phone": "5802332900", "entity": "Organization"}}, {"type": "Feature", "geometry": {"type": "Point", "coordinates": [-97.524318214844, 35.47896518548]}, "properties": {"npi": "1134089493", "name": "CRESCENT ID PHARMACY", "category": "Pharmacy", "specialty": "Community/Retail Pharmacy", "address": "1111 N LEE AVE STE 249", "city": "OKLAHOMA CITY", "state": "OK", "zip": "73103", "phone": "4052123994", "entity": "Organization"}}, {"type": "Feature", "geometry": {"type": "Point", "coordinates": [-98.478546457649, 34.623377706788]}, "properties": {"npi": "1265398846", "name": "COMANCHE COUNTY HOSPITAL AUTHORITY", "category": "Pharmacy", "specialty": "Community/Retail Pharmacy", "address": "7102 NW CACHE RD", "city": "LAWTON", "state": "OK", "zip": "73505", "phone": "5803600143", "entity": "Organization"}}]}