{"type": "FeatureCollection", "name": "ok_tribal", "crs": {"type": "name", "properties": {"name": "urn:ogc:def:crs:OGC:1.3:CRS84"}}, "features": [{"type": "Feature", "properties": {"GEOID": "5590", "NAME": "Choctaw", "NAMELSAD": "Choctaw OTSA", "ihs_facilities": 6, "counties": "Atoka, Bryan, Choctaw, Coal, Haskell, Hughes, Latimer, Le Flore, McCurtain, Pittsburg, Pushmataha", "county_count": 11, "approx_area_sq_mi": 13236, "approx_pop": 249608}, "geometry": {"type": "Polygon", "coordinates": [[[-96.454443, 34.004462], [-96.454336, 34.012116], [-96.454285, 34.019834], [-96.454101, 34.041157], [-96.453836, 34.1141], [-96.45397, 34.125095], [-96.453813, 34.156716], [-96.453901, 34.157348], [-96.453987, 34.186739], [-96.453924, 34.198279], [-96.453722, 34.257611], [-96.453658, 34.274038], [-96.453536, 34.298963], [-96.453527, 34.303167], [-96.453523, 34.332247], [-96.453484, 34.419324], [-96.453436, 34.441389], [-96.453371, 34.462312], [-96.453371, 34.463085], [-96.453175, 34.51265], [-96.452905, 34.592763], [-96.452769, 34.680077], [-96.45277, 34.694577], [-96.452704, 34.69595], [-96.452464, 34.752781], [-96.452153, 34.88374], [-96.452101, 34.91212], [-96.449677, 34.910678], [-96.444865, 34.909086], [-96.444728, 34.907632], [-96.442593, 34.906398], [-96.437214, 34.904774], [-96.437203, 34.903049], [-96.435587, 34.90228], [-96.431551, 34.90258], [-96.431013, 34.903468], [-96.426871, 34.903128], [-96.424701, 34.903687], [-96.420933, 34.907441], [-96.418412, 34.907851], [-96.417475, 34.909652], [-96.417798, 34.911726], [-96.413781, 34.915619], [-96.413669, 34.916382], [-96.410689, 34.92214], [-96.410831, 34.923692], [-96.409285, 34.925081], [-96.40976, 34.926093], [-96.409568, 34.92945], [-96.406135, 34.934191], [-96.406132, 34.938226], [-96.402252, 34.940176], [-96.400911, 34.941845], [-96.396117, 34.944709], [-96.395155, 34.943626], [-96.392468, 34.945637], [-96.388046, 34.946479], [-96.385248, 34.948082], [-96.382681, 34.948455], [-96.379401, 34.952664], [-96.376559, 34.954092], [-96.375798, 34.956508], [-96.374104, 34.95733], [-96.371245, 34.961148], [-96.370496, 34.964835], [-96.370833, 34.967123], [-96.372038, 34.969104], [-96.371883, 34.970113], [-96.369697, 34.972248], [-96.365272, 34.979271], [-96.36444, 34.981105], [-96.366252, 34.98662], [-96.364051, 34.991247], [-96.362954, 34.992921], [-96.36262, 34.994506], [-96.363826, 34.996867], [-96.362629, 34.999473], [-96.360635, 35.001076], [-96.359906, 35.003205], [-96.357361, 35.006056], [-96.355902, 35.006777], [-96.35224, 35.00714], [-96.350855, 35.006923], [-96.34422, 35.008179], [-96.340204, 35.008183], [-96.335487, 35.007557], [-96.329009, 35.006239], [-96.322463, 35.003898], [-96.320437, 35.001993], [-96.319871, 34.999864], [-96.318272, 34.99941], [-96.317484, 34.996275], [-96.311915, 34.991552], [-96.306855, 34.990308], [-96.304205, 34.988511], [-96.302871, 34.986273], [-96.299957, 34.983166], [-96.299284, 34.981031], [-96.295845, 34.97881], [-96.294711, 34.975488], [-96.293349, 34.97405], [-96.291145, 34.97299], [-96.284754, 34.969134], [-96.275795, 34.967452], [-96.272123, 34.967566], [-96.268462, 34.96869], [-96.266166, 34.970218], [-96.262813, 34.970962], [-96.26048, 34.971941], [-96.258851, 34.973345], [-96.255096, 34.973776], [-96.251663, 34.973569], [-96.250231, 34.974784], [-96.248621, 34.974055], [-96.246066, 34.975], [-96.242308, 34.974869], [-96.239319, 34.974632], [-96.238586, 34.975623], [-96.235842, 34.97421], [-96.234133, 34.974536], [-96.231881, 34.97306], [-96.231089, 34.973822], [-96.227836, 34.97291], [-96.22715, 34.972116], [-96.224493, 34.971972], [-96.221994, 34.969509], [-96.216816, 34.968052], [-96.209, 34.965507], [-96.205941, 34.963597], [-96.198163, 34.961043], [-96.196447, 34.961661], [-96.193761, 34.961296], [-96.192719, 34.959896], [-96.191437, 34.960518], [-96.190143, 34.959185], [-96.186891, 34.958698], [-96.182024, 34.960152], [-96.178754, 34.960627], [-96.178178, 34.961445], [-96.173269, 34.964191], [-96.170733, 34.966121], [-96.16917, 34.966179], [-96.164043, 34.970502], [-96.160068, 34.973299], [-96.159008, 34.976274], [-96.159107, 34.977934], [-96.156891, 34.979513], [-96.154769, 34.981987], [-96.151588, 34.984491], [-96.149689, 34.985068], [-96.146483, 34.985088], [-96.14534, 34.98566], [-96.14464, 34.986721], [-96.14429, 34.992029], [-96.14372, 34.995194], [-96.144311, 34.997231], [-96.142951, 35.00009], [-96.141809, 35.000701], [-96.138947, 35.000624], [-96.136865, 35.001522], [-96.134501, 35.005677], [-96.134614, 35.010129], [-96.133739, 35.01237], [-96.132189, 35.014295], [-96.128774, 35.016764], [-96.123251, 35.019005], [-96.118719, 35.022207], [-96.115665, 35.024821], [-96.112437, 35.030126], [-96.111341, 35.031093], [-96.106005, 35.034424], [-96.10208, 35.039592], [-96.101288, 35.041373], [-96.10131, 35.045323], [-96.09989, 35.046202], [-96.089538, 35.049739], [-96.088792, 35.049875], [-96.080133, 35.051669], [-96.073243, 35.053409], [-96.072436, 35.053821], [-96.070101, 35.055513], [-96.069239, 35.056585], [-96.068211, 35.059761], [-96.066898, 35.062501], [-96.065625, 35.066193], [-96.064303, 35.071134], [-96.063842, 35.074633], [-96.063314, 35.083274], [-96.062707, 35.08807], [-96.060943, 35.091577], [-96.056571, 35.096098], [-96.054934, 35.097299], [-96.047391, 35.101332], [-96.041857, 35.104348], [-96.037944, 35.109392], [-96.035208, 35.11393], [-96.029969, 35.120336], [-96.02892, 35.120819], [-96.026244, 35.120584], [-96.013871, 35.116558], [-96.012314, 35.116714], [-96.010362, 35.117438], [-96.009214, 35.118759], [-96.008879, 35.122201], [-96.01117, 35.131814], [-96.013026, 35.136922], [-96.013639, 35.141787], [-96.012291, 35.14506], [-96.010257, 35.146626], [-96.009127, 35.147221], [-96.0051, 35.14877], [-95.990279, 35.150838], [-95.983376, 35.151595], [-95.983077, 35.151695], [-95.971777, 35.152496], [-95.965551, 35.152496], [-95.959377, 35.152096], [-95.957376, 35.151696], [-95.952776, 35.151396], [-95.946576, 35.149996], [-95.942576, 35.148396], [-95.937876, 35.146996], [-95.928458, 35.143594], [-95.925578, 35.142896], [-95.917786, 35.142501], [-95.907966, 35.143494], [-95.905867, 35.143987], [-95.900658, 35.146551], [-95.899975, 35.146896], [-95.896541, 35.149048], [-95.892174, 35.152096], [-95.888374, 35.155696], [-95.885274, 35.159696], [-95.883574, 35.162597], [-95.876374, 35.176897], [-95.874511, 35.180272], [-95.870663, 35.185986], [-95.869174, 35.186897], [-95.866674, 35.187297], [-95.862574, 35.186797], [-95.856773, 35.186597], [-95.849473, 35.188297], [-95.847773, 35.188397], [-95.844573, 35.187197], [-95.839673, 35.184397], [-95.838873, 35.184297], [-95.828272, 35.186197], [-95.824272, 35.187497], [-95.816872, 35.191197], [-95.813272, 35.193497], [-95.808372, 35.195398], [-95.804172, 35.196298], [-95.797572, 35.197098], [-95.793271, 35.197298], [-95.787571, 35.196398], [-95.784771, 35.195298], [-95.781971, 35.193498], [-95.779471, 35.190798], [-95.777071, 35.188698], [-95.772171, 35.183698], [-95.770525, 35.181766], [-95.768471, 35.178998], [-95.76707, 35.178098], [-95.76397, 35.177098], [-95.75797, 35.176698], [-95.75597, 35.177198], [-95.751871, 35.180968], [-95.749568, 35.183709], [-95.748019, 35.187716], [-95.745818, 35.190472], [-95.743894, 35.191882], [-95.739993, 35.192805], [-95.735171, 35.192815], [-95.729767, 35.192045], [-95.727788, 35.191379], [-95.727534, 35.191293], [-95.722143, 35.189455], [-95.71896, 35.188847], [-95.716157, 35.189352], [-95.71478, 35.19131], [-95.712382, 35.19713], [-95.709825, 35.200466], [-95.708263, 35.201819], [-95.707153, 35.202301], [-95.703768, 35.202398], [-95.697168, 35.202998], [-95.691205, 35.204668], [-95.686824, 35.204993], [-95.67998, 35.203459], [-95.679107, 35.203869], [-95.677461, 35.206721], [-95.674189, 35.20891], [-95.675274, 35.210162], [-95.679101, 35.211281], [-95.680489, 35.212339], [-95.682332, 35.215012], [-95.682767, 35.216398], [-95.680967, 35.220998], [-95.676867, 35.224798], [-95.672066, 35.227298], [-95.665066, 35.228898], [-95.657466, 35.231398], [-95.643265, 35.238198], [-95.635867, 35.241318], [-95.634965, 35.241698], [-95.628064, 35.246798], [-95.624264, 35.247998], [-95.615664, 35.249698], [-95.610264, 35.249698], [-95.609163, 35.249298], [-95.606063, 35.247098], [-95.603663, 35.242998], [-95.603463, 35.239398], [-95.604563, 35.236998], [-95.606763, 35.235098], [-95.611764, 35.233698], [-95.619864, 35.230398], [-95.622664, 35.228398], [-95.622964, 35.227598], [-95.622464, 35.224698], [-95.619464, 35.222198], [-95.616864, 35.221398], [-95.612864, 35.221098], [-95.608136, 35.220404], [-95.605647, 35.220348], [-95.602342, 35.220739], [-95.59938, 35.221651], [-95.596201, 35.223438], [-95.594263, 35.224898], [-95.591163, 35.227998], [-95.586262, 35.234098], [-95.572662, 35.244298], [-95.57037, 35.245497], [-95.564869, 35.24605], [-95.562937, 35.246404], [-95.556955, 35.249404], [-95.549861, 35.250897], [-95.54646, 35.251197], [-95.54326, 35.251897], [-95.53956, 35.253297], [-95.53466, 35.255997], [-95.53126, 35.257597], [-95.528059, 35.259997], [-95.521659, 35.262397], [-95.518059, 35.262397], [-95.514959, 35.263197], [-95.513259, 35.265197], [-95.512959, 35.267197], [-95.513359, 35.268697], [-95.515559, 35.271797], [-95.517654, 35.275383], [-95.519167, 35.280392], [-95.519057, 35.281194], [-95.516668, 35.284992], [-95.511963, 35.289092], [-95.509462, 35.293099], [-95.507572, 35.296886], [-95.503655, 35.299892], [-95.500366, 35.300892], [-95.49206, 35.300899], [-95.48888, 35.300492], [-95.480057, 35.298497], [-95.464956, 35.293697], [-95.461656, 35.292997], [-95.455855, 35.294297], [-95.45125, 35.296019], [-95.450885, 35.296147], [-95.444555, 35.297697], [-95.437654, 35.299897], [-95.432654, 35.301797], [-95.430454, 35.302997], [-95.427054, 35.305497], [-95.421453, 35.311697], [-95.416853, 35.318297], [-95.41607, 35.319123], [-95.413453, 35.321797], [-95.411153, 35.323397], [-95.407153, 35.324397], [-95.402252, 35.326197], [-95.397552, 35.327197], [-95.393752, 35.327597], [-95.390252, 35.327497], [-95.387551, 35.326997], [-95.385751, 35.326097], [-95.380251, 35.321297], [-95.376951, 35.318797], [-95.375251, 35.316597], [-95.369551, 35.312997], [-95.366651, 35.311997], [-95.358297, 35.306632], [-95.35565, 35.304697], [-95.35325, 35.301697], [-95.35275, 35.298897], [-95.35265, 35.292197], [-95.351582, 35.290231], [-95.348824, 35.290869], [-95.344766, 35.293035], [-95.340849, 35.294897], [-95.336449, 35.297397], [-95.331949, 35.298797], [-95.319949, 35.301246], [-95.316674, 35.30209], [-95.311748, 35.302697], [-95.305447, 35.302297], [-95.300947, 35.301397], [-95.287647, 35.294797], [-95.285746, 35.293397], [-95.280446, 35.288697], [-95.279146, 35.287997], [-95.273689, 35.28294], [-95.270646, 35.279597], [-95.265646, 35.273297], [-95.263556, 35.271108], [-95.26215, 35.268994], [-95.256979, 35.265766], [-95.250245, 35.263197], [-95.248432, 35.262881], [-95.245916, 35.261808], [-95.243809, 35.261636], [-95.240718, 35.26231], [-95.237552, 35.263615], [-95.23134, 35.265927], [-95.226087, 35.2692], [-95.222605, 35.271722], [-95.221357, 35.272821], [-95.218437, 35.275831], [-95.211339, 35.281983], [-95.209413, 35.28382], [-95.206164, 35.28807], [-95.205385, 35.289418], [-95.204069, 35.293387], [-95.202864, 35.299151], [-95.200678, 35.30249], [-95.19919, 35.303592], [-95.194098, 35.305306], [-95.191165, 35.305334], [-95.187939, 35.304949], [-95.185734, 35.304219], [-95.180307, 35.301267], [-95.176474, 35.301344], [-95.174962, 35.302199], [-95.171763, 35.305553], [-95.170462, 35.310106], [-95.17057, 35.31271], [-95.17118, 35.315426], [-95.172434, 35.318827], [-95.176792, 35.327538], [-95.179921, 35.333171], [-95.182549, 35.336857], [-95.182886, 35.338706], [-95.181846, 35.341878], [-95.179518, 35.345701], [-95.177214, 35.34857], [-95.174958, 35.350554], [-95.172116, 35.352172], [-95.170378, 35.352726], [-95.165656, 35.353066], [-95.163283, 35.352585], [-95.157831, 35.350936], [-95.154275, 35.34892], [-95.150497, 35.345871], [-95.148024, 35.345953], [-95.146059, 35.346757], [-95.144227, 35.348627], [-95.141296, 35.355565], [-95.141673, 35.357067], [-95.142797, 35.358313], [-95.147459, 35.361163], [-95.151214, 35.362309], [-95.154148, 35.362346], [-95.155776, 35.362832], [-95.159611, 35.365224], [-95.161583, 35.366978], [-95.161766, 35.367915], [-95.159815, 35.370132], [-95.157754, 35.371513], [-95.152341, 35.373679], [-95.148339, 35.375796], [-95.146039, 35.376696], [-95.144339, 35.377896], [-95.139238, 35.379996], [-95.135438, 35.380396], [-95.132738, 35.379996], [-95.129938, 35.378796], [-95.126838, 35.376596], [-95.124877, 35.37367], [-95.123279, 35.372324], [-95.121239, 35.37221], [-95.120068, 35.373066], [-95.114907, 35.378607], [-95.112837, 35.381396], [-95.110437, 35.385896], [-95.107837, 35.389396], [-95.104837, 35.394396], [-95.102637, 35.396896], [-95.101837, 35.397596], [-95.091336, 35.403396], [-95.087836, 35.404396], [-95.085236, 35.407196], [-95.083336, 35.411496], [-95.082035, 35.416496], [-95.081035, 35.423096], [-95.080635, 35.427196], [-95.080635, 35.430796], [-95.079935, 35.432996], [-95.07862, 35.434857], [-95.076535, 35.437996], [-95.073935, 35.442596], [-95.070535, 35.447096], [-95.068835, 35.448895], [-95.063471, 35.452568], [-95.057634, 35.455695], [-95.049933, 35.458894], [-95.046234, 35.457495], [-95.043433, 35.456995], [-95.035933, 35.456995], [-95.032033, 35.456295], [-95.027733, 35.454795], [-95.024933, 35.453095], [-95.023532, 35.450795], [-95.023332, 35.448495], [-95.024433, 35.442195], [-95.024633, 35.435195], [-95.024433, 35.432395], [-95.023733, 35.430295], [-95.021533, 35.426795], [-95.019932, 35.424995], [-95.014432, 35.420995], [-95.011756, 35.418423], [-95.00651, 35.4146], [-95.004348, 35.413471], [-95.000232, 35.412025], [-94.996336, 35.411147], [-94.991955, 35.409497], [-94.986829, 35.40838], [-94.978971, 35.40826], [-94.974958, 35.407962], [-94.971475, 35.407099], [-94.965956, 35.406716], [-94.959155, 35.40827], [-94.955164, 35.408689], [-94.951328, 35.408334], [-94.948857, 35.407266], [-94.946243, 35.404538], [-94.945218, 35.403089], [-94.944608, 35.402457], [-94.940654, 35.39826], [-94.938516, 35.396595], [-94.934239, 35.395509], [-94.928892, 35.39342], [-94.925745, 35.392845], [-94.920495, 35.393104], [-94.917045, 35.393763], [-94.911143, 35.397183], [-94.908155, 35.398381], [-94.904685, 35.398838], [-94.901832, 35.39794], [-94.899477, 35.395605], [-94.896275, 35.391773], [-94.893928, 35.388099], [-94.8923, 35.384345], [-94.892302, 35.379676], [-94.893517, 35.375148], [-94.894739, 35.373088], [-94.902444, 35.367187], [-94.908688, 35.362891], [-94.913234, 35.360349], [-94.915314, 35.35865], [-94.919266, 35.354141], [-94.919579, 35.353317], [-94.918707, 35.350414], [-94.914454, 35.347525], [-94.911917, 35.346651], [-94.904692, 35.346422], [-94.90198, 35.346709], [-94.895516, 35.349189], [-94.886713, 35.351585], [-94.884542, 35.351927], [-94.876908, 35.354134], [-94.872418, 35.354526], [-94.865894, 35.356599], [-94.862371, 35.358274], [-94.859515, 35.360019], [-94.85406, 35.364117], [-94.849677, 35.368574], [-94.845184, 35.370785], [-94.842143, 35.371086], [-94.837067, 35.369451], [-94.834949, 35.368368], [-94.831227, 35.365549], [-94.82918, 35.361915], [-94.828947, 35.356117], [-94.829152, 35.351428], [-94.829013, 35.346798], [-94.82746, 35.337412], [-94.825912, 35.333399], [-94.823785, 35.329388], [-94.820681, 35.325889], [-94.817259, 35.323867], [-94.813629, 35.323344], [-94.811716, 35.32307], [-94.806051, 35.323855], [-94.800908, 35.324952], [-94.796291, 35.32646], [-94.794374, 35.327086], [-94.792713, 35.32835], [-94.790528, 35.331334], [-94.790095, 35.333384], [-94.788584, 35.335567], [-94.785001, 35.342186], [-94.781615, 35.347153], [-94.778444, 35.350895], [-94.777758, 35.351366], [-94.777657, 35.351436], [-94.775247, 35.35318], [-94.769727, 35.355317], [-94.763835, 35.355688], [-94.756413, 35.356807], [-94.750224, 35.356969], [-94.743382, 35.356009], [-94.73782, 35.354648], [-94.730013, 35.35195], [-94.725697, 35.349702], [-94.720559, 35.34593], [-94.714589, 35.339689], [-94.709581, 35.335988], [-94.703995, 35.332475], [-94.702276, 35.332011], [-94.695228, 35.330987], [-94.69086, 35.329869], [-94.684885, 35.32729], [-94.683459, 35.326252], [-94.680435, 35.322659], [-94.678889, 35.318409], [-94.678379, 35.315569], [-94.67819, 35.311888], [-94.678556, 35.3071], [-94.678342, 35.3048], [-94.675601, 35.300527], [-94.6738, 35.298756], [-94.668796, 35.295029], [-94.66313, 35.292563], [-94.65743, 35.291582], [-94.65182, 35.291214], [-94.647967, 35.29123], [-94.643506, 35.29178], [-94.633432, 35.293769], [-94.629504, 35.29527], [-94.625221, 35.297522], [-94.621156, 35.300749], [-94.615879, 35.304111], [-94.612975, 35.307628], [-94.60997, 35.312993], [-94.603862, 35.321683], [-94.59882, 35.326445], [-94.594801, 35.327974], [-94.588959, 35.328526], [-94.583178, 35.328294], [-94.579056, 35.328783], [-94.576472, 35.328867], [-94.569148, 35.325641], [-94.565201, 35.322632], [-94.563551, 35.319864], [-94.558996, 35.315031], [-94.55463, 35.310219], [-94.547647, 35.306352], [-94.542732, 35.304961], [-94.538461, 35.30435], [-94.533528, 35.304331], [-94.52865, 35.3052], [-94.519129, 35.308193], [-94.516956, 35.309517], [-94.515201, 35.308692], [-94.515224, 35.306574], [-94.511175, 35.30452], [-94.505696, 35.304939], [-94.504128, 35.305924], [-94.501091, 35.305835], [-94.498307, 35.304545], [-94.496241, 35.301844], [-94.494555, 35.301126], [-94.491437, 35.302228], [-94.490178, 35.303183], [-94.485328, 35.304792], [-94.482368, 35.307248], [-94.481147, 35.309507], [-94.482063, 35.315374], [-94.483299, 35.318105], [-94.48774, 35.322507], [-94.492005, 35.325406], [-94.494797, 35.329809], [-94.494738, 35.332276], [-94.494379, 35.337144], [-94.494771, 35.342566], [-94.492349, 35.344283], [-94.489051, 35.345127], [-94.486369, 35.346834], [-94.482458, 35.349072], [-94.481543, 35.349987], [-94.480521, 35.352291], [-94.483267, 35.355076], [-94.485861, 35.360363], [-94.486688, 35.36488], [-94.486224, 35.366057], [-94.483603, 35.369419], [-94.481783, 35.37012], [-94.480034, 35.372162], [-94.476914, 35.374119], [-94.472803, 35.375781], [-94.466842, 35.376998], [-94.468258, 35.376399], [-94.460616, 35.378637], [-94.454785, 35.378495], [-94.448749, 35.379374], [-94.446008, 35.380101], [-94.441136, 35.382146], [-94.43559, 35.386122], [-94.433091, 35.378296], [-94.433415, 35.376291], [-94.431596, 35.369538], [-94.433117, 35.365922], [-94.4330203146629, 35.3656608830632], [-94.432245, 35.363567], [-94.4325648003149, 35.3538064207623], [-94.4326195725702, 35.3521347246674], [-94.4328059644109, 35.3464458862082], [-94.4330362300113, 35.3394179830659], [-94.4333946476263, 35.3284787707881], [-94.4336738039734, 35.3199586802259], [-94.4337576680391, 35.3173990771846], [-94.4338618685357, 35.3142187888734], [-94.4338686837462, 35.3140107828189], [-94.4339209412965, 35.3124158376704], [-94.4340213312718, 35.3093518497298], [-94.434115, 35.306493], [-94.4344325938489, 35.3019777486835], [-94.4351390099158, 35.2919345879366], [-94.43517, 35.291494], [-94.43528, 35.287485], [-94.4353022862065, 35.280308841525], [-94.4353071098533, 35.2787556272262], [-94.435316, 35.275893], [-94.4354761037734, 35.2752254904214], [-94.435706, 35.274267], [-94.435793020746, 35.2718312400612], [-94.435812, 35.2713], [-94.4362979446268, 35.258139154845], [-94.436595, 35.250094], [-94.4370118276822, 35.2467475055261], [-94.4374650725653, 35.2431086361292], [-94.437578, 35.242202], [-94.4377613407812, 35.2394603069918], [-94.437774, 35.239271], [-94.437578, 35.230936], [-94.437832901149, 35.2233369738201], [-94.4378954790434, 35.2214714229583], [-94.438247, 35.210992], [-94.43847, 35.208587], [-94.4388323943956, 35.2019240190031], [-94.439084, 35.197298], [-94.439056, 35.193588], [-94.43886, 35.187183], [-94.4389249638177, 35.1856438880409], [-94.439509, 35.171807], [-94.43955, 35.169037], [-94.4397173405717, 35.1634454065285], [-94.439717441608, 35.1634420304557], [-94.440754, 35.128806], [-94.441232, 35.119724], [-94.4415373136765, 35.1112031181818], [-94.4415374478223, 35.1111993743583], [-94.4426479196819, 35.0802076428869], [-94.4432827507, 35.0624903884852], [-94.4444947678289, 35.0286646691999], [-94.4454691933468, 35.0014698026883], [-94.4455986087128, 34.9978579990775], [-94.4463019423841, 34.9782289305087], [-94.4476029001944, 34.941921], [-94.4478837250623, 34.9340835669104], [-94.449253, 34.895869], [-94.449086, 34.894152], [-94.449058, 34.890556], [-94.4491082159722, 34.8892125471621], [-94.4496260315601, 34.8753591696434], [-94.44963, 34.875253], [-94.450065, 34.861335], [-94.45014, 34.858694], [-94.450233, 34.855413], [-94.4503230102843, 34.8527923524853], [-94.4507578062899, 34.8401332760176], [-94.451081948725, 34.8306958759053], [-94.4511884490086, 34.8275951224108], [-94.4533001508935, 34.766112966887], [-94.4545765776714, 34.7289498283625], [-94.4547469400015, 34.723989732741], [-94.4553402653971, 34.7067150764506], [-94.4557938240506, 34.6935097258868], [-94.4560193410089, 34.6869438044374], [-94.4562041041542, 34.6815644293862], [-94.4562563395033, 34.6800435983062], [-94.4562642038509, 34.6798146279936], [-94.4575117588871, 34.6434920896136], [-94.45753, 34.642961], [-94.4575, 34.634945], [-94.4586993561652, 34.5940221405], [-94.460052, 34.547869], [-94.460058, 34.545264], [-94.460363325772, 34.534683384543], [-94.4610827807396, 34.5097517310505], [-94.461149, 34.507457], [-94.4624269636125, 34.4629299506126], [-94.4628707066503, 34.4474689719384], [-94.4632950100883, 34.4326853114694], [-94.4636642212177, 34.4198211876128], [-94.463671, 34.419585], [-94.463816, 34.414465], [-94.464176, 34.402713], [-94.4648940685785, 34.3778968028879], [-94.465425, 34.359548], [-94.4654374209984, 34.3593279834998], [-94.465847, 34.352073], [-94.4664318657452, 34.3307313788693], [-94.4686660864144, 34.2492051629228], [-94.4702836220645, 34.1901816463447], [-94.4711327575236, 34.1591968820544], [-94.4726734005021, 34.102979161983], [-94.4738659911863, 34.0594617928208], [-94.474896, 34.021877], [-94.474896, 34.021838], [-94.474895, 34.019655], [-94.4750193436354, 34.0158987608879], [-94.476957, 33.957365], [-94.477038, 33.953838], [-94.4773177317554, 33.9409503011619], [-94.4773197138202, 33.9408589841988], [-94.477387, 33.937759], [-94.478842, 33.881485], [-94.478994, 33.881197], [-94.47978111686, 33.8567086466061], [-94.479954, 33.85133], [-94.480574, 33.830166], [-94.4807750925827, 33.8231421785369], [-94.481355, 33.802887], [-94.481361, 33.802649], [-94.4815346322382, 33.7960376186244], [-94.481543, 33.795719], [-94.4818414166684, 33.7890210927706], [-94.481842, 33.789008], [-94.4824593259722, 33.7649602137344], [-94.482682, 33.756286], [-94.482777, 33.753638], [-94.4828532911324, 33.7510728228643], [-94.482862, 33.75078], [-94.48287, 33.750564], [-94.4833022351874, 33.7359993101336], [-94.4833025467398, 33.735988811995], [-94.483574094426, 33.7268386827408], [-94.4836528495159, 33.7241849342885], [-94.483874, 33.716733], [-94.48384, 33.711332], [-94.484616, 33.691592], [-94.48452, 33.687909], [-94.485528, 33.663388], [-94.485577, 33.65331], [-94.485875, 33.637867], [-94.491109, 33.636233], [-94.488434, 33.632367], [-94.487514, 33.628939], [-94.491503, 33.625115], [-94.497801, 33.624013], [-94.504615, 33.620682], [-94.511514, 33.623105], [-94.51726, 33.632729], [-94.520245, 33.629805], [-94.518057, 33.622978], [-94.519838, 33.618077], [-94.523004, 33.616077], [-94.527376, 33.615833], [-94.531871, 33.618648], [-94.535169, 33.621919], [-94.535065, 33.625115], [-94.531992, 33.627833], [-94.524573, 33.632609], [-94.518932, 33.637164], [-94.519133, 33.638298], [-94.521837, 33.640728], [-94.527491, 33.641344], [-94.534818, 33.639277], [-94.541095, 33.636529], [-94.551405, 33.628491], [-94.555747, 33.62709], [-94.564076, 33.626265], [-94.569523, 33.627832], [-94.570447, 33.629947], [-94.568386, 33.637203], [-94.559042, 33.641971], [-94.545436, 33.646228], [-94.542593, 33.651411], [-94.543332, 33.655686], [-94.546366, 33.659161], [-94.549636, 33.660676], [-94.560198, 33.656967], [-94.570566, 33.652226], [-94.577838, 33.645557], [-94.583273, 33.643793], [-94.588632, 33.644183], [-94.59083, 33.645563], [-94.586986, 33.65018], [-94.57557, 33.659409], [-94.563251, 33.662684], [-94.560339, 33.666591], [-94.562166, 33.668965], [-94.569065, 33.668562], [-94.577876, 33.665682], [-94.579864, 33.666167], [-94.580292, 33.678819], [-94.582997, 33.681167], [-94.587072, 33.68582], [-94.590544, 33.686222], [-94.59314, 33.683236], [-94.590027, 33.67585], [-94.591953, 33.672863], [-94.591435, 33.668914], [-94.59312, 33.665429], [-94.59797, 33.663381], [-94.602999, 33.663059], [-94.607683, 33.665569], [-94.611712, 33.670167], [-94.6128302526765, 33.6740011087097], [-94.613317, 33.67567], [-94.617625, 33.681242], [-94.622379, 33.682428], [-94.628191, 33.681073], [-94.63045, 33.677123], [-94.630919, 33.673442], [-94.635573, 33.667527], [-94.637996, 33.664578], [-94.655891, 33.660166], [-94.663195, 33.661084], [-94.669311, 33.664362], [-94.671048, 33.668388], [-94.668848, 33.671878], [-94.661806, 33.675133], [-94.657916, 33.674186], [-94.653996, 33.671147], [-94.651296, 33.670419], [-94.645535, 33.673531], [-94.645579, 33.6755], [-94.648478, 33.682125], [-94.648902, 33.684024], [-94.64547, 33.685344], [-94.643132, 33.690323], [-94.638646, 33.695804], [-94.639003, 33.697681], [-94.644322, 33.701666], [-94.647389, 33.70112], [-94.648641, 33.697988], [-94.647241, 33.692654], [-94.649007, 33.68735], [-94.650961, 33.686558], [-94.652995, 33.687224], [-94.661701, 33.693136], [-94.667852, 33.694607], [-94.671773, 33.693307], [-94.677883, 33.687822], [-94.684792, 33.684353], [-94.705449, 33.688038], [-94.712067, 33.687935], [-94.716188, 33.687902], [-94.717344, 33.688994], [-94.714344, 33.694074], [-94.713935, 33.696835], [-94.712845, 33.697551], [-94.706336, 33.696726], [-94.702187, 33.697452], [-94.701055, 33.700053], [-94.701729, 33.703413], [-94.706024, 33.706293], [-94.711359, 33.708916], [-94.727867, 33.715565], [-94.732309, 33.715987], [-94.734831, 33.713924], [-94.73309, 33.710147], [-94.731306, 33.707081], [-94.72695, 33.705247], [-94.721447, 33.704559], [-94.717788, 33.701846], [-94.716594, 33.695164], [-94.719814, 33.689739], [-94.720742, 33.689056], [-94.725593, 33.690459], [-94.735856, 33.691625], [-94.741877, 33.701223], [-94.746096, 33.7027682201853], [-94.752023, 33.704939], [-94.753801, 33.707729], [-94.75327, 33.710277], [-94.747564, 33.711682], [-94.738572, 33.714501], [-94.732786, 33.720035], [-94.73263, 33.723917], [-94.735178, 33.726616], [-94.738251, 33.727168], [-94.741775, 33.72687], [-94.743976, 33.725001], [-94.744805, 33.722189], [-94.745108, 33.717908], [-94.747149, 33.715293], [-94.752129, 33.713835], [-94.755905, 33.715073], [-94.757611, 33.717164], [-94.757313, 33.718168], [-94.748236, 33.724712], [-94.747998, 33.725539], [-94.751371, 33.733727], [-94.752512, 33.734468], [-94.754396, 33.73339], [-94.7547364038521, 33.7330425775117], [-94.760604, 33.727054], [-94.773126, 33.727187], [-94.782636, 33.730247], [-94.788251, 33.735316], [-94.777393, 33.745196], [-94.773819, 33.746512], [-94.769435, 33.746265], [-94.761751, 33.746795], [-94.757813, 33.750109], [-94.757205, 33.754818], [-94.760058, 33.758291], [-94.76444, 33.760178], [-94.770499, 33.760942], [-94.774923, 33.758115], [-94.7760174461645, 33.756198781544], [-94.777841, 33.753006], [-94.778202, 33.749739], [-94.780966, 33.744804], [-94.786762, 33.741532], [-94.795844, 33.737588], [-94.802252, 33.732788], [-94.811101, 33.734825], [-94.816065, 33.739215], [-94.816208, 33.741931], [-94.812912, 33.745447], [-94.812155, 33.750936], [-94.814282, 33.7519], [-94.816663, 33.755265], [-94.816158, 33.763403], [-94.818574, 33.767704], [-94.821783, 33.768752], [-94.825294, 33.768525], [-94.83009, 33.763661], [-94.830844, 33.758079], [-94.823042, 33.747525], [-94.820089, 33.734826], [-94.822473, 33.732716], [-94.828321, 33.734947], [-94.828037, 33.73916], [-94.830717, 33.7405], [-94.842574, 33.739445], [-94.849296, 33.739585], [-94.860687, 33.741945], [-94.8693, 33.745871], [-94.874668, 33.749164], [-94.87708, 33.75222], [-94.875376, 33.75492], [-94.86914, 33.759045], [-94.866736, 33.76183], [-94.866064, 33.766156], [-94.868144, 33.768874], [-94.871274, 33.770323], [-94.873837, 33.770315], [-94.87493, 33.767432], [-94.874571, 33.762857], [-94.873944, 33.76057], [-94.8748, 33.757894], [-94.876504, 33.757405], [-94.8778145626702, 33.7584469535433], [-94.883847, 33.763243], [-94.887748, 33.769016], [-94.897718, 33.768839], [-94.904198, 33.773249], [-94.904172, 33.777198], [-94.906243, 33.77819], [-94.911427, 33.778383], [-94.914496, 33.78215], [-94.917522, 33.786512], [-94.9217865330701, 33.7914056791626], [-94.921955, 33.791599], [-94.921667, 33.795919], [-94.91863, 33.802944], [-94.917029, 33.808321], [-94.912621, 33.808678], [-94.910209, 33.812429], [-94.910882, 33.815915], [-94.912085, 33.820468], [-94.914764, 33.824487], [-94.918599, 33.82682], [-94.921999, 33.828775], [-94.926072, 33.828533], [-94.926822, 33.826631], [-94.926287, 33.822612], [-94.924411, 33.81886], [-94.923099, 33.815456], [-94.923071, 33.811357], [-94.925215, 33.808678], [-94.929211, 33.807754], [-94.939992, 33.805679], [-94.947874, 33.808356], [-94.953518, 33.816475], [-94.943831, 33.8293], [-94.949481, 33.833534], [-94.957676, 33.835004], [-94.964401, 33.837021], [-94.965888, 33.848422], [-94.9684727933635, 33.8591617433602], [-94.968895, 33.860916], [-94.971435, 33.862123], [-94.973411, 33.861731], [-94.976208, 33.859847], [-94.98165, 33.852284], [-94.983303, 33.851354], [-94.988487, 33.851], [-94.992671, 33.852455], [-94.995524, 33.857438], [-94.997485, 33.860501], [-95.000223, 33.862505], [-95.001993, 33.863049], [-95.004737, 33.861677], [-95.007873, 33.859521], [-95.012353, 33.858012], [-95.01728, 33.857953], [-95.023944, 33.859325], [-95.03144126158, 33.8598478807179], [-95.037207, 33.86025], [-95.046568, 33.862565], [-95.049423, 33.864813], [-95.050821, 33.86944], [-95.050572, 33.877497], [-95.058243, 33.887548], [-95.060105, 33.901873], [-95.062554, 33.903031], [-95.065581, 33.903559], [-95.070198, 33.902443], [-95.072413, 33.902699], [-95.072158, 33.905579], [-95.070498, 33.908402], [-95.065923, 33.908703], [-95.0642611440143, 33.9100967732213], [-95.063338, 33.910871], [-95.063248, 33.913262], [-95.06569, 33.915966], [-95.068729, 33.917601], [-95.074052, 33.915349], [-95.074902, 33.910479], [-95.075098, 33.908911], [-95.077058, 33.906559], [-95.078822, 33.903031], [-95.079369, 33.894626], [-95.079834, 33.887479], [-95.080586, 33.882256], [-95.082408, 33.879882], [-95.089607, 33.880857], [-95.093815, 33.885196], [-95.0955800164211, 33.8880245743835], [-95.095833, 33.88843], [-95.098911, 33.89088], [-95.100168, 33.896101], [-95.096755, 33.899699], [-95.091636, 33.902104], [-95.086759, 33.903815], [-95.080488, 33.907735], [-95.078528, 33.910283], [-95.076372, 33.915378], [-95.07795, 33.918696], [-95.082387, 33.921758], [-95.083819, 33.921062], [-95.085975, 33.916946], [-95.089111, 33.914203], [-95.092668, 33.912831], [-95.104789, 33.909595], [-95.112575, 33.904603], [-95.117138, 33.903619], [-95.122038, 33.904795], [-95.126442, 33.90708], [-95.131249, 33.912243], [-95.131642, 33.916027], [-95.12733, 33.920278], [-95.122795, 33.924696], [-95.120862, 33.928118], [-95.121184, 33.931307], [-95.1247, 33.934675], [-95.131056, 33.936925], [-95.135953, 33.93537], [-95.140069, 33.934782], [-95.147909, 33.935566], [-95.154978, 33.936654], [-95.1558864704409, 33.9368927541364], [-95.158296, 33.937526], [-95.163392, 33.940857], [-95.167527, 33.944738], [-95.171154, 33.946506], [-95.174794, 33.947457], [-95.179686, 33.948688], [-95.182232, 33.948941], [-95.184968, 33.949529], [-95.189758, 33.951361], [-95.197029, 33.953105], [-95.19935, 33.953973], [-95.202615, 33.956907], [-95.206882, 33.959088], [-95.211908, 33.961241], [-95.214137, 33.962142], [-95.217633, 33.962646], [-95.220488, 33.961997], [-95.22401, 33.962161], [-95.226393, 33.961954], [-95.227574, 33.960798], [-95.229521, 33.960451], [-95.230637, 33.959799], [-95.230377, 33.955768], [-95.231644, 33.953294], [-95.232879, 33.949736], [-95.235707, 33.948259], [-95.239748, 33.947543], [-95.245847, 33.943747], [-95.250171, 33.938497], [-95.248273, 33.92019], [-95.249743, 33.902755], [-95.252694, 33.894234], [-95.260595, 33.88765], [-95.264019, 33.889757], [-95.265891, 33.895378], [-95.265227, 33.905566], [-95.266126, 33.909773], [-95.270674, 33.91151], [-95.278577, 33.910191], [-95.282981, 33.907402], [-95.285591, 33.903357], [-95.284298, 33.899238], [-95.280351, 33.896751], [-95.27794, 33.887508], [-95.278318, 33.881677], [-95.278767, 33.877906], [-95.280922, 33.875403], [-95.289302, 33.873103], [-95.30579, 33.874805], [-95.3104056193911, 33.8773685301904], [-95.310898, 33.877642], [-95.314428, 33.881632], [-95.322222, 33.884753], [-95.326436, 33.88607], [-95.32986, 33.885543], [-95.3319380081905, 33.8798287240363], [-95.331967, 33.879749], [-95.334854, 33.876831], [-95.343423, 33.872542], [-95.356541, 33.869382], [-95.362517, 33.866581], [-95.3656395923795, 33.866696488932], [-95.369628, 33.866844], [-95.375233, 33.868243], [-95.384639, 33.868425], [-95.392804, 33.867108], [-95.402055, 33.864188], [-95.427313, 33.870446], [-95.440928, 33.866429], [-95.453458, 33.870346], [-95.458564, 33.871678], [-95.462339, 33.871678], [-95.464211, 33.873372], [-95.464115, 33.876119], [-95.461229, 33.882557], [-95.459452, 33.884112], [-95.459452, 33.886332], [-95.461673, 33.886998], [-95.463785, 33.887232], [-95.466113, 33.886554], [-95.467609, 33.884635], [-95.469265, 33.882511], [-95.472552, 33.880337], [-95.478102, 33.878561], [-95.484541, 33.875897], [-95.492028, 33.874822], [-95.497418, 33.874343], [-95.502304, 33.874742], [-95.5025825052733, 33.8749500632667], [-95.5026354334394, 33.8749896043748], [-95.505633, 33.877229], [-95.504523, 33.883668], [-95.504944, 33.889143], [-95.505189, 33.894991], [-95.507556, 33.897216], [-95.510739, 33.897877], [-95.512732, 33.896392], [-95.514955, 33.894735], [-95.520138, 33.889329], [-95.5213340987801, 33.8884425394457], [-95.525322, 33.885487], [-95.533283, 33.881162], [-95.53979, 33.879904], [-95.545197, 33.880294], [-95.548325, 33.882744], [-95.550259, 33.88833], [-95.550925, 33.892992], [-95.548483, 33.896767], [-95.548039, 33.901207], [-95.548483, 33.908534], [-95.550481, 33.915195], [-95.55248, 33.919857], [-95.55248, 33.922965], [-95.553146, 33.925408], [-95.554478, 33.928072], [-95.557364, 33.930514], [-95.561007, 33.931552], [-95.563803, 33.932956], [-95.569353, 33.933178], [-95.573766, 33.933525], [-95.578012, 33.933178], [-95.580898, 33.933844], [-95.584369, 33.936311], [-95.586449, 33.939395], [-95.589557, 33.941615], [-95.593827, 33.943031], [-95.596662, 33.942059], [-95.5970477783238, 33.9412393764507], [-95.598524, 33.938103], [-95.59866, 33.934066], [-95.600695, 33.931268], [-95.603767, 33.929182], [-95.608207, 33.928738], [-95.611981, 33.928738], [-95.616422, 33.927406], [-95.619286, 33.922743], [-95.622394, 33.918303], [-95.625058, 33.913196], [-95.625947, 33.91031], [-95.626835, 33.907868], [-95.629055, 33.90587], [-95.632163, 33.904982], [-95.635938, 33.905204], [-95.640156, 33.904982], [-95.645262, 33.906536], [-95.649703, 33.907424], [-95.651701, 33.9092], [-95.656364, 33.910088], [-95.660138, 33.910088], [-95.665466, 33.908978], [-95.669978, 33.905844], [-95.676925, 33.897237], [-95.684831, 33.890232], [-95.697882, 33.88611], [-95.710537, 33.885], [-95.714089, 33.885888], [-95.718308, 33.889662], [-95.728449, 33.893704], [-95.7290757033093, 33.8940061009969], [-95.732961, 33.895879], [-95.73769, 33.896545], [-95.745905, 33.896323], [-95.756367, 33.892625], [-95.761916, 33.883402], [-95.762559, 33.874367], [-95.7614490359398, 33.8731846176704], [-95.756796, 33.868228], [-95.75321, 33.863656], [-95.751644, 33.8611], [-95.75129, 33.858881], [-95.751746, 33.855557], [-95.75373, 33.853179], [-95.757465, 33.850039], [-95.763586, 33.846824], [-95.770556, 33.845269], [-95.775902, 33.847311], [-95.779884, 33.851331], [-95.782395, 33.85105], [-95.787891, 33.856336], [-95.789867, 33.857686], [-95.800842, 33.861212], [-95.805149, 33.861304], [-95.817618, 33.859023], [-95.821666, 33.856633], [-95.821666, 33.855443], [-95.820677, 33.850751], [-95.819525, 33.848439], [-95.818976, 33.844456], [-95.819358, 33.842785], [-95.820784, 33.840564], [-95.822787, 33.838756], [-95.828245, 33.836054], [-95.831948, 33.835161], [-95.837516, 33.83564], [-95.840012, 33.836486], [-95.845243, 33.83907], [-95.8463781777365, 33.8400397456755], [-95.849367, 33.842593], [-95.855521, 33.849258], [-95.858808, 33.850668], [-95.860912, 33.84992], [-95.866907, 33.851474], [-95.8749, 33.855915], [-95.881292, 33.860627], [-95.883542, 33.862715], [-95.886688, 33.864814], [-95.894556, 33.86741], [-95.905828, 33.874053], [-95.918583, 33.880838], [-95.922712, 33.883758], [-95.925787, 33.885], [-95.929561, 33.885], [-95.9319804940729, 33.8835107582378], [-95.932448, 33.883223], [-95.933558, 33.879449], [-95.935325, 33.875099], [-95.936631, 33.870615], [-95.941267, 33.861619], [-95.944284, 33.859811], [-95.952652, 33.858357], [-95.972156, 33.856371], [-95.984253, 33.852664], [-95.9842807839486, 33.8527308979177], [-95.985511, 33.855693], [-95.983957, 33.858579], [-95.983735, 33.861687], [-95.984254, 33.864403], [-95.989191, 33.86859], [-95.998617, 33.87223], [-96.001186, 33.872344], [-96.003406, 33.872344], [-96.00444, 33.869742], [-96.002962, 33.866794], [-96.001336, 33.863496], [-95.998077, 33.861687], [-95.994525, 33.861465], [-95.995191, 33.858135], [-95.995857, 33.855693], [-95.997709, 33.852182], [-95.998351, 33.851049], [-96.00163, 33.8477], [-96.005296, 33.845505], [-96.019599, 33.840566], [-96.02139, 33.841039], [-96.023241, 33.842479], [-96.021783, 33.846927], [-96.019542, 33.853497], [-96.021168, 33.855471], [-96.023907, 33.857067], [-96.02694, 33.856803], [-96.029438, 33.856348], [-96.031158, 33.852584], [-96.031372, 33.847249], [-96.037191, 33.841245], [-96.048834, 33.836468], [-96.055358, 33.838262], [-96.0592032603593, 33.8397258564128], [-96.063924, 33.841523], [-96.084626, 33.846656], [-96.0951210947664, 33.8475481746472], [-96.096647, 33.849097], [-96.097799, 33.850182], [-96.100765, 33.848194], [-96.103244, 33.848447], [-96.108291, 33.846514], [-96.108696, 33.843701], [-96.11086, 33.843054], [-96.113051, 33.8448], [-96.113691, 33.846001], [-96.115987, 33.848192], [-96.117535, 33.848816], [-96.120533, 33.849064], [-96.124139, 33.848192], [-96.126117, 33.847046], [-96.127287, 33.844984], [-96.128801, 33.845237], [-96.13027, 33.846441], [-96.131165, 33.848127], [-96.132848, 33.849402], [-96.137, 33.851142], [-96.139454, 33.853037], [-96.141638, 33.85374], [-96.144508, 33.853345], [-96.145866, 33.851534], [-96.14627, 33.850075], [-96.152399, 33.8482], [-96.155757, 33.847932], [-96.158943, 33.849301], [-96.159522, 33.85185], [-96.156426, 33.852997], [-96.15798, 33.854278], [-96.158737, 33.854157], [-96.160186, 33.853383], [-96.16149, 33.852603], [-96.16359, 33.853686], [-96.165802, 33.853533], [-96.166771, 33.851907], [-96.168028, 33.85183], [-96.172571, 33.853754], [-96.173499, 33.852617], [-96.175007, 33.852474], [-96.177318, 33.854277], [-96.177982, 33.856809], [-96.179128, 33.857238], [-96.182006, 33.856738], [-96.18354, 33.855788], [-96.183856, 33.857277], [-96.185541, 33.859831], [-96.187076, 33.857134], [-96.188972, 33.857409], [-96.189861, 33.858722], [-96.188906, 33.859486], [-96.189828, 33.859969], [-96.192054, 33.859689], [-96.191817, 33.857849], [-96.194747, 33.859019], [-96.196268, 33.858695], [-96.195056, 33.857552], [-96.198098, 33.856541], [-96.199192, 33.856832], [-96.198994, 33.859623], [-96.201404, 33.85942], [-96.201088, 33.857195], [-96.203103, 33.857206], [-96.202912, 33.856343], [-96.204393, 33.855118], [-96.204393, 33.856645], [-96.206185, 33.857513], [-96.207231, 33.856206], [-96.208107, 33.857562], [-96.209615, 33.856139], [-96.210656, 33.857342], [-96.212032, 33.856919], [-96.213243, 33.857792], [-96.213184, 33.859144], [-96.214179, 33.859215], [-96.215825, 33.858275], [-96.214817, 33.856677], [-96.215969, 33.855726], [-96.218037, 33.855221], [-96.217661, 33.854501], [-96.218839, 33.852836], [-96.219405, 33.851012], [-96.218055, 33.850584], [-96.218456, 33.849579], [-96.220004, 33.850133], [-96.219997, 33.84898], [-96.22375, 33.848545], [-96.225738, 33.847363], [-96.224921, 33.845655], [-96.225671, 33.845281], [-96.22546, 33.843825], [-96.227769, 33.84043], [-96.229271, 33.841825], [-96.231022, 33.840319], [-96.23268, 33.839967], [-96.231278, 33.839291], [-96.23212, 33.837786], [-96.233332, 33.838258], [-96.234707, 33.837807], [-96.236459, 33.838081], [-96.238261, 33.836284], [-96.240546, 33.83719], [-96.242125, 33.83486], [-96.243251, 33.835167], [-96.24693, 33.833473], [-96.246883, 33.832507], [-96.248074, 33.831929], [-96.249734, 33.833357], [-96.251083, 33.833153], [-96.251638, 33.832754], [-96.253836, 33.834079], [-96.254614, 33.832805], [-96.255601, 33.833569], [-96.258662, 33.83339], [-96.259451, 33.83517], [-96.262925, 33.836748], [-96.262887, 33.834716], [-96.264171, 33.834809], [-96.266533, 33.837629], [-96.2686, 33.836948], [-96.267968, 33.838091], [-96.270153, 33.839213], [-96.271008, 33.840663], [-96.272194, 33.839323], [-96.274103, 33.839461], [-96.273602, 33.840444], [-96.276241, 33.841786], [-96.276038, 33.839885], [-96.277098, 33.839248], [-96.277776, 33.840808], [-96.279139, 33.840309], [-96.277757, 33.839122], [-96.278626, 33.838457], [-96.280035, 33.839452], [-96.280983, 33.838876], [-96.282931, 33.839096], [-96.281509, 33.840502], [-96.281456, 33.841436], [-96.284267, 33.842008], [-96.284899, 33.841146], [-96.287486, 33.842547], [-96.290567, 33.842169], [-96.290015, 33.840955], [-96.291273, 33.84023], [-96.293011, 33.840983], [-96.293821, 33.839824], [-96.29496, 33.839928], [-96.297626, 33.84122], [-96.297882, 33.842313], [-96.29964, 33.841446], [-96.298303, 33.84372], [-96.299093, 33.844517], [-96.302655, 33.842962], [-96.304479, 33.843353], [-96.305263, 33.842457], [-96.304901, 33.841303], [-96.306165, 33.840727], [-96.306962, 33.83932], [-96.310056, 33.841364], [-96.312788, 33.840541], [-96.313256, 33.839173], [-96.314698, 33.841524], [-96.315567, 33.841403], [-96.318101, 33.842678], [-96.318319, 33.841733], [-96.320429, 33.841054], [-96.322157, 33.841436], [-96.322164, 33.842694], [-96.32456, 33.842826], [-96.324942, 33.843463], [-96.327049, 33.841815], [-96.327734, 33.843578], [-96.329643, 33.842947], [-96.330361, 33.843716], [-96.332573, 33.842776], [-96.332534, 33.844056], [-96.334713, 33.845231], [-96.334115, 33.846556], [-96.335241, 33.846885], [-96.335287, 33.848011], [-96.333759, 33.848127], [-96.333154, 33.849671], [-96.33532, 33.849874], [-96.336894, 33.851253], [-96.338876, 33.851032], [-96.33908, 33.852131], [-96.3407, 33.851917], [-96.340859, 33.852972], [-96.343466, 33.851592], [-96.345132, 33.851905], [-96.345086, 33.853734], [-96.346265, 33.85352], [-96.347055, 33.854421], [-96.349886, 33.852882], [-96.348115, 33.852195], [-96.349293, 33.850437], [-96.351038, 33.850898], [-96.352138, 33.852304], [-96.352203, 33.850167], [-96.352796, 33.84981], [-96.355582, 33.851441], [-96.356681, 33.849941], [-96.357853, 33.850858], [-96.360849, 33.849785], [-96.361265, 33.851576], [-96.362463, 33.851631], [-96.363384, 33.849416], [-96.363944, 33.851103], [-96.365057, 33.850158], [-96.36613, 33.850597], [-96.366165, 33.85314], [-96.366712, 33.854865], [-96.368274, 33.857035], [-96.369209, 33.856139], [-96.369625, 33.858205], [-96.371817, 33.857281], [-96.373221, 33.859406], [-96.374649, 33.85992], [-96.37478, 33.859956], [-96.37489, 33.859995], [-96.377568, 33.859853], [-96.378639, 33.862233], [-96.380503, 33.861789], [-96.382544, 33.863399], [-96.38089, 33.864596], [-96.383971, 33.865488], [-96.384846, 33.867999], [-96.387019, 33.86778], [-96.388698, 33.86921], [-96.391148, 33.869392], [-96.391943, 33.87142], [-96.393873, 33.871146], [-96.393411, 33.873387], [-96.396375, 33.873273], [-96.398422, 33.875073], [-96.398019, 33.876239], [-96.399633, 33.876722], [-96.399092, 33.878008], [-96.402372, 33.878778], [-96.402497, 33.881053], [-96.405929, 33.881021], [-96.407556, 33.879789], [-96.408175, 33.88122], [-96.409031, 33.882708], [-96.41031, 33.881884], [-96.413971, 33.882633], [-96.412903, 33.885236], [-96.415078, 33.884446], [-96.415285, 33.883046], [-96.416784, 33.882423], [-96.419024, 33.884078], [-96.419142, 33.884903], [-96.42181, 33.885594], [-96.421157, 33.886897], [-96.422594, 33.886864], [-96.424478, 33.887875], [-96.427726, 33.89143], [-96.427738, 33.892813], [-96.429293, 33.891627], [-96.430301, 33.891914], [-96.429609, 33.893525], [-96.430565, 33.894381], [-96.430209, 33.895434], [-96.431383, 33.89631], [-96.432495, 33.896753], [-96.432553, 33.898915], [-96.433733, 33.898907], [-96.433001, 33.900727], [-96.433825, 33.902567], [-96.435044, 33.903138], [-96.436526, 33.905161], [-96.434899, 33.905885], [-96.435808, 33.907151], [-96.434273, 33.908117], [-96.435544, 33.908418], [-96.437071, 33.910872], [-96.436243, 33.911175], [-96.43617, 33.911478], [-96.436421, 33.911999], [-96.436954, 33.912209], [-96.437245, 33.912529], [-96.436994, 33.913105], [-96.435715, 33.913315], [-96.435801, 33.91366], [-96.436184, 33.913749], [-96.437685, 33.917008], [-96.438925, 33.917731], [-96.440368, 33.917088], [-96.442068, 33.918268], [-96.443255, 33.918978], [-96.443037, 33.92069], [-96.443175, 33.920811], [-96.443821, 33.921313], [-96.444665, 33.923033], [-96.444151, 33.924043], [-96.445536, 33.925424], [-96.446805, 33.92697], [-96.445988, 33.928237], [-96.447217, 33.930564], [-96.448528, 33.931319], [-96.447473, 33.933163], [-96.450032, 33.935928], [-96.449847, 33.938231], [-96.448595, 33.93816], [-96.449905, 33.939993], [-96.44907, 33.940416], [-96.448423, 33.941153], [-96.449748, 33.94362], [-96.449347, 33.945581], [-96.4482, 33.945388], [-96.450455, 33.948669], [-96.451292, 33.951806], [-96.452677, 33.952592], [-96.450956, 33.95401], [-96.452934, 33.956558], [-96.454391, 33.960395], [-96.454441, 33.968744], [-96.454498, 33.997907], [-96.454443, 34.004462]]]}}, {"type": "Feature", "properties": {"GEOID": "5740", "NAME": "Modoc", "NAMELSAD": "Modoc OTSA", "ihs_facilities": 0, "counties": "", "county_count": 0, "approx_area_sq_mi": 8, "approx_pop": 0}, "geometry": {"type": "Polygon", "coordinates": [[[-94.66341, 36.8714], [-94.66334, 36.88001], [-94.6186573555193, 36.8799880903727], [-94.6185632706081, 36.8689063769445], [-94.6185632491531, 36.8689038498881], [-94.6185617374467, 36.8687257948018], [-94.6185591311002, 36.8684188084398], [-94.61838, 36.84732], [-94.6183767694196, 36.8437460045089], [-94.66337, 36.8439], [-94.66341, 36.8714]]]}}, {"type": "Feature", "properties": {"GEOID": "5620", "NAME": "Creek", "NAMELSAD": "Creek OTSA", "ihs_facilities": 4, "counties": "Creek, Hughes, McIntosh, Muskogee, Okfuskee, Okmulgee, Tulsa, Wagoner", "county_count": 8, "approx_area_sq_mi": 5882, "approx_pop": 977745}, "geometry": {"type": "Polygon", "coordinates": [[[-96.624681, 35.462707], [-96.623727, 35.491658], [-96.622778, 35.520674], [-96.621976, 35.542687], [-96.621666, 35.54945], [-96.62188, 35.550025], [-96.621693, 35.551767], [-96.621068, 35.615085], [-96.620828, 35.639005], [-96.620838, 35.655378], [-96.620814, 35.657103], [-96.620188, 35.688926], [-96.62006, 35.701917], [-96.620356, 35.703505], [-96.620374, 35.709763], [-96.620085, 35.745429], [-96.620082, 35.745626], [-96.619796, 35.757072], [-96.619721, 35.770367], [-96.619607, 35.784385], [-96.619607, 35.784775], [-96.619594, 35.811087], [-96.619594, 35.811926], [-96.619637, 35.819718], [-96.619641, 35.820219], [-96.619494, 35.854344], [-96.619348, 35.855519], [-96.619488, 35.864309], [-96.620007, 35.911635], [-96.61976, 35.915569], [-96.620118, 35.922083], [-96.620142, 35.927198], [-96.6204, 35.930436], [-96.619655, 35.941571], [-96.620357, 35.959306], [-96.620792, 35.970368], [-96.621135, 35.971941], [-96.62103, 35.976406], [-96.62148, 35.986997], [-96.621669, 35.995659], [-96.621732, 36.000409], [-96.622069, 36.025623], [-96.622353, 36.046919], [-96.622354, 36.046967], [-96.622464, 36.055228], [-96.622863, 36.058417], [-96.622541, 36.060972], [-96.622609, 36.073075], [-96.622499, 36.086987], [-96.622649, 36.087556], [-96.622483, 36.090849], [-96.62231, 36.126568], [-96.621441, 36.159929], [-96.62212, 36.159903], [-96.622093, 36.162787], [-96.620917, 36.163439], [-96.570998, 36.1635], [-96.552798, 36.163495], [-96.516534, 36.163479], [-96.512716, 36.163476], [-96.447961, 36.163177], [-96.446667, 36.163169], [-96.440538, 36.163132], [-96.428131, 36.163057], [-96.422732, 36.163036], [-96.422355, 36.163021], [-96.400806, 36.16288], [-96.376132, 36.162726], [-96.371335, 36.1627], [-96.352699, 36.162593], [-96.351688, 36.162588], [-96.329224, 36.162459], [-96.305349, 36.162322], [-96.297888, 36.162279], [-96.273488, 36.16208], [-96.272711, 36.16208], [-96.268287, 36.16198], [-96.266894, 36.16198], [-96.266542, 36.16198], [-96.226006, 36.161574], [-96.219074, 36.16156], [-96.212633, 36.16148], [-96.18964, 36.161158], [-96.174995, 36.161078], [-96.174638, 36.161064], [-96.162107, 36.161041], [-96.162067, 36.16104], [-96.141501, 36.161005], [-96.139338, 36.161002], [-96.126415, 36.160977], [-96.119025, 36.160957], [-96.111288, 36.160944], [-96.111221, 36.160944], [-96.108744, 36.160939], [-96.106106, 36.160934], [-96.105736, 36.160932], [-96.090779, 36.160901], [-96.084069, 36.160887], [-96.082939, 36.160951], [-96.082498, 36.161005], [-96.076973, 36.160908], [-96.074583, 36.160919], [-96.073421, 36.161076], [-96.073365, 36.161082], [-96.062977, 36.16087], [-96.056193, 36.161089], [-96.055316, 36.161088], [-96.047288, 36.161133], [-96.043752, 36.161127], [-96.029233, 36.16122], [-96.014882, 36.161287], [-96.010951, 36.161317], [-96.001226, 36.161296], [-96.001217, 36.162438], [-95.99804, 36.162213], [-95.998025, 36.161244], [-95.99416, 36.161767], [-95.992861, 36.162213], [-95.990218, 36.162285], [-95.983937, 36.160573], [-95.981719, 36.160005], [-95.980212, 36.159646], [-95.979258, 36.159485], [-95.975627, 36.15938], [-95.967101, 36.159239], [-95.962058, 36.160787], [-95.958178, 36.160747], [-95.958173, 36.160957], [-95.957035, 36.160817], [-95.949231, 36.160775], [-95.940302, 36.160786], [-95.933516, 36.160784], [-95.931407, 36.160738], [-95.931007, 36.160752], [-95.92248, 36.160741], [-95.914498, 36.160834], [-95.914103, 36.160828], [-95.9135, 36.160781], [-95.90457, 36.160741], [-95.895639, 36.160709], [-95.894556, 36.160735], [-95.886718, 36.160721], [-95.869288, 36.16071], [-95.868723, 36.160666], [-95.86641, 36.160722], [-95.860749, 36.160691], [-95.851196, 36.16066], [-95.833353, 36.160645], [-95.815415, 36.160631], [-95.779617, 36.160624], [-95.761651, 36.16055], [-95.761639, 36.161968], [-95.76165, 36.16275], [-95.757516, 36.162846], [-95.756609, 36.163011], [-95.754495, 36.162478], [-95.745278, 36.162469], [-95.743986, 36.162468], [-95.732802, 36.162456], [-95.726407, 36.162449], [-95.72139, 36.16207], [-95.71307, 36.16189], [-95.708224, 36.1619], [-95.69963, 36.1624], [-95.690459, 36.16239], [-95.672684, 36.162333], [-95.63685, 36.16245], [-95.619832, 36.162694], [-95.61969, 36.16465], [-95.619378, 36.164734], [-95.618695, 36.164739], [-95.611628, 36.164726], [-95.610031, 36.164852], [-95.607698, 36.163934], [-95.604994, 36.16243], [-95.60445, 36.16276], [-95.60142, 36.16243], [-95.54721, 36.1625], [-95.52965, 36.16248], [-95.51627, 36.16247], [-95.50804, 36.16243], [-95.507299, 36.162339], [-95.50449, 36.16144], [-95.50272, 36.16109], [-95.50083, 36.16116], [-95.49821, 36.16178], [-95.495528, 36.162279], [-95.49371, 36.16244], [-95.43997, 36.16239], [-95.346485, 36.162652], [-95.345337, 36.162633], [-95.34371, 36.16254], [-95.34186, 36.16254], [-95.341567, 36.150367], [-95.34165, 36.14757], [-95.34214, 36.14596], [-95.34277, 36.14481], [-95.35099, 36.13632], [-95.35329, 36.13393], [-95.353596, 36.133474], [-95.35444, 36.13183], [-95.36038, 36.10985], [-95.36275, 36.09786], [-95.364483, 36.075289], [-95.365063, 36.067644], [-95.365146, 36.058992], [-95.366641, 36.052148], [-95.366941, 36.049805], [-95.366915, 36.027028], [-95.368487, 36.02148], [-95.368592, 36.017177], [-95.368577, 36.010742], [-95.368577, 36.002629], [-95.368557, 35.999898], [-95.368851, 35.997493], [-95.368527, 35.99726], [-95.368528, 35.988056], [-95.368519, 35.983376], [-95.366345, 35.982293], [-95.364395, 35.978853], [-95.36051, 35.977003], [-95.359718, 35.97739], [-95.358674, 35.977236], [-95.354203, 35.975924], [-95.351248, 35.975992], [-95.349952, 35.974041], [-95.348056, 35.975953], [-95.345126, 35.976223], [-95.343098, 35.97437], [-95.340677, 35.975057], [-95.337889, 35.974234], [-95.332733, 35.977819], [-95.330089, 35.979226], [-95.328794, 35.979272], [-95.324966, 35.981331], [-95.32201, 35.981858], [-95.320742, 35.979296], [-95.318179, 35.979867], [-95.315926, 35.979479], [-95.313418, 35.974741], [-95.312022, 35.975491], [-95.309871, 35.974421], [-95.308097, 35.974375], [-95.305253, 35.973162], [-95.303704, 35.971629], [-95.304014, 35.970393], [-95.308941, 35.96657], [-95.307984, 35.965998], [-95.305056, 35.96728], [-95.304634, 35.96673], [-95.30683, 35.964831], [-95.309279, 35.963618], [-95.311362, 35.961374], [-95.313896, 35.961946], [-95.314065, 35.959337], [-95.315191, 35.958788], [-95.317416, 35.959177], [-95.320569, 35.957322], [-95.321103, 35.954232], [-95.323946, 35.952355], [-95.32693, 35.952721], [-95.329209, 35.950432], [-95.329772, 35.948532], [-95.328083, 35.947456], [-95.328279, 35.946678], [-95.330868, 35.943473], [-95.332785, 35.943018], [-95.336949, 35.944571], [-95.338272, 35.944044], [-95.335879, 35.942946], [-95.3325, 35.939673], [-95.331626, 35.937613], [-95.330974, 35.937578], [-95.33027, 35.937057], [-95.351573, 35.937157], [-95.35706, 35.937857], [-95.357397, 35.937903], [-95.359375, 35.938347], [-95.36016, 35.938693], [-95.36156, 35.939687], [-95.36538, 35.943886], [-95.366629, 35.94437], [-95.357433, 35.934603], [-95.357098, 35.934222], [-95.353271, 35.929897], [-95.344366, 35.919703], [-95.343492, 35.91824], [-95.334512, 35.893622], [-95.334364, 35.887854], [-95.333566, 35.885879], [-95.340548, 35.885892], [-95.340556, 35.859464], [-95.338085, 35.857803], [-95.33613, 35.857015], [-95.338178, 35.85523], [-95.340117, 35.855999], [-95.342708, 35.855172], [-95.339028, 35.848485], [-95.337817, 35.848127], [-95.333013, 35.848084], [-95.329565, 35.847777], [-95.326319, 35.84602], [-95.324105, 35.842356], [-95.323544, 35.835264], [-95.324151, 35.832485], [-95.325351, 35.829562], [-95.326086, 35.826161], [-95.325761, 35.821041], [-95.324613, 35.815317], [-95.324002, 35.813394], [-95.322443, 35.81346], [-95.318583, 35.808959], [-95.314268, 35.80601], [-95.310323, 35.802978], [-95.307947, 35.800298], [-95.30525, 35.799656], [-95.306102, 35.798341], [-95.306254, 35.798131], [-95.307496, 35.79641], [-95.310696, 35.795442], [-95.309464, 35.792925], [-95.306929, 35.793821], [-95.303587, 35.794057], [-95.302491, 35.792867], [-95.302515, 35.791011], [-95.304703, 35.790442], [-95.304233, 35.789567], [-95.308755, 35.788551], [-95.308597, 35.784471], [-95.310621, 35.784077], [-95.309853, 35.78074], [-95.309397, 35.776459], [-95.309323, 35.773983], [-95.309568, 35.770507], [-95.310313, 35.76432], [-95.320047, 35.767056], [-95.322861, 35.767365], [-95.322823, 35.758833], [-95.322776, 35.755132], [-95.322777, 35.750605], [-95.331018, 35.751021], [-95.331007, 35.750174], [-95.327467, 35.750079], [-95.328306, 35.748407], [-95.332394, 35.748446], [-95.332439, 35.747266], [-95.330011, 35.74733], [-95.330026, 35.744874], [-95.331128, 35.744876], [-95.330977, 35.740605], [-95.331836, 35.737649], [-95.333057, 35.735608], [-95.335078, 35.735597], [-95.336309, 35.733211], [-95.336757, 35.728341], [-95.33779, 35.726097], [-95.338297, 35.726099], [-95.338303, 35.724894], [-95.340349, 35.724491], [-95.340338, 35.718912], [-95.340329, 35.697067], [-95.358094, 35.696955], [-95.358094, 35.689735], [-95.358073, 35.671493], [-95.358029, 35.667947], [-95.358669, 35.667597], [-95.364864, 35.662605], [-95.371214, 35.656986], [-95.375696, 35.656919], [-95.375644, 35.655639], [-95.375076, 35.653475], [-95.375828, 35.653422], [-95.375785, 35.646139], [-95.375918, 35.639128], [-95.375918, 35.638873], [-95.375873, 35.635379], [-95.375832, 35.631579], [-95.375821, 35.627989], [-95.375786, 35.620665], [-95.375744, 35.609811], [-95.393515, 35.609805], [-95.393591, 35.59166], [-95.395124, 35.58899], [-95.398939, 35.587077], [-95.401041, 35.585176], [-95.401553, 35.584012], [-95.403478, 35.582888], [-95.404522, 35.581334], [-95.404298, 35.579938], [-95.402113, 35.579114], [-95.401974, 35.57758], [-95.403655, 35.5752], [-95.404357, 35.572797], [-95.404134, 35.568699], [-95.403546, 35.567875], [-95.404107, 35.565861], [-95.405872, 35.5649], [-95.405705, 35.562222], [-95.402232, 35.560825], [-95.402345, 35.559223], [-95.404558, 35.558422], [-95.404978, 35.557598], [-95.402486, 35.555469], [-95.402795, 35.554691], [-95.404615, 35.55476], [-95.406772, 35.556134], [-95.407612, 35.55547], [-95.406464, 35.553845], [-95.40456, 35.553135], [-95.40534, 35.551751], [-95.425196, 35.551729], [-95.426659, 35.549934], [-95.427444, 35.546386], [-95.429853, 35.545722], [-95.431113, 35.542998], [-95.431365, 35.539931], [-95.432681, 35.537711], [-95.435761, 35.536864], [-95.436349, 35.535422], [-95.434782, 35.534644], [-95.435062, 35.533042], [-95.433662, 35.531142], [-95.432094, 35.531554], [-95.431254, 35.530524], [-95.429182, 35.531485], [-95.428212, 35.533246], [-95.427777, 35.536773], [-95.415638, 35.536672], [-95.415783, 35.507713], [-95.433557, 35.507871], [-95.433574, 35.478816], [-95.451364, 35.478869], [-95.45139, 35.464377], [-95.451379, 35.449878], [-95.469191, 35.44981], [-95.469159, 35.435269], [-95.486947, 35.435205], [-95.486945, 35.406139], [-95.486887, 35.386283], [-95.486336, 35.385439], [-95.486875, 35.384041], [-95.486502, 35.38069], [-95.484342, 35.380733], [-95.480422, 35.378324], [-95.479144, 35.377178], [-95.469195, 35.37722], [-95.469062, 35.365058], [-95.468939, 35.364741], [-95.4683, 35.363848], [-95.466774, 35.362893], [-95.467134, 35.362705], [-95.47744, 35.362659], [-95.479983, 35.360487], [-95.482872, 35.356418], [-95.486808, 35.355153], [-95.486803, 35.348135], [-95.486854, 35.333613], [-95.501218, 35.333619], [-95.503263, 35.334392], [-95.504122, 35.335347], [-95.504434, 35.333201], [-95.504421, 35.33253], [-95.504732, 35.319057], [-95.522024, 35.318989], [-95.522094, 35.31093], [-95.522514, 35.310079], [-95.522845, 35.30863], [-95.532361, 35.302283], [-95.54437, 35.294972], [-95.534368, 35.285861], [-95.52684, 35.280004], [-95.523101, 35.277755], [-95.517654, 35.275383], [-95.515559, 35.271797], [-95.513359, 35.268697], [-95.512959, 35.267197], [-95.513259, 35.265197], [-95.514959, 35.263197], [-95.518059, 35.262397], [-95.521659, 35.262397], [-95.528059, 35.259997], [-95.53126, 35.257597], [-95.53466, 35.255997], [-95.53956, 35.253297], [-95.54326, 35.251897], [-95.54646, 35.251197], [-95.549861, 35.250897], [-95.556955, 35.249404], [-95.562937, 35.246404], [-95.564869, 35.24605], [-95.57037, 35.245497], [-95.572662, 35.244298], [-95.586262, 35.234098], [-95.591163, 35.227998], [-95.594263, 35.224898], [-95.596201, 35.223438], [-95.59938, 35.221651], [-95.602342, 35.220739], [-95.605647, 35.220348], [-95.608136, 35.220404], [-95.612864, 35.221098], [-95.616864, 35.221398], [-95.619464, 35.222198], [-95.622464, 35.224698], [-95.622964, 35.227598], [-95.622664, 35.228398], [-95.619864, 35.230398], [-95.611764, 35.233698], [-95.606763, 35.235098], [-95.604563, 35.236998], [-95.603463, 35.239398], [-95.603663, 35.242998], [-95.606063, 35.247098], [-95.609163, 35.249298], [-95.610264, 35.249698], [-95.615664, 35.249698], [-95.624264, 35.247998], [-95.628064, 35.246798], [-95.634965, 35.241698], [-95.635867, 35.241318], [-95.643265, 35.238198], [-95.657466, 35.231398], [-95.665066, 35.228898], [-95.672066, 35.227298], [-95.676867, 35.224798], [-95.680967, 35.220998], [-95.682767, 35.216398], [-95.682332, 35.215012], [-95.680489, 35.212339], [-95.679101, 35.211281], [-95.675274, 35.210162], [-95.674189, 35.20891], [-95.677461, 35.206721], [-95.679107, 35.203869], [-95.67998, 35.203459], [-95.686824, 35.204993], [-95.691205, 35.204668], [-95.697168, 35.202998], [-95.703768, 35.202398], [-95.707153, 35.202301], [-95.708263, 35.201819], [-95.709825, 35.200466], [-95.712382, 35.19713], [-95.71478, 35.19131], [-95.716157, 35.189352], [-95.71896, 35.188847], [-95.722143, 35.189455], [-95.727534, 35.191293], [-95.727788, 35.191379], [-95.729767, 35.192045], [-95.735171, 35.192815], [-95.739993, 35.192805], [-95.743894, 35.191882], [-95.745818, 35.190472], [-95.748019, 35.187716], [-95.749568, 35.183709], [-95.751871, 35.180968], [-95.75597, 35.177198], [-95.75797, 35.176698], [-95.76397, 35.177098], [-95.76707, 35.178098], [-95.768471, 35.178998], [-95.770525, 35.181766], [-95.772171, 35.183698], [-95.777071, 35.188698], [-95.779471, 35.190798], [-95.781971, 35.193498], [-95.784771, 35.195298], [-95.787571, 35.196398], [-95.793271, 35.197298], [-95.797572, 35.197098], [-95.804172, 35.196298], [-95.808372, 35.195398], [-95.813272, 35.193497], [-95.816872, 35.191197], [-95.824272, 35.187497], [-95.828272, 35.186197], [-95.838873, 35.184297], [-95.839673, 35.184397], [-95.844573, 35.187197], [-95.847773, 35.188397], [-95.849473, 35.188297], [-95.856773, 35.186597], [-95.862574, 35.186797], [-95.866674, 35.187297], [-95.869174, 35.186897], [-95.870663, 35.185986], [-95.874511, 35.180272], [-95.876374, 35.176897], [-95.883574, 35.162597], [-95.885274, 35.159696], [-95.888374, 35.155696], [-95.892174, 35.152096], [-95.896541, 35.149048], [-95.899975, 35.146896], [-95.900658, 35.146551], [-95.905867, 35.143987], [-95.907966, 35.143494], [-95.917786, 35.142501], [-95.925578, 35.142896], [-95.928458, 35.143594], [-95.937876, 35.146996], [-95.942576, 35.148396], [-95.946576, 35.149996], [-95.952776, 35.151396], [-95.957376, 35.151696], [-95.959377, 35.152096], [-95.965551, 35.152496], [-95.971777, 35.152496], [-95.983077, 35.151695], [-95.983376, 35.151595], [-95.990279, 35.150838], [-96.0051, 35.14877], [-96.009127, 35.147221], [-96.010257, 35.146626], [-96.012291, 35.14506], [-96.013639, 35.141787], [-96.013026, 35.136922], [-96.01117, 35.131814], [-96.008879, 35.122201], [-96.009214, 35.118759], [-96.010362, 35.117438], [-96.012314, 35.116714], [-96.013871, 35.116558], [-96.026244, 35.120584], [-96.02892, 35.120819], [-96.029969, 35.120336], [-96.035208, 35.11393], [-96.037944, 35.109392], [-96.041857, 35.104348], [-96.047391, 35.101332], [-96.054934, 35.097299], [-96.056571, 35.096098], [-96.060943, 35.091577], [-96.062707, 35.08807], [-96.063314, 35.083274], [-96.063842, 35.074633], [-96.064303, 35.071134], [-96.065625, 35.066193], [-96.066898, 35.062501], [-96.068211, 35.059761], [-96.069239, 35.056585], [-96.070101, 35.055513], [-96.072436, 35.053821], [-96.073243, 35.053409], [-96.080133, 35.051669], [-96.088792, 35.049875], [-96.089538, 35.049739], [-96.09989, 35.046202], [-96.10131, 35.045323], [-96.101288, 35.041373], [-96.10208, 35.039592], [-96.106005, 35.034424], [-96.111341, 35.031093], [-96.112437, 35.030126], [-96.115665, 35.024821], [-96.118719, 35.022207], [-96.123251, 35.019005], [-96.128774, 35.016764], [-96.132189, 35.014295], [-96.133739, 35.01237], [-96.134614, 35.010129], [-96.134501, 35.005677], [-96.136865, 35.001522], [-96.138947, 35.000624], [-96.141809, 35.000701], [-96.142951, 35.00009], [-96.144311, 34.997231], [-96.14372, 34.995194], [-96.14429, 34.992029], [-96.14464, 34.986721], [-96.14534, 34.98566], [-96.146483, 34.985088], [-96.149689, 34.985068], [-96.151588, 34.984491], [-96.154769, 34.981987], [-96.156891, 34.979513], [-96.159107, 34.977934], [-96.159008, 34.976274], [-96.160068, 34.973299], [-96.164043, 34.970502], [-96.16917, 34.966179], [-96.170733, 34.966121], [-96.173269, 34.964191], [-96.178178, 34.961445], [-96.178754, 34.960627], [-96.182024, 34.960152], [-96.186891, 34.958698], [-96.190143, 34.959185], [-96.191437, 34.960518], [-96.192719, 34.959896], [-96.193761, 34.961296], [-96.196447, 34.961661], [-96.198163, 34.961043], [-96.205941, 34.963597], [-96.209, 34.965507], [-96.216816, 34.968052], [-96.221994, 34.969509], [-96.224493, 34.971972], [-96.22715, 34.972116], [-96.227836, 34.97291], [-96.231089, 34.973822], [-96.231881, 34.97306], [-96.234133, 34.974536], [-96.235842, 34.97421], [-96.238586, 34.975623], [-96.239319, 34.974632], [-96.242308, 34.974869], [-96.246066, 34.975], [-96.248621, 34.974055], [-96.250231, 34.974784], [-96.251663, 34.973569], [-96.255096, 34.973776], [-96.258851, 34.973345], [-96.26048, 34.971941], [-96.262813, 34.970962], [-96.266166, 34.970218], [-96.268462, 34.96869], [-96.272123, 34.967566], [-96.275795, 34.967452], [-96.284754, 34.969134], [-96.291145, 34.97299], [-96.293349, 34.97405], [-96.294711, 34.975488], [-96.295845, 34.97881], [-96.299284, 34.981031], [-96.299957, 34.983166], [-96.302871, 34.986273], [-96.304205, 34.988511], [-96.306855, 34.990308], [-96.311915, 34.991552], [-96.317484, 34.996275], [-96.318272, 34.99941], [-96.319871, 34.999864], [-96.320437, 35.001993], [-96.322463, 35.003898], [-96.329009, 35.006239], [-96.335487, 35.007557], [-96.340204, 35.008183], [-96.34422, 35.008179], [-96.350855, 35.006923], [-96.35224, 35.00714], [-96.355902, 35.006777], [-96.357361, 35.006056], [-96.359906, 35.003205], [-96.360635, 35.001076], [-96.362629, 34.999473], [-96.363826, 34.996867], [-96.36262, 34.994506], [-96.362954, 34.992921], [-96.364051, 34.991247], [-96.366252, 34.98662], [-96.36444, 34.981105], [-96.365272, 34.979271], [-96.369697, 34.972248], [-96.371883, 34.970113], [-96.372038, 34.969104], [-96.370833, 34.967123], [-96.370496, 34.964835], [-96.371245, 34.961148], [-96.374104, 34.95733], [-96.375798, 34.956508], [-96.376559, 34.954092], [-96.379401, 34.952664], [-96.382681, 34.948455], [-96.385248, 34.948082], [-96.388046, 34.946479], [-96.392468, 34.945637], [-96.395155, 34.943626], [-96.396117, 34.944709], [-96.400911, 34.941845], [-96.402252, 34.940176], [-96.406132, 34.938226], [-96.406135, 34.934191], [-96.409568, 34.92945], [-96.40976, 34.926093], [-96.409285, 34.925081], [-96.410831, 34.923692], [-96.410689, 34.92214], [-96.413669, 34.916382], [-96.413781, 34.915619], [-96.417798, 34.911726], [-96.417475, 34.909652], [-96.418412, 34.907851], [-96.420933, 34.907441], [-96.424701, 34.903687], [-96.426871, 34.903128], [-96.431013, 34.903468], [-96.431551, 34.90258], [-96.435587, 34.90228], [-96.437203, 34.903049], [-96.437214, 34.904774], [-96.442593, 34.906398], [-96.444728, 34.907632], [-96.444865, 34.909086], [-96.449677, 34.910678], [-96.452101, 34.91212], [-96.45663, 34.915262], [-96.460367, 34.916499], [-96.46108, 34.915636], [-96.463893, 34.915898], [-96.465716, 34.915223], [-96.475939, 34.916375], [-96.478095, 34.916352], [-96.486483, 34.912986], [-96.490786, 34.910585], [-96.490653, 34.966094], [-96.490577, 35.021293], [-96.490535, 35.049896], [-96.490529, 35.057734], [-96.490521, 35.061405], [-96.490495, 35.07233], [-96.490477, 35.086814], [-96.490468, 35.094062], [-96.490434, 35.115857], [-96.472242, 35.115794], [-96.441305, 35.115771], [-96.441277, 35.135308], [-96.441228, 35.159282], [-96.441192, 35.173922], [-96.441252, 35.202885], [-96.441339, 35.2319], [-96.441368, 35.290122], [-96.441382, 35.311731], [-96.441277, 35.333715], [-96.441275, 35.348138], [-96.441248, 35.39182], [-96.44115, 35.43494], [-96.441216, 35.435425], [-96.44129, 35.467712], [-96.442219, 35.46556], [-96.443483, 35.461144], [-96.446202, 35.458444], [-96.449236, 35.45943], [-96.452554, 35.458209], [-96.45399, 35.458813], [-96.454562, 35.460149], [-96.45651, 35.461263], [-96.459052, 35.46151], [-96.462239, 35.460914], [-96.463825, 35.458727], [-96.465588, 35.45811], [-96.4693, 35.459567], [-96.470414, 35.46058], [-96.471513, 35.462988], [-96.473097, 35.463958], [-96.475754, 35.463421], [-96.476692, 35.460907], [-96.476734, 35.458874], [-96.481062, 35.453883], [-96.484193, 35.451197], [-96.485502, 35.450775], [-96.487735, 35.449159], [-96.488281, 35.448229], [-96.487965, 35.445829], [-96.484285, 35.44453], [-96.48306, 35.44249], [-96.483016, 35.439842], [-96.484402, 35.436548], [-96.487522, 35.432521], [-96.49012, 35.430944], [-96.491756, 35.430425], [-96.496594, 35.428896], [-96.501573, 35.428723], [-96.505701, 35.430001], [-96.511413, 35.429642], [-96.518633, 35.431205], [-96.520412, 35.4326], [-96.519714, 35.435809], [-96.521552, 35.438493], [-96.52548, 35.441137], [-96.529665, 35.444458], [-96.532335, 35.446371], [-96.53461, 35.446867], [-96.536492, 35.447165], [-96.539282, 35.449769], [-96.540327, 35.45339], [-96.543213, 35.457323], [-96.544121, 35.457827], [-96.546184, 35.457474], [-96.54612, 35.456419], [-96.543684, 35.454141], [-96.544469, 35.452733], [-96.54564, 35.452677], [-96.548918, 35.453543], [-96.553641, 35.454309], [-96.554661, 35.45345], [-96.553286, 35.449907], [-96.554093, 35.447831], [-96.556485, 35.447356], [-96.558695, 35.448915], [-96.560295, 35.448753], [-96.561234, 35.447466], [-96.562339, 35.444178], [-96.563054, 35.443276], [-96.565367, 35.442267], [-96.568159, 35.442218], [-96.569126, 35.44168], [-96.569602, 35.439564], [-96.568476, 35.438165], [-96.564634, 35.436057], [-96.555722, 35.434566], [-96.556313, 35.43262], [-96.559065, 35.429198], [-96.560671, 35.424427], [-96.56082, 35.422691], [-96.560102, 35.421559], [-96.556844, 35.418816], [-96.555485, 35.41984], [-96.555618, 35.422001], [-96.554804, 35.422835], [-96.552633, 35.422987], [-96.551714, 35.422251], [-96.551099, 35.420131], [-96.549188, 35.4196], [-96.547775, 35.418546], [-96.548104, 35.417534], [-96.550009, 35.415739], [-96.549996, 35.414942], [-96.546913, 35.412963], [-96.544049, 35.411842], [-96.54051, 35.412041], [-96.537163, 35.41094], [-96.536919, 35.409689], [-96.538133, 35.405235], [-96.537415, 35.403535], [-96.534551, 35.402708], [-96.531879, 35.400906], [-96.5317, 35.399812], [-96.533768, 35.397152], [-96.534576, 35.394978], [-96.534393, 35.393893], [-96.535096, 35.391455], [-96.535146, 35.391371], [-96.536718, 35.390772], [-96.538291, 35.390932], [-96.539402, 35.391827], [-96.541906, 35.39256], [-96.546585, 35.392608], [-96.550001, 35.392178], [-96.554396, 35.39366], [-96.55673, 35.394974], [-96.55651, 35.399021], [-96.554935, 35.401692], [-96.555566, 35.402437], [-96.556862, 35.402401], [-96.561114, 35.400187], [-96.565418, 35.399367], [-96.566948, 35.399383], [-96.569848, 35.40108], [-96.574218, 35.40194], [-96.576671, 35.401934], [-96.577325, 35.402658], [-96.57745, 35.404787], [-96.578682, 35.407178], [-96.581367, 35.409527], [-96.585654, 35.411474], [-96.589102, 35.411575], [-96.591698, 35.408784], [-96.594004, 35.404278], [-96.595, 35.403153], [-96.596254, 35.400204], [-96.597282, 35.398835], [-96.599717, 35.396955], [-96.604829, 35.399381], [-96.606708, 35.399368], [-96.606372, 35.397978], [-96.606764, 35.395876], [-96.610198, 35.394258], [-96.611392, 35.394227], [-96.612608, 35.396574], [-96.613776, 35.396816], [-96.616029, 35.395698], [-96.617305, 35.395825], [-96.621297, 35.398089], [-96.622639, 35.400256], [-96.623699, 35.400722], [-96.623717, 35.401889], [-96.624289, 35.404669], [-96.624681, 35.462707]]]}}, {"type": "Feature", "properties": {"GEOID": "5600", "NAME": "Citizen Potawatomi Nation-Absentee Shawnee", "NAMELSAD": "Citizen Potawatomi Nation-Absentee Shawnee OTSA", "ihs_facilities": 1, "counties": "Cleveland, Oklahoma, Pottawatomie", "county_count": 3, "approx_area_sq_mi": 1387, "approx_pop": 1171043}, "geometry": {"type": "Polygon", "coordinates": [[[-97.358076, 35.37724], [-97.353178, 35.377249], [-97.353191, 35.384464], [-97.353186, 35.406158], [-97.353182, 35.425883], [-97.353188, 35.435181], [-97.353169, 35.440994], [-97.353136, 35.449553], [-97.353122, 35.464051], [-97.353125, 35.471291], [-97.353112, 35.478539], [-97.353102, 35.486759], [-97.353103, 35.486875], [-97.353111, 35.487701], [-97.353119, 35.493006], [-97.353127, 35.507469], [-97.353113, 35.510692], [-97.353115, 35.511113], [-97.35314, 35.521983], [-97.353133, 35.53295], [-97.353131, 35.536378], [-97.353172, 35.551168], [-97.353708, 35.55117], [-97.353696, 35.558341], [-97.353684, 35.565676], [-97.353738, 35.58017], [-97.353654, 35.584435], [-97.351562, 35.58439], [-97.349658, 35.589947], [-97.346613, 35.591591], [-97.343859, 35.590402], [-97.342922, 35.590543], [-97.341705, 35.59209], [-97.33992, 35.591762], [-97.339069, 35.590307], [-97.340554, 35.588264], [-97.340222, 35.587808], [-97.338279, 35.590059], [-97.338325, 35.59114], [-97.340117, 35.593027], [-97.33932, 35.595124], [-97.338077, 35.596873], [-97.337434, 35.59882], [-97.338767, 35.599856], [-97.33826, 35.600371], [-97.332615, 35.600312], [-97.329491, 35.599306], [-97.328833, 35.598467], [-97.330031, 35.59757], [-97.330237, 35.595993], [-97.328038, 35.594933], [-97.323592, 35.595763], [-97.321982, 35.597991], [-97.320444, 35.598697], [-97.319897, 35.597895], [-97.320224, 35.596165], [-97.317763, 35.595128], [-97.315965, 35.596156], [-97.314611, 35.595738], [-97.313529, 35.594365], [-97.313134, 35.593802], [-97.312177, 35.593194], [-97.311652, 35.593147], [-97.310624, 35.593352], [-97.310282, 35.593516], [-97.309688, 35.59426], [-97.309055, 35.595026], [-97.30826, 35.595538], [-97.307774, 35.595713], [-97.307162, 35.59573], [-97.306598, 35.59541], [-97.306488, 35.594811], [-97.306623, 35.594286], [-97.307277, 35.592688], [-97.306993, 35.592297], [-97.306349, 35.592354], [-97.305561, 35.592926], [-97.304394, 35.593324], [-97.302671, 35.593261], [-97.301372, 35.593867], [-97.301025, 35.59436], [-97.300895, 35.597396], [-97.300398, 35.598], [-97.2992, 35.59747], [-97.297259, 35.595523], [-97.296309, 35.595022], [-97.294015, 35.594863], [-97.292862, 35.594348], [-97.290954, 35.593018], [-97.290107, 35.591327], [-97.289029, 35.590587], [-97.284556, 35.59038], [-97.281502, 35.588211], [-97.280703, 35.586481], [-97.281349, 35.585491], [-97.283587, 35.584178], [-97.283058, 35.583257], [-97.279553, 35.582251], [-97.280198, 35.579485], [-97.279176, 35.578807], [-97.277691, 35.579086], [-97.27636, 35.577877], [-97.278444, 35.575402], [-97.280659, 35.574083], [-97.280781, 35.571744], [-97.278382, 35.571744], [-97.27732, 35.573963], [-97.276654, 35.5742], [-97.275554, 35.573866], [-97.274263, 35.572232], [-97.270898, 35.57109], [-97.268491, 35.56952], [-97.268302, 35.567012], [-97.26674, 35.564886], [-97.265915, 35.56273], [-97.263009, 35.561143], [-97.260953, 35.561208], [-97.260768, 35.559258], [-97.260006, 35.557811], [-97.259825, 35.55569], [-97.258496, 35.555269], [-97.257582, 35.556122], [-97.254658, 35.554087], [-97.254369, 35.552269], [-97.25348, 35.551131], [-97.253762, 35.550206], [-97.251555, 35.547696], [-97.251023, 35.543917], [-97.249298, 35.542979], [-97.24704, 35.543317], [-97.245331, 35.543577], [-97.243112, 35.540426], [-97.243894, 35.539216], [-97.246406, 35.537399], [-97.246213, 35.534829], [-97.246815, 35.533845], [-97.246718, 35.531174], [-97.244902, 35.530468], [-97.242356, 35.532308], [-97.239337, 35.529443], [-97.239492, 35.528329], [-97.243838, 35.52661], [-97.24526, 35.523797], [-97.244936, 35.522575], [-97.240303, 35.520521], [-97.239539, 35.519709], [-97.239778, 35.517799], [-97.238417, 35.517608], [-97.236101, 35.519184], [-97.235361, 35.522551], [-97.233713, 35.522217], [-97.231306, 35.518571], [-97.229937, 35.517097], [-97.229387, 35.516735], [-97.22862, 35.515922], [-97.228403, 35.514275], [-97.228981, 35.508742], [-97.226848, 35.50844], [-97.224074, 35.50518], [-97.2201, 35.506168], [-97.216257, 35.505365], [-97.212252, 35.505948], [-97.212245, 35.505871], [-97.20883, 35.506212], [-97.207441, 35.505778], [-97.207983, 35.503888], [-97.210481, 35.503128], [-97.210133, 35.501152], [-97.206637, 35.500827], [-97.202273, 35.49985], [-97.2011, 35.501782], [-97.1973, 35.502738], [-97.195194, 35.501478], [-97.195389, 35.500306], [-97.193739, 35.499864], [-97.190958, 35.500255], [-97.189024, 35.499929], [-97.186634, 35.500538], [-97.1852, 35.501624], [-97.181984, 35.500929], [-97.180553, 35.502515], [-97.177715, 35.502768], [-97.174825, 35.500204], [-97.173499, 35.496619], [-97.171392, 35.495923], [-97.167437, 35.497292], [-97.165677, 35.496336], [-97.164091, 35.494229], [-97.162027, 35.495749], [-97.160637, 35.495402], [-97.160568, 35.494145], [-97.158982, 35.495961], [-97.158516, 35.4963], [-97.156089, 35.497092], [-97.152885, 35.496139], [-97.148768, 35.493116], [-97.147384, 35.492622], [-97.141676, 35.492539], [-97.14134, 35.492545], [-97.141689, 35.471829], [-97.141399, 35.469326], [-97.141343, 35.468853], [-97.14149, 35.463977], [-97.132527, 35.463968], [-97.129361, 35.464012], [-97.115496, 35.464096], [-97.114562, 35.463543], [-97.114234, 35.46127], [-97.115101, 35.459015], [-97.111228, 35.456915], [-97.10618, 35.457763], [-97.105007, 35.455813], [-97.105649, 35.454576], [-97.107836, 35.453309], [-97.106372, 35.45245], [-97.101323, 35.451682], [-97.100114, 35.45042], [-97.100541, 35.449198], [-97.098772, 35.448514], [-97.097166, 35.449024], [-97.095809, 35.446322], [-97.088865, 35.445612], [-97.085862, 35.443194], [-97.081603, 35.44157], [-97.082431, 35.440629], [-97.083849, 35.441402], [-97.084723, 35.440405], [-97.083582, 35.439307], [-97.082412, 35.439449], [-97.080383, 35.438359], [-97.076652, 35.437687], [-97.073647, 35.435401], [-97.071696, 35.435812], [-97.070643, 35.4347], [-97.067895, 35.436484], [-97.066487, 35.435921], [-97.067214, 35.434042], [-97.06705, 35.431718], [-97.067402, 35.428947], [-97.066181, 35.427491], [-97.064514, 35.426951], [-97.063105, 35.427702], [-97.063011, 35.428688], [-97.064373, 35.429722], [-97.063082, 35.430567], [-97.061696, 35.430403], [-97.059512, 35.431436], [-97.058291, 35.430896], [-97.058526, 35.429534], [-97.062048, 35.425941], [-97.061626, 35.424368], [-97.059606, 35.424415], [-97.056342, 35.426082], [-97.056601, 35.424016], [-97.053337, 35.42155], [-97.052092, 35.422254], [-97.051458, 35.423781], [-97.051505, 35.425518], [-97.052914, 35.427045], [-97.052609, 35.429111], [-97.050542, 35.429675], [-97.047372, 35.428735], [-97.046996, 35.425871], [-97.045681, 35.424579], [-97.044155, 35.424532], [-97.043451, 35.422747], [-97.045094, 35.420798], [-97.044312, 35.420072], [-97.044307, 35.417982], [-97.046604, 35.417163], [-97.047287, 35.415002], [-97.049288, 35.414115], [-97.051358, 35.414707], [-97.052222, 35.414206], [-97.052426, 35.411818], [-97.053518, 35.409658], [-97.052586, 35.408839], [-97.04982, 35.409949], [-97.047173, 35.409749], [-97.046354, 35.408975], [-97.046445, 35.406224], [-97.044753, 35.4061], [-97.045111, 35.403883], [-97.04239, 35.40295], [-97.043089, 35.401534], [-97.042872, 35.400251], [-97.040524, 35.398994], [-97.039358, 35.399522], [-97.039117, 35.400681], [-97.040301, 35.402246], [-97.039564, 35.403262], [-97.038551, 35.40264], [-97.036664, 35.403], [-97.036154, 35.402239], [-97.036418, 35.3996], [-97.035486, 35.39829], [-97.033261, 35.398367], [-97.033375, 35.397538], [-97.03535, 35.395851], [-97.039192, 35.395221], [-97.039181, 35.392697], [-97.039803, 35.391045], [-97.039317, 35.390242], [-97.036197, 35.389118], [-97.035823, 35.388056], [-97.03618, 35.38588], [-97.034326, 35.383683], [-97.032658, 35.383065], [-97.029856, 35.383895], [-97.029039, 35.38508], [-97.030628, 35.385869], [-97.030004, 35.386833], [-97.028564, 35.386754], [-97.025906, 35.38571], [-97.027043, 35.383678], [-97.028275, 35.383337], [-97.029736, 35.379444], [-97.029903, 35.378863], [-97.030665, 35.376566], [-97.0327, 35.375515], [-97.030297, 35.374966], [-97.029398, 35.374164], [-97.026739, 35.37347], [-97.026283, 35.37093], [-97.028447, 35.369145], [-97.027806, 35.367478], [-97.02492, 35.366777], [-97.02222, 35.369735], [-97.020656, 35.370345], [-97.018284, 35.370032], [-97.018288, 35.362104], [-97.00445, 35.361945], [-97.002053, 35.358442], [-97.002336, 35.356528], [-97.000735, 35.354078], [-97.000808, 35.347705], [-96.995641, 35.347722], [-96.993746, 35.347322], [-96.992716, 35.346697], [-96.990839, 35.346319], [-96.99124, 35.345857], [-96.996119, 35.343949], [-96.98301, 35.33772], [-96.983008, 35.337405], [-96.974055, 35.33315], [-96.973642, 35.33315], [-96.969492, 35.331648], [-96.96528, 35.331447], [-96.965228, 35.326286], [-96.966314, 35.324552], [-96.966891, 35.323821], [-96.96677, 35.323288], [-96.966883, 35.322415], [-96.966575, 35.321211], [-96.965971, 35.320799], [-96.965219, 35.32002], [-96.962304, 35.319146], [-96.960595, 35.321515], [-96.9584, 35.318718], [-96.956651, 35.318737], [-96.94871, 35.318812], [-96.948695, 35.318344], [-96.94876, 35.31518], [-96.947634, 35.314691], [-96.947682, 35.309925], [-96.94335, 35.311034], [-96.943291, 35.314347], [-96.938992, 35.313619], [-96.939017, 35.312286], [-96.940932, 35.31076], [-96.938852, 35.309331], [-96.938426, 35.309305], [-96.93801, 35.309412], [-96.937538, 35.309876], [-96.937204, 35.310519], [-96.93712, 35.311008], [-96.937252, 35.311497], [-96.937454, 35.311854], [-96.937183, 35.312495], [-96.931177, 35.313331], [-96.93074, 35.314028], [-96.930508, 35.316307], [-96.929712, 35.316499], [-96.926424, 35.316428], [-96.923317, 35.314968], [-96.918912, 35.313956], [-96.912431, 35.314709], [-96.911746, 35.314812], [-96.908592, 35.314622], [-96.906029, 35.311724], [-96.903154, 35.311441], [-96.898927, 35.314176], [-96.895741, 35.31509], [-96.893835, 35.31495], [-96.893778, 35.315083], [-96.892579, 35.31583], [-96.892087, 35.316069], [-96.891589, 35.316215], [-96.891194, 35.316198], [-96.888385, 35.315437], [-96.88828, 35.315444], [-96.888073, 35.315516], [-96.887928, 35.315615], [-96.88723, 35.317056], [-96.885485, 35.318125], [-96.884079, 35.318727], [-96.88116, 35.31767], [-96.879191, 35.318667], [-96.877288, 35.320603], [-96.877843, 35.322385], [-96.876775, 35.32389], [-96.876892, 35.325578], [-96.878991, 35.325439], [-96.879328, 35.323783], [-96.880009, 35.324815], [-96.881689, 35.325163], [-96.882309, 35.327426], [-96.881486, 35.328032], [-96.878294, 35.328109], [-96.875902, 35.329611], [-96.875367, 35.331677], [-96.872565, 35.331516], [-96.870514, 35.330316], [-96.86967, 35.330926], [-96.869366, 35.332902], [-96.868857, 35.335881], [-96.868, 35.336905], [-96.867663, 35.338944], [-96.868131, 35.340813], [-96.867611, 35.342684], [-96.868668, 35.344255], [-96.868665, 35.345764], [-96.870482, 35.349365], [-96.869782, 35.350548], [-96.865348, 35.351885], [-96.861689, 35.350811], [-96.859016, 35.34936], [-96.857681, 35.347652], [-96.857619, 35.345372], [-96.855488, 35.344322], [-96.851098, 35.344646], [-96.846934, 35.34358], [-96.84575, 35.343817], [-96.844747, 35.345696], [-96.843411, 35.344806], [-96.844289, 35.343941], [-96.840592, 35.343438], [-96.838008, 35.34094], [-96.836413, 35.34064], [-96.833924, 35.341632], [-96.830735, 35.342325], [-96.829261, 35.344055], [-96.828975, 35.345979], [-96.832258, 35.349755], [-96.833028, 35.351295], [-96.829436, 35.352565], [-96.827878, 35.353848], [-96.825429, 35.354431], [-96.826132, 35.356844], [-96.825052, 35.358668], [-96.826563, 35.360201], [-96.826462, 35.361453], [-96.826691, 35.365153], [-96.828869, 35.365745], [-96.8303, 35.36726], [-96.83156, 35.36735], [-96.832449, 35.36554], [-96.835539, 35.365643], [-96.837745, 35.368051], [-96.837797, 35.369244], [-96.836058, 35.37095], [-96.834176, 35.371259], [-96.833737, 35.372806], [-96.835081, 35.373942], [-96.837553, 35.374043], [-96.839333, 35.372793], [-96.841742, 35.372471], [-96.842877, 35.373975], [-96.840412, 35.375084], [-96.840843, 35.375928], [-96.841229, 35.376804], [-96.842327, 35.377734], [-96.844151, 35.376859], [-96.842493, 35.375179], [-96.845663, 35.376134], [-96.846611, 35.377863], [-96.848421, 35.376392], [-96.850746, 35.375927], [-96.853395, 35.374302], [-96.851526, 35.372808], [-96.85277, 35.372069], [-96.854923, 35.372907], [-96.856183, 35.374766], [-96.856271, 35.376552], [-96.857458, 35.378929], [-96.859626, 35.380472], [-96.86228, 35.387595], [-96.862571, 35.388962], [-96.862954, 35.389828], [-96.862959, 35.391152], [-96.863126, 35.394574], [-96.86432, 35.395205], [-96.863897, 35.397189], [-96.8647, 35.399395], [-96.867696, 35.401299], [-96.869611, 35.400361], [-96.870553, 35.395835], [-96.873228, 35.394064], [-96.874968, 35.39626], [-96.873999, 35.399971], [-96.875344, 35.400169], [-96.876051, 35.399119], [-96.876568, 35.40459], [-96.875966, 35.405377], [-96.875279, 35.409132], [-96.873835, 35.412206], [-96.8724, 35.413103], [-96.872163, 35.41611], [-96.86928, 35.418685], [-96.868887, 35.419255], [-96.867985, 35.419909], [-96.867916, 35.419948], [-96.866885, 35.420643], [-96.86626, 35.422691], [-96.868087, 35.42439], [-96.868814, 35.426748], [-96.86591, 35.427716], [-96.862689, 35.429326], [-96.860391, 35.429048], [-96.858491, 35.428297], [-96.856404, 35.426483], [-96.854365, 35.426177], [-96.853025, 35.427764], [-96.852372, 35.430434], [-96.851028, 35.43066], [-96.849756, 35.427864], [-96.847629, 35.427788], [-96.84591, 35.429243], [-96.844213, 35.431695], [-96.842947, 35.432061], [-96.84181, 35.430702], [-96.838828, 35.429639], [-96.835783, 35.429873], [-96.834333, 35.430998], [-96.83252, 35.431316], [-96.832498, 35.430126], [-96.835068, 35.427595], [-96.835494, 35.426067], [-96.833193, 35.424677], [-96.83201, 35.425281], [-96.831798, 35.426429], [-96.829489, 35.426883], [-96.829053, 35.425855], [-96.830403, 35.422574], [-96.829603, 35.421231], [-96.826717, 35.421332], [-96.825517, 35.42087], [-96.823948, 35.421855], [-96.822874, 35.422783], [-96.82171, 35.425517], [-96.820562, 35.425431], [-96.818355, 35.422609], [-96.820509, 35.419841], [-96.818468, 35.416819], [-96.818641, 35.415923], [-96.820199, 35.415034], [-96.821863, 35.415862], [-96.823227, 35.415666], [-96.82264, 35.413933], [-96.819657, 35.411941], [-96.817705, 35.410921], [-96.814273, 35.410435], [-96.811133, 35.409371], [-96.806684, 35.409313], [-96.801578, 35.409981], [-96.800294, 35.411182], [-96.797744, 35.411751], [-96.793815, 35.412322], [-96.790513, 35.410463], [-96.788234, 35.410348], [-96.782314, 35.406673], [-96.780167, 35.406456], [-96.780056, 35.409021], [-96.776695, 35.410886], [-96.776886, 35.409881], [-96.776882, 35.405562], [-96.776694, 35.405417], [-96.776714, 35.384265], [-96.776712, 35.383989], [-96.776766, 35.362072], [-96.776803, 35.333378], [-96.777108, 35.304141], [-96.777089, 35.297257], [-96.777033, 35.290007], [-96.777147, 35.289861], [-96.776826, 35.268219], [-96.776924, 35.26096], [-96.777042, 35.260413], [-96.777021, 35.253138], [-96.776858, 35.217287], [-96.776741, 35.19543], [-96.776626, 35.180677], [-96.776567, 35.174564], [-96.775786, 35.144707], [-96.775726, 35.137539], [-96.775687, 35.12583], [-96.775675, 35.124268], [-96.775671, 35.115861], [-96.775551, 35.082172], [-96.775365, 35.043224], [-96.7754, 35.014144], [-96.775373, 34.970603], [-96.77543, 34.941609], [-96.775144, 34.901638], [-96.775681, 34.899958], [-96.779972, 34.898853], [-96.785069, 34.899145], [-96.790595, 34.900834], [-96.797711, 34.905132], [-96.798583, 34.905939], [-96.799966, 34.910463], [-96.799876, 34.915334], [-96.799378, 34.919972], [-96.797866, 34.924425], [-96.798364, 34.92757], [-96.798208, 34.929992], [-96.799818, 34.932119], [-96.801742, 34.933548], [-96.803857, 34.936712], [-96.807171, 34.939512], [-96.809899, 34.940967], [-96.811774, 34.943504], [-96.813452, 34.944649], [-96.817509, 34.946329], [-96.819333, 34.946591], [-96.821488, 34.946112], [-96.825779, 34.943368], [-96.830772, 34.941908], [-96.834995, 34.939427], [-96.837102, 34.937798], [-96.841374, 34.933797], [-96.846207, 34.931504], [-96.849442, 34.929689], [-96.853051, 34.928819], [-96.860976, 34.93008], [-96.868097, 34.929415], [-96.86994, 34.928823], [-96.872037, 34.927481], [-96.876318, 34.926029], [-96.8854, 34.926251], [-96.887362, 34.926849], [-96.889965, 34.929461], [-96.890528, 34.932617], [-96.892283, 34.934868], [-96.894458, 34.939079], [-96.896838, 34.94219], [-96.899456, 34.943059], [-96.902189, 34.9448], [-96.903156, 34.946092], [-96.910609, 34.958659], [-96.911243, 34.959177], [-96.913952, 34.959045], [-96.915119, 34.960426], [-96.917914, 34.962419], [-96.921288, 34.963986], [-96.928271, 34.965213], [-96.929872, 34.965109], [-96.930586, 34.964364], [-96.934827, 34.96282], [-96.936998, 34.962579], [-96.941598, 34.960879], [-96.946455, 34.95854], [-96.947785, 34.957414], [-96.957037, 34.950979], [-96.957372, 34.948836], [-96.958841, 34.94695], [-96.958912, 34.94587], [-96.963937, 34.940615], [-96.965822, 34.939058], [-96.964976, 34.938149], [-96.967349, 34.934669], [-96.97085, 34.934338], [-96.9727, 34.935412], [-96.974944, 34.934269], [-96.976236, 34.932075], [-96.975062, 34.930147], [-96.97793, 34.925628], [-96.983308, 34.921475], [-96.987811, 34.920338], [-96.98934, 34.918291], [-96.993632, 34.915827], [-96.995926, 34.914937], [-97.000515, 34.914276], [-97.004481, 34.912105], [-97.008691, 34.910576], [-97.01368, 34.907953], [-97.01593, 34.907348], [-97.018931, 34.908599], [-97.020322, 34.90967], [-97.025946, 34.912329], [-97.030396, 34.912057], [-97.035808, 34.912893], [-97.037171, 34.913496], [-97.043208, 34.915212], [-97.047008, 34.91674], [-97.049468, 34.918256], [-97.050536, 34.920018], [-97.052477, 34.921254], [-97.054821, 34.921406], [-97.060604, 34.921256], [-97.069318, 34.919686], [-97.07179, 34.91986], [-97.07526, 34.922434], [-97.07972, 34.928922], [-97.082718, 34.930449], [-97.085537, 34.931359], [-97.087557, 34.931538], [-97.092191, 34.931074], [-97.096821, 34.930918], [-97.098636, 34.929624], [-97.10035, 34.929615], [-97.101296, 34.930324], [-97.106021, 34.9329], [-97.110449, 34.934362], [-97.114, 34.935101], [-97.116794, 34.935173], [-97.124031, 34.934113], [-97.128744, 34.934035], [-97.132867, 34.934642], [-97.134932, 34.932594], [-97.134465, 34.930375], [-97.132842, 34.928091], [-97.132431, 34.926168], [-97.133689, 34.924693], [-97.135805, 34.924399], [-97.139757, 34.927137], [-97.142349, 34.928176], [-97.144077, 34.927417], [-97.145449, 34.929141], [-97.147627, 34.929452], [-97.154556, 34.931385], [-97.157795, 34.931509], [-97.166646, 34.930781], [-97.167765, 34.929662], [-97.170469, 34.93003], [-97.171475, 34.929487], [-97.176374, 34.92867], [-97.178236, 34.929544], [-97.187267, 34.929692], [-97.189904, 34.929062], [-97.192072, 34.929129], [-97.196172, 34.92825], [-97.196952, 34.931742], [-97.195454, 34.932667], [-97.195675, 34.936038], [-97.196695, 34.938402], [-97.198413, 34.939844], [-97.202342, 34.94079], [-97.205287, 34.94004], [-97.209551, 34.941089], [-97.210114, 34.942165], [-97.212513, 34.943305], [-97.217896, 34.944277], [-97.221754, 34.942596], [-97.223981, 34.940964], [-97.225866, 34.936856], [-97.225903, 34.934615], [-97.227903, 34.932138], [-97.230367, 34.931907], [-97.229055, 34.934084], [-97.230126, 34.936332], [-97.233056, 34.937484], [-97.232142, 34.939185], [-97.232689, 34.9419], [-97.235344, 34.94388], [-97.239403, 34.945688], [-97.239851, 34.947111], [-97.243511, 34.948658], [-97.246243, 34.949175], [-97.248551, 34.948561], [-97.250434, 34.948882], [-97.252318, 34.947519], [-97.253602, 34.945427], [-97.258032, 34.944895], [-97.261592, 34.945441], [-97.264029, 34.947212], [-97.266741, 34.950713], [-97.268831, 34.955423], [-97.272328, 34.961776], [-97.273851, 34.962994], [-97.278066, 34.961069], [-97.28144, 34.96079], [-97.282553, 34.96121], [-97.285076, 34.961971], [-97.287827, 34.961877], [-97.292478, 34.962802], [-97.296218, 34.963545], [-97.299633, 34.964611], [-97.301304, 34.962923], [-97.302787, 34.960719], [-97.304397, 34.956385], [-97.305699, 34.95505], [-97.30771, 34.953983], [-97.311227, 34.953282], [-97.313283, 34.953837], [-97.321671, 34.954207], [-97.325925, 34.955092], [-97.329627, 34.956965], [-97.333833, 34.958948], [-97.337269, 34.961568], [-97.341509, 34.964001], [-97.342122, 34.966271], [-97.341849, 34.968935], [-97.342898, 34.971496], [-97.343259, 34.974409], [-97.344707, 34.976254], [-97.346523, 34.977446], [-97.347855, 34.979216], [-97.348362, 34.981659], [-97.347731, 34.983159], [-97.348165, 34.985437], [-97.346984, 34.987366], [-97.341894, 34.990256], [-97.341491, 34.993707], [-97.342188, 34.995411], [-97.346513, 34.998457], [-97.34697, 35.000391], [-97.345325, 35.002051], [-97.345841, 35.004599], [-97.348516, 35.006004], [-97.349329, 35.007828], [-97.349611, 35.009076], [-97.34986, 35.01026], [-97.350093, 35.011441], [-97.350774, 35.014304], [-97.352822, 35.018864], [-97.353387, 35.022791], [-97.35351, 35.023432], [-97.355108, 35.028675], [-97.356703, 35.02886], [-97.358009, 35.033715], [-97.357772, 35.035361], [-97.357393, 35.036802], [-97.355789, 35.040543], [-97.353515, 35.043963], [-97.352554, 35.04541], [-97.350475, 35.051174], [-97.349632, 35.055532], [-97.349886, 35.05705], [-97.353029, 35.062175], [-97.354394, 35.065283], [-97.354706, 35.068107], [-97.354219, 35.07038], [-97.352717, 35.072305], [-97.353418, 35.075251], [-97.354192, 35.076656], [-97.357763, 35.080269], [-97.353407, 35.080272], [-97.35338, 35.087594], [-97.35324, 35.097389], [-97.353155, 35.10116], [-97.353146, 35.102056], [-97.353365, 35.116904], [-97.353268, 35.131355], [-97.353018, 35.145889], [-97.353032, 35.160323], [-97.353013, 35.174857], [-97.353033, 35.189335], [-97.353035, 35.218275], [-97.35307, 35.247283], [-97.353043, 35.255142], [-97.353087, 35.276243], [-97.353073, 35.290755], [-97.348737, 35.290746], [-97.348802, 35.293542], [-97.349271, 35.294399], [-97.348502, 35.296559], [-97.349883, 35.298938], [-97.350119, 35.300724], [-97.353405, 35.304817], [-97.353008, 35.305092], [-97.353037, 35.319533], [-97.353067, 35.326189], [-97.345014, 35.327019], [-97.343706, 35.327581], [-97.340554, 35.324565], [-97.339535, 35.326208], [-97.339576, 35.327818], [-97.337732, 35.327439], [-97.337591, 35.328544], [-97.336123, 35.328594], [-97.336573, 35.330522], [-97.338269, 35.331324], [-97.341112, 35.330104], [-97.341528, 35.331516], [-97.34411, 35.331801], [-97.344774, 35.332548], [-97.342495, 35.333131], [-97.341979, 35.334324], [-97.339169, 35.333802], [-97.338679, 35.334561], [-97.341128, 35.336923], [-97.336139, 35.337177], [-97.334274, 35.336238], [-97.333396, 35.337249], [-97.335924, 35.338837], [-97.339345, 35.339611], [-97.338313, 35.341188], [-97.342498, 35.341194], [-97.343081, 35.340561], [-97.343637, 35.340159], [-97.344898, 35.339972], [-97.34526, 35.339642], [-97.345408, 35.340252], [-97.345031, 35.341219], [-97.343993, 35.342033], [-97.34443, 35.344517], [-97.343719, 35.345264], [-97.342029, 35.34466], [-97.339715, 35.345958], [-97.337764, 35.348013], [-97.335973, 35.348266], [-97.336678, 35.349662], [-97.335746, 35.351036], [-97.335566, 35.353036], [-97.339066, 35.349722], [-97.341916, 35.348672], [-97.341971, 35.352079], [-97.344673, 35.349743], [-97.345265, 35.353793], [-97.344695, 35.355161], [-97.342381, 35.35653], [-97.342006, 35.357849], [-97.340202, 35.359646], [-97.341685, 35.359464], [-97.344267, 35.35781], [-97.345073, 35.361579], [-97.344249, 35.36447], [-97.344951, 35.364653], [-97.345375, 35.363404], [-97.346918, 35.362519], [-97.3474, 35.359403], [-97.347017, 35.358073], [-97.347802, 35.357556], [-97.348632, 35.354259], [-97.349598, 35.353363], [-97.350032, 35.349208], [-97.351179, 35.349933], [-97.351891, 35.352186], [-97.350604, 35.353604], [-97.351154, 35.354489], [-97.35414, 35.355164], [-97.352933, 35.357137], [-97.352195, 35.357033], [-97.35127, 35.358737], [-97.3528, 35.359984], [-97.354128, 35.359291], [-97.355731, 35.359433], [-97.356617, 35.360241], [-97.355558, 35.361703], [-97.355565, 35.362802], [-97.3536, 35.363759], [-97.354882, 35.365231], [-97.353783, 35.366682], [-97.352045, 35.367474], [-97.351616, 35.368491], [-97.355366, 35.367792], [-97.35473, 35.369765], [-97.355234, 35.371836], [-97.356984, 35.369973], [-97.357602, 35.370198], [-97.359668, 35.373862], [-97.358076, 35.37724]]]}}, {"type": "Feature", "properties": {"GEOID": "5700", "NAME": "Kickapoo", "NAMELSAD": "Kickapoo OTSA", "ihs_facilities": 0, "counties": "Lincoln", "county_count": 1, "approx_area_sq_mi": 395, "approx_pop": 33917}, "geometry": {"type": "Polygon", "coordinates": [[[-97.247307, 35.567909], [-97.247229, 35.601742], [-97.247171, 35.609095], [-97.247108, 35.634594], [-97.247105, 35.657856], [-97.239848, 35.658453], [-97.236003, 35.658262], [-97.23368, 35.657373], [-97.231566, 35.657726], [-97.23092, 35.658561], [-97.225966, 35.660684], [-97.223892, 35.661091], [-97.221495, 35.660251], [-97.2173, 35.658098], [-97.213341, 35.656517], [-97.210695, 35.656446], [-97.205114, 35.659276], [-97.203399, 35.662504], [-97.202502, 35.663541], [-97.201269, 35.666496], [-97.196497, 35.670745], [-97.190875, 35.674289], [-97.185494, 35.67674], [-97.184439, 35.681315], [-97.183716, 35.683322], [-97.180901, 35.68591], [-97.177594, 35.68758], [-97.176735, 35.688222], [-97.17535, 35.689031], [-97.173013, 35.692893], [-97.170897, 35.695574], [-97.168485, 35.697365], [-97.163008, 35.69921], [-97.154256, 35.705213], [-97.151817, 35.705822], [-97.147823, 35.704481], [-97.145835, 35.705634], [-97.143039, 35.705495], [-97.140973, 35.706257], [-97.140973, 35.706155], [-97.138572, 35.706471], [-97.132279, 35.704677], [-97.126752, 35.703851], [-97.123688, 35.703046], [-97.120704, 35.703256], [-97.115301, 35.702885], [-97.113112, 35.702029], [-97.108382, 35.700926], [-97.103013, 35.699071], [-97.089621, 35.695487], [-97.08822, 35.695674], [-97.086792, 35.695965], [-97.077699, 35.695763], [-97.069832, 35.695907], [-97.069143, 35.696232], [-97.066411, 35.700028], [-97.065043, 35.700506], [-97.063238, 35.699588], [-97.061857, 35.69994], [-97.057513, 35.699462], [-97.053142, 35.697363], [-97.04908, 35.698417], [-97.044237, 35.698109], [-97.040055, 35.696691], [-97.039146, 35.696927], [-97.034828, 35.696085], [-97.027663, 35.695001], [-97.025979, 35.694302], [-97.025158, 35.69406], [-97.018782, 35.689973], [-97.017226, 35.690394], [-97.017207, 35.689092], [-97.014271, 35.686892], [-97.008488, 35.680502], [-97.006519, 35.67896], [-97.003011, 35.678327], [-96.998534, 35.676833], [-96.995964, 35.677208], [-96.993205, 35.679049], [-96.990755, 35.680197], [-96.986735, 35.680247], [-96.985104, 35.679615], [-96.972644, 35.679703], [-96.972573, 35.679709], [-96.971044, 35.679867], [-96.963963, 35.679951], [-96.961771, 35.679696], [-96.951576, 35.679698], [-96.948978, 35.679873], [-96.943826, 35.679666], [-96.941364, 35.678324], [-96.939406, 35.67676], [-96.936364, 35.675101], [-96.928848, 35.670281], [-96.928065, 35.668449], [-96.928316, 35.665953], [-96.927775, 35.663831], [-96.926831, 35.657238], [-96.926854, 35.655409], [-96.925647, 35.648432], [-96.923902, 35.646742], [-96.92126, 35.642485], [-96.919072, 35.642459], [-96.91347, 35.640673], [-96.910955, 35.640259], [-96.910987, 35.636709], [-96.910517, 35.623607], [-96.910639, 35.608886], [-96.910612, 35.608586], [-96.908496, 35.608474], [-96.908939, 35.608119], [-96.909815, 35.604322], [-96.910784, 35.603207], [-96.910635, 35.600723], [-96.910582, 35.593937], [-96.928469, 35.593827], [-96.928464, 35.572024], [-96.928487, 35.550372], [-96.929438, 35.550376], [-96.929428, 35.54755], [-96.926611, 35.541165], [-96.926571, 35.538687], [-96.927923, 35.53666], [-96.927419, 35.536078], [-96.928165, 35.532419], [-96.928481, 35.529732], [-96.924106, 35.529539], [-96.926781, 35.528743], [-96.926049, 35.525913], [-96.926862, 35.524238], [-96.929396, 35.524017], [-96.929398, 35.521458], [-96.929556, 35.486618], [-96.929701, 35.477992], [-96.929701, 35.463462], [-96.929738, 35.448977], [-96.929753, 35.434453], [-96.929757, 35.432992], [-96.92977, 35.42733], [-96.92977, 35.419983], [-96.929764, 35.416437], [-96.929764, 35.405464], [-96.929759, 35.398224], [-96.929755, 35.384009], [-96.929808, 35.376312], [-96.929771, 35.372281], [-96.929771, 35.369106], [-96.929776, 35.364729], [-96.929807, 35.361759], [-96.929847, 35.354465], [-96.929885, 35.347192], [-96.929956, 35.347188], [-96.929914, 35.337596], [-96.929913, 35.337136], [-96.929919, 35.332617], [-96.929882, 35.327809], [-96.929867, 35.322782], [-96.929824, 35.318242], [-96.930508, 35.316307], [-96.93074, 35.314028], [-96.931177, 35.313331], [-96.937183, 35.312495], [-96.937454, 35.311854], [-96.937252, 35.311497], [-96.93712, 35.311008], [-96.937204, 35.310519], [-96.937538, 35.309876], [-96.93801, 35.309412], [-96.938426, 35.309305], [-96.938852, 35.309331], [-96.940932, 35.31076], [-96.939017, 35.312286], [-96.938992, 35.313619], [-96.943291, 35.314347], [-96.94335, 35.311034], [-96.947682, 35.309925], [-96.947634, 35.314691], [-96.94876, 35.31518], [-96.948695, 35.318344], [-96.94871, 35.318812], [-96.956651, 35.318737], [-96.9584, 35.318718], [-96.960595, 35.321515], [-96.962304, 35.319146], [-96.965219, 35.32002], [-96.965971, 35.320799], [-96.966575, 35.321211], [-96.966883, 35.322415], [-96.96677, 35.323288], [-96.966891, 35.323821], [-96.966314, 35.324552], [-96.965228, 35.326286], [-96.96528, 35.331447], [-96.969492, 35.331648], [-96.973642, 35.33315], [-96.974055, 35.33315], [-96.983008, 35.337405], [-96.98301, 35.33772], [-96.996119, 35.343949], [-96.99124, 35.345857], [-96.990839, 35.346319], [-96.992716, 35.346697], [-96.993746, 35.347322], [-96.995641, 35.347722], [-97.000808, 35.347705], [-97.000735, 35.354078], [-97.002336, 35.356528], [-97.002053, 35.358442], [-97.00445, 35.361945], [-97.018288, 35.362104], [-97.018284, 35.370032], [-97.020656, 35.370345], [-97.02222, 35.369735], [-97.02492, 35.366777], [-97.027806, 35.367478], [-97.028447, 35.369145], [-97.026283, 35.37093], [-97.026739, 35.37347], [-97.029398, 35.374164], [-97.030297, 35.374966], [-97.0327, 35.375515], [-97.030665, 35.376566], [-97.029903, 35.378863], [-97.029736, 35.379444], [-97.028275, 35.383337], [-97.027043, 35.383678], [-97.025906, 35.38571], [-97.028564, 35.386754], [-97.030004, 35.386833], [-97.030628, 35.385869], [-97.029039, 35.38508], [-97.029856, 35.383895], [-97.032658, 35.383065], [-97.034326, 35.383683], [-97.03618, 35.38588], [-97.035823, 35.388056], [-97.036197, 35.389118], [-97.039317, 35.390242], [-97.039803, 35.391045], [-97.039181, 35.392697], [-97.039192, 35.395221], [-97.03535, 35.395851], [-97.033375, 35.397538], [-97.033261, 35.398367], [-97.035486, 35.39829], [-97.036418, 35.3996], [-97.036154, 35.402239], [-97.036664, 35.403], [-97.038551, 35.40264], [-97.039564, 35.403262], [-97.040301, 35.402246], [-97.039117, 35.400681], [-97.039358, 35.399522], [-97.040524, 35.398994], [-97.042872, 35.400251], [-97.043089, 35.401534], [-97.04239, 35.40295], [-97.045111, 35.403883], [-97.044753, 35.4061], [-97.046445, 35.406224], [-97.046354, 35.408975], [-97.047173, 35.409749], [-97.04982, 35.409949], [-97.052586, 35.408839], [-97.053518, 35.409658], [-97.052426, 35.411818], [-97.052222, 35.414206], [-97.051358, 35.414707], [-97.049288, 35.414115], [-97.047287, 35.415002], [-97.046604, 35.417163], [-97.044307, 35.417982], [-97.044312, 35.420072], [-97.045094, 35.420798], [-97.043451, 35.422747], [-97.044155, 35.424532], [-97.045681, 35.424579], [-97.046996, 35.425871], [-97.047372, 35.428735], [-97.050542, 35.429675], [-97.052609, 35.429111], [-97.052914, 35.427045], [-97.051505, 35.425518], [-97.051458, 35.423781], [-97.052092, 35.422254], [-97.053337, 35.42155], [-97.056601, 35.424016], [-97.056342, 35.426082], [-97.059606, 35.424415], [-97.061626, 35.424368], [-97.062048, 35.425941], [-97.058526, 35.429534], [-97.058291, 35.430896], [-97.059512, 35.431436], [-97.061696, 35.430403], [-97.063082, 35.430567], [-97.064373, 35.429722], [-97.063011, 35.428688], [-97.063105, 35.427702], [-97.064514, 35.426951], [-97.066181, 35.427491], [-97.067402, 35.428947], [-97.06705, 35.431718], [-97.067214, 35.434042], [-97.066487, 35.435921], [-97.067895, 35.436484], [-97.070643, 35.4347], [-97.071696, 35.435812], [-97.073647, 35.435401], [-97.076652, 35.437687], [-97.080383, 35.438359], [-97.082412, 35.439449], [-97.083582, 35.439307], [-97.084723, 35.440405], [-97.083849, 35.441402], [-97.082431, 35.440629], [-97.081603, 35.44157], [-97.085862, 35.443194], [-97.088865, 35.445612], [-97.095809, 35.446322], [-97.097166, 35.449024], [-97.098772, 35.448514], [-97.100541, 35.449198], [-97.100114, 35.45042], [-97.101323, 35.451682], [-97.106372, 35.45245], [-97.107836, 35.453309], [-97.105649, 35.454576], [-97.105007, 35.455813], [-97.10618, 35.457763], [-97.111228, 35.456915], [-97.115101, 35.459015], [-97.114234, 35.46127], [-97.114562, 35.463543], [-97.115496, 35.464096], [-97.129361, 35.464012], [-97.132527, 35.463968], [-97.14149, 35.463977], [-97.141343, 35.468853], [-97.141399, 35.469326], [-97.141689, 35.471829], [-97.14134, 35.492545], [-97.141676, 35.492539], [-97.147384, 35.492622], [-97.148768, 35.493116], [-97.152885, 35.496139], [-97.156089, 35.497092], [-97.158516, 35.4963], [-97.158982, 35.495961], [-97.160568, 35.494145], [-97.160637, 35.495402], [-97.162027, 35.495749], [-97.164091, 35.494229], [-97.165677, 35.496336], [-97.167437, 35.497292], [-97.171392, 35.495923], [-97.173499, 35.496619], [-97.174825, 35.500204], [-97.177715, 35.502768], [-97.180553, 35.502515], [-97.181984, 35.500929], [-97.1852, 35.501624], [-97.186634, 35.500538], [-97.189024, 35.499929], [-97.190958, 35.500255], [-97.193739, 35.499864], [-97.195389, 35.500306], [-97.195194, 35.501478], [-97.1973, 35.502738], [-97.2011, 35.501782], [-97.202273, 35.49985], [-97.206637, 35.500827], [-97.210133, 35.501152], [-97.210481, 35.503128], [-97.207983, 35.503888], [-97.207441, 35.505778], [-97.20883, 35.506212], [-97.212245, 35.505871], [-97.212252, 35.505948], [-97.216257, 35.505365], [-97.2201, 35.506168], [-97.224074, 35.50518], [-97.226848, 35.50844], [-97.228981, 35.508742], [-97.228403, 35.514275], [-97.22862, 35.515922], [-97.229387, 35.516735], [-97.229937, 35.517097], [-97.231306, 35.518571], [-97.233713, 35.522217], [-97.235361, 35.522551], [-97.236101, 35.519184], [-97.238417, 35.517608], [-97.239778, 35.517799], [-97.239539, 35.519709], [-97.240303, 35.520521], [-97.244936, 35.522575], [-97.24526, 35.523797], [-97.243838, 35.52661], [-97.239492, 35.528329], [-97.239337, 35.529443], [-97.242356, 35.532308], [-97.244902, 35.530468], [-97.246718, 35.531174], [-97.246815, 35.533845], [-97.246213, 35.534829], [-97.246406, 35.537399], [-97.243894, 35.539216], [-97.243112, 35.540426], [-97.245331, 35.543577], [-97.24704, 35.543317], [-97.247194, 35.551108], [-97.247275, 35.565619], [-97.247307, 35.567909]]]}}, {"type": "Feature", "properties": {"GEOID": "5580", "NAME": "Chickasaw", "NAMELSAD": "Chickasaw OTSA", "ihs_facilities": 3, "counties": "Bryan, Carter, Coal, Garvin, Grady, Jefferson, Johnston, Love, Marshall, McClain, Murray, Pontotoc, Stephens", "county_count": 13, "approx_area_sq_mi": 9003, "approx_pop": 363007}, "geometry": {"type": "Polygon", "coordinates": [[[-98.000356, 35.334848], [-97.999176, 35.36248], [-97.996936, 35.361691], [-97.995258, 35.361699], [-97.99167, 35.360396], [-97.990921, 35.359755], [-97.985901, 35.358574], [-97.983755, 35.357242], [-97.981409, 35.356339], [-97.978984, 35.356198], [-97.973856, 35.357104], [-97.972804, 35.356299], [-97.972269, 35.353614], [-97.969548, 35.351485], [-97.964547, 35.350204], [-97.963182, 35.34939], [-97.960124, 35.34594], [-97.955167, 35.346051], [-97.952548, 35.34775], [-97.952268, 35.350592], [-97.948959, 35.352711], [-97.946843, 35.356412], [-97.94664, 35.359876], [-97.945952, 35.362465], [-97.946553, 35.368088], [-97.946331, 35.371029], [-97.947209, 35.372958], [-97.947212, 35.374854], [-97.943979, 35.376406], [-97.943409, 35.377193], [-97.940258, 35.376903], [-97.936342, 35.375754], [-97.934797, 35.37535], [-97.932252, 35.373383], [-97.930263, 35.367777], [-97.930496, 35.364113], [-97.929773, 35.362866], [-97.927901, 35.360492], [-97.9245, 35.358637], [-97.920835, 35.353518], [-97.918298, 35.35256], [-97.914581, 35.352403], [-97.911368, 35.353145], [-97.907013, 35.355871], [-97.904831, 35.356076], [-97.903133, 35.355574], [-97.901566, 35.353442], [-97.902122, 35.350948], [-97.903516, 35.34914], [-97.903086, 35.345404], [-97.901203, 35.344323], [-97.899664, 35.344114], [-97.897341, 35.344868], [-97.894086, 35.347026], [-97.890062, 35.347056], [-97.88712, 35.347391], [-97.884098, 35.349012], [-97.88496, 35.355821], [-97.883613, 35.356445], [-97.881925, 35.355977], [-97.879703, 35.356186], [-97.876702, 35.355482], [-97.875691, 35.355868], [-97.873923, 35.355984], [-97.873335, 35.356844], [-97.873169, 35.360868], [-97.871665, 35.362029], [-97.869899, 35.362522], [-97.865604, 35.36234], [-97.862805, 35.36183], [-97.85965, 35.359518], [-97.857752, 35.356264], [-97.857101, 35.354256], [-97.856816, 35.35127], [-97.857147, 35.346158], [-97.856847, 35.344955], [-97.853669, 35.341097], [-97.848416, 35.337714], [-97.843907, 35.335383], [-97.841333, 35.33453], [-97.837731, 35.334768], [-97.833675, 35.335362], [-97.832345, 35.334697], [-97.828705, 35.334359], [-97.827436, 35.334384], [-97.8256, 35.333763], [-97.824961, 35.333741], [-97.821806, 35.335179], [-97.81983, 35.335347], [-97.814696, 35.333944], [-97.812129, 35.333788], [-97.812111, 35.338254], [-97.809945, 35.339961], [-97.807186, 35.340846], [-97.803156, 35.33966], [-97.799298, 35.339096], [-97.796719, 35.339105], [-97.794681, 35.336632], [-97.793821, 35.334911], [-97.792022, 35.332702], [-97.790427, 35.332921], [-97.789632, 35.333349], [-97.788319, 35.336643], [-97.786078, 35.337162], [-97.783591, 35.336286], [-97.781189, 35.336107], [-97.777567, 35.337087], [-97.774708, 35.339421], [-97.773914, 35.34335], [-97.772406, 35.345577], [-97.769273, 35.34565], [-97.767841, 35.345084], [-97.763905, 35.340848], [-97.761499, 35.340347], [-97.76087, 35.340304], [-97.756641, 35.338759], [-97.751984, 35.334284], [-97.751084, 35.331299], [-97.748667, 35.329364], [-97.74631, 35.328354], [-97.737305, 35.323762], [-97.736282, 35.323843], [-97.724708, 35.325832], [-97.723816, 35.326515], [-97.723562, 35.326589], [-97.721528, 35.327137], [-97.720035, 35.328515], [-97.718427, 35.328534], [-97.718065, 35.328178], [-97.71561, 35.328277], [-97.713793, 35.327934], [-97.713112, 35.325464], [-97.711349, 35.324854], [-97.708158, 35.324732], [-97.706291, 35.324973], [-97.705267, 35.325327], [-97.701858, 35.326244], [-97.696478, 35.327437], [-97.689742, 35.332237], [-97.686718, 35.333837], [-97.685054, 35.334301], [-97.67933, 35.334806], [-97.678473, 35.334974], [-97.671414, 35.335946], [-97.671415, 35.337465], [-97.669408, 35.336736], [-97.662965, 35.336617], [-97.656526, 35.335148], [-97.654725, 35.334447], [-97.652537, 35.333381], [-97.649978, 35.331322], [-97.646815, 35.329383], [-97.642359, 35.325994], [-97.638105, 35.321127], [-97.631517, 35.316929], [-97.627406, 35.314627], [-97.625289, 35.312504], [-97.624067, 35.311946], [-97.619978, 35.306947], [-97.617799, 35.305211], [-97.602908, 35.303521], [-97.599013, 35.303351], [-97.598831, 35.303349], [-97.581359, 35.30246], [-97.579004, 35.30182], [-97.576641, 35.300892], [-97.560699, 35.292074], [-97.559322, 35.290727], [-97.556987, 35.28844], [-97.556382, 35.28276], [-97.556071, 35.276332], [-97.554779, 35.261978], [-97.557708, 35.25853], [-97.561013, 35.256328], [-97.563581, 35.254016], [-97.564275, 35.251772], [-97.563919, 35.250074], [-97.558187, 35.249824], [-97.558865, 35.248108], [-97.564845, 35.248719], [-97.566482, 35.247436], [-97.563402, 35.24339], [-97.558442, 35.242094], [-97.556692, 35.240201], [-97.556633, 35.238932], [-97.558296, 35.236585], [-97.562218, 35.23463], [-97.559405, 35.230909], [-97.555003, 35.227409], [-97.55479, 35.224329], [-97.551969, 35.221751], [-97.54146, 35.214165], [-97.534513, 35.212934], [-97.530089, 35.212695], [-97.529996, 35.21269], [-97.529442, 35.212663], [-97.521005, 35.206321], [-97.517245, 35.20391], [-97.516901, 35.203707], [-97.512795, 35.201399], [-97.503336, 35.19637], [-97.489959, 35.188754], [-97.489471, 35.18842], [-97.489315, 35.188353], [-97.488055, 35.18781], [-97.480402, 35.182955], [-97.458677, 35.170164], [-97.457806, 35.170318], [-97.456839, 35.167354], [-97.453417, 35.163743], [-97.451124, 35.162606], [-97.447492, 35.161182], [-97.444974, 35.160797], [-97.443785, 35.160615], [-97.442652, 35.160442], [-97.440393, 35.155331], [-97.439597, 35.149315], [-97.438253, 35.147039], [-97.434991, 35.145896], [-97.433515, 35.145279], [-97.433069, 35.143794], [-97.430667, 35.143473], [-97.429435, 35.142654], [-97.42754, 35.142917], [-97.427078, 35.14157], [-97.423972, 35.140651], [-97.420268, 35.140559], [-97.418133, 35.141677], [-97.415715, 35.140573], [-97.413862, 35.141171], [-97.412672, 35.139681], [-97.410168, 35.139187], [-97.409517, 35.13836], [-97.407082, 35.138144], [-97.406218, 35.136962], [-97.404576, 35.132077], [-97.404752, 35.130938], [-97.404021, 35.126164], [-97.401317, 35.124871], [-97.40134, 35.123916], [-97.402685, 35.117141], [-97.403595, 35.114898], [-97.405166, 35.108941], [-97.404509, 35.106019], [-97.402365, 35.103689], [-97.4016, 35.101906], [-97.401333, 35.098419], [-97.400184, 35.093242], [-97.400244, 35.09153], [-97.40314, 35.087801], [-97.402076, 35.08637], [-97.395459, 35.084273], [-97.391666, 35.082589], [-97.38868, 35.082103], [-97.385477, 35.082229], [-97.380346, 35.083259], [-97.373405, 35.085048], [-97.370992, 35.085206], [-97.368319, 35.08524], [-97.364128, 35.084556], [-97.360311, 35.082652], [-97.357763, 35.080269], [-97.354192, 35.076656], [-97.353418, 35.075251], [-97.352717, 35.072305], [-97.354219, 35.07038], [-97.354706, 35.068107], [-97.354394, 35.065283], [-97.353029, 35.062175], [-97.349886, 35.05705], [-97.349632, 35.055532], [-97.350475, 35.051174], [-97.352554, 35.04541], [-97.353515, 35.043963], [-97.355789, 35.040543], [-97.357393, 35.036802], [-97.357772, 35.035361], [-97.358009, 35.033715], [-97.356703, 35.02886], [-97.355108, 35.028675], [-97.35351, 35.023432], [-97.353387, 35.022791], [-97.352822, 35.018864], [-97.350774, 35.014304], [-97.350093, 35.011441], [-97.34986, 35.01026], [-97.349611, 35.009076], [-97.349329, 35.007828], [-97.348516, 35.006004], [-97.345841, 35.004599], [-97.345325, 35.002051], [-97.34697, 35.000391], [-97.346513, 34.998457], [-97.342188, 34.995411], [-97.341491, 34.993707], [-97.341894, 34.990256], [-97.346984, 34.987366], [-97.348165, 34.985437], [-97.347731, 34.983159], [-97.348362, 34.981659], [-97.347855, 34.979216], [-97.346523, 34.977446], [-97.344707, 34.976254], [-97.343259, 34.974409], [-97.342898, 34.971496], [-97.341849, 34.968935], [-97.342122, 34.966271], [-97.341509, 34.964001], [-97.337269, 34.961568], [-97.333833, 34.958948], [-97.329627, 34.956965], [-97.325925, 34.955092], [-97.321671, 34.954207], [-97.313283, 34.953837], [-97.311227, 34.953282], [-97.30771, 34.953983], [-97.305699, 34.95505], [-97.304397, 34.956385], [-97.302787, 34.960719], [-97.301304, 34.962923], [-97.299633, 34.964611], [-97.296218, 34.963545], [-97.292478, 34.962802], [-97.287827, 34.961877], [-97.285076, 34.961971], [-97.282553, 34.96121], [-97.28144, 34.96079], [-97.278066, 34.961069], [-97.273851, 34.962994], [-97.272328, 34.961776], [-97.268831, 34.955423], [-97.266741, 34.950713], [-97.264029, 34.947212], [-97.261592, 34.945441], [-97.258032, 34.944895], [-97.253602, 34.945427], [-97.252318, 34.947519], [-97.250434, 34.948882], [-97.248551, 34.948561], [-97.246243, 34.949175], [-97.243511, 34.948658], [-97.239851, 34.947111], [-97.239403, 34.945688], [-97.235344, 34.94388], [-97.232689, 34.9419], [-97.232142, 34.939185], [-97.233056, 34.937484], [-97.230126, 34.936332], [-97.229055, 34.934084], [-97.230367, 34.931907], [-97.227903, 34.932138], [-97.225903, 34.934615], [-97.225866, 34.936856], [-97.223981, 34.940964], [-97.221754, 34.942596], [-97.217896, 34.944277], [-97.212513, 34.943305], [-97.210114, 34.942165], [-97.209551, 34.941089], [-97.205287, 34.94004], [-97.202342, 34.94079], [-97.198413, 34.939844], [-97.196695, 34.938402], [-97.195675, 34.936038], [-97.195454, 34.932667], [-97.196952, 34.931742], [-97.196172, 34.92825], [-97.192072, 34.929129], [-97.189904, 34.929062], [-97.187267, 34.929692], [-97.178236, 34.929544], [-97.176374, 34.92867], [-97.171475, 34.929487], [-97.170469, 34.93003], [-97.167765, 34.929662], [-97.166646, 34.930781], [-97.157795, 34.931509], [-97.154556, 34.931385], [-97.147627, 34.929452], [-97.145449, 34.929141], [-97.144077, 34.927417], [-97.142349, 34.928176], [-97.139757, 34.927137], [-97.135805, 34.924399], [-97.133689, 34.924693], [-97.132431, 34.926168], [-97.132842, 34.928091], [-97.134465, 34.930375], [-97.134932, 34.932594], [-97.132867, 34.934642], [-97.128744, 34.934035], [-97.124031, 34.934113], [-97.116794, 34.935173], [-97.114, 34.935101], [-97.110449, 34.934362], [-97.106021, 34.9329], [-97.101296, 34.930324], [-97.10035, 34.929615], [-97.098636, 34.929624], [-97.096821, 34.930918], [-97.092191, 34.931074], [-97.087557, 34.931538], [-97.085537, 34.931359], [-97.082718, 34.930449], [-97.07972, 34.928922], [-97.07526, 34.922434], [-97.07179, 34.91986], [-97.069318, 34.919686], [-97.060604, 34.921256], [-97.054821, 34.921406], [-97.052477, 34.921254], [-97.050536, 34.920018], [-97.049468, 34.918256], [-97.047008, 34.91674], [-97.043208, 34.915212], [-97.037171, 34.913496], [-97.035808, 34.912893], [-97.030396, 34.912057], [-97.025946, 34.912329], [-97.020322, 34.90967], [-97.018931, 34.908599], [-97.01593, 34.907348], [-97.01368, 34.907953], [-97.008691, 34.910576], [-97.004481, 34.912105], [-97.000515, 34.914276], [-96.995926, 34.914937], [-96.993632, 34.915827], [-96.98934, 34.918291], [-96.987811, 34.920338], [-96.983308, 34.921475], [-96.97793, 34.925628], [-96.975062, 34.930147], [-96.976236, 34.932075], [-96.974944, 34.934269], [-96.9727, 34.935412], [-96.97085, 34.934338], [-96.967349, 34.934669], [-96.964976, 34.938149], [-96.965822, 34.939058], [-96.963937, 34.940615], [-96.958912, 34.94587], [-96.958841, 34.94695], [-96.957372, 34.948836], [-96.957037, 34.950979], [-96.947785, 34.957414], [-96.946455, 34.95854], [-96.941598, 34.960879], [-96.936998, 34.962579], [-96.934827, 34.96282], [-96.930586, 34.964364], [-96.929872, 34.965109], [-96.928271, 34.965213], [-96.921288, 34.963986], [-96.917914, 34.962419], [-96.915119, 34.960426], [-96.913952, 34.959045], [-96.911243, 34.959177], [-96.910609, 34.958659], [-96.903156, 34.946092], [-96.902189, 34.9448], [-96.899456, 34.943059], [-96.896838, 34.94219], [-96.894458, 34.939079], [-96.892283, 34.934868], [-96.890528, 34.932617], [-96.889965, 34.929461], [-96.887362, 34.926849], [-96.8854, 34.926251], [-96.876318, 34.926029], [-96.872037, 34.927481], [-96.86994, 34.928823], [-96.868097, 34.929415], [-96.860976, 34.93008], [-96.853051, 34.928819], [-96.849442, 34.929689], [-96.846207, 34.931504], [-96.841374, 34.933797], [-96.837102, 34.937798], [-96.834995, 34.939427], [-96.830772, 34.941908], [-96.825779, 34.943368], [-96.821488, 34.946112], [-96.819333, 34.946591], [-96.817509, 34.946329], [-96.813452, 34.944649], [-96.811774, 34.943504], [-96.809899, 34.940967], [-96.807171, 34.939512], [-96.803857, 34.936712], [-96.801742, 34.933548], [-96.799818, 34.932119], [-96.798208, 34.929992], [-96.798364, 34.92757], [-96.797866, 34.924425], [-96.799378, 34.919972], [-96.799876, 34.915334], [-96.799966, 34.910463], [-96.798583, 34.905939], [-96.797711, 34.905132], [-96.790595, 34.900834], [-96.785069, 34.899145], [-96.779972, 34.898853], [-96.775681, 34.899958], [-96.772561, 34.900638], [-96.771534, 34.900248], [-96.767529, 34.900652], [-96.763407, 34.90038], [-96.760654, 34.90084], [-96.755517, 34.899809], [-96.750094, 34.892983], [-96.748793, 34.890283], [-96.747193, 34.881783], [-96.742093, 34.869383], [-96.740393, 34.866883], [-96.737034, 34.862925], [-96.733692, 34.859684], [-96.729391, 34.857582], [-96.727591, 34.857182], [-96.722891, 34.856782], [-96.720071, 34.857461], [-96.712395, 34.859681], [-96.710093, 34.860883], [-96.703792, 34.863384], [-96.697992, 34.866884], [-96.694182, 34.868495], [-96.694103, 34.870068], [-96.694936, 34.870623], [-96.690407, 34.874997], [-96.687292, 34.880984], [-96.68647, 34.883185], [-96.686303, 34.888546], [-96.686992, 34.891283], [-96.689192, 34.895583], [-96.690144, 34.896272], [-96.693452, 34.901257], [-96.695689, 34.903614], [-96.700615, 34.906908], [-96.701728, 34.908266], [-96.70353, 34.909305], [-96.710934, 34.911715], [-96.711578, 34.912359], [-96.712092, 34.913883], [-96.711492, 34.916282], [-96.708093, 34.921083], [-96.706493, 34.923983], [-96.704596, 34.926281], [-96.702526, 34.928152], [-96.699488, 34.930273], [-96.694154, 34.932792], [-96.691967, 34.933314], [-96.683574, 34.933035], [-96.667692, 34.929583], [-96.665392, 34.928383], [-96.662092, 34.925883], [-96.659292, 34.923083], [-96.657992, 34.920983], [-96.655491, 34.915083], [-96.65309, 34.91038], [-96.64949, 34.905282], [-96.64599, 34.901384], [-96.64449, 34.900583], [-96.640791, 34.899484], [-96.636791, 34.898784], [-96.63319, 34.898584], [-96.62529, 34.898984], [-96.62189, 34.898984], [-96.61649, 34.899684], [-96.61319, 34.900484], [-96.603224, 34.903707], [-96.59879, 34.904884], [-96.59579, 34.905984], [-96.592689, 34.907584], [-96.590363, 34.909168], [-96.589138, 34.909968], [-96.584188, 34.91219], [-96.578489, 34.915984], [-96.577089, 34.916584], [-96.571889, 34.916784], [-96.568689, 34.916584], [-96.564089, 34.917284], [-96.556889, 34.914184], [-96.555389, 34.911284], [-96.555288, 34.907484], [-96.556288, 34.904584], [-96.556588, 34.900884], [-96.555888, 34.898084], [-96.552962, 34.893613], [-96.551767, 34.890914], [-96.549579, 34.887112], [-96.545984, 34.88227], [-96.543762, 34.880097], [-96.533787, 34.872184], [-96.530287, 34.869985], [-96.528587, 34.869586], [-96.521486, 34.869887], [-96.519886, 34.870187], [-96.516987, 34.871586], [-96.514587, 34.873386], [-96.512599, 34.875466], [-96.510486, 34.87862], [-96.506187, 34.886485], [-96.504508, 34.888181], [-96.502224, 34.891874], [-96.500287, 34.893465], [-96.499607, 34.896974], [-96.498487, 34.899085], [-96.497987, 34.902685], [-96.496887, 34.904585], [-96.494387, 34.907385], [-96.490786, 34.910585], [-96.486483, 34.912986], [-96.478095, 34.916352], [-96.475939, 34.916375], [-96.465716, 34.915223], [-96.463893, 34.915898], [-96.46108, 34.915636], [-96.460367, 34.916499], [-96.45663, 34.915262], [-96.452101, 34.91212], [-96.452153, 34.88374], [-96.452464, 34.752781], [-96.452704, 34.69595], [-96.45277, 34.694577], [-96.452769, 34.680077], [-96.452905, 34.592763], [-96.453175, 34.51265], [-96.453371, 34.463085], [-96.453371, 34.462312], [-96.453436, 34.441389], [-96.453484, 34.419324], [-96.453523, 34.332247], [-96.453527, 34.303167], [-96.453536, 34.298963], [-96.453658, 34.274038], [-96.453722, 34.257611], [-96.453924, 34.198279], [-96.453987, 34.186739], [-96.453901, 34.157348], [-96.453813, 34.156716], [-96.45397, 34.125095], [-96.453836, 34.1141], [-96.454101, 34.041157], [-96.454285, 34.019834], [-96.454336, 34.012116], [-96.454443, 34.004462], [-96.454498, 33.997907], [-96.454441, 33.968744], [-96.454391, 33.960395], [-96.452934, 33.956558], [-96.450956, 33.95401], [-96.452677, 33.952592], [-96.451292, 33.951806], [-96.450455, 33.948669], [-96.4482, 33.945388], [-96.449347, 33.945581], [-96.449748, 33.94362], [-96.448423, 33.941153], [-96.44907, 33.940416], [-96.449905, 33.939993], [-96.448595, 33.93816], [-96.449847, 33.938231], [-96.450032, 33.935928], [-96.447473, 33.933163], [-96.448528, 33.931319], [-96.447217, 33.930564], [-96.445988, 33.928237], [-96.446805, 33.92697], [-96.445536, 33.925424], [-96.444151, 33.924043], [-96.444665, 33.923033], [-96.443821, 33.921313], [-96.443175, 33.920811], [-96.443037, 33.92069], [-96.443255, 33.918978], [-96.442068, 33.918268], [-96.440368, 33.917088], [-96.438925, 33.917731], [-96.437685, 33.917008], [-96.436184, 33.913749], [-96.435801, 33.91366], [-96.435715, 33.913315], [-96.436994, 33.913105], [-96.437245, 33.912529], [-96.436954, 33.912209], [-96.436421, 33.911999], [-96.43617, 33.911478], [-96.436243, 33.911175], [-96.437071, 33.910872], [-96.435544, 33.908418], [-96.434273, 33.908117], [-96.435808, 33.907151], [-96.434899, 33.905885], [-96.436526, 33.905161], [-96.435044, 33.903138], [-96.433825, 33.902567], [-96.433001, 33.900727], [-96.433733, 33.898907], [-96.432553, 33.898915], [-96.432495, 33.896753], [-96.431383, 33.89631], [-96.430209, 33.895434], [-96.430565, 33.894381], [-96.429609, 33.893525], [-96.430301, 33.891914], [-96.429293, 33.891627], [-96.427738, 33.892813], [-96.427726, 33.89143], [-96.424478, 33.887875], [-96.422594, 33.886864], [-96.421157, 33.886897], [-96.42181, 33.885594], [-96.419142, 33.884903], [-96.419024, 33.884078], [-96.416784, 33.882423], [-96.415285, 33.883046], [-96.415078, 33.884446], [-96.412903, 33.885236], [-96.413971, 33.882633], [-96.41031, 33.881884], [-96.409031, 33.882708], [-96.408175, 33.88122], [-96.407556, 33.879789], [-96.405929, 33.881021], [-96.402497, 33.881053], [-96.402372, 33.878778], [-96.399092, 33.878008], [-96.399633, 33.876722], [-96.398019, 33.876239], [-96.398422, 33.875073], [-96.396375, 33.873273], [-96.393411, 33.873387], [-96.393873, 33.871146], [-96.391943, 33.87142], [-96.391148, 33.869392], [-96.388698, 33.86921], [-96.387019, 33.86778], [-96.384846, 33.867999], [-96.383971, 33.865488], [-96.38089, 33.864596], [-96.382544, 33.863399], [-96.380503, 33.861789], [-96.378639, 33.862233], [-96.377568, 33.859853], [-96.37489, 33.859995], [-96.37478, 33.859956], [-96.374649, 33.85992], [-96.373221, 33.859406], [-96.371817, 33.857281], [-96.369625, 33.858205], [-96.369209, 33.856139], [-96.368274, 33.857035], [-96.366712, 33.854865], [-96.366165, 33.85314], [-96.36613, 33.850597], [-96.365057, 33.850158], [-96.363944, 33.851103], [-96.363384, 33.849416], [-96.362463, 33.851631], [-96.361265, 33.851576], [-96.360849, 33.849785], [-96.357853, 33.850858], [-96.356681, 33.849941], [-96.355582, 33.851441], [-96.352796, 33.84981], [-96.352203, 33.850167], [-96.352138, 33.852304], [-96.351038, 33.850898], [-96.349293, 33.850437], [-96.348115, 33.852195], [-96.349886, 33.852882], [-96.347055, 33.854421], [-96.346265, 33.85352], [-96.345086, 33.853734], [-96.345132, 33.851905], [-96.343466, 33.851592], [-96.340859, 33.852972], [-96.3407, 33.851917], [-96.33908, 33.852131], [-96.338876, 33.851032], [-96.336894, 33.851253], [-96.33532, 33.849874], [-96.333154, 33.849671], [-96.333759, 33.848127], [-96.335287, 33.848011], [-96.335241, 33.846885], [-96.334115, 33.846556], [-96.334713, 33.845231], [-96.332534, 33.844056], [-96.332573, 33.842776], [-96.330361, 33.843716], [-96.329643, 33.842947], [-96.327734, 33.843578], [-96.327049, 33.841815], [-96.324942, 33.843463], [-96.32456, 33.842826], [-96.322164, 33.842694], [-96.322157, 33.841436], [-96.320429, 33.841054], [-96.318319, 33.841733], [-96.318101, 33.842678], [-96.315567, 33.841403], [-96.314698, 33.841524], [-96.313256, 33.839173], [-96.312788, 33.840541], [-96.310056, 33.841364], [-96.306962, 33.83932], [-96.306165, 33.840727], [-96.304901, 33.841303], [-96.305263, 33.842457], [-96.304479, 33.843353], [-96.302655, 33.842962], [-96.299093, 33.844517], [-96.298303, 33.84372], [-96.29964, 33.841446], [-96.297882, 33.842313], [-96.297626, 33.84122], [-96.29496, 33.839928], [-96.293821, 33.839824], [-96.293011, 33.840983], [-96.291273, 33.84023], [-96.290015, 33.840955], [-96.290567, 33.842169], [-96.287486, 33.842547], [-96.284899, 33.841146], [-96.284267, 33.842008], [-96.281456, 33.841436], [-96.281509, 33.840502], [-96.282931, 33.839096], [-96.280983, 33.838876], [-96.280035, 33.839452], [-96.278626, 33.838457], [-96.277757, 33.839122], [-96.279139, 33.840309], [-96.277776, 33.840808], [-96.277098, 33.839248], [-96.276038, 33.839885], [-96.276241, 33.841786], [-96.273602, 33.840444], [-96.274103, 33.839461], [-96.272194, 33.839323], [-96.271008, 33.840663], [-96.270153, 33.839213], [-96.267968, 33.838091], [-96.2686, 33.836948], [-96.266533, 33.837629], [-96.264171, 33.834809], [-96.262887, 33.834716], [-96.262925, 33.836748], [-96.259451, 33.83517], [-96.258662, 33.83339], [-96.255601, 33.833569], [-96.254614, 33.832805], [-96.253836, 33.834079], [-96.251638, 33.832754], [-96.251083, 33.833153], [-96.249734, 33.833357], [-96.248074, 33.831929], [-96.246883, 33.832507], [-96.24693, 33.833473], [-96.243251, 33.835167], [-96.242125, 33.83486], [-96.240546, 33.83719], [-96.238261, 33.836284], [-96.236459, 33.838081], [-96.234707, 33.837807], [-96.233332, 33.838258], [-96.23212, 33.837786], [-96.231278, 33.839291], [-96.23268, 33.839967], [-96.231022, 33.840319], [-96.229271, 33.841825], [-96.227769, 33.84043], [-96.22546, 33.843825], [-96.225671, 33.845281], [-96.224921, 33.845655], [-96.225738, 33.847363], [-96.22375, 33.848545], [-96.219997, 33.84898], [-96.220004, 33.850133], [-96.218456, 33.849579], [-96.218055, 33.850584], [-96.219405, 33.851012], [-96.218839, 33.852836], [-96.217661, 33.854501], [-96.218037, 33.855221], [-96.215969, 33.855726], [-96.214817, 33.856677], [-96.215825, 33.858275], [-96.214179, 33.859215], [-96.213184, 33.859144], [-96.213243, 33.857792], [-96.212032, 33.856919], [-96.210656, 33.857342], [-96.209615, 33.856139], [-96.208107, 33.857562], [-96.207231, 33.856206], [-96.206185, 33.857513], [-96.204393, 33.856645], [-96.204393, 33.855118], [-96.202912, 33.856343], [-96.203103, 33.857206], [-96.201088, 33.857195], [-96.201404, 33.85942], [-96.198994, 33.859623], [-96.199192, 33.856832], [-96.198098, 33.856541], [-96.195056, 33.857552], [-96.196268, 33.858695], [-96.194747, 33.859019], [-96.191817, 33.857849], [-96.192054, 33.859689], [-96.189828, 33.859969], [-96.188906, 33.859486], [-96.189861, 33.858722], [-96.188972, 33.857409], [-96.187076, 33.857134], [-96.185541, 33.859831], [-96.183856, 33.857277], [-96.18354, 33.855788], [-96.182006, 33.856738], [-96.179128, 33.857238], [-96.177982, 33.856809], [-96.177318, 33.854277], [-96.175007, 33.852474], [-96.173499, 33.852617], [-96.172571, 33.853754], [-96.168028, 33.85183], [-96.166771, 33.851907], [-96.165802, 33.853533], [-96.16359, 33.853686], [-96.16149, 33.852603], [-96.160186, 33.853383], [-96.158737, 33.854157], [-96.15798, 33.854278], [-96.156426, 33.852997], [-96.159522, 33.85185], [-96.158943, 33.849301], [-96.155757, 33.847932], [-96.152399, 33.8482], [-96.14627, 33.850075], [-96.145866, 33.851534], [-96.144508, 33.853345], [-96.141638, 33.85374], [-96.139454, 33.853037], [-96.137, 33.851142], [-96.132848, 33.849402], [-96.131165, 33.848127], [-96.13027, 33.846441], [-96.128801, 33.845237], [-96.127287, 33.844984], [-96.126117, 33.847046], [-96.124139, 33.848192], [-96.120533, 33.849064], [-96.117535, 33.848816], [-96.115987, 33.848192], [-96.113691, 33.846001], [-96.113051, 33.8448], [-96.11086, 33.843054], [-96.108696, 33.843701], [-96.108291, 33.846514], [-96.103244, 33.848447], [-96.100765, 33.848194], [-96.097799, 33.850182], [-96.096647, 33.849097], [-96.0951210947664, 33.8475481746472], [-96.100095, 33.847971], [-96.1001850746561, 33.8478885078258], [-96.101473, 33.846709], [-96.101349, 33.845721], [-96.100785, 33.84423], [-96.099153, 33.842409], [-96.097638, 33.837935], [-96.097448, 33.832725], [-96.09936, 33.83047], [-96.104075, 33.83073], [-96.109993, 33.832396], [-96.118169, 33.837884], [-96.122951, 33.839964], [-96.138905, 33.839159], [-96.14807, 33.837799], [-96.150147, 33.835856], [-96.15163, 33.831946], [-96.148792, 33.819197], [-96.150765, 33.816987], [-96.156656, 33.818223], [-96.164808, 33.817797], [-96.17589, 33.814627], [-96.178964, 33.810553], [-96.17734, 33.805117], [-96.17515, 33.801951], [-96.170373, 33.799382], [-96.168829, 33.802605], [-96.169748, 33.804902], [-96.168829, 33.807658], [-96.166991, 33.811103], [-96.161939, 33.81317], [-96.156355, 33.813349], [-96.159182, 33.810184], [-96.161114, 33.805767], [-96.161249, 33.795715], [-96.162757, 33.788769], [-96.169452, 33.770131], [-96.174633, 33.763699], [-96.178059, 33.760518], [-96.1862574503319, 33.7565196268717], [-96.186554, 33.756375], [-96.1963749095337, 33.7532416692046], [-96.1963803242589, 33.7532399416533], [-96.1999, 33.752117], [-96.220521, 33.74739], [-96.229023, 33.748021], [-96.248232, 33.758986], [-96.255565, 33.762079], [-96.257511, 33.763948], [-96.263593, 33.767467], [-96.267876, 33.76777], [-96.269896, 33.768405], [-96.277847, 33.770477], [-96.288254, 33.771221], [-96.293708, 33.769409], [-96.29653, 33.765789], [-96.301706, 33.753756], [-96.303009, 33.750878], [-96.3061, 33.741002], [-96.307389, 33.735005], [-96.306596, 33.726786], [-96.307035, 33.719987], [-96.3078409391777, 33.7173735447901], [-96.3083403378994, 33.7157541221002], [-96.309964, 33.710489], [-96.316925, 33.698997], [-96.31876, 33.696753], [-96.321103, 33.6951], [-96.331874, 33.693449], [-96.334932, 33.69208], [-96.338013, 33.688728], [-96.342665, 33.686975], [-96.348306, 33.686379], [-96.355946, 33.687155], [-96.362198, 33.691818], [-96.363135, 33.694215], [-96.363253, 33.70105], [-96.366945, 33.711222], [-96.36959, 33.716809], [-96.3794039922769, 33.7258163072446], [-96.384116, 33.730141], [-96.403507, 33.746289], [-96.408469, 33.751192], [-96.4118730854082, 33.7556871295874], [-96.413408, 33.757714], [-96.416146, 33.766099], [-96.417562, 33.769038], [-96.419205722102, 33.7717759381074], [-96.419961, 33.773034], [-96.422643, 33.776041], [-96.430214, 33.778654], [-96.436714, 33.779329], [-96.441206, 33.780327], [-96.448045, 33.781031], [-96.4486706614633, 33.7809185586092], [-96.45051, 33.780588], [-96.456254, 33.776035], [-96.4571133726479, 33.7757970426771], [-96.459154, 33.775232], [-96.467872, 33.775795], [-96.473092, 33.775445], [-96.48606, 33.77301], [-96.500268, 33.772583], [-96.502286, 33.77346], [-96.511914, 33.781478], [-96.515912, 33.787795], [-96.5159148630408, 33.7884735406623], [-96.5159324371729, 33.7926386099697], [-96.5159450940336, 33.7956382859546], [-96.515959, 33.798934], [-96.516584, 33.803168], [-96.519911, 33.811347], [-96.523863, 33.818114], [-96.526655, 33.820891], [-96.529234, 33.822127], [-96.5320921136834, 33.8228181109374], [-96.5322256788429, 33.8228504078832], [-96.532865, 33.823005], [-96.5440365134042, 33.8206463124548], [-96.551223, 33.819129], [-96.566298, 33.818511], [-96.572937, 33.819098], [-96.587067, 33.828009], [-96.592926, 33.830916], [-96.601258, 33.834327], [-96.623155, 33.841483], [-96.62929, 33.845488], [-96.630022, 33.847541], [-96.629747, 33.850866], [-96.628969, 33.852407], [-96.625399, 33.856542], [-96.6146783636591, 33.8665002409499], [-96.61197, 33.869016], [-96.601686, 33.872823], [-96.597348, 33.875101], [-96.590112, 33.880665], [-96.587494, 33.884251], [-96.5873434435115, 33.8845823794876], [-96.58536, 33.888948], [-96.585452, 33.891281], [-96.587934, 33.894784], [-96.5885189157485, 33.8948810582175], [-96.592948, 33.895616], [-96.607562, 33.894735], [-96.6262173962632, 33.8945028423579], [-96.628294, 33.894477], [-96.630117, 33.895422], [-96.6394636540167, 33.902492532788], [-96.64405, 33.905962], [-96.645951221609, 33.9072462784364], [-96.659896, 33.916666], [-96.66441, 33.917267], [-96.667187, 33.91694], [-96.670618, 33.914914], [-96.673449, 33.912278], [-96.675306, 33.909114], [-96.6782986558143, 33.9022650039775], [-96.680947, 33.896204], [-96.683464, 33.884217], [-96.6830897710888, 33.8821349564176], [-96.682103, 33.876645], [-96.682209, 33.873876], [-96.684727, 33.862905], [-96.688191, 33.854613], [-96.690708, 33.849959], [-96.6919140053451, 33.8484749577809], [-96.6931029507083, 33.8470119086141], [-96.699574, 33.839049], [-96.7022011641094, 33.8368818451704], [-96.704457, 33.835021], [-96.708134, 33.83306], [-96.712422, 33.831633], [-96.746038, 33.825699], [-96.754041, 33.824658], [-96.761588, 33.824406], [-96.766235, 33.825458], [-96.7679359661585, 33.8265506664569], [-96.769378, 33.827477], [-96.770676, 33.829621], [-96.7716159294573, 33.8315278683817], [-96.776766, 33.841976], [-96.777202, 33.848162], [-96.779588, 33.857939], [-96.780569, 33.860098], [-96.783485, 33.863534], [-96.7868593685454, 33.8652075817306], [-96.7888924383728, 33.8662159210612], [-96.794276, 33.868886], [-96.7983890294503, 33.8697218550823], [-96.812778, 33.872646], [-96.832157, 33.874835], [-96.8338917485549, 33.8736844418831], [-96.837413, 33.871349], [-96.839778, 33.868396], [-96.840819, 33.863645], [-96.841592, 33.852894], [-96.845896, 33.848975], [-96.850593, 33.847211], [-96.85609, 33.84749], [-96.866438, 33.853149], [-96.875281, 33.860505], [-96.88301, 33.868019], [-96.8926863575097, 33.8896230392742], [-96.895728, 33.896414], [-96.897194, 33.902954], [-96.896469, 33.913318], [-96.899442, 33.933728], [-96.902434, 33.942018], [-96.905253, 33.947219], [-96.907387, 33.950025], [-96.9100841561795, 33.9527125942178], [-96.911336, 33.95396], [-96.9163, 33.957798], [-96.918618, 33.958926], [-96.922114, 33.959579], [-96.924268, 33.959159], [-96.932252, 33.955688], [-96.9347906714179, 33.9543587870584], [-96.944611, 33.949217], [-96.952313, 33.944582], [-96.972542, 33.935795], [-96.973807, 33.935697], [-96.976955, 33.937453], [-96.979818, 33.941588], [-96.981031, 33.94916], [-96.980676, 33.951814], [-96.979347, 33.95513], [-96.979415, 33.956178], [-96.981337, 33.956378], [-96.987892, 33.954671], [-96.990835, 33.952701], [-96.994288, 33.949206], [-96.995368, 33.947302], [-96.996183, 33.941728], [-96.995023, 33.932035], [-96.993997, 33.928979], [-96.988745, 33.918468], [-96.984939, 33.904866], [-96.983835, 33.890949], [-96.988043, 33.886013], [-96.991897642823, 33.8796222621588], [-96.997088, 33.871017], [-97.009856, 33.859762], [-97.021438, 33.846379], [-97.0290486529474, 33.8428336240719], [-97.038858, 33.838264], [-97.041245, 33.837761], [-97.046126, 33.83956], [-97.050952, 33.846568], [-97.055838, 33.855741], [-97.059826, 33.858404], [-97.068071, 33.860465], [-97.075621, 33.858661], [-97.0867195241222, 33.8536845157192], [-97.087247, 33.853448], [-97.089464, 33.849847], [-97.090479, 33.844841], [-97.087731, 33.841956], [-97.08345, 33.840456], [-97.069486, 33.839412], [-97.058343, 33.836764], [-97.053024, 33.833884], [-97.049316, 33.829794], [-97.048146, 33.817456], [-97.0526945876577, 33.8167555980067], [-97.054926, 33.816412], [-97.062632, 33.816079], [-97.067977, 33.814476], [-97.07859, 33.812756], [-97.087999, 33.808747], [-97.092112, 33.804097], [-97.094771, 33.798532], [-97.095236, 33.794136], [-97.093917, 33.789052], [-97.087852, 33.774099], [-97.085218, 33.765512], [-97.084613, 33.759993], [-97.084693, 33.753147], [-97.0859635968142, 33.7453525399161], [-97.086195, 33.743933], [-97.091072, 33.735115], [-97.094085, 33.730992], [-97.097154, 33.727809], [-97.1004494293666, 33.7254837350243], [-97.104525, 33.722608], [-97.108936, 33.720294], [-97.113265, 33.718804], [-97.121102, 33.717174], [-97.126102, 33.716941], [-97.13753, 33.718664], [-97.149394, 33.721967], [-97.155066, 33.724442], [-97.1628103273886, 33.7291175310722], [-97.163149, 33.729322], [-97.172192, 33.737545], [-97.181843, 33.75587], [-97.185325, 33.755503], [-97.192817, 33.761169], [-97.187724, 33.769831], [-97.190809, 33.781772], [-97.200492, 33.793198], [-97.205705, 33.802908], [-97.204939, 33.815229], [-97.203514, 33.821825], [-97.1997, 33.827322], [-97.19369, 33.831307], [-97.186254, 33.830894], [-97.18137, 33.831375], [-97.171627, 33.835335], [-97.166824, 33.840395], [-97.166629, 33.847311], [-97.1725478642641, 33.8678031295196], [-97.179609, 33.89225], [-97.180845, 33.895204], [-97.1814903420956, 33.8959728706173], [-97.185458, 33.9007], [-97.1898531541979, 33.9035857609635], [-97.206141, 33.91428], [-97.210921, 33.916064], [-97.226522, 33.914642], [-97.242092, 33.906277], [-97.243983023282, 33.9041666604229], [-97.244946, 33.903092], [-97.24618, 33.900344], [-97.249209, 33.875101], [-97.254235, 33.865323], [-97.256625, 33.863286], [-97.265087, 33.862413], [-97.270314, 33.858221], [-97.275607, 33.858168], [-97.275348, 33.863225], [-97.279108, 33.864555], [-97.285983, 33.868526], [-97.294227, 33.876412], [-97.305565, 33.886435], [-97.310143, 33.888532], [-97.309846, 33.883003], [-97.309946, 33.874449], [-97.314413, 33.866989], [-97.315035584309, 33.866685347914], [-97.318243, 33.865121], [-97.323947, 33.858986], [-97.328729, 33.855434], [-97.3298198749724, 33.8557669883345], [-97.334616, 33.857231], [-97.333382, 33.864148], [-97.32345, 33.87846], [-97.325812, 33.883888], [-97.332457, 33.884253], [-97.335915, 33.879168], [-97.339202, 33.862063], [-97.348338, 33.843876], [-97.358513, 33.830018], [-97.365507, 33.823763], [-97.372941, 33.819454], [-97.4033285787733, 33.8189597940642], [-97.410387, 33.818845], [-97.426493, 33.819398], [-97.444193, 33.823773], [-97.453057, 33.828536], [-97.459068, 33.834581], [-97.462857, 33.841772], [-97.461486, 33.84956], [-97.457617, 33.855126], [-97.451469, 33.87093], [-97.450954, 33.891398], [-97.458069, 33.901635], [-97.460376, 33.903948], [-97.4611287310089, 33.9043238325516], [-97.48403724377, 33.9157618691195], [-97.486505, 33.916994], [-97.494858, 33.919258], [-97.50096, 33.919643], [-97.5099279122316, 33.916685868983], [-97.5174446404745, 33.9142072597304], [-97.519171, 33.913638], [-97.525277, 33.911751], [-97.532723, 33.906577], [-97.543246, 33.901289], [-97.551541, 33.897947], [-97.555002, 33.897282], [-97.55827, 33.897099], [-97.559917, 33.897603], [-97.56055, 33.899343], [-97.5608977260312, 33.8995888009747], [-97.562788, 33.900925], [-97.566956, 33.901583], [-97.568715, 33.901379], [-97.5723828248796, 33.8993233526348], [-97.572503, 33.899256], [-97.578082, 33.899216], [-97.581068119482, 33.8996774730708], [-97.581078, 33.899679], [-97.582777, 33.900418], [-97.5858025554111, 33.9017549789242], [-97.5859323221287, 33.9018123222357], [-97.587441, 33.902479], [-97.589254, 33.903922], [-97.589172, 33.904884], [-97.589667, 33.906601], [-97.590931, 33.909602], [-97.592035, 33.910137], [-97.593676, 33.910112], [-97.596289, 33.913769], [-97.597115, 33.917868], [-97.596979, 33.920228], [-97.596155, 33.922106], [-97.595084, 33.922954], [-97.591514, 33.9282], [-97.591213, 33.931245], [-97.593302, 33.933924], [-97.595419, 33.938917], [-97.59542, 33.941436], [-97.594046, 33.944598], [-97.591739, 33.946614], [-97.591409, 33.948057], [-97.588828, 33.951882], [-97.590422, 33.954104], [-97.5962, 33.954521], [-97.599466, 33.956323], [-97.600896, 33.958888], [-97.600968, 33.960656], [-97.604333, 33.962758], [-97.604389, 33.963811], [-97.606038, 33.965002], [-97.609091, 33.968093], [-97.615553, 33.969556], [-97.623005, 33.97395], [-97.624573, 33.97585], [-97.6306726029511, 33.9794328955086], [-97.633778, 33.981257], [-97.65621, 33.989488], [-97.661489, 33.990818], [-97.671772, 33.99137], [-97.6729707079592, 33.9910186710966], [-97.688023, 33.986607], [-97.69311, 33.983699], [-97.697921, 33.977331], [-97.704159, 33.963336], [-97.709684, 33.954997], [-97.716772, 33.947666], [-97.7209587212683, 33.9444112998101], [-97.725289, 33.941045], [-97.7260679705227, 33.9405589527578], [-97.732267, 33.936691], [-97.733723, 33.936392], [-97.736554, 33.936575], [-97.738478, 33.937421], [-97.752957, 33.937049], [-97.762768, 33.934396], [-97.762661, 33.930846], [-97.759834, 33.92521], [-97.759399, 33.91882], [-97.760224, 33.917194], [-97.76377, 33.914241], [-97.772672, 33.914382], [-97.775525, 33.918113], [-97.779702, 33.919721], [-97.782179, 33.919087], [-97.785101, 33.916815], [-97.786075, 33.914867], [-97.786075, 33.913244], [-97.78034, 33.904833], [-97.779683, 33.899243], [-97.780069, 33.89539], [-97.782341, 33.892306], [-97.784702, 33.890636], [-97.788022, 33.89182], [-97.789808, 33.894741], [-97.790781, 33.898312], [-97.793691, 33.899658], [-97.797761, 33.899286], [-97.801135, 33.89659], [-97.80198, 33.894254], [-97.801656, 33.890034], [-97.801439, 33.886306], [-97.80263, 33.879971], [-97.805423, 33.877167], [-97.807499, 33.876401], [-97.809771, 33.877699], [-97.812508, 33.881153], [-97.813991, 33.881757], [-97.816426, 33.882081], [-97.819236, 33.879091], [-97.819205, 33.872193], [-97.819023, 33.869908], [-97.822106, 33.867961], [-97.826176, 33.864536], [-97.830871, 33.861793], [-97.834333, 33.857671], [-97.8388, 33.856933], [-97.841581, 33.856272], [-97.843256, 33.856838], [-97.849502, 33.854316], [-97.8537011537649, 33.8529480131017], [-97.860927, 33.850594], [-97.865765, 33.849393], [-97.871447, 33.849001], [-97.877387, 33.850236], [-97.883204, 33.854362], [-97.88938, 33.856426], [-97.896738, 33.857985], [-97.905467, 33.863531], [-97.936743, 33.879204], [-97.938802, 33.879891], [-97.94273, 33.879845], [-97.946464, 33.878883], [-97.951215, 33.878424], [-97.958438, 33.879179], [-97.967777, 33.88243], [-97.974178, 33.886643], [-97.9778078897427, 33.8898833742718], [-97.977859, 33.889929], [-97.9796999964476, 33.8921939551897], [-97.983769, 33.8972], [-97.9844306703185, 33.8987582875632], [-97.984566, 33.899077], [-97.98454, 33.900703], [-97.983552, 33.904002], [-97.979985, 33.911402], [-97.978804, 33.912548], [-97.976963, 33.912549], [-97.973143, 33.908014], [-97.969873, 33.905999], [-97.964461, 33.907398], [-97.960615, 33.910354], [-97.957155, 33.914454], [-97.953695, 33.924373], [-97.952679, 33.929482], [-97.953395, 33.936445], [-97.954467, 33.937774], [-97.955511, 33.938186], [-97.963425, 33.936237], [-97.965953, 33.936191], [-97.971175, 33.937129], [-97.972494, 33.937907], [-97.974062, 33.940289], [-97.974173, 33.942832], [-97.9733359764944, 33.9437709509212], [-97.972662, 33.944527], [-97.965737, 33.947392], [-97.960351, 33.951928], [-97.956917, 33.958502], [-97.94595, 33.988396], [-97.94573, 33.989839], [-97.946473, 33.990732], [-97.947572, 33.991053], [-97.952688, 33.990114], [-97.95585, 33.990136], [-97.958325, 33.990846], [-97.963028, 33.994235], [-97.96834, 34.00053], [-97.97167, 34.005434], [-97.974173, 34.006716], [-97.978243, 34.005387], [-97.982806, 34.001949], [-97.987388, 33.999823], [-97.9997043883387, 33.9972228061929], [-97.999683, 34.027337], [-97.999714, 34.078587], [-97.999719, 34.085736], [-97.999719, 34.091], [-98.000291, 34.09235], [-97.999925, 34.093671], [-97.999714, 34.097652], [-97.999663, 34.144116], [-98.000207, 34.147696], [-97.999651, 34.152788], [-97.999666, 34.157777], [-97.999671, 34.158374], [-97.999667, 34.162956], [-97.99943, 34.163865], [-97.999665, 34.164955], [-97.999669, 34.171042], [-97.999645, 34.187691], [-97.999663, 34.216399], [-97.999705, 34.219768], [-97.999481, 34.260022], [-97.999707, 34.267702], [-97.999781, 34.274838], [-97.999554, 34.284178], [-97.999853, 34.2895], [-97.999734, 34.290941], [-97.999731, 34.2914], [-97.999758, 34.296759], [-97.999707, 34.303808], [-97.999714, 34.303849], [-97.999707, 34.303942], [-97.999734, 34.304074], [-97.99976, 34.304142], [-97.999612, 34.304123], [-97.999618, 34.314984], [-97.999625, 34.318579], [-97.999643, 34.333104], [-97.999637, 34.34604], [-97.999648, 34.383742], [-97.999663, 34.405053], [-97.99966, 34.405421], [-97.999658, 34.405661], [-97.999657, 34.405732], [-97.999639, 34.420053], [-97.99964, 34.420136], [-97.999642, 34.420469], [-97.999631, 34.434451], [-97.999642, 34.434745], [-97.999648, 34.434922], [-97.99965, 34.449109], [-97.999649, 34.449183], [-97.99961, 34.454345], [-97.999632, 34.455006], [-97.999491, 34.455004], [-97.999486, 34.456178], [-97.999486, 34.456303], [-97.999493, 34.45998], [-97.999466, 34.463552], [-97.999494, 34.463956], [-97.999493, 34.464171], [-97.998998, 34.464479], [-97.998951, 34.467243], [-97.998915, 34.469055], [-97.998736, 34.478038], [-97.998788, 34.481786], [-97.998669, 34.492666], [-97.998517, 34.507084], [-97.998356, 34.521594], [-97.997043, 34.550669], [-97.996718, 34.557939], [-97.996892, 34.557885], [-97.996929, 34.557887], [-97.996451, 34.559067], [-97.996448, 34.565297], [-97.996992, 34.567059], [-97.996383, 34.567735], [-97.996896, 34.567841], [-97.996911, 34.568873], [-97.996965, 34.572529], [-97.99705, 34.577956], [-97.997056, 34.579082], [-97.997133, 34.594358], [-97.997134, 34.594609], [-97.997157, 34.601486], [-97.997157, 34.601662], [-97.996817, 34.602212], [-97.996845, 34.608964], [-97.996883, 34.618121], [-97.99689, 34.619817], [-97.996966, 34.638021], [-97.99704, 34.667192], [-97.997109, 34.681802], [-97.996791, 34.681801], [-97.996585, 34.752841], [-97.99712, 34.754407], [-97.997899, 34.854934], [-97.997896, 34.862135], [-97.997909, 34.869219], [-97.997942, 34.88403], [-97.998129, 34.891281], [-97.998313, 34.898632], [-97.998645, 34.903445], [-97.998807, 34.912936], [-97.998664, 34.91753], [-97.997895, 34.942273], [-97.997772, 34.947257], [-97.998542, 34.94748], [-97.999592, 34.971024], [-97.999431, 34.978169], [-97.999411, 34.979075], [-97.999293, 34.98544], [-97.999596, 34.98592], [-97.999458, 34.987916], [-97.99947, 34.989842], [-97.999683, 34.990334], [-97.999678, 34.993399], [-97.999689, 34.994307], [-97.999905, 35.014021], [-97.999908, 35.014331], [-97.999923, 35.015001], [-97.99995, 35.029039], [-97.999822, 35.058111], [-97.999361, 35.072435], [-97.999343, 35.073165], [-97.999475, 35.086277], [-97.999642, 35.086694], [-97.999612, 35.087479], [-97.999726, 35.203662], [-97.999713, 35.247216], [-98.000011, 35.30541], [-97.999699, 35.305768], [-97.999734, 35.319778], [-98.000356, 35.334848]]]}}, {"type": "Feature", "properties": {"GEOID": "5560", "NAME": "Cheyenne and Arapaho", "NAMELSAD": "Cheyenne and Arapaho OTSA", "ihs_facilities": 1, "counties": "Beckham, Blaine, Canadian, Custer, Dewey, Ellis, Kingfisher, Roger Mills, Washita", "county_count": 9, "approx_area_sq_mi": 10053, "approx_pop": 259431}, "geometry": {"type": "Polygon", "coordinates": [[[-100.000400703064, 36.1637059999889], [-99.863902, 36.163562], [-99.84985, 36.163642], [-99.846133, 36.163412], [-99.838752, 36.163337], [-99.828302, 36.163537], [-99.824324, 36.163436], [-99.613281, 36.163894], [-99.607959, 36.164289], [-99.596079, 36.164061], [-99.453619, 36.163926], [-99.382074, 36.164301], [-99.254237, 36.163917], [-99.245921, 36.163408], [-99.222096, 36.163193], [-99.133462, 36.162332], [-99.125576, 36.162243], [-99.117263, 36.162811], [-99.079951, 36.162426], [-99.062098, 36.162285], [-99.057801, 36.162265], [-99.057615, 36.162264], [-98.955849, 36.161577], [-98.938457, 36.161374], [-98.937518, 36.16137], [-98.929583, 36.161325], [-98.925128, 36.161288], [-98.923073, 36.161271], [-98.920438, 36.161271], [-98.89476, 36.161217], [-98.726454, 36.16324], [-98.726183, 36.163297], [-98.725784, 36.163263], [-98.66333, 36.164554], [-98.636899, 36.164894], [-98.619067, 36.165372], [-98.477164, 36.164939], [-98.441585, 36.164927], [-98.432659, 36.16491], [-98.388703, 36.164898], [-98.379764, 36.164903], [-98.371022, 36.164927], [-98.353019, 36.164909], [-98.317243, 36.164875], [-98.23032, 36.164951], [-98.210405, 36.164889], [-98.175309, 36.16478], [-98.166855, 36.164767], [-98.152334, 36.164897], [-98.148652, 36.164722], [-98.148582, 36.164723], [-98.139711, 36.164804], [-98.125346, 36.164924], [-98.121809, 36.164794], [-98.103904, 36.164877], [-98.097349, 36.165039], [-98.09523, 36.165035], [-98.095166, 36.165035], [-98.077521, 36.16501], [-98.077475, 36.16501], [-98.073041, 36.165003], [-98.068605, 36.164997], [-98.037529, 36.164955], [-98.032964, 36.164989], [-98.023994, 36.164935], [-97.99715, 36.164802], [-97.988243, 36.1648], [-97.9791, 36.164798], [-97.961235, 36.164792], [-97.957383, 36.164523], [-97.892862, 36.164695], [-97.871768, 36.16463], [-97.835933, 36.164631], [-97.827059, 36.164633], [-97.790274, 36.164618], [-97.738327, 36.164736], [-97.719702, 36.164743], [-97.675617, 36.164663], [-97.675727, 36.149924], [-97.675534, 36.07278], [-97.675562, 36.072656], [-97.675634, 36.04402], [-97.675681, 36.04377], [-97.675688, 36.000184], [-97.675683, 35.956568], [-97.675408, 35.898504], [-97.674528, 35.898501], [-97.674508, 35.871164], [-97.674391, 35.861013], [-97.674388, 35.860431], [-97.674348, 35.842236], [-97.674223, 35.82052], [-97.674148, 35.805731], [-97.674143, 35.79843], [-97.674116, 35.793849], [-97.674102, 35.7839], [-97.674026, 35.72597], [-97.691471, 35.72592], [-97.700422, 35.725899], [-97.727698, 35.725817], [-97.727458, 35.68196], [-97.727442, 35.65291], [-97.72746, 35.638417], [-97.727395, 35.623678], [-97.727196, 35.601864], [-97.727206, 35.596721], [-97.72715, 35.591603], [-97.726402, 35.590377], [-97.727115, 35.588791], [-97.726061, 35.5874], [-97.725988, 35.58445], [-97.727279, 35.578919], [-97.727279, 35.565594], [-97.727274, 35.551097], [-97.709568, 35.551087], [-97.706717, 35.551103], [-97.706632, 35.548093], [-97.710469, 35.54826], [-97.712148, 35.547751], [-97.70984, 35.546515], [-97.710109, 35.539941], [-97.707276, 35.53728], [-97.715717, 35.536564], [-97.724665, 35.536502], [-97.724632, 35.522341], [-97.724705, 35.508009], [-97.724689, 35.50766], [-97.724675, 35.495577], [-97.724683, 35.493427], [-97.724715, 35.48975], [-97.724698, 35.478898], [-97.724722, 35.471418], [-97.724732, 35.468393], [-97.724734, 35.467942], [-97.724745, 35.464369], [-97.724714, 35.459492], [-97.724674, 35.453253], [-97.724652, 35.449856], [-97.724592, 35.43532], [-97.724594, 35.428048], [-97.724598, 35.420759], [-97.724596, 35.406226], [-97.72458, 35.39168], [-97.724552, 35.377161], [-97.724556, 35.348378], [-97.724501, 35.331354], [-97.724466, 35.32842], [-97.723845, 35.32769], [-97.723294, 35.327343], [-97.722926, 35.327015], [-97.723172, 35.326781], [-97.723819, 35.326621], [-97.725438, 35.325932], [-97.730406, 35.324896], [-97.737263, 35.323936], [-97.739665, 35.325681], [-97.741254, 35.325846], [-97.743409, 35.327029], [-97.745613, 35.328919], [-97.748703, 35.332127], [-97.750703, 35.33352], [-97.756641, 35.338759], [-97.76087, 35.340304], [-97.761499, 35.340347], [-97.763905, 35.340848], [-97.767841, 35.345084], [-97.769273, 35.34565], [-97.772406, 35.345577], [-97.773914, 35.34335], [-97.774708, 35.339421], [-97.777567, 35.337087], [-97.781189, 35.336107], [-97.783591, 35.336286], [-97.786078, 35.337162], [-97.788319, 35.336643], [-97.789632, 35.333349], [-97.790427, 35.332921], [-97.792022, 35.332702], [-97.793821, 35.334911], [-97.794681, 35.336632], [-97.796719, 35.339105], [-97.799298, 35.339096], [-97.803156, 35.33966], [-97.807186, 35.340846], [-97.809945, 35.339961], [-97.812111, 35.338254], [-97.812129, 35.333788], [-97.814696, 35.333944], [-97.81983, 35.335347], [-97.821806, 35.335179], [-97.824961, 35.333741], [-97.8256, 35.333763], [-97.827436, 35.334384], [-97.828705, 35.334359], [-97.832345, 35.334697], [-97.833675, 35.335362], [-97.837731, 35.334768], [-97.841333, 35.33453], [-97.843907, 35.335383], [-97.848416, 35.337714], [-97.853669, 35.341097], [-97.856847, 35.344955], [-97.857147, 35.346158], [-97.856816, 35.35127], [-97.857101, 35.354256], [-97.857752, 35.356264], [-97.85965, 35.359518], [-97.862805, 35.36183], [-97.865604, 35.36234], [-97.869899, 35.362522], [-97.871665, 35.362029], [-97.873169, 35.360868], [-97.873335, 35.356844], [-97.873923, 35.355984], [-97.875691, 35.355868], [-97.876702, 35.355482], [-97.879703, 35.356186], [-97.881925, 35.355977], [-97.883613, 35.356445], [-97.88496, 35.355821], [-97.884098, 35.349012], [-97.88712, 35.347391], [-97.890062, 35.347056], [-97.894086, 35.347026], [-97.897341, 35.344868], [-97.899664, 35.344114], [-97.901203, 35.344323], [-97.903086, 35.345404], [-97.903516, 35.34914], [-97.902122, 35.350948], [-97.901566, 35.353442], [-97.903133, 35.355574], [-97.904831, 35.356076], [-97.907013, 35.355871], [-97.911368, 35.353145], [-97.914581, 35.352403], [-97.918298, 35.35256], [-97.920835, 35.353518], [-97.9245, 35.358637], [-97.927901, 35.360492], [-97.929773, 35.362866], [-97.930496, 35.364113], [-97.930263, 35.367777], [-97.932252, 35.373383], [-97.934797, 35.37535], [-97.936342, 35.375754], [-97.940258, 35.376903], [-97.943409, 35.377193], [-97.943979, 35.376406], [-97.947212, 35.374854], [-97.947209, 35.372958], [-97.946331, 35.371029], [-97.946553, 35.368088], [-97.945952, 35.362465], [-97.94664, 35.359876], [-97.946843, 35.356412], [-97.948959, 35.352711], [-97.952268, 35.350592], [-97.952548, 35.34775], [-97.955167, 35.346051], [-97.960124, 35.34594], [-97.963182, 35.34939], [-97.964547, 35.350204], [-97.969548, 35.351485], [-97.972269, 35.353614], [-97.972804, 35.356299], [-97.973856, 35.357104], [-97.978984, 35.356198], [-97.981409, 35.356339], [-97.983755, 35.357242], [-97.985901, 35.358574], [-97.990921, 35.359755], [-97.99167, 35.360396], [-97.995258, 35.361699], [-97.996936, 35.361691], [-97.999176, 35.36248], [-98.001489, 35.364359], [-98.003458, 35.364069], [-98.003969, 35.362149], [-98.006399, 35.360381], [-98.010836, 35.360769], [-98.011969, 35.362058], [-98.012083, 35.363716], [-98.010996, 35.365518], [-98.008864, 35.366797], [-98.009872, 35.369354], [-98.011705, 35.37141], [-98.016088, 35.374425], [-98.01638, 35.376563], [-98.017453, 35.377911], [-98.023126, 35.382662], [-98.025467, 35.382836], [-98.027979, 35.383897], [-98.029867, 35.387901], [-98.031999, 35.389678], [-98.035947, 35.390597], [-98.038787, 35.389797], [-98.039686, 35.388397], [-98.04288, 35.387745], [-98.045902, 35.386542], [-98.04802, 35.385094], [-98.050325, 35.384411], [-98.053828, 35.384652], [-98.05741, 35.386123], [-98.058147, 35.389962], [-98.055608, 35.391498], [-98.053007, 35.394007], [-98.052264, 35.395375], [-98.052003, 35.399501], [-98.052819, 35.401777], [-98.05554, 35.405117], [-98.05978, 35.407848], [-98.062537, 35.408124], [-98.066265, 35.409598], [-98.067748, 35.408524], [-98.070698, 35.409563], [-98.074818, 35.409946], [-98.076366, 35.411199], [-98.078593, 35.411386], [-98.081225, 35.412357], [-98.084627, 35.412978], [-98.087265, 35.412896], [-98.090204, 35.411719], [-98.09291, 35.412606], [-98.095174, 35.412514], [-98.097033, 35.411662], [-98.099124, 35.412649], [-98.104338, 35.413317], [-98.112476, 35.415994], [-98.114886, 35.418038], [-98.114056, 35.420917], [-98.114619, 35.422384], [-98.119141, 35.425543], [-98.12074, 35.425735], [-98.124806, 35.429222], [-98.124947, 35.430966], [-98.127776, 35.434174], [-98.12981, 35.435251], [-98.131859, 35.43791], [-98.131903, 35.439456], [-98.133668, 35.441309], [-98.134418, 35.443142], [-98.134446, 35.446018], [-98.137378, 35.448073], [-98.137566, 35.449006], [-98.139686, 35.451134], [-98.144407, 35.452691], [-98.148071, 35.454714], [-98.153859, 35.456449], [-98.157625, 35.458455], [-98.160479, 35.460559], [-98.162177, 35.460548], [-98.165199, 35.459287], [-98.169307, 35.456845], [-98.174329, 35.452332], [-98.174994, 35.451012], [-98.177374, 35.44942], [-98.180741, 35.450165], [-98.184481, 35.452949], [-98.186186, 35.452187], [-98.188731, 35.452242], [-98.192886, 35.452932], [-98.196149, 35.454297], [-98.200399, 35.455332], [-98.202561, 35.457826], [-98.205481, 35.458511], [-98.207003, 35.460583], [-98.209698, 35.46238], [-98.211813, 35.463191], [-98.216485, 35.463991], [-98.218459, 35.465574], [-98.222998, 35.467216], [-98.227835, 35.468192], [-98.228655, 35.469079], [-98.228037, 35.47012], [-98.22906, 35.471853], [-98.232068, 35.472883], [-98.2327, 35.474428], [-98.232433, 35.476587], [-98.234731, 35.477738], [-98.235861, 35.4797], [-98.235701, 35.480905], [-98.237085, 35.481486], [-98.239557, 35.485376], [-98.238875, 35.487015], [-98.240554, 35.489728], [-98.24096, 35.492917], [-98.241637, 35.494414], [-98.244602, 35.497498], [-98.248749, 35.496706], [-98.249162, 35.49802], [-98.248356, 35.499273], [-98.250255, 35.5014], [-98.248789, 35.500615], [-98.248995, 35.503335], [-98.251326, 35.506621], [-98.250777, 35.509278], [-98.252134, 35.511709], [-98.252435, 35.514399], [-98.253324, 35.515826], [-98.253753, 35.516519], [-98.256974, 35.518782], [-98.258856, 35.518821], [-98.262542, 35.520531], [-98.263773, 35.521651], [-98.266914, 35.522197], [-98.271561, 35.524594], [-98.27523, 35.525708], [-98.277042, 35.527511], [-98.281747, 35.528463], [-98.28543, 35.528244], [-98.288607, 35.530352], [-98.291671, 35.530675], [-98.294717, 35.530192], [-98.297368, 35.532436], [-98.297967, 35.533681], [-98.299526, 35.534531], [-98.301478, 35.537729], [-98.304037, 35.538959], [-98.306213, 35.540824], [-98.307571, 35.541047], [-98.315932, 35.543046], [-98.318712, 35.543013], [-98.324788, 35.541627], [-98.327192, 35.541803], [-98.328951, 35.542599], [-98.331856, 35.541675], [-98.333896, 35.541943], [-98.335041, 35.542718], [-98.338, 35.546232], [-98.340383, 35.547672], [-98.341131, 35.550142], [-98.34024, 35.551431], [-98.34027, 35.553766], [-98.341119, 35.554499], [-98.344703, 35.555552], [-98.346579, 35.555533], [-98.348996, 35.554252], [-98.352434, 35.554555], [-98.356305, 35.556924], [-98.360343, 35.55752], [-98.361058, 35.559209], [-98.35975, 35.561354], [-98.36085, 35.564006], [-98.363801, 35.56513], [-98.372567, 35.566336], [-98.376086, 35.567399], [-98.378722, 35.567239], [-98.380808, 35.566363], [-98.383194, 35.56456], [-98.385126, 35.563665], [-98.390898, 35.563948], [-98.392637, 35.5645], [-98.394392, 35.565744], [-98.396828, 35.566637], [-98.400618, 35.567082], [-98.406561, 35.566873], [-98.410925, 35.566282], [-98.414206, 35.56477], [-98.416591, 35.562673], [-98.419564, 35.560913], [-98.422283, 35.558883], [-98.423859, 35.555883], [-98.425467, 35.554094], [-98.42931, 35.552152], [-98.431625, 35.551572], [-98.438808, 35.551565], [-98.441315, 35.55157], [-98.442659, 35.552591], [-98.445774, 35.552983], [-98.449325, 35.551822], [-98.449692, 35.551565], [-98.453889, 35.551564], [-98.453576, 35.553523], [-98.45437, 35.555593], [-98.456634, 35.558093], [-98.459209, 35.558378], [-98.465617, 35.561021], [-98.466426, 35.561923], [-98.468296, 35.562203], [-98.470127, 35.561185], [-98.470507, 35.559152], [-98.471876, 35.557396], [-98.473974, 35.557043], [-98.477542, 35.558219], [-98.486145, 35.55766], [-98.491318, 35.559181], [-98.498774, 35.563162], [-98.501204, 35.564659], [-98.50348, 35.567642], [-98.505789, 35.569873], [-98.507044, 35.574916], [-98.50881, 35.576462], [-98.508548, 35.579796], [-98.511323, 35.58351], [-98.5133, 35.58702], [-98.517118, 35.591473], [-98.51964, 35.592604], [-98.524632, 35.591102], [-98.525225, 35.591247], [-98.525493, 35.594716], [-98.531856, 35.596786], [-98.534443, 35.59829], [-98.538404, 35.599684], [-98.541692, 35.601221], [-98.54436, 35.603185], [-98.544924, 35.604352], [-98.549157, 35.607964], [-98.553691, 35.61274], [-98.554101, 35.613369], [-98.552845, 35.616484], [-98.552749, 35.618867], [-98.553752, 35.621171], [-98.555901, 35.623334], [-98.559359, 35.625935], [-98.562151, 35.627314], [-98.565502, 35.630588], [-98.567082, 35.634678], [-98.568387, 35.636776], [-98.566332, 35.638573], [-98.566106, 35.641726], [-98.568276, 35.645584], [-98.568858, 35.646212], [-98.569325, 35.646595], [-98.570085, 35.64709], [-98.570892, 35.647755], [-98.571401, 35.648124], [-98.572885, 35.649351], [-98.577382, 35.651494], [-98.583462, 35.653418], [-98.586027, 35.654875], [-98.587384, 35.657932], [-98.588872, 35.658833], [-98.588148, 35.663152], [-98.588296, 35.664362], [-98.589858, 35.666165], [-98.583026, 35.670536], [-98.585029, 35.671409], [-98.588876, 35.671353], [-98.590338, 35.675557], [-98.589915, 35.679959], [-98.593272, 35.684105], [-98.594975, 35.687475], [-98.596806, 35.689064], [-98.597143, 35.693252], [-98.598333, 35.695459], [-98.598666, 35.697118], [-98.598077, 35.699306], [-98.596713, 35.700643], [-98.595566, 35.703696], [-98.595132, 35.706332], [-98.593978, 35.707051], [-98.594735, 35.708409], [-98.593947, 35.710129], [-98.594559, 35.712841], [-98.595602, 35.714437], [-98.60036, 35.716561], [-98.603006, 35.719608], [-98.607571, 35.720888], [-98.608851, 35.72178], [-98.611889, 35.725273], [-98.613726, 35.727031], [-98.61314, 35.727448], [-98.613989, 35.729497], [-98.613344, 35.733153], [-98.615349, 35.737461], [-98.619224, 35.740735], [-98.625284, 35.743244], [-98.627275, 35.743134], [-98.632204, 35.74481], [-98.631984, 35.717696], [-98.632181, 35.669387], [-98.632212, 35.667496], [-98.632185, 35.65977], [-98.632176, 35.638524], [-98.632206, 35.551516], [-98.623244, 35.551522], [-98.623252, 35.536472], [-98.623255, 35.53626], [-98.623297, 35.522386], [-98.623294, 35.514812], [-98.623344, 35.495001], [-98.62328, 35.494511], [-98.623336, 35.464225], [-98.62331, 35.420903], [-98.6233, 35.399029], [-98.623393, 35.362907], [-98.623386, 35.334048], [-98.623511, 35.290792], [-98.62355, 35.283678], [-98.62358, 35.2764], [-98.623629, 35.262045], [-98.623788, 35.218647], [-98.623593, 35.204154], [-98.61802, 35.204135], [-98.61824, 35.117174], [-98.618161, 35.102063], [-98.61875, 35.101685], [-98.619325, 35.101315], [-98.620692, 35.097765], [-98.622308, 35.097237], [-98.62534, 35.102378], [-98.624929, 35.106879], [-98.62591, 35.109191], [-98.627498, 35.109261], [-98.629338, 35.110361], [-98.628974, 35.112858], [-98.629975, 35.116385], [-98.6351, 35.121335], [-98.638918, 35.123169], [-98.639894, 35.122849], [-98.639422, 35.119298], [-98.64121, 35.113275], [-98.643803, 35.111536], [-98.645642, 35.111605], [-98.650435, 35.114836], [-98.647785, 35.117721], [-98.64575, 35.118179], [-98.644469, 35.11701], [-98.642461, 35.119025], [-98.642795, 35.120101], [-98.646084, 35.119118], [-98.647338, 35.12134], [-98.650013, 35.122623], [-98.650932, 35.123929], [-98.65227, 35.123975], [-98.653303, 35.121594], [-98.655477, 35.121617], [-98.657344, 35.122557], [-98.65924, 35.12187], [-98.660775, 35.119397], [-98.662203, 35.118321], [-98.664093, 35.118092], [-98.664933, 35.118211], [-98.668385, 35.118872], [-98.672232, 35.119009], [-98.673263, 35.118138], [-98.672539, 35.117269], [-98.674992, 35.113948], [-98.674937, 35.111177], [-98.674296, 35.109665], [-98.675941, 35.108451], [-98.678143, 35.107925], [-98.680316, 35.110032], [-98.68171, 35.113764], [-98.684776, 35.1142], [-98.6855, 35.113123], [-98.684079, 35.111475], [-98.683215, 35.107856], [-98.683633, 35.107375], [-98.684943, 35.107078], [-98.687786, 35.108933], [-98.691799, 35.10884], [-98.694364, 35.111108], [-98.696315, 35.111909], [-98.699855, 35.110832], [-98.703507, 35.110511], [-98.707463, 35.106503], [-98.712452, 35.104761], [-98.713707, 35.10696], [-98.715351, 35.108356], [-98.717721, 35.108928], [-98.719281, 35.10776], [-98.72009, 35.109134], [-98.718112, 35.111539], [-98.716384, 35.113006], [-98.719004, 35.113051], [-98.721625, 35.113852], [-98.722795, 35.113325], [-98.722906, 35.111973], [-98.724439, 35.111286], [-98.730487, 35.112177], [-98.730209, 35.113712], [-98.73177, 35.113963], [-98.733107, 35.110893], [-98.731601, 35.110115], [-98.729901, 35.11023], [-98.72887, 35.109453], [-98.729482, 35.108055], [-98.731712, 35.109107], [-98.733328, 35.108351], [-98.733549, 35.104938], [-98.734578, 35.10336], [-98.73469, 35.101846], [-98.73586, 35.101044], [-98.73692, 35.101547], [-98.737144, 35.103013], [-98.740017, 35.105943], [-98.738373, 35.10686], [-98.740381, 35.108509], [-98.741913, 35.107546], [-98.743586, 35.108438], [-98.742249, 35.11034], [-98.742473, 35.111119], [-98.744675, 35.112011], [-98.745401, 35.113225], [-98.749158, 35.116346], [-98.796989, 35.116413], [-98.944363, 35.116427], [-98.955057, 35.116431], [-98.990414, 35.116471], [-99.060658, 35.116604], [-99.13135, 35.116654], [-99.148722, 35.116686], [-99.185274, 35.116605], [-99.360226, 35.116738], [-99.408338, 35.116915], [-99.409285, 35.116927], [-99.409291, 35.114509], [-99.412584, 35.11275], [-99.415874, 35.111766], [-99.419802, 35.112456], [-99.421367, 35.114128], [-99.423945, 35.114057], [-99.426056, 35.111206], [-99.428173, 35.109294], [-99.430663, 35.108218], [-99.432876, 35.108817], [-99.43795, 35.10884], [-99.44041, 35.109398], [-99.443827, 35.112848], [-99.443711, 35.114054], [-99.440857, 35.11654], [-99.440444, 35.116858], [-99.492375, 35.117006], [-99.500988, 35.11693], [-99.518679, 35.116925], [-99.55721, 35.116991], [-99.55978, 35.116745], [-99.603932, 35.116794], [-99.606721, 35.117014], [-99.610498, 35.1168], [-99.641414, 35.116841], [-99.642255, 35.116842], [-99.711434, 35.116919], [-99.712122, 35.116911], [-99.720986, 35.116909], [-99.729694, 35.116913], [-99.765118, 35.116937], [-99.782727, 35.11694], [-99.782914, 35.10904], [-99.782707, 35.105089], [-99.782824, 35.080304], [-99.782848, 35.069392], [-99.782949, 35.030111], [-99.852797, 35.029977], [-99.852882, 35.029977], [-99.888444, 35.029889], [-99.888454, 35.030263], [-99.949735, 35.029935], [-100.000383599196, 35.0299300002039], [-100.00038460233, 35.1393320000036], [-100.000385, 35.182702], [-100.000385585791, 35.2192229979214], [-100.000385600949, 35.2201679976806], [-100.000386882597, 35.3000720000019], [-100.000386884968, 35.3002198225636], [-100.000388841577, 35.4222039948893], [-100.000388844143, 35.4223639883095], [-100.000388942771, 35.4285129531919], [-100.000390930799, 35.5524559997078], [-100.000392, 35.619115], [-100.000392093753, 35.6249619999825], [-100.000394036975, 35.7461530002767], [-100.000396202899, 35.8812329999967], [-100.000398790976, 36.0426410036671], [-100.000399, 36.055677], [-100.000400703064, 36.1637059999889]]]}}, {"type": "Feature", "properties": {"GEOID": "2595", "NAME": "Osage", "NAMELSAD": "Osage Reservation", "ihs_facilities": 1, "counties": "Osage", "county_count": 1, "approx_area_sq_mi": 2866, "approx_pop": 45963}, "geometry": {"type": "Polygon", "coordinates": [[[-97.064479, 36.680758], [-97.064107, 36.684207], [-97.061406, 36.686856], [-97.057019, 36.688991], [-97.053235, 36.69221], [-97.050199, 36.693861], [-97.048779, 36.694669], [-97.047138, 36.695437], [-97.044874, 36.696341], [-97.043057, 36.697025], [-97.038475, 36.69929], [-97.036352, 36.701078], [-97.032526, 36.701959], [-97.030678, 36.70159], [-97.02756, 36.699158], [-97.024188, 36.693404], [-97.021061, 36.69286], [-97.019251, 36.693066], [-97.015216, 36.694402], [-97.012018, 36.694037], [-97.006941, 36.692283], [-97.005391, 36.693999], [-97.003032, 36.693454], [-96.995683, 36.688208], [-96.995414, 36.688138], [-96.995355, 36.688123], [-96.992035, 36.687596], [-96.989756, 36.688244], [-96.98574, 36.688109], [-96.978407, 36.688671], [-96.972899, 36.688272], [-96.967086, 36.688536], [-96.965707, 36.687928], [-96.958997, 36.686227], [-96.950175, 36.683634], [-96.947682, 36.683535], [-96.943726, 36.683885], [-96.941104, 36.684686], [-96.931943, 36.686097], [-96.931009, 36.686505], [-96.92741, 36.68842], [-96.928517, 36.693681], [-96.928086, 36.69559], [-96.926789, 36.697813], [-96.922604, 36.702869], [-96.921886, 36.706374], [-96.92091, 36.717102], [-96.920554, 36.717752], [-96.918095, 36.718801], [-96.913196, 36.722717], [-96.909741, 36.727097], [-96.9086, 36.730145], [-96.907432, 36.735842], [-96.905861, 36.737129], [-96.90359, 36.7386], [-96.895706, 36.745819], [-96.888581, 36.751793], [-96.887344, 36.752133], [-96.882223, 36.751572], [-96.878784, 36.751854], [-96.87181, 36.753648], [-96.86869, 36.753537], [-96.866371, 36.752943], [-96.861678, 36.750036], [-96.853627, 36.746111], [-96.850122, 36.746343], [-96.848344, 36.746011], [-96.843674, 36.744389], [-96.838966, 36.743711], [-96.834103, 36.743438], [-96.830383, 36.744172], [-96.826639, 36.745342], [-96.824671, 36.74669], [-96.821675, 36.750036], [-96.820137, 36.75278], [-96.818061, 36.758988], [-96.818792, 36.761782], [-96.818827, 36.763661], [-96.820659, 36.765884], [-96.822585, 36.767559], [-96.788687, 36.767597], [-96.788652, 36.782006], [-96.752375, 36.782092], [-96.752318, 36.835463], [-96.752664, 36.838427], [-96.752576, 36.842797], [-96.752238, 36.842985], [-96.752293, 36.898856], [-96.752151, 36.94123], [-96.750027, 36.941237], [-96.749838, 36.998988], [-96.74127, 36.999239], [-96.73659, 36.999286], [-96.7319830041273, 36.9992833531125], [-96.710482, 36.999271], [-96.705431, 36.999203], [-96.6244880080759, 36.9989820415687], [-96.6073590074175, 36.9989352827694], [-96.5255776738603, 36.9987120358304], [-96.500288, 36.998643], [-96.4157735819161, 36.9991109977438], [-96.415412, 36.999113], [-96.394272, 36.999221], [-96.381556989653, 36.9992266293831], [-96.3803000623001, 36.9992271858691], [-96.3452839777254, 36.9992426887236], [-96.2848529997537, 36.9992694436469], [-96.279079, 36.999272], [-96.276368, 36.999271], [-96.2353201686152, 36.9991306762741], [-96.217571, 36.99907], [-96.200028, 36.999028], [-96.184768, 36.999211], [-96.1847130166869, 36.9992109105991], [-96.1847082066554, 36.9992109027782], [-96.154017, 36.999161], [-96.152384, 36.999051], [-96.149709, 36.99904], [-96.147143, 36.999022], [-96.143207, 36.999134], [-96.14121, 36.998973], [-96.0912791627285, 36.9989328134999], [-96.0357720634707, 36.9988881389827], [-96.00081, 36.99886], [-96.000765, 36.868687], [-96.000766, 36.867617], [-96.000758, 36.85868], [-96.000746, 36.839817], [-96.000718, 36.825377], [-96.000678, 36.786066], [-96.0007, 36.781818], [-96.000691, 36.780106], [-96.000693, 36.774232], [-96.000694, 36.772438], [-96.000656, 36.76731], [-96.000688, 36.758859], [-96.000641, 36.752283], [-96.000649, 36.748666], [-96.000654, 36.737328], [-96.000667, 36.725263], [-96.000676, 36.713387], [-96.000636, 36.676244], [-96.000729, 36.65071], [-96.000728, 36.641069], [-96.000748, 36.59782], [-96.000823, 36.597676], [-96.000864, 36.580382], [-96.000956, 36.535301], [-96.001038, 36.495972], [-96.001093, 36.466866], [-96.001126, 36.448397], [-96.001145, 36.439763], [-96.001171, 36.423686], [-96.001168, 36.423477], [-96.001205, 36.402451], [-96.001213, 36.398427], [-96.001258, 36.373977], [-96.001189, 36.372174], [-96.00119, 36.372074], [-96.001309, 36.368523], [-96.001249, 36.361539], [-96.00133, 36.347045], [-96.001331, 36.346957], [-96.001336, 36.345664], [-96.001326, 36.336612], [-96.001327, 36.334474], [-96.001325, 36.332597], [-96.001324, 36.322156], [-96.001323, 36.318484], [-96.001457, 36.317898], [-96.001463, 36.307448], [-96.001467, 36.307058], [-96.001504, 36.303372], [-96.001518, 36.292506], [-96.001508, 36.285484], [-96.001317, 36.279372], [-96.001313, 36.250019], [-96.001391, 36.249265], [-96.001409, 36.245301], [-96.001409, 36.245225], [-96.001407, 36.244824], [-96.001396, 36.242135], [-96.001399, 36.234953], [-96.001418, 36.230782], [-96.001457, 36.226966], [-96.001416, 36.223827], [-96.001418, 36.220637], [-96.001275, 36.219252], [-96.001276, 36.212991], [-96.001266, 36.205917], [-96.001261, 36.205291], [-96.001249, 36.191717], [-96.001238, 36.180574], [-96.001236, 36.176941], [-96.001231, 36.173323], [-96.001227, 36.168851], [-96.001217, 36.162438], [-96.001226, 36.161296], [-96.010951, 36.161317], [-96.014882, 36.161287], [-96.029233, 36.16122], [-96.043752, 36.161127], [-96.047288, 36.161133], [-96.055316, 36.161088], [-96.056193, 36.161089], [-96.062977, 36.16087], [-96.073365, 36.161082], [-96.073421, 36.161076], [-96.074583, 36.160919], [-96.076973, 36.160908], [-96.082498, 36.161005], [-96.082939, 36.160951], [-96.084069, 36.160887], [-96.090779, 36.160901], [-96.105736, 36.160932], [-96.106106, 36.160934], [-96.108744, 36.160939], [-96.111221, 36.160944], [-96.111288, 36.160944], [-96.119025, 36.160957], [-96.126415, 36.160977], [-96.139338, 36.161002], [-96.141501, 36.161005], [-96.162067, 36.16104], [-96.162107, 36.161041], [-96.174638, 36.161064], [-96.174995, 36.161078], [-96.18964, 36.161158], [-96.212633, 36.16148], [-96.219074, 36.16156], [-96.226006, 36.161574], [-96.266542, 36.16198], [-96.266894, 36.16198], [-96.268287, 36.16198], [-96.270207, 36.167624], [-96.269439, 36.173096], [-96.269183, 36.173684], [-96.264525, 36.179443], [-96.257727, 36.183661], [-96.250735, 36.188908], [-96.247559, 36.191549], [-96.245583, 36.194141], [-96.243967, 36.196965], [-96.243047, 36.200241], [-96.242873, 36.201896], [-96.242823, 36.204729], [-96.244607, 36.210809], [-96.246344, 36.214681], [-96.250288, 36.219981], [-96.251075, 36.220746], [-96.25396, 36.223772], [-96.256624, 36.225676], [-96.259432, 36.226492], [-96.267329, 36.227448], [-96.277144, 36.227291], [-96.279489, 36.227079], [-96.285746, 36.227175], [-96.290474, 36.226871], [-96.301474, 36.228222], [-96.306331, 36.228314], [-96.308771, 36.228002], [-96.313123, 36.22795], [-96.316515, 36.227534], [-96.322163, 36.226213], [-96.326732, 36.226551], [-96.329507, 36.227095], [-96.3366, 36.22884], [-96.339996, 36.230024], [-96.342892, 36.231576], [-96.347685, 36.234404], [-96.351477, 36.23748], [-96.357794, 36.244376], [-96.359137, 36.245947], [-96.362562, 36.250075], [-96.366169, 36.25272], [-96.371305, 36.255801], [-96.379088, 36.261543], [-96.381478, 36.263583], [-96.386793, 36.267137], [-96.392885, 36.270182], [-96.401306, 36.273467], [-96.408701, 36.27517], [-96.415502, 36.276245], [-96.422427, 36.277456], [-96.424955, 36.278484], [-96.427804, 36.280183], [-96.433812, 36.285889], [-96.436307, 36.289751], [-96.43795, 36.294159], [-96.438533, 36.30505], [-96.441998, 36.315117], [-96.445764, 36.321268], [-96.453269, 36.329403], [-96.454242, 36.330375], [-96.456832, 36.332173], [-96.461255, 36.333713], [-96.464398, 36.334048], [-96.474064, 36.333585], [-96.478612, 36.332676], [-96.484105, 36.331115], [-96.486993, 36.329617], [-96.488096, 36.327919], [-96.495436, 36.319761], [-96.497302, 36.317318], [-96.498696, 36.312137], [-96.501423, 36.307359], [-96.502748, 36.30589], [-96.505712, 36.303045], [-96.511033, 36.300011], [-96.513049, 36.299291], [-96.515229, 36.298332], [-96.519919, 36.297149], [-96.525281, 36.296405], [-96.528893, 36.296557], [-96.531872, 36.296307], [-96.536411, 36.296416], [-96.547026, 36.298126], [-96.552454, 36.299925], [-96.555191, 36.301472], [-96.560577, 36.303974], [-96.563906, 36.306097], [-96.566803, 36.308375], [-96.569307, 36.310828], [-96.573481, 36.315709], [-96.573506, 36.320126], [-96.572831, 36.327041], [-96.573295, 36.329421], [-96.572459, 36.332635], [-96.568471, 36.337878], [-96.564384, 36.342833], [-96.559027, 36.348543], [-96.555373, 36.350783], [-96.553972, 36.351279], [-96.546488, 36.352155], [-96.539234, 36.353892], [-96.536475, 36.355361], [-96.534179, 36.355957], [-96.531138, 36.358265], [-96.526746, 36.362386], [-96.523144, 36.365215], [-96.522022, 36.367272], [-96.521463, 36.371198], [-96.519311, 36.373432], [-96.518629, 36.375053], [-96.518709, 36.377576], [-96.520002, 36.380456], [-96.522397, 36.387061], [-96.523618, 36.38844], [-96.52432, 36.390861], [-96.526598, 36.394223], [-96.530076, 36.39662], [-96.531198, 36.396976], [-96.536341, 36.399875], [-96.538905, 36.400551], [-96.540725, 36.400402], [-96.54852, 36.396329], [-96.551385, 36.394179], [-96.554202, 36.391513], [-96.560955, 36.386278], [-96.566366, 36.380423], [-96.569258, 36.377941], [-96.572128, 36.375987], [-96.575697, 36.374347], [-96.578484, 36.373795], [-96.583094, 36.373511], [-96.586464, 36.373862], [-96.590115, 36.374929], [-96.591248, 36.375072], [-96.593705, 36.376215], [-96.595395, 36.3771], [-96.600545, 36.380628], [-96.60188, 36.382258], [-96.602267, 36.386967], [-96.603567, 36.39364], [-96.604244, 36.398256], [-96.606449, 36.403268], [-96.609291, 36.404735], [-96.613033, 36.40533], [-96.614742, 36.407043], [-96.617091, 36.407822], [-96.620232, 36.40995], [-96.621091, 36.411683], [-96.622474, 36.416369], [-96.627391, 36.422227], [-96.632515, 36.423817], [-96.635727, 36.425908], [-96.638269, 36.425831], [-96.647602, 36.423891], [-96.652896, 36.423538], [-96.661691, 36.422699], [-96.667515, 36.421163], [-96.674514, 36.420422], [-96.678459, 36.420854], [-96.682546, 36.421777], [-96.690165, 36.424108], [-96.692655, 36.426139], [-96.694783, 36.426954], [-96.701998, 36.431369], [-96.70615, 36.435394], [-96.710769, 36.437656], [-96.712225, 36.439705], [-96.715796, 36.443103], [-96.717126, 36.445344], [-96.717526, 36.448185], [-96.718075, 36.45398], [-96.717742, 36.455311], [-96.713259, 36.463406], [-96.712275, 36.465233], [-96.710227, 36.470918], [-96.708276, 36.47482], [-96.706195, 36.477564], [-96.705783, 36.478702], [-96.70556, 36.481124], [-96.706267, 36.486212], [-96.707642, 36.489366], [-96.709665, 36.49118], [-96.713901, 36.492781], [-96.719951, 36.496821], [-96.724851, 36.503204], [-96.724586, 36.50521], [-96.723149, 36.508937], [-96.722888, 36.516818], [-96.723489, 36.520178], [-96.725308, 36.522892], [-96.726952, 36.526125], [-96.728256, 36.531966], [-96.730388, 36.538318], [-96.732669, 36.543233], [-96.736204, 36.547987], [-96.737239, 36.550088], [-96.740583, 36.552988], [-96.743158, 36.554004], [-96.746512, 36.557679], [-96.748705, 36.559526], [-96.751698, 36.561136], [-96.753554, 36.562601], [-96.755094, 36.562562], [-96.763544, 36.564722], [-96.766975, 36.565305], [-96.76947, 36.565407], [-96.773391, 36.56353], [-96.780472, 36.561028], [-96.783215, 36.560515], [-96.786803, 36.558346], [-96.789411, 36.556268], [-96.790883, 36.555562], [-96.798149, 36.553557], [-96.802356, 36.551121], [-96.807895, 36.546951], [-96.820613, 36.539317], [-96.82247, 36.535318], [-96.824108, 36.533453], [-96.826363, 36.529506], [-96.831686, 36.5264], [-96.834366, 36.524605], [-96.836276, 36.522855], [-96.837714, 36.520767], [-96.837175, 36.516221], [-96.837413, 36.514415], [-96.837911, 36.511749], [-96.839017, 36.509697], [-96.842292, 36.507282], [-96.842703, 36.505951], [-96.847619, 36.498862], [-96.851385, 36.49259], [-96.851853, 36.491056], [-96.855814, 36.487696], [-96.857438, 36.485882], [-96.860412, 36.485019], [-96.865584, 36.481168], [-96.867976, 36.477474], [-96.870681, 36.474638], [-96.873936, 36.47262], [-96.875321, 36.470915], [-96.877373, 36.470704], [-96.883977, 36.47249], [-96.887563, 36.472783], [-96.890449, 36.472022], [-96.893202, 36.470193], [-96.89667, 36.468747], [-96.901839, 36.468272], [-96.903784, 36.468973], [-96.907197, 36.468679], [-96.912476, 36.467841], [-96.917536, 36.463933], [-96.919927, 36.463185], [-96.923513, 36.463429], [-96.925556, 36.462694], [-96.926003, 36.461499], [-96.928242, 36.459564], [-96.930456, 36.458994], [-96.933828, 36.456276], [-96.935276, 36.455938], [-96.940235, 36.455525], [-96.947566, 36.457461], [-96.954337, 36.460049], [-96.96097, 36.460081], [-96.967249, 36.460119], [-96.974579, 36.462604], [-96.977986, 36.464371], [-96.981961, 36.466059], [-96.982506, 36.466667], [-96.983787, 36.470476], [-96.988732, 36.474964], [-96.992656, 36.477862], [-96.99799, 36.480369], [-97.000761, 36.481205], [-97.005201, 36.485659], [-97.00697, 36.489247], [-97.006802, 36.492905], [-97.008424, 36.496609], [-97.008617, 36.500034], [-97.009732, 36.503911], [-97.009785, 36.506935], [-97.009456, 36.512532], [-97.008802, 36.515585], [-97.007761, 36.518317], [-97.005018, 36.521825], [-97.001497, 36.525536], [-96.996194, 36.528979], [-96.988155, 36.532372], [-96.981787, 36.534493], [-96.978973, 36.535211], [-96.971483, 36.535955], [-96.963791, 36.534158], [-96.958521, 36.534307], [-96.94991, 36.537301], [-96.946505, 36.540359], [-96.943981, 36.543469], [-96.938406, 36.546826], [-96.933566, 36.54863], [-96.929781, 36.550796], [-96.92471, 36.552558], [-96.921044, 36.552383], [-96.916155, 36.552994], [-96.912709, 36.55291], [-96.908945, 36.552127], [-96.902643, 36.551388], [-96.901263, 36.551741], [-96.89908, 36.553224], [-96.895665, 36.558053], [-96.892497, 36.560973], [-96.890368, 36.563605], [-96.888989, 36.566406], [-96.88914, 36.571395], [-96.888017, 36.574886], [-96.888304, 36.57559], [-96.892561, 36.578355], [-96.896504, 36.582438], [-96.902063, 36.587379], [-96.904456, 36.588944], [-96.907357, 36.593915], [-96.90871, 36.595792], [-96.909279, 36.59631], [-96.912756, 36.598949], [-96.915324, 36.599967], [-96.920492, 36.600663], [-96.923876, 36.600369], [-96.926442, 36.599597], [-96.930437, 36.596847], [-96.933726, 36.595542], [-96.938876, 36.594983], [-96.941559, 36.594051], [-96.946146, 36.59122], [-96.948628, 36.589997], [-96.953272, 36.589484], [-96.958105, 36.588389], [-96.964034, 36.587399], [-96.966962, 36.58628], [-96.970972, 36.586059], [-96.975848, 36.585208], [-96.980578, 36.58596], [-96.985625, 36.584996], [-96.990052, 36.585141], [-96.992839, 36.584957], [-97.000312, 36.582854], [-97.004293, 36.582595], [-97.013289, 36.583564], [-97.016614, 36.583765], [-97.021296, 36.584613], [-97.029117, 36.585205], [-97.035868, 36.586215], [-97.040622, 36.587937], [-97.049011, 36.590399], [-97.051343, 36.590827], [-97.055881, 36.592462], [-97.057556, 36.593872], [-97.058147, 36.596531], [-97.057099, 36.597829], [-97.054135, 36.598117], [-97.048973, 36.597182], [-97.046887, 36.597437], [-97.043911, 36.599934], [-97.044685, 36.602721], [-97.049443, 36.608101], [-97.051714, 36.61111], [-97.052107, 36.612579], [-97.051764, 36.616274], [-97.049617, 36.620184], [-97.048564, 36.623233], [-97.048836, 36.625039], [-97.050897, 36.628811], [-97.051098, 36.62995], [-97.050978, 36.637436], [-97.051521, 36.641225], [-97.053007, 36.643934], [-97.054599, 36.645449], [-97.057931, 36.647746], [-97.061009, 36.649086], [-97.061988, 36.650733], [-97.062165, 36.653105], [-97.063069, 36.655738], [-97.063228, 36.657919], [-97.062529, 36.660348], [-97.063442, 36.664227], [-97.064051, 36.665312], [-97.063859, 36.672108], [-97.064382, 36.675882], [-97.06447, 36.680483], [-97.064479, 36.680758]]]}}, {"type": "Feature", "properties": {"GEOID": "5720", "NAME": "Kiowa-Comanche-Apache-Fort Sill Apache", "NAMELSAD": "Kiowa-Comanche-Apache-Fort Sill Apache OTSA", "ihs_facilities": 2, "counties": "Caddo, Comanche, Cotton, Grady, Greer, Harmon, Jackson, Jefferson, Kiowa, Stephens, Tillman", "county_count": 11, "approx_area_sq_mi": 7807, "approx_pop": 306464}, "geometry": {"type": "Polygon", "coordinates": [[[-100.000383599196, 35.0299300002039], [-99.949735, 35.029935], [-99.888454, 35.030263], [-99.888444, 35.029889], [-99.852882, 35.029977], [-99.852797, 35.029977], [-99.782949, 35.030111], [-99.782848, 35.069392], [-99.782824, 35.080304], [-99.782707, 35.105089], [-99.782914, 35.10904], [-99.782727, 35.11694], [-99.765118, 35.116937], [-99.729694, 35.116913], [-99.720986, 35.116909], [-99.712122, 35.116911], [-99.711434, 35.116919], [-99.642255, 35.116842], [-99.641414, 35.116841], [-99.610498, 35.1168], [-99.606721, 35.117014], [-99.603932, 35.116794], [-99.55978, 35.116745], [-99.55721, 35.116991], [-99.518679, 35.116925], [-99.500988, 35.11693], [-99.492375, 35.117006], [-99.440444, 35.116858], [-99.440857, 35.11654], [-99.443711, 35.114054], [-99.443827, 35.112848], [-99.44041, 35.109398], [-99.43795, 35.10884], [-99.432876, 35.108817], [-99.430663, 35.108218], [-99.428173, 35.109294], [-99.426056, 35.111206], [-99.423945, 35.114057], [-99.421367, 35.114128], [-99.419802, 35.112456], [-99.415874, 35.111766], [-99.412584, 35.11275], [-99.409291, 35.114509], [-99.409285, 35.116927], [-99.408338, 35.116915], [-99.360226, 35.116738], [-99.185274, 35.116605], [-99.148722, 35.116686], [-99.13135, 35.116654], [-99.060658, 35.116604], [-98.990414, 35.116471], [-98.955057, 35.116431], [-98.944363, 35.116427], [-98.796989, 35.116413], [-98.749158, 35.116346], [-98.745401, 35.113225], [-98.744675, 35.112011], [-98.742473, 35.111119], [-98.742249, 35.11034], [-98.743586, 35.108438], [-98.741913, 35.107546], [-98.740381, 35.108509], [-98.738373, 35.10686], [-98.740017, 35.105943], [-98.737144, 35.103013], [-98.73692, 35.101547], [-98.73586, 35.101044], [-98.73469, 35.101846], [-98.734578, 35.10336], [-98.733549, 35.104938], [-98.733328, 35.108351], [-98.731712, 35.109107], [-98.729482, 35.108055], [-98.72887, 35.109453], [-98.729901, 35.11023], [-98.731601, 35.110115], [-98.733107, 35.110893], [-98.73177, 35.113963], [-98.730209, 35.113712], [-98.730487, 35.112177], [-98.724439, 35.111286], [-98.722906, 35.111973], [-98.722795, 35.113325], [-98.721625, 35.113852], [-98.719004, 35.113051], [-98.716384, 35.113006], [-98.718112, 35.111539], [-98.72009, 35.109134], [-98.719281, 35.10776], [-98.717721, 35.108928], [-98.715351, 35.108356], [-98.713707, 35.10696], [-98.712452, 35.104761], [-98.707463, 35.106503], [-98.703507, 35.110511], [-98.699855, 35.110832], [-98.696315, 35.111909], [-98.694364, 35.111108], [-98.691799, 35.10884], [-98.687786, 35.108933], [-98.684943, 35.107078], [-98.683633, 35.107375], [-98.683215, 35.107856], [-98.684079, 35.111475], [-98.6855, 35.113123], [-98.684776, 35.1142], [-98.68171, 35.113764], [-98.680316, 35.110032], [-98.678143, 35.107925], [-98.675941, 35.108451], [-98.674296, 35.109665], [-98.674937, 35.111177], [-98.674992, 35.113948], [-98.672539, 35.117269], [-98.673263, 35.118138], [-98.672232, 35.119009], [-98.668385, 35.118872], [-98.664933, 35.118211], [-98.664093, 35.118092], [-98.662203, 35.118321], [-98.660775, 35.119397], [-98.65924, 35.12187], [-98.657344, 35.122557], [-98.655477, 35.121617], [-98.653303, 35.121594], [-98.65227, 35.123975], [-98.650932, 35.123929], [-98.650013, 35.122623], [-98.647338, 35.12134], [-98.646084, 35.119118], [-98.642795, 35.120101], [-98.642461, 35.119025], [-98.644469, 35.11701], [-98.64575, 35.118179], [-98.647785, 35.117721], [-98.650435, 35.114836], [-98.645642, 35.111605], [-98.643803, 35.111536], [-98.64121, 35.113275], [-98.639422, 35.119298], [-98.639894, 35.122849], [-98.638918, 35.123169], [-98.6351, 35.121335], [-98.629975, 35.116385], [-98.628974, 35.112858], [-98.629338, 35.110361], [-98.627498, 35.109261], [-98.62591, 35.109191], [-98.624929, 35.106879], [-98.62534, 35.102378], [-98.622308, 35.097237], [-98.620692, 35.097765], [-98.620772, 35.097399], [-98.620356, 35.014935], [-98.506087, 35.014523], [-98.497865, 35.014535], [-98.446565, 35.014774], [-98.446517, 35.015695], [-98.444839, 35.015503], [-98.444834, 35.014782], [-98.374279, 35.014783], [-98.355277, 35.014691], [-98.338743, 35.014642], [-98.259997, 35.014395], [-98.233737, 35.014398], [-98.18362, 35.014284], [-98.179833, 35.014139], [-98.154567, 35.014004], [-98.128208, 35.014133], [-98.101841, 35.014158], [-98.095146, 35.014105], [-98.093005, 35.014147], [-98.047166, 35.014402], [-98.045455, 35.015281], [-98.044163, 35.017927], [-98.040242, 35.018037], [-98.040214, 35.014728], [-98.005061, 35.014394], [-97.999908, 35.014331], [-97.999905, 35.014021], [-97.999689, 34.994307], [-97.999678, 34.993399], [-97.999683, 34.990334], [-97.99947, 34.989842], [-97.999458, 34.987916], [-97.999596, 34.98592], [-97.999293, 34.98544], [-97.999411, 34.979075], [-97.999431, 34.978169], [-97.999592, 34.971024], [-97.998542, 34.94748], [-97.997772, 34.947257], [-97.997895, 34.942273], [-97.998664, 34.91753], [-97.998807, 34.912936], [-97.998645, 34.903445], [-97.998313, 34.898632], [-97.998129, 34.891281], [-97.997942, 34.88403], [-97.997909, 34.869219], [-97.997896, 34.862135], [-97.997899, 34.854934], [-97.99712, 34.754407], [-97.996585, 34.752841], [-97.996791, 34.681801], [-97.997109, 34.681802], [-97.99704, 34.667192], [-97.996966, 34.638021], [-97.99689, 34.619817], [-97.996883, 34.618121], [-97.996845, 34.608964], [-97.996817, 34.602212], [-97.997157, 34.601662], [-97.997157, 34.601486], [-97.997134, 34.594609], [-97.997133, 34.594358], [-97.997056, 34.579082], [-97.99705, 34.577956], [-97.996965, 34.572529], [-97.996911, 34.568873], [-97.996896, 34.567841], [-97.996383, 34.567735], [-97.996992, 34.567059], [-97.996448, 34.565297], [-97.996451, 34.559067], [-97.996929, 34.557887], [-97.996892, 34.557885], [-97.996718, 34.557939], [-97.997043, 34.550669], [-97.998356, 34.521594], [-97.998517, 34.507084], [-97.998669, 34.492666], [-97.998788, 34.481786], [-97.998736, 34.478038], [-97.998915, 34.469055], [-97.998951, 34.467243], [-97.998998, 34.464479], [-97.999493, 34.464171], [-97.999494, 34.463956], [-97.999466, 34.463552], [-97.999493, 34.45998], [-97.999486, 34.456303], [-97.999486, 34.456178], [-97.999491, 34.455004], [-97.999632, 34.455006], [-97.99961, 34.454345], [-97.999649, 34.449183], [-97.99965, 34.449109], [-97.999648, 34.434922], [-97.999642, 34.434745], [-97.999631, 34.434451], [-97.999642, 34.420469], [-97.99964, 34.420136], [-97.999639, 34.420053], [-97.999657, 34.405732], [-97.999658, 34.405661], [-97.99966, 34.405421], [-97.999663, 34.405053], [-97.999648, 34.383742], [-97.999637, 34.34604], [-97.999643, 34.333104], [-97.999625, 34.318579], [-97.999618, 34.314984], [-97.999612, 34.304123], [-97.99976, 34.304142], [-97.999734, 34.304074], [-97.999707, 34.303942], [-97.999714, 34.303849], [-97.999707, 34.303808], [-97.999758, 34.296759], [-97.999731, 34.2914], [-97.999734, 34.290941], [-97.999853, 34.2895], [-97.999554, 34.284178], [-97.999781, 34.274838], [-97.999707, 34.267702], [-97.999481, 34.260022], [-97.999705, 34.219768], [-97.999663, 34.216399], [-97.999645, 34.187691], [-97.999669, 34.171042], [-97.999665, 34.164955], [-97.99943, 34.163865], [-97.999667, 34.162956], [-97.999671, 34.158374], [-97.999666, 34.157777], [-97.999651, 34.152788], [-98.000207, 34.147696], [-97.999663, 34.144116], [-97.999714, 34.097652], [-97.999925, 34.093671], [-98.000291, 34.09235], [-97.999719, 34.091], [-97.999719, 34.085736], [-97.999714, 34.078587], [-97.999683, 34.027337], [-97.9997043883387, 33.9972228061929], [-98.005667, 33.995964], [-98.019485, 33.993804], [-98.027672, 33.993357], [-98.041117, 33.993456], [-98.055197, 33.995841], [-98.082839, 34.002412], [-98.08526, 34.003259], [-98.088203, 34.005481], [-98.082676, 34.010796], [-98.089555, 34.01927], [-98.098442, 34.023918], [-98.106261, 34.034154], [-98.103538, 34.03853], [-98.098001, 34.03824], [-98.092366, 34.033929], [-98.08381, 34.036656], [-98.0838358501256, 34.0411690753691], [-98.083839, 34.041719], [-98.099096, 34.048639], [-98.114587, 34.06228], [-98.11803, 34.067065], [-98.120208, 34.072127], [-98.120903175153, 34.0797722535778], [-98.121039, 34.081266], [-98.119417, 34.084474], [-98.104309, 34.0982], [-98.099328, 34.104295], [-98.095118, 34.11119], [-98.0932435809557, 34.1151702735879], [-98.092421, 34.116917], [-98.09066, 34.12198], [-98.089755, 34.128211], [-98.092015, 34.131944], [-98.0935999280227, 34.1318365694197], [-98.0976572661913, 34.1315615523919], [-98.100498, 34.131369], [-98.103172, 34.135194], [-98.100558, 34.142135], [-98.101937, 34.14683], [-98.109462, 34.154111], [-98.114506, 34.154727], [-98.123377, 34.15454], [-98.130816, 34.150532], [-98.13677, 34.144992], [-98.1389788043646, 34.1418054010562], [-98.142754, 34.136359], [-98.154354, 34.122734], [-98.157412, 34.120467], [-98.16912, 34.114171], [-98.191455, 34.115753], [-98.200075, 34.116783], [-98.203711, 34.117676], [-98.216463, 34.121821], [-98.2236, 34.125093], [-98.231042, 34.134023], [-98.241013, 34.133103], [-98.247954, 34.130717], [-98.256467, 34.129481], [-98.257955, 34.129825], [-98.2617, 34.131568], [-98.266217, 34.132051], [-98.267291, 34.131959], [-98.2676640848058, 34.1318531679204], [-98.268338, 34.131662], [-98.268972, 34.131616], [-98.271561, 34.132282], [-98.272994, 34.132213], [-98.276878, 34.131046], [-98.280321, 34.13075], [-98.293901, 34.13302], [-98.300209, 34.134579], [-98.31875, 34.146421], [-98.32258, 34.14972], [-98.325445, 34.151025], [-98.3481544432287, 34.1546064260097], [-98.364023, 34.157109], [-98.365621, 34.156993], [-98.367494, 34.156191], [-98.370495, 34.152135], [-98.374461, 34.150758], [-98.376911, 34.150552], [-98.381651, 34.149202], [-98.384546, 34.145997], [-98.38485, 34.143844], [-98.387084, 34.140912], [-98.386232, 34.137728], [-98.384965, 34.136651], [-98.381055, 34.134771], [-98.379927, 34.132274], [-98.379762, 34.131174], [-98.380865, 34.130534], [-98.382959, 34.129549], [-98.385271, 34.13175], [-98.388686, 34.133217], [-98.395024, 34.131318], [-98.400967, 34.122236], [-98.400494, 34.121778], [-98.39816, 34.121396], [-98.398389, 34.104566], [-98.399777, 34.099973], [-98.402158, 34.098653], [-98.406735, 34.10114], [-98.409318, 34.101293], [-98.411374, 34.100324], [-98.411511, 34.098615], [-98.409596, 34.09407], [-98.411587, 34.088057], [-98.4173555174827, 34.0837398025157], [-98.418805, 34.082655], [-98.423533, 34.082843], [-98.42523, 34.084799], [-98.42914, 34.085564], [-98.440092, 34.084311], [-98.443724, 34.082152], [-98.445784, 34.076827], [-98.449034, 34.073462], [-98.454665, 34.072577], [-98.462951, 34.073836], [-98.466002, 34.073081], [-98.471465, 34.065665], [-98.48204, 34.06227], [-98.486328, 34.062598], [-98.4888, 34.066076], [-98.494154, 34.069825], [-98.504149, 34.072287], [-98.516875, 34.085984], [-98.5282, 34.094961], [-98.536257, 34.107343], [-98.550917, 34.119334], [-98.55387, 34.119542], [-98.55682, 34.121079], [-98.558027, 34.122856], [-98.559557, 34.123418], [-98.560574, 34.123567], [-98.560977, 34.124631], [-98.560136, 34.126926], [-98.558593, 34.128254], [-98.556252, 34.127727], [-98.554324, 34.126605], [-98.551845, 34.127131], [-98.551046, 34.127818], [-98.550219, 34.130132], [-98.550522, 34.132194], [-98.551982, 34.13295], [-98.552836, 34.133568], [-98.560191, 34.133202], [-98.567215, 34.138105], [-98.572451, 34.145091], [-98.577136, 34.148962], [-98.58554, 34.152328], [-98.599789, 34.160571], [-98.603978, 34.160249], [-98.608853, 34.157521], [-98.6099870025661, 34.1571540495728], [-98.611829, 34.156558], [-98.616733, 34.156418], [-98.6186161579993, 34.1567146174266], [-98.621666, 34.157195], [-98.63573, 34.161618], [-98.643223, 34.164531], [-98.648073, 34.164441], [-98.650583, 34.163113], [-98.655655, 34.158258], [-98.677379, 34.142537], [-98.678693, 34.142135], [-98.68412, 34.13879], [-98.685627, 34.136568], [-98.690595, 34.132972], [-98.693405, 34.13375], [-98.696518, 34.133521], [-98.700182, 34.135995], [-98.703047, 34.135903], [-98.706132, 34.134986], [-98.70996, 34.131549], [-98.712467, 34.13116], [-98.71412, 34.132144], [-98.71423, 34.133404], [-98.714947, 34.134847], [-98.716104, 34.135947], [-98.717537, 34.13645], [-98.71922, 34.13638], [-98.722717, 34.135281], [-98.723626, 34.135189], [-98.725003, 34.135463], [-98.728502, 34.135279], [-98.73043, 34.135917], [-98.734287, 34.135758], [-98.735471, 34.135208], [-98.73682, 34.133374], [-98.737232, 34.130992], [-98.739461, 34.127394], [-98.741966, 34.12553], [-98.749291, 34.124238], [-98.7507600071388, 34.1243129106403], [-98.7537096045264, 34.1244633225907], [-98.757037, 34.124633], [-98.759653, 34.126912], [-98.759486, 34.128882], [-98.760558, 34.132388], [-98.761797, 34.133785], [-98.76557, 34.136376], [-98.779425, 34.140232], [-98.788405, 34.146668], [-98.792015, 34.143736], [-98.796203, 34.142775], [-98.799756, 34.147883], [-98.804413, 34.153931], [-98.80681, 34.155901], [-98.812954, 34.158444], [-98.815269, 34.158101], [-98.831115, 34.162154], [-98.832135, 34.161787], [-98.833346, 34.159107], [-98.83668, 34.156495], [-98.840676, 34.157296], [-98.842191, 34.158051], [-98.843542, 34.158143], [-98.844727, 34.159082], [-98.8469919765873, 34.1597264813591], [-98.847774, 34.159949], [-98.84966, 34.159699], [-98.851671, 34.160294], [-98.854184, 34.161652], [-98.855585, 34.161621], [-98.857322, 34.161094], [-98.8579, 34.159627], [-98.858419, 34.152732], [-98.860125, 34.149913], [-98.86255, 34.149111], [-98.868116, 34.149635], [-98.873271, 34.153596], [-98.874872, 34.155657], [-98.874955, 34.157031], [-98.872229, 34.160446], [-98.871211, 34.163012], [-98.871543, 34.165027], [-98.872922, 34.166584], [-98.874849, 34.167522], [-98.876291, 34.167593], [-98.881326, 34.16735], [-98.886037, 34.167916], [-98.888958, 34.169406], [-98.892146, 34.172345], [-98.909349, 34.177499], [-98.918333, 34.181831], [-98.920704, 34.183435], [-98.923129, 34.185978], [-98.9234311062024, 34.1863394522324], [-98.927456, 34.191155], [-98.928145, 34.192689], [-98.94022, 34.203686], [-98.950396, 34.21168], [-98.9523575349127, 34.2125787665873], [-98.952513, 34.21265], [-98.958475, 34.213855], [-98.960791, 34.21303], [-98.962307, 34.211312], [-98.962085, 34.206386], [-98.96247, 34.204668], [-98.966302, 34.201323], [-98.969003, 34.201299], [-98.974132, 34.203566], [-98.976587, 34.206291], [-98.978685, 34.210231], [-98.981364, 34.217583], [-98.987294, 34.221223], [-98.990852, 34.221633], [-99.000761, 34.217643], [-99.003433, 34.214466], [-99.002916, 34.208782], [-99.00579, 34.206647], [-99.013075, 34.203222], [-99.0279353408577, 34.2055857666077], [-99.036273, 34.206912], [-99.037459, 34.206454], [-99.039004, 34.204667], [-99.040962, 34.200842], [-99.043471, 34.198208], [-99.048792, 34.198209], [-99.058084, 34.200569], [-99.0588, 34.201256], [-99.059159, 34.202929], [-99.060344, 34.204761], [-99.066465, 34.208404], [-99.075978, 34.211221], [-99.079535, 34.211518], [-99.084609, 34.209434], [-99.088923, 34.208475], [-99.092191, 34.209316], [-99.092851, 34.210742], [-99.095271, 34.211842], [-99.097876, 34.211019], [-99.100249, 34.208867], [-99.102186, 34.205483], [-99.106301, 34.204698], [-99.1093, 34.205453], [-99.112844, 34.205818], [-99.116965, 34.203729], [-99.119204, 34.201747], [-99.1199699913805, 34.2018777688667], [-99.126567, 34.203004], [-99.129792, 34.204403], [-99.131168, 34.205742], [-99.131885, 34.207382], [-99.131553, 34.209352], [-99.13009, 34.212192], [-99.127525, 34.213771], [-99.126614, 34.215329], [-99.126799, 34.217115], [-99.127549, 34.217986], [-99.128514, 34.218766], [-99.130609, 34.219408], [-99.133397, 34.219665], [-99.13822, 34.219159], [-99.13918, 34.217605], [-99.141504, 34.216655], [-99.142471, 34.215408], [-99.143985, 34.214763], [-99.144481, 34.213329], [-99.147848, 34.209444], [-99.15134, 34.207603], [-99.156823, 34.207214], [-99.159016, 34.20888], [-99.189511, 34.214312], [-99.192104, 34.216694], [-99.192683, 34.218825], [-99.192076, 34.222192], [-99.190036, 34.227186], [-99.190146, 34.22966], [-99.191139, 34.23234], [-99.195553, 34.24006], [-99.197153, 34.244298], [-99.191805, 34.256444], [-99.1971286731115, 34.2618250919941], [-99.198017, 34.262723], [-99.194459, 34.271881], [-99.19626, 34.281463], [-99.200222, 34.281152], [-99.207766, 34.283823], [-99.211449, 34.29275], [-99.21025, 34.300942], [-99.2117284521077, 34.3054011875413], [-99.213476, 34.310672], [-99.206584, 34.31696], [-99.205824, 34.320082], [-99.209724, 34.324935], [-99.210779, 34.330983], [-99.210716, 34.336304], [-99.210078, 34.337705], [-99.206905, 34.338277], [-99.213135, 34.340369], [-99.217335, 34.34152], [-99.221975, 34.34002], [-99.229245, 34.336516], [-99.234256, 34.340865], [-99.228636, 34.348564], [-99.234252, 34.353459], [-99.234741, 34.354977], [-99.234843, 34.356441], [-99.235422, 34.357094], [-99.236521, 34.358569], [-99.237233, 34.362717], [-99.236441, 34.363598], [-99.236177, 34.365172], [-99.237562, 34.366701], [-99.241476, 34.364536], [-99.243217, 34.364032], [-99.244454, 34.363701], [-99.247009, 34.36478], [-99.247372, 34.365985], [-99.24812, 34.367433], [-99.247942, 34.368487], [-99.246231, 34.369896], [-99.243543, 34.370711], [-99.243024, 34.371142], [-99.242855, 34.372676], [-99.246699, 34.374687], [-99.247584, 34.375551], [-99.248969, 34.375984], [-99.25071, 34.375449], [-99.254631, 34.372419], [-99.256498, 34.372229], [-99.258606, 34.37265], [-99.259334, 34.373621], [-99.259141, 34.376812], [-99.260441, 34.378078], [-99.264958, 34.378756], [-99.271281, 34.381604], [-99.272922, 34.383547], [-99.274858, 34.384922], [-99.27534, 34.386599], [-99.273894, 34.387577], [-99.271655, 34.38769], [-99.264508, 34.388085], [-99.261126, 34.389561], [-99.25898, 34.391243], [-99.258807, 34.392078], [-99.261822, 34.395036], [-99.261825, 34.398677], [-99.260987, 34.401751], [-99.261321, 34.403499], [-99.264167, 34.405149], [-99.266308, 34.405481], [-99.267745, 34.404955], [-99.269566, 34.40191], [-99.27526, 34.400104], [-99.278828, 34.400265], [-99.28151, 34.401457], [-99.28317, 34.402946], [-99.282814, 34.405465], [-99.282843, 34.40748], [-99.283773, 34.409558], [-99.286437, 34.413025], [-99.28791, 34.41403], [-99.289922, 34.414731], [-99.294648, 34.415373], [-99.299098, 34.414228], [-99.308274, 34.410014], [-99.3149963528014, 34.4085124891693], [-99.316373, 34.408205], [-99.319606, 34.408869], [-99.324222, 34.414458], [-99.328674, 34.422383], [-99.334037, 34.427536], [-99.341337, 34.431061], [-99.350407, 34.437083], [-99.356713, 34.442144], [-99.356771, 34.446542], [-99.3557925991894, 34.4490194656065], [-99.354672, 34.451857], [-99.358795, 34.455863], [-99.36961, 34.458699], [-99.375365, 34.458845], [-99.381011, 34.456936], [-99.394956, 34.442099], [-99.395605, 34.440378], [-99.396115, 34.43497], [-99.394625, 34.4327], [-99.393049, 34.431921], [-99.393802, 34.42901], [-99.393306, 34.427613], [-99.396824, 34.424703], [-99.397379, 34.423259], [-99.396665, 34.421203], [-99.397135, 34.419409], [-99.396488, 34.417291], [-99.393919, 34.415274], [-99.387653, 34.411984], [-99.391492, 34.405631], [-99.395921, 34.395726], [-99.396839, 34.379417], [-99.40296, 34.373481], [-99.407168, 34.372605], [-99.413045, 34.377012], [-99.420714, 34.380386], [-99.421908, 34.384201], [-99.423679, 34.385663], [-99.424897, 34.385823], [-99.427497, 34.385136], [-99.429154, 34.382849], [-99.43001, 34.381019], [-99.430284, 34.378801], [-99.429324, 34.375834], [-99.430609, 34.374426], [-99.431121, 34.373989], [-99.430901, 34.371996], [-99.431043, 34.371117], [-99.433458, 34.370223], [-99.434968, 34.370699], [-99.436474, 34.370539], [-99.437572, 34.371259], [-99.438269, 34.371164], [-99.440671, 34.372774], [-99.441057, 34.374042], [-99.441937, 34.374412], [-99.442394, 34.375453], [-99.443669, 34.376457], [-99.445336, 34.379768], [-99.452648, 34.388252], [-99.454229, 34.388755], [-99.454726, 34.388411], [-99.455472, 34.386097], [-99.454997, 34.38178], [-99.455085, 34.381264], [-99.456328, 34.380392], [-99.459395, 34.380117], [-99.461053, 34.380666], [-99.461827, 34.382414], [-99.462048, 34.384401], [-99.461854, 34.387241], [-99.462462, 34.391137], [-99.464036, 34.393634], [-99.466383, 34.3959], [-99.468427, 34.396634], [-99.470306, 34.396748], [-99.470969, 34.396471], [-99.472268, 34.395602], [-99.473789, 34.39535], [-99.4750806916433, 34.395998351528], [-99.475851, 34.396385], [-99.477547, 34.396355], [-99.487219, 34.397955], [-99.490426, 34.399694], [-99.494104, 34.404755], [-99.496399, 34.406495], [-99.497091, 34.407731], [-99.499875, 34.409608], [-99.502836, 34.409327], [-99.506903, 34.40952], [-99.507621, 34.409887], [-99.50911, 34.411267], [-99.511102, 34.412705], [-99.51428, 34.414035], [-99.517624, 34.414494], [-99.52365, 34.412206], [-99.529786, 34.411452], [-99.549242, 34.412715], [-99.555986, 34.41464], [-99.562204, 34.417319], [-99.569696, 34.418418], [-99.574367, 34.418281], [-99.58006, 34.416653], [-99.58448, 34.407673], [-99.585306, 34.398122], [-99.584531, 34.391205], [-99.585442, 34.388914], [-99.586751594656, 34.387061476826], [-99.587596, 34.385867], [-99.589671, 34.384787], [-99.592983, 34.382407], [-99.596186, 34.379016], [-99.596323, 34.377137], [-99.600026, 34.374688], [-99.604782, 34.376326], [-99.607263, 34.376928], [-99.610136, 34.37656], [-99.611572, 34.375643], [-99.616793, 34.375391], [-99.619556, 34.374627], [-99.621513, 34.3737], [-99.624197, 34.373577], [-99.630905, 34.376007], [-99.631181, 34.377061], [-99.631843, 34.377703], [-99.633859, 34.378757], [-99.635324, 34.37917], [-99.639661, 34.379905], [-99.641763, 34.38109], [-99.642755, 34.381555], [-99.643694, 34.381463], [-99.644578, 34.38167], [-99.646511, 34.382541], [-99.648142, 34.382312], [-99.648584, 34.3819], [-99.649662, 34.379885], [-99.654194, 34.376519], [-99.659362, 34.37439], [-99.662705, 34.37368], [-99.665992, 34.374185], [-99.671377, 34.377714], [-99.67485, 34.378956], [-99.678283, 34.379799], [-99.682482, 34.379822], [-99.684361, 34.379501], [-99.687234, 34.378585], [-99.690604, 34.378219], [-99.69497, 34.378333], [-99.695566, 34.378899], [-99.696462, 34.381036], [-99.698424, 34.383074], [-99.701187, 34.385203], [-99.702734, 34.385501], [-99.704005, 34.385982], [-99.705249, 34.385775], [-99.706658, 34.385981], [-99.707901, 34.387539], [-99.712682, 34.390928], [-99.714838, 34.394524], [-99.714232, 34.397822], [-99.715089, 34.400754], [-99.716416, 34.402815], [-99.720259, 34.406295], [-99.730348, 34.41124], [-99.740907, 34.414763], [-99.754248, 34.421289], [-99.767234, 34.430502], [-99.767648, 34.431854], [-99.764882, 34.435266], [-99.764826, 34.436434], [-99.765599, 34.437488], [-99.773053, 34.441587], [-99.773992, 34.443062], [-99.775743, 34.444225], [-99.782986, 34.444364], [-99.78376, 34.445005], [-99.785445, 34.450045], [-99.786606, 34.451511], [-99.787767, 34.451809], [-99.78879, 34.451489], [-99.791583, 34.45252], [-99.793684, 34.453894], [-99.814313, 34.476204], [-99.8145350980883, 34.4766441817511], [-99.818739, 34.484976], [-99.818186, 34.48784], [-99.81672, 34.489718], [-99.819376, 34.49494], [-99.822281, 34.4981], [-99.825325, 34.497596], [-99.832904, 34.500068], [-99.8446582036581, 34.5067869364725], [-99.853066, 34.511593], [-99.868953, 34.527615], [-99.872357, 34.532096], [-99.873254, 34.535351], [-99.8736170107957, 34.5359019928875], [-99.874403, 34.537095], [-99.887147, 34.549047], [-99.89376, 34.554219], [-99.896007, 34.55553], [-99.898943, 34.555804], [-99.915771, 34.565975], [-99.921801, 34.570253], [-99.923211, 34.574552], [-99.929334, 34.576714], [-99.94572, 34.579273], [-99.954567, 34.578195], [-99.9565216650247, 34.5766758161599], [-99.956717, 34.576524], [-99.957553, 34.574169], [-99.957541, 34.572709], [-99.958898, 34.571271], [-99.965608, 34.565844], [-99.971555, 34.562179], [-99.974762, 34.561318], [-99.985833, 34.560079], [-99.9975014109467, 34.5604238870434], [-100.000381, 34.560509], [-100.000381, 34.5704261992157], [-100.000381, 34.616297], [-100.000381, 34.746358], [-100.000381, 34.746461], [-100.000381979734, 34.8533110000002], [-100.000383599196, 35.0299300002039]]]}}, {"type": "Feature", "properties": {"GEOID": "5550", "NAME": "Cherokee", "NAMELSAD": "Cherokee OTSA", "ihs_facilities": 5, "counties": "Adair, Cherokee, Craig, Delaware, Mayes, McIntosh, Muskogee, Nowata, Ottawa, Rogers, Sequoyah, Tulsa, Wagoner, Washington", "county_count": 14, "approx_area_sq_mi": 8619, "approx_pop": 1235167}, "geometry": {"type": "Polygon", "coordinates": [[[-96.001518, 36.292506], [-96.001504, 36.303372], [-96.001467, 36.307058], [-96.001463, 36.307448], [-96.001457, 36.317898], [-96.001323, 36.318484], [-96.001324, 36.322156], [-96.001325, 36.332597], [-96.001327, 36.334474], [-96.001326, 36.336612], [-96.001336, 36.345664], [-96.001331, 36.346957], [-96.00133, 36.347045], [-96.001249, 36.361539], [-96.001309, 36.368523], [-96.00119, 36.372074], [-96.001189, 36.372174], [-96.001258, 36.373977], [-96.001213, 36.398427], [-96.001205, 36.402451], [-96.001168, 36.423477], [-96.001171, 36.423686], [-96.001145, 36.439763], [-96.001126, 36.448397], [-96.001093, 36.466866], [-96.001038, 36.495972], [-96.000956, 36.535301], [-96.000864, 36.580382], [-96.000823, 36.597676], [-96.000748, 36.59782], [-96.000728, 36.641069], [-96.000729, 36.65071], [-96.000636, 36.676244], [-96.000676, 36.713387], [-96.000667, 36.725263], [-96.000654, 36.737328], [-96.000649, 36.748666], [-96.000641, 36.752283], [-96.000688, 36.758859], [-96.000656, 36.76731], [-96.000694, 36.772438], [-96.000693, 36.774232], [-96.000691, 36.780106], [-96.0007, 36.781818], [-96.000678, 36.786066], [-96.000718, 36.825377], [-96.000746, 36.839817], [-96.000758, 36.85868], [-96.000766, 36.867617], [-96.000765, 36.868687], [-96.00081, 36.99886], [-95.9642699335572, 36.9990936072442], [-95.936992, 36.999268], [-95.928122, 36.999245], [-95.91018, 36.999336], [-95.877151, 36.999304], [-95.875257, 36.999302], [-95.873944, 36.9993], [-95.873882523589, 36.9992996596764], [-95.866899, 36.999261], [-95.8193660360989, 36.999150475109], [-95.80798, 36.999124], [-95.786762, 36.99931], [-95.768719, 36.999205], [-95.759905, 36.999271], [-95.754790411229, 36.999263326838], [-95.7464701516561, 36.9992508443682], [-95.741908, 36.999244], [-95.718054, 36.999255], [-95.714887, 36.999279], [-95.7105065437006, 36.9993684169025], [-95.71038, 36.999371], [-95.696659, 36.999215], [-95.686452, 36.999349], [-95.6740419235188, 36.9993338732759], [-95.664301, 36.999322], [-95.6604199997795, 36.9993217731868], [-95.6423696517221, 36.9993207182895], [-95.6379840038302, 36.9993204619837], [-95.630079, 36.99932], [-95.6287496081096, 36.9993292818425], [-95.62435, 36.99936], [-95.6210117300348, 36.9993619832878], [-95.615934, 36.999365], [-95.6157410865682, 36.999362762733], [-95.61214, 36.999321], [-95.601517061574, 36.9993179681822], [-95.5889899910403, 36.9993143929195], [-95.573598, 36.99931], [-95.534401, 36.999332], [-95.5224149880945, 36.9992810582678], [-95.511578, 36.999235], [-95.4077330426944, 36.99924099711], [-95.407683, 36.999241], [-95.3772578842198, 36.9992963017548], [-95.33121, 36.99938], [-95.328327, 36.999366], [-95.328058, 36.999365], [-95.322565, 36.999358], [-95.2860798086243, 36.999417347425], [-95.267875873056, 36.9994469582523], [-95.195307, 36.999565], [-95.177301, 36.99952], [-95.1589689477582, 36.9995367194603], [-95.155372, 36.99954], [-95.155187, 36.999539], [-95.1404610155766, 36.9995335912053], [-95.073509, 36.999509], [-95.049499, 36.99958], [-95.037857, 36.999497], [-95.0349534669929, 36.9995047088358], [-95.030324, 36.999517], [-95.011433, 36.999535], [-95.00762, 36.999514], [-95.008546, 36.997965], [-95.012112, 36.996591], [-95.014946, 36.994999], [-95.017212, 36.994616], [-95.021597, 36.995341], [-95.025433, 36.9948], [-95.034008, 36.994259], [-95.034578, 36.992476], [-95.034697, 36.989268], [-95.03411, 36.984653], [-95.033237, 36.982308], [-95.03229, 36.981133], [-95.028937, 36.979222], [-95.027934, 36.977788], [-95.028596, 36.976093], [-95.031667, 36.975307], [-95.034181, 36.976991], [-95.035629, 36.977372], [-95.037352, 36.976174], [-95.037735, 36.974899], [-95.036447, 36.973294], [-95.034798, 36.972665], [-95.030707, 36.972433], [-95.028565, 36.970045], [-95.028062, 36.966503], [-95.022231, 36.9608], [-95.019789, 36.959534], [-95.013839, 36.957187], [-95.0099, 36.954864], [-95.004654, 36.952629], [-95.000236, 36.951605], [-94.996363, 36.951803], [-94.994686, 36.951179], [-94.993385, 36.949941], [-94.993411, 36.948043], [-94.995543, 36.943224], [-94.99624, 36.939661], [-94.995381, 36.937798], [-94.992415, 36.935922], [-94.990457, 36.937254], [-94.988348, 36.940779], [-94.985689, 36.942696], [-94.981478, 36.943405], [-94.979107, 36.943013], [-94.976461, 36.941148], [-94.974114, 36.937468], [-94.972488, 36.936079], [-94.96915, 36.934203], [-94.964012, 36.93281], [-94.960598, 36.933966], [-94.95899, 36.935798], [-94.957086, 36.936347], [-94.956474, 36.935721], [-94.955603, 36.933956], [-94.955839, 36.931397], [-94.957377, 36.929113], [-94.959811, 36.927874], [-94.961592, 36.926155], [-94.962585, 36.924096], [-94.963087, 36.920089], [-94.962452, 36.917796], [-94.961016, 36.915717], [-94.956298, 36.911701], [-94.955028, 36.90939], [-94.95503, 36.902847], [-94.952966, 36.900173], [-94.951784, 36.899328], [-94.948769, 36.895443], [-94.944672, 36.892954], [-94.940651, 36.891491], [-94.938859, 36.891358], [-94.936583, 36.891854], [-94.932457, 36.891033], [-94.928043, 36.890677], [-94.925224, 36.890168], [-94.923497, 36.888597], [-94.923086, 36.886144], [-94.924888, 36.883469], [-94.927278, 36.881728], [-94.927571, 36.880404], [-94.924755, 36.877905], [-94.925579, 36.875799], [-94.931242, 36.875517], [-94.932322, 36.873882], [-94.931349, 36.872396], [-94.927537, 36.870151], [-94.924505, 36.869575], [-94.922275, 36.870354], [-94.916625, 36.874728], [-94.911845, 36.876231], [-94.910101, 36.877126], [-94.908223, 36.879337], [-94.907285, 36.882479], [-94.906308, 36.882845], [-94.903059, 36.88173], [-94.899403, 36.881381], [-94.896044, 36.880242], [-94.893157, 36.878157], [-94.89002, 36.876215], [-94.889005, 36.875534], [-94.885591, 36.872305], [-94.882396, 36.868729], [-94.88042, 36.865904], [-94.878608, 36.862139], [-94.874465, 36.858458], [-94.872343, 36.855958], [-94.871101, 36.855273], [-94.869942, 36.855096], [-94.865028, 36.854112], [-94.861018, 36.852791], [-94.855848, 36.852331], [-94.85171, 36.852161], [-94.845706, 36.853106], [-94.841569, 36.853163], [-94.835664, 36.852673], [-94.831957, 36.852018], [-94.829861, 36.850827], [-94.828129, 36.849255], [-94.819542, 36.839243], [-94.818236, 36.837706], [-94.81089, 36.830971], [-94.805714, 36.826733], [-94.802729, 36.823175], [-94.802322, 36.821816], [-94.802581, 36.817221], [-94.803841, 36.815327], [-94.8045, 36.814659], [-94.809027, 36.813095], [-94.826, 36.810145], [-94.828972, 36.808936], [-94.830589, 36.806095], [-94.829132, 36.803069], [-94.825662, 36.799812], [-94.821248, 36.798742], [-94.81917, 36.798723], [-94.810163, 36.79885], [-94.804111, 36.797997], [-94.797375, 36.796677], [-94.795082, 36.795897], [-94.788418, 36.792494], [-94.784249, 36.792423], [-94.78168, 36.793198], [-94.778294, 36.795072], [-94.774488, 36.79882], [-94.767924, 36.803914], [-94.76438, 36.80493], [-94.762451, 36.804557], [-94.759351, 36.802824], [-94.755217, 36.797299], [-94.75263, 36.79285], [-94.753254, 36.790524], [-94.756676, 36.786369], [-94.758741, 36.785339], [-94.765009, 36.784246], [-94.769435, 36.783199], [-94.773531, 36.781453], [-94.778407, 36.777875], [-94.780692, 36.775306], [-94.78288, 36.769782], [-94.782851, 36.768426], [-94.782928, 36.766899], [-94.781555, 36.76519], [-94.777313, 36.762157], [-94.774521, 36.760441], [-94.763733, 36.75462], [-94.760201, 36.752899], [-94.754311, 36.750706], [-94.742271, 36.747391], [-94.733971, 36.744617], [-94.730921, 36.74299], [-94.729287, 36.739678], [-94.729789, 36.736632], [-94.731456, 36.734411], [-94.735439, 36.731555], [-94.740147, 36.730109], [-94.743994, 36.729925], [-94.746731, 36.730182], [-94.750229, 36.731317], [-94.75581, 36.733509], [-94.760901, 36.734994], [-94.766927, 36.735749], [-94.769641, 36.735398], [-94.772613, 36.734228], [-94.774567, 36.732095], [-94.775427, 36.729246], [-94.775112, 36.725778], [-94.773218, 36.722748], [-94.766042, 36.718965], [-94.758638, 36.716443], [-94.750229, 36.714648], [-94.745059, 36.7111], [-94.742486, 36.708696], [-94.740661, 36.705753], [-94.740297, 36.703711], [-94.740975, 36.701439], [-94.744336, 36.697322], [-94.749069, 36.693402], [-94.754281, 36.69092], [-94.761301, 36.688507], [-94.768783, 36.686856], [-94.774593, 36.684918], [-94.777431, 36.683384], [-94.779794, 36.680234], [-94.779849, 36.678591], [-94.77788, 36.674086], [-94.773604, 36.667819], [-94.77494, 36.667806], [-94.770499, 36.660072], [-94.771515, 36.655893], [-94.772871, 36.650321], [-94.777562, 36.644646], [-94.785535, 36.640313], [-94.79547, 36.637989], [-94.800533, 36.638337], [-94.813587, 36.640633], [-94.814435, 36.640575], [-94.814569, 36.640567], [-94.815931, 36.640516], [-94.822861, 36.63852], [-94.822775, 36.63768], [-94.822784, 36.625284], [-94.820773, 36.625403], [-94.809264, 36.625282], [-94.803725, 36.625383], [-94.783491, 36.625259], [-94.751519, 36.625214], [-94.729462, 36.625192], [-94.711413, 36.625204], [-94.701138, 36.6252], [-94.679335, 36.625218], [-94.620301, 36.625426], [-94.6178624381614, 36.6254407664784], [-94.617859864902, 36.62474444248], [-94.617859761994, 36.6247165955664], [-94.617815, 36.612604], [-94.617865, 36.606851], [-94.6178649770366, 36.6068362058566], [-94.617853, 36.59912], [-94.6178509614003, 36.5980020110111], [-94.6178246473891, 36.5835711374019], [-94.617814, 36.577732], [-94.6178756702379, 36.5474548852642], [-94.617897, 36.536983], [-94.6178694098761, 36.5361334144609], [-94.617868, 36.53609], [-94.617997, 36.53428], [-94.6179945953513, 36.5339323595128], [-94.617883, 36.517799], [-94.617877, 36.514999], [-94.6178943897588, 36.5085461573545], [-94.6178971439618, 36.5075241513023], [-94.6178997995452, 36.506538740172], [-94.617918681554, 36.4995321662255], [-94.617919, 36.499414], [-94.6177220302144, 36.4983247752114], [-94.615311, 36.484992], [-94.61383, 36.476248], [-94.612686104975, 36.468666669623], [-94.611609, 36.461528], [-94.605408, 36.421949], [-94.6040184314189, 36.4136335421999], [-94.602623, 36.405283], [-94.6024647937519, 36.4044998914511], [-94.601984, 36.40212], [-94.6008144214039, 36.3946023150214], [-94.6005140218853, 36.3926714409814], [-94.599723, 36.387587], [-94.593397, 36.345742], [-94.5931029431401, 36.3438717951024], [-94.5916863182051, 36.3348620447691], [-94.5913192812009, 36.3325276853428], [-94.5862, 36.299969], [-94.5859324183216, 36.2983639281769], [-94.5847308972076, 36.2911566795471], [-94.5825881113666, 36.2783033138119], [-94.5810876072279, 36.2693026343628], [-94.577883, 36.25008], [-94.577899, 36.249548], [-94.576003, 36.24007], [-94.575071, 36.233682], [-94.57488, 36.232741], [-94.574395, 36.229996], [-94.5737612373227, 36.226018643499], [-94.571806, 36.213748], [-94.5712670678049, 36.2109734250281], [-94.571253, 36.210901], [-94.5692910067671, 36.1994919988363], [-94.5680666816587, 36.19237254177], [-94.5678088060604, 36.1908729937836], [-94.567160656394, 36.187104], [-94.566588, 36.183774], [-94.5661775595238, 36.1814270547262], [-94.565655, 36.178439], [-94.5653132454486, 36.1764390408616], [-94.5637647229573, 36.1673770351184], [-94.5628276914512, 36.1618934952038], [-94.562803, 36.161749], [-94.561165, 36.15211], [-94.5596915051255, 36.1439268607574], [-94.5595093429662, 36.142915212641], [-94.5572280270755, 36.1302457925349], [-94.5521649859981, 36.1021279002748], [-94.5498705372997, 36.089385546359], [-94.547871, 36.078281], [-94.547715, 36.077271], [-94.5432560772227, 36.0514404094066], [-94.5432555854101, 36.0514375603309], [-94.5373052130243, 36.0169669851155], [-94.5373035799916, 36.0169575249384], [-94.535724, 36.007807], [-94.5352129388301, 36.0048009991507], [-94.5351632586096, 36.0045087860192], [-94.534852, 36.002678], [-94.5336729618048, 35.9969353214272], [-94.533646, 35.996804], [-94.5320909497439, 35.9879653905444], [-94.532071, 35.987852], [-94.5320670297716, 35.9878290199046], [-94.532061349361, 35.9877961410969], [-94.5320470706678, 35.9877134945346], [-94.528327413129, 35.9661837295236], [-94.528305, 35.966054], [-94.528162, 35.965665], [-94.52464, 35.945727], [-94.524344, 35.94405], [-94.52291, 35.936127], [-94.522634, 35.934892], [-94.522658, 35.934799], [-94.522658, 35.93425], [-94.5222486385274, 35.9316439921507], [-94.5182645152154, 35.9062809394019], [-94.5182312922163, 35.9060694407576], [-94.517571, 35.901866], [-94.5173768949372, 35.900773133819], [-94.507631, 35.845901], [-94.5074064046839, 35.8445151486605], [-94.505642, 35.833628], [-94.504438, 35.826369], [-94.503011, 35.81721], [-94.5014072135405, 35.8078596387055], [-94.501162, 35.80643], [-94.500764, 35.80382], [-94.5005730968878, 35.8028751098062], [-94.500526, 35.802642], [-94.499647, 35.79691], [-94.499045, 35.79346], [-94.4988745559854, 35.7925062944671], [-94.4969010859034, 35.781463904153], [-94.494549, 35.768303], [-94.493362, 35.761892], [-94.4929444807692, 35.7592458746266], [-94.48821, 35.72924], [-94.487585, 35.726147], [-94.484290897927, 35.7068315832993], [-94.4842849384655, 35.7067966391843], [-94.4827901857518, 35.6980319528175], [-94.482467889927, 35.6961421272993], [-94.472647, 35.638556], [-94.466196543767, 35.5996179849439], [-94.465272, 35.594037], [-94.464457, 35.588909], [-94.4642121588794, 35.5877908922162], [-94.464097, 35.587265], [-94.463318, 35.58266], [-94.4628980373272, 35.5800104616019], [-94.4600015957716, 35.5617368539277], [-94.4565848485739, 35.5401806455211], [-94.4547183519755, 35.5284049456122], [-94.4522344123109, 35.512733806373], [-94.449896095392, 35.4979813989198], [-94.449696, 35.496719], [-94.4432631734887, 35.4614891865947], [-94.4414483033739, 35.4515499265527], [-94.4412280132363, 35.4503434925802], [-94.4411931979068, 35.4501528240523], [-94.4411434410877, 35.4498803274367], [-94.43894546638, 35.4378429689462], [-94.4356009830589, 35.4195266777895], [-94.430840561531, 35.393455904411], [-94.430662, 35.392478], [-94.4314575536191, 35.391451916639], [-94.43559, 35.386122], [-94.441136, 35.382146], [-94.446008, 35.380101], [-94.448749, 35.379374], [-94.454785, 35.378495], [-94.460616, 35.378637], [-94.468258, 35.376399], [-94.466842, 35.376998], [-94.472803, 35.375781], [-94.476914, 35.374119], [-94.480034, 35.372162], [-94.481783, 35.37012], [-94.483603, 35.369419], [-94.486224, 35.366057], [-94.486688, 35.36488], [-94.485861, 35.360363], [-94.483267, 35.355076], [-94.480521, 35.352291], [-94.481543, 35.349987], [-94.482458, 35.349072], [-94.486369, 35.346834], [-94.489051, 35.345127], [-94.492349, 35.344283], [-94.494771, 35.342566], [-94.494379, 35.337144], [-94.494738, 35.332276], [-94.494797, 35.329809], [-94.492005, 35.325406], [-94.48774, 35.322507], [-94.483299, 35.318105], [-94.482063, 35.315374], [-94.481147, 35.309507], [-94.482368, 35.307248], [-94.485328, 35.304792], [-94.490178, 35.303183], [-94.491437, 35.302228], [-94.494555, 35.301126], [-94.496241, 35.301844], [-94.498307, 35.304545], [-94.501091, 35.305835], [-94.504128, 35.305924], [-94.505696, 35.304939], [-94.511175, 35.30452], [-94.515224, 35.306574], [-94.515201, 35.308692], [-94.516956, 35.309517], [-94.519129, 35.308193], [-94.52865, 35.3052], [-94.533528, 35.304331], [-94.538461, 35.30435], [-94.542732, 35.304961], [-94.547647, 35.306352], [-94.55463, 35.310219], [-94.558996, 35.315031], [-94.563551, 35.319864], [-94.565201, 35.322632], [-94.569148, 35.325641], [-94.576472, 35.328867], [-94.579056, 35.328783], [-94.583178, 35.328294], [-94.588959, 35.328526], [-94.594801, 35.327974], [-94.59882, 35.326445], [-94.603862, 35.321683], [-94.60997, 35.312993], [-94.612975, 35.307628], [-94.615879, 35.304111], [-94.621156, 35.300749], [-94.625221, 35.297522], [-94.629504, 35.29527], [-94.633432, 35.293769], [-94.643506, 35.29178], [-94.647967, 35.29123], [-94.65182, 35.291214], [-94.65743, 35.291582], [-94.66313, 35.292563], [-94.668796, 35.295029], [-94.6738, 35.298756], [-94.675601, 35.300527], [-94.678342, 35.3048], [-94.678556, 35.3071], [-94.67819, 35.311888], [-94.678379, 35.315569], [-94.678889, 35.318409], [-94.680435, 35.322659], [-94.683459, 35.326252], [-94.684885, 35.32729], [-94.69086, 35.329869], [-94.695228, 35.330987], [-94.702276, 35.332011], [-94.703995, 35.332475], [-94.709581, 35.335988], [-94.714589, 35.339689], [-94.720559, 35.34593], [-94.725697, 35.349702], [-94.730013, 35.35195], [-94.73782, 35.354648], [-94.743382, 35.356009], [-94.750224, 35.356969], [-94.756413, 35.356807], [-94.763835, 35.355688], [-94.769727, 35.355317], [-94.775247, 35.35318], [-94.777657, 35.351436], [-94.777758, 35.351366], [-94.778444, 35.350895], [-94.781615, 35.347153], [-94.785001, 35.342186], [-94.788584, 35.335567], [-94.790095, 35.333384], [-94.790528, 35.331334], [-94.792713, 35.32835], [-94.794374, 35.327086], [-94.796291, 35.32646], [-94.800908, 35.324952], [-94.806051, 35.323855], [-94.811716, 35.32307], [-94.813629, 35.323344], [-94.817259, 35.323867], [-94.820681, 35.325889], [-94.823785, 35.329388], [-94.825912, 35.333399], [-94.82746, 35.337412], [-94.829013, 35.346798], [-94.829152, 35.351428], [-94.828947, 35.356117], [-94.82918, 35.361915], [-94.831227, 35.365549], [-94.834949, 35.368368], [-94.837067, 35.369451], [-94.842143, 35.371086], [-94.845184, 35.370785], [-94.849677, 35.368574], [-94.85406, 35.364117], [-94.859515, 35.360019], [-94.862371, 35.358274], [-94.865894, 35.356599], [-94.872418, 35.354526], [-94.876908, 35.354134], [-94.884542, 35.351927], [-94.886713, 35.351585], [-94.895516, 35.349189], [-94.90198, 35.346709], [-94.904692, 35.346422], [-94.911917, 35.346651], [-94.914454, 35.347525], [-94.918707, 35.350414], [-94.919579, 35.353317], [-94.919266, 35.354141], [-94.915314, 35.35865], [-94.913234, 35.360349], [-94.908688, 35.362891], [-94.902444, 35.367187], [-94.894739, 35.373088], [-94.893517, 35.375148], [-94.892302, 35.379676], [-94.8923, 35.384345], [-94.893928, 35.388099], [-94.896275, 35.391773], [-94.899477, 35.395605], [-94.901832, 35.39794], [-94.904685, 35.398838], [-94.908155, 35.398381], [-94.911143, 35.397183], [-94.917045, 35.393763], [-94.920495, 35.393104], [-94.925745, 35.392845], [-94.928892, 35.39342], [-94.934239, 35.395509], [-94.938516, 35.396595], [-94.940654, 35.39826], [-94.944608, 35.402457], [-94.945218, 35.403089], [-94.946243, 35.404538], [-94.948857, 35.407266], [-94.951328, 35.408334], [-94.955164, 35.408689], [-94.959155, 35.40827], [-94.965956, 35.406716], [-94.971475, 35.407099], [-94.974958, 35.407962], [-94.978971, 35.40826], [-94.986829, 35.40838], [-94.991955, 35.409497], [-94.996336, 35.411147], [-95.000232, 35.412025], [-95.004348, 35.413471], [-95.00651, 35.4146], [-95.011756, 35.418423], [-95.014432, 35.420995], [-95.019932, 35.424995], [-95.021533, 35.426795], [-95.023733, 35.430295], [-95.024433, 35.432395], [-95.024633, 35.435195], [-95.024433, 35.442195], [-95.023332, 35.448495], [-95.023532, 35.450795], [-95.024933, 35.453095], [-95.027733, 35.454795], [-95.032033, 35.456295], [-95.035933, 35.456995], [-95.043433, 35.456995], [-95.046234, 35.457495], [-95.049933, 35.458894], [-95.057634, 35.455695], [-95.063471, 35.452568], [-95.068835, 35.448895], [-95.070535, 35.447096], [-95.073935, 35.442596], [-95.076535, 35.437996], [-95.07862, 35.434857], [-95.079935, 35.432996], [-95.080635, 35.430796], [-95.080635, 35.427196], [-95.081035, 35.423096], [-95.082035, 35.416496], [-95.083336, 35.411496], [-95.085236, 35.407196], [-95.087836, 35.404396], [-95.091336, 35.403396], [-95.101837, 35.397596], [-95.102637, 35.396896], [-95.104837, 35.394396], [-95.107837, 35.389396], [-95.110437, 35.385896], [-95.112837, 35.381396], [-95.114907, 35.378607], [-95.120068, 35.373066], [-95.121239, 35.37221], [-95.123279, 35.372324], [-95.124877, 35.37367], [-95.126838, 35.376596], [-95.129938, 35.378796], [-95.132738, 35.379996], [-95.135438, 35.380396], [-95.139238, 35.379996], [-95.144339, 35.377896], [-95.146039, 35.376696], [-95.148339, 35.375796], [-95.152341, 35.373679], [-95.157754, 35.371513], [-95.159815, 35.370132], [-95.161766, 35.367915], [-95.161583, 35.366978], [-95.159611, 35.365224], [-95.155776, 35.362832], [-95.154148, 35.362346], [-95.151214, 35.362309], [-95.147459, 35.361163], [-95.142797, 35.358313], [-95.141673, 35.357067], [-95.141296, 35.355565], [-95.144227, 35.348627], [-95.146059, 35.346757], [-95.148024, 35.345953], [-95.150497, 35.345871], [-95.154275, 35.34892], [-95.157831, 35.350936], [-95.163283, 35.352585], [-95.165656, 35.353066], [-95.170378, 35.352726], [-95.172116, 35.352172], [-95.174958, 35.350554], [-95.177214, 35.34857], [-95.179518, 35.345701], [-95.181846, 35.341878], [-95.182886, 35.338706], [-95.182549, 35.336857], [-95.179921, 35.333171], [-95.176792, 35.327538], [-95.172434, 35.318827], [-95.17118, 35.315426], [-95.17057, 35.31271], [-95.170462, 35.310106], [-95.171763, 35.305553], [-95.174962, 35.302199], [-95.176474, 35.301344], [-95.180307, 35.301267], [-95.185734, 35.304219], [-95.187939, 35.304949], [-95.191165, 35.305334], [-95.194098, 35.305306], [-95.19919, 35.303592], [-95.200678, 35.30249], [-95.202864, 35.299151], [-95.204069, 35.293387], [-95.205385, 35.289418], [-95.206164, 35.28807], [-95.209413, 35.28382], [-95.211339, 35.281983], [-95.218437, 35.275831], [-95.221357, 35.272821], [-95.222605, 35.271722], [-95.226087, 35.2692], [-95.23134, 35.265927], [-95.237552, 35.263615], [-95.240718, 35.26231], [-95.243809, 35.261636], [-95.245916, 35.261808], [-95.248432, 35.262881], [-95.250245, 35.263197], [-95.256979, 35.265766], [-95.26215, 35.268994], [-95.263556, 35.271108], [-95.265646, 35.273297], [-95.270646, 35.279597], [-95.273689, 35.28294], [-95.279146, 35.287997], [-95.280446, 35.288697], [-95.285746, 35.293397], [-95.287647, 35.294797], [-95.300947, 35.301397], [-95.305447, 35.302297], [-95.311748, 35.302697], [-95.316674, 35.30209], [-95.319949, 35.301246], [-95.331949, 35.298797], [-95.336449, 35.297397], [-95.340849, 35.294897], [-95.344766, 35.293035], [-95.348824, 35.290869], [-95.351582, 35.290231], [-95.35265, 35.292197], [-95.35275, 35.298897], [-95.35325, 35.301697], [-95.35565, 35.304697], [-95.358297, 35.306632], [-95.366651, 35.311997], [-95.369551, 35.312997], [-95.375251, 35.316597], [-95.376951, 35.318797], [-95.380251, 35.321297], [-95.385751, 35.326097], [-95.387551, 35.326997], [-95.390252, 35.327497], [-95.393752, 35.327597], [-95.397552, 35.327197], [-95.402252, 35.326197], [-95.407153, 35.324397], [-95.411153, 35.323397], [-95.413453, 35.321797], [-95.41607, 35.319123], [-95.416853, 35.318297], [-95.421453, 35.311697], [-95.427054, 35.305497], [-95.430454, 35.302997], [-95.432654, 35.301797], [-95.437654, 35.299897], [-95.444555, 35.297697], [-95.450885, 35.296147], [-95.45125, 35.296019], [-95.455855, 35.294297], [-95.461656, 35.292997], [-95.464956, 35.293697], [-95.480057, 35.298497], [-95.48888, 35.300492], [-95.49206, 35.300899], [-95.500366, 35.300892], [-95.503655, 35.299892], [-95.507572, 35.296886], [-95.509462, 35.293099], [-95.511963, 35.289092], [-95.516668, 35.284992], [-95.519057, 35.281194], [-95.519167, 35.280392], [-95.517654, 35.275383], [-95.523101, 35.277755], [-95.52684, 35.280004], [-95.534368, 35.285861], [-95.54437, 35.294972], [-95.532361, 35.302283], [-95.522845, 35.30863], [-95.522514, 35.310079], [-95.522094, 35.31093], [-95.522024, 35.318989], [-95.504732, 35.319057], [-95.504421, 35.33253], [-95.504434, 35.333201], [-95.504122, 35.335347], [-95.503263, 35.334392], [-95.501218, 35.333619], [-95.486854, 35.333613], [-95.486803, 35.348135], [-95.486808, 35.355153], [-95.482872, 35.356418], [-95.479983, 35.360487], [-95.47744, 35.362659], [-95.467134, 35.362705], [-95.466774, 35.362893], [-95.4683, 35.363848], [-95.468939, 35.364741], [-95.469062, 35.365058], [-95.469195, 35.37722], [-95.479144, 35.377178], [-95.480422, 35.378324], [-95.484342, 35.380733], [-95.486502, 35.38069], [-95.486875, 35.384041], [-95.486336, 35.385439], [-95.486887, 35.386283], [-95.486945, 35.406139], [-95.486947, 35.435205], [-95.469159, 35.435269], [-95.469191, 35.44981], [-95.451379, 35.449878], [-95.45139, 35.464377], [-95.451364, 35.478869], [-95.433574, 35.478816], [-95.433557, 35.507871], [-95.415783, 35.507713], [-95.415638, 35.536672], [-95.427777, 35.536773], [-95.428212, 35.533246], [-95.429182, 35.531485], [-95.431254, 35.530524], [-95.432094, 35.531554], [-95.433662, 35.531142], [-95.435062, 35.533042], [-95.434782, 35.534644], [-95.436349, 35.535422], [-95.435761, 35.536864], [-95.432681, 35.537711], [-95.431365, 35.539931], [-95.431113, 35.542998], [-95.429853, 35.545722], [-95.427444, 35.546386], [-95.426659, 35.549934], [-95.425196, 35.551729], [-95.40534, 35.551751], [-95.40456, 35.553135], [-95.406464, 35.553845], [-95.407612, 35.55547], [-95.406772, 35.556134], [-95.404615, 35.55476], [-95.402795, 35.554691], [-95.402486, 35.555469], [-95.404978, 35.557598], [-95.404558, 35.558422], [-95.402345, 35.559223], [-95.402232, 35.560825], [-95.405705, 35.562222], [-95.405872, 35.5649], [-95.404107, 35.565861], [-95.403546, 35.567875], [-95.404134, 35.568699], [-95.404357, 35.572797], [-95.403655, 35.5752], [-95.401974, 35.57758], [-95.402113, 35.579114], [-95.404298, 35.579938], [-95.404522, 35.581334], [-95.403478, 35.582888], [-95.401553, 35.584012], [-95.401041, 35.585176], [-95.398939, 35.587077], [-95.395124, 35.58899], [-95.393591, 35.59166], [-95.393515, 35.609805], [-95.375744, 35.609811], [-95.375786, 35.620665], [-95.375821, 35.627989], [-95.375832, 35.631579], [-95.375873, 35.635379], [-95.375918, 35.638873], [-95.375918, 35.639128], [-95.375785, 35.646139], [-95.375828, 35.653422], [-95.375076, 35.653475], [-95.375644, 35.655639], [-95.375696, 35.656919], [-95.371214, 35.656986], [-95.364864, 35.662605], [-95.358669, 35.667597], [-95.358029, 35.667947], [-95.358073, 35.671493], [-95.358094, 35.689735], [-95.358094, 35.696955], [-95.340329, 35.697067], [-95.340338, 35.718912], [-95.340349, 35.724491], [-95.338303, 35.724894], [-95.338297, 35.726099], [-95.33779, 35.726097], [-95.336757, 35.728341], [-95.336309, 35.733211], [-95.335078, 35.735597], [-95.333057, 35.735608], [-95.331836, 35.737649], [-95.330977, 35.740605], [-95.331128, 35.744876], [-95.330026, 35.744874], [-95.330011, 35.74733], [-95.332439, 35.747266], [-95.332394, 35.748446], [-95.328306, 35.748407], [-95.327467, 35.750079], [-95.331007, 35.750174], [-95.331018, 35.751021], [-95.322777, 35.750605], [-95.322776, 35.755132], [-95.322823, 35.758833], [-95.322861, 35.767365], [-95.320047, 35.767056], [-95.310313, 35.76432], [-95.309568, 35.770507], [-95.309323, 35.773983], [-95.309397, 35.776459], [-95.309853, 35.78074], [-95.310621, 35.784077], [-95.308597, 35.784471], [-95.308755, 35.788551], [-95.304233, 35.789567], [-95.304703, 35.790442], [-95.302515, 35.791011], [-95.302491, 35.792867], [-95.303587, 35.794057], [-95.306929, 35.793821], [-95.309464, 35.792925], [-95.310696, 35.795442], [-95.307496, 35.79641], [-95.306254, 35.798131], [-95.306102, 35.798341], [-95.30525, 35.799656], [-95.307947, 35.800298], [-95.310323, 35.802978], [-95.314268, 35.80601], [-95.318583, 35.808959], [-95.322443, 35.81346], [-95.324002, 35.813394], [-95.324613, 35.815317], [-95.325761, 35.821041], [-95.326086, 35.826161], [-95.325351, 35.829562], [-95.324151, 35.832485], [-95.323544, 35.835264], [-95.324105, 35.842356], [-95.326319, 35.84602], [-95.329565, 35.847777], [-95.333013, 35.848084], [-95.337817, 35.848127], [-95.339028, 35.848485], [-95.342708, 35.855172], [-95.340117, 35.855999], [-95.338178, 35.85523], [-95.33613, 35.857015], [-95.338085, 35.857803], [-95.340556, 35.859464], [-95.340548, 35.885892], [-95.333566, 35.885879], [-95.334364, 35.887854], [-95.334512, 35.893622], [-95.343492, 35.91824], [-95.344366, 35.919703], [-95.353271, 35.929897], [-95.357098, 35.934222], [-95.357433, 35.934603], [-95.366629, 35.94437], [-95.36538, 35.943886], [-95.36156, 35.939687], [-95.36016, 35.938693], [-95.359375, 35.938347], [-95.357397, 35.937903], [-95.35706, 35.937857], [-95.351573, 35.937157], [-95.33027, 35.937057], [-95.330974, 35.937578], [-95.331626, 35.937613], [-95.3325, 35.939673], [-95.335879, 35.942946], [-95.338272, 35.944044], [-95.336949, 35.944571], [-95.332785, 35.943018], [-95.330868, 35.943473], [-95.328279, 35.946678], [-95.328083, 35.947456], [-95.329772, 35.948532], [-95.329209, 35.950432], [-95.32693, 35.952721], [-95.323946, 35.952355], [-95.321103, 35.954232], [-95.320569, 35.957322], [-95.317416, 35.959177], [-95.315191, 35.958788], [-95.314065, 35.959337], [-95.313896, 35.961946], [-95.311362, 35.961374], [-95.309279, 35.963618], [-95.30683, 35.964831], [-95.304634, 35.96673], [-95.305056, 35.96728], [-95.307984, 35.965998], [-95.308941, 35.96657], [-95.304014, 35.970393], [-95.303704, 35.971629], [-95.305253, 35.973162], [-95.308097, 35.974375], [-95.309871, 35.974421], [-95.312022, 35.975491], [-95.313418, 35.974741], [-95.315926, 35.979479], [-95.318179, 35.979867], [-95.320742, 35.979296], [-95.32201, 35.981858], [-95.324966, 35.981331], [-95.328794, 35.979272], [-95.330089, 35.979226], [-95.332733, 35.977819], [-95.337889, 35.974234], [-95.340677, 35.975057], [-95.343098, 35.97437], [-95.345126, 35.976223], [-95.348056, 35.975953], [-95.349952, 35.974041], [-95.351248, 35.975992], [-95.354203, 35.975924], [-95.358674, 35.977236], [-95.359718, 35.97739], [-95.36051, 35.977003], [-95.364395, 35.978853], [-95.366345, 35.982293], [-95.368519, 35.983376], [-95.368528, 35.988056], [-95.368527, 35.99726], [-95.368851, 35.997493], [-95.368557, 35.999898], [-95.368577, 36.002629], [-95.368577, 36.010742], [-95.368592, 36.017177], [-95.368487, 36.02148], [-95.366915, 36.027028], [-95.366941, 36.049805], [-95.366641, 36.052148], [-95.365146, 36.058992], [-95.365063, 36.067644], [-95.364483, 36.075289], [-95.36275, 36.09786], [-95.36038, 36.10985], [-95.35444, 36.13183], [-95.353596, 36.133474], [-95.35329, 36.13393], [-95.35099, 36.13632], [-95.34277, 36.14481], [-95.34214, 36.14596], [-95.34165, 36.14757], [-95.341567, 36.150367], [-95.34186, 36.16254], [-95.34371, 36.16254], [-95.345337, 36.162633], [-95.346485, 36.162652], [-95.43997, 36.16239], [-95.49371, 36.16244], [-95.495528, 36.162279], [-95.49821, 36.16178], [-95.50083, 36.16116], [-95.50272, 36.16109], [-95.50449, 36.16144], [-95.507299, 36.162339], [-95.50804, 36.16243], [-95.51627, 36.16247], [-95.52965, 36.16248], [-95.54721, 36.1625], [-95.60142, 36.16243], [-95.60445, 36.16276], [-95.604994, 36.16243], [-95.607698, 36.163934], [-95.610031, 36.164852], [-95.611628, 36.164726], [-95.618695, 36.164739], [-95.619378, 36.164734], [-95.61969, 36.16465], [-95.619832, 36.162694], [-95.63685, 36.16245], [-95.672684, 36.162333], [-95.690459, 36.16239], [-95.69963, 36.1624], [-95.708224, 36.1619], [-95.71307, 36.16189], [-95.72139, 36.16207], [-95.726407, 36.162449], [-95.732802, 36.162456], [-95.743986, 36.162468], [-95.745278, 36.162469], [-95.754495, 36.162478], [-95.756609, 36.163011], [-95.757516, 36.162846], [-95.76165, 36.16275], [-95.761639, 36.161968], [-95.761651, 36.16055], [-95.779617, 36.160624], [-95.815415, 36.160631], [-95.833353, 36.160645], [-95.851196, 36.16066], [-95.860749, 36.160691], [-95.86641, 36.160722], [-95.868723, 36.160666], [-95.869288, 36.16071], [-95.886718, 36.160721], [-95.894556, 36.160735], [-95.895639, 36.160709], [-95.90457, 36.160741], [-95.9135, 36.160781], [-95.914103, 36.160828], [-95.914498, 36.160834], [-95.92248, 36.160741], [-95.931007, 36.160752], [-95.931407, 36.160738], [-95.933516, 36.160784], [-95.940302, 36.160786], [-95.949231, 36.160775], [-95.957035, 36.160817], [-95.958173, 36.160957], [-95.958178, 36.160747], [-95.962058, 36.160787], [-95.967101, 36.159239], [-95.975627, 36.15938], [-95.979258, 36.159485], [-95.980212, 36.159646], [-95.981719, 36.160005], [-95.983937, 36.160573], [-95.990218, 36.162285], [-95.992861, 36.162213], [-95.99416, 36.161767], [-95.998025, 36.161244], [-95.99804, 36.162213], [-96.001217, 36.162438], [-96.001227, 36.168851], [-96.001231, 36.173323], [-96.001236, 36.176941], [-96.001238, 36.180574], [-96.001249, 36.191717], [-96.001261, 36.205291], [-96.001266, 36.205917], [-96.001276, 36.212991], [-96.001275, 36.219252], [-96.001418, 36.220637], [-96.001416, 36.223827], [-96.001457, 36.226966], [-96.001418, 36.230782], [-96.001399, 36.234953], [-96.001396, 36.242135], [-96.001407, 36.244824], [-96.001409, 36.245225], [-96.001409, 36.245301], [-96.001391, 36.249265], [-96.001313, 36.250019], [-96.001317, 36.279372], [-96.001508, 36.285484], [-96.001518, 36.292506]]]}}, {"type": "Feature", "properties": {"GEOID": "5830", "NAME": "Seminole", "NAMELSAD": "Seminole OTSA", "ihs_facilities": 0, "counties": "Seminole", "county_count": 1, "approx_area_sq_mi": 702, "approx_pop": 23550}, "geometry": {"type": "Polygon", "coordinates": [[[-96.777033, 35.290007], [-96.777089, 35.297257], [-96.777108, 35.304141], [-96.776803, 35.333378], [-96.776766, 35.362072], [-96.776712, 35.383989], [-96.776714, 35.384265], [-96.776694, 35.405417], [-96.776882, 35.405562], [-96.776886, 35.409881], [-96.776695, 35.410886], [-96.775809, 35.411275], [-96.774381, 35.40808], [-96.775093, 35.406726], [-96.774473, 35.405802], [-96.770564, 35.407146], [-96.7692, 35.41062], [-96.767024, 35.408457], [-96.765048, 35.409265], [-96.762372, 35.40923], [-96.760647, 35.407962], [-96.759034, 35.407502], [-96.752593, 35.406972], [-96.749954, 35.406332], [-96.748759, 35.40704], [-96.744271, 35.406589], [-96.742784, 35.406825], [-96.741155, 35.407454], [-96.740119, 35.408862], [-96.741664, 35.412069], [-96.741446, 35.414387], [-96.73686, 35.415452], [-96.735754, 35.413528], [-96.734264, 35.4138], [-96.73314, 35.416557], [-96.736294, 35.417654], [-96.73806, 35.419858], [-96.734933, 35.420442], [-96.731324, 35.423413], [-96.729119, 35.423714], [-96.724807, 35.425007], [-96.721457, 35.424312], [-96.720274, 35.423473], [-96.716876, 35.419181], [-96.717195, 35.41706], [-96.720009, 35.414443], [-96.720368, 35.412628], [-96.718812, 35.411967], [-96.713321, 35.414484], [-96.711746, 35.415521], [-96.709213, 35.415734], [-96.707696, 35.414878], [-96.706445, 35.415129], [-96.705702, 35.416671], [-96.704536, 35.416829], [-96.702399, 35.416048], [-96.701805, 35.414877], [-96.700728, 35.409672], [-96.697089, 35.409426], [-96.695055, 35.408746], [-96.692844, 35.408844], [-96.690412, 35.407688], [-96.690037, 35.406313], [-96.690793, 35.405192], [-96.690002, 35.403856], [-96.688615, 35.403641], [-96.682537, 35.405918], [-96.680222, 35.405084], [-96.679001, 35.402334], [-96.677737, 35.402205], [-96.676906, 35.403814], [-96.675319, 35.403942], [-96.67438, 35.401941], [-96.674556, 35.400388], [-96.672272, 35.40065], [-96.668295, 35.399333], [-96.665411, 35.398912], [-96.661162, 35.395287], [-96.659408, 35.394854], [-96.654854, 35.395465], [-96.653489, 35.394743], [-96.653747, 35.392112], [-96.652425, 35.391649], [-96.646668, 35.392883], [-96.645548, 35.392667], [-96.641402, 35.394812], [-96.636243, 35.39901], [-96.635632, 35.396749], [-96.633823, 35.393116], [-96.632125, 35.392172], [-96.630182, 35.392695], [-96.62866, 35.39599], [-96.625707, 35.399928], [-96.623699, 35.400722], [-96.622639, 35.400256], [-96.621297, 35.398089], [-96.617305, 35.395825], [-96.616029, 35.395698], [-96.613776, 35.396816], [-96.612608, 35.396574], [-96.611392, 35.394227], [-96.610198, 35.394258], [-96.606764, 35.395876], [-96.606372, 35.397978], [-96.606708, 35.399368], [-96.604829, 35.399381], [-96.599717, 35.396955], [-96.597282, 35.398835], [-96.596254, 35.400204], [-96.595, 35.403153], [-96.594004, 35.404278], [-96.591698, 35.408784], [-96.589102, 35.411575], [-96.585654, 35.411474], [-96.581367, 35.409527], [-96.578682, 35.407178], [-96.57745, 35.404787], [-96.577325, 35.402658], [-96.576671, 35.401934], [-96.574218, 35.40194], [-96.569848, 35.40108], [-96.566948, 35.399383], [-96.565418, 35.399367], [-96.561114, 35.400187], [-96.556862, 35.402401], [-96.555566, 35.402437], [-96.554935, 35.401692], [-96.55651, 35.399021], [-96.55673, 35.394974], [-96.554396, 35.39366], [-96.550001, 35.392178], [-96.546585, 35.392608], [-96.541906, 35.39256], [-96.539402, 35.391827], [-96.538291, 35.390932], [-96.536718, 35.390772], [-96.535146, 35.391371], [-96.535096, 35.391455], [-96.534393, 35.393893], [-96.534576, 35.394978], [-96.533768, 35.397152], [-96.5317, 35.399812], [-96.531879, 35.400906], [-96.534551, 35.402708], [-96.537415, 35.403535], [-96.538133, 35.405235], [-96.536919, 35.409689], [-96.537163, 35.41094], [-96.54051, 35.412041], [-96.544049, 35.411842], [-96.546913, 35.412963], [-96.549996, 35.414942], [-96.550009, 35.415739], [-96.548104, 35.417534], [-96.547775, 35.418546], [-96.549188, 35.4196], [-96.551099, 35.420131], [-96.551714, 35.422251], [-96.552633, 35.422987], [-96.554804, 35.422835], [-96.555618, 35.422001], [-96.555485, 35.41984], [-96.556844, 35.418816], [-96.560102, 35.421559], [-96.56082, 35.422691], [-96.560671, 35.424427], [-96.559065, 35.429198], [-96.556313, 35.43262], [-96.555722, 35.434566], [-96.564634, 35.436057], [-96.568476, 35.438165], [-96.569602, 35.439564], [-96.569126, 35.44168], [-96.568159, 35.442218], [-96.565367, 35.442267], [-96.563054, 35.443276], [-96.562339, 35.444178], [-96.561234, 35.447466], [-96.560295, 35.448753], [-96.558695, 35.448915], [-96.556485, 35.447356], [-96.554093, 35.447831], [-96.553286, 35.449907], [-96.554661, 35.45345], [-96.553641, 35.454309], [-96.548918, 35.453543], [-96.54564, 35.452677], [-96.544469, 35.452733], [-96.543684, 35.454141], [-96.54612, 35.456419], [-96.546184, 35.457474], [-96.544121, 35.457827], [-96.543213, 35.457323], [-96.540327, 35.45339], [-96.539282, 35.449769], [-96.536492, 35.447165], [-96.53461, 35.446867], [-96.532335, 35.446371], [-96.529665, 35.444458], [-96.52548, 35.441137], [-96.521552, 35.438493], [-96.519714, 35.435809], [-96.520412, 35.4326], [-96.518633, 35.431205], [-96.511413, 35.429642], [-96.505701, 35.430001], [-96.501573, 35.428723], [-96.496594, 35.428896], [-96.491756, 35.430425], [-96.490996, 35.35761], [-96.490326, 35.347995], [-96.490838, 35.3335], [-96.490534, 35.289976], [-96.490439, 35.271556], [-96.490513, 35.27008], [-96.490424, 35.269058], [-96.490208, 35.202876], [-96.490292, 35.161422], [-96.490547, 35.161163], [-96.490288, 35.161074], [-96.490322, 35.148486], [-96.490321, 35.147867], [-96.490334, 35.144866], [-96.489956, 35.140792], [-96.490369, 35.129874], [-96.490395, 35.122271], [-96.490434, 35.115857], [-96.490468, 35.094062], [-96.490477, 35.086814], [-96.490495, 35.07233], [-96.490521, 35.061405], [-96.490529, 35.057734], [-96.490535, 35.049896], [-96.490577, 35.021293], [-96.490653, 34.966094], [-96.490786, 34.910585], [-96.494387, 34.907385], [-96.496887, 34.904585], [-96.497987, 34.902685], [-96.498487, 34.899085], [-96.499607, 34.896974], [-96.500287, 34.893465], [-96.502224, 34.891874], [-96.504508, 34.888181], [-96.506187, 34.886485], [-96.510486, 34.87862], [-96.512599, 34.875466], [-96.514587, 34.873386], [-96.516987, 34.871586], [-96.519886, 34.870187], [-96.521486, 34.869887], [-96.528587, 34.869586], [-96.530287, 34.869985], [-96.533787, 34.872184], [-96.543762, 34.880097], [-96.545984, 34.88227], [-96.549579, 34.887112], [-96.551767, 34.890914], [-96.552962, 34.893613], [-96.555888, 34.898084], [-96.556588, 34.900884], [-96.556288, 34.904584], [-96.555288, 34.907484], [-96.555389, 34.911284], [-96.556889, 34.914184], [-96.564089, 34.917284], [-96.568689, 34.916584], [-96.571889, 34.916784], [-96.577089, 34.916584], [-96.578489, 34.915984], [-96.584188, 34.91219], [-96.589138, 34.909968], [-96.590363, 34.909168], [-96.592689, 34.907584], [-96.59579, 34.905984], [-96.59879, 34.904884], [-96.603224, 34.903707], [-96.61319, 34.900484], [-96.61649, 34.899684], [-96.62189, 34.898984], [-96.62529, 34.898984], [-96.63319, 34.898584], [-96.636791, 34.898784], [-96.640791, 34.899484], [-96.64449, 34.900583], [-96.64599, 34.901384], [-96.64949, 34.905282], [-96.65309, 34.91038], [-96.655491, 34.915083], [-96.657992, 34.920983], [-96.659292, 34.923083], [-96.662092, 34.925883], [-96.665392, 34.928383], [-96.667692, 34.929583], [-96.683574, 34.933035], [-96.691967, 34.933314], [-96.694154, 34.932792], [-96.699488, 34.930273], [-96.702526, 34.928152], [-96.704596, 34.926281], [-96.706493, 34.923983], [-96.708093, 34.921083], [-96.711492, 34.916282], [-96.712092, 34.913883], [-96.711578, 34.912359], [-96.710934, 34.911715], [-96.70353, 34.909305], [-96.701728, 34.908266], [-96.700615, 34.906908], [-96.695689, 34.903614], [-96.693452, 34.901257], [-96.690144, 34.896272], [-96.689192, 34.895583], [-96.686992, 34.891283], [-96.686303, 34.888546], [-96.68647, 34.883185], [-96.687292, 34.880984], [-96.690407, 34.874997], [-96.694936, 34.870623], [-96.694103, 34.870068], [-96.694182, 34.868495], [-96.697992, 34.866884], [-96.703792, 34.863384], [-96.710093, 34.860883], [-96.712395, 34.859681], [-96.720071, 34.857461], [-96.722891, 34.856782], [-96.727591, 34.857182], [-96.729391, 34.857582], [-96.733692, 34.859684], [-96.737034, 34.862925], [-96.740393, 34.866883], [-96.742093, 34.869383], [-96.747193, 34.881783], [-96.748793, 34.890283], [-96.750094, 34.892983], [-96.755517, 34.899809], [-96.760654, 34.90084], [-96.763407, 34.90038], [-96.767529, 34.900652], [-96.771534, 34.900248], [-96.772561, 34.900638], [-96.775681, 34.899958], [-96.775144, 34.901638], [-96.77543, 34.941609], [-96.775373, 34.970603], [-96.7754, 35.014144], [-96.775365, 35.043224], [-96.775551, 35.082172], [-96.775671, 35.115861], [-96.775675, 35.124268], [-96.775687, 35.12583], [-96.775726, 35.137539], [-96.775786, 35.144707], [-96.776567, 35.174564], [-96.776626, 35.180677], [-96.776741, 35.19543], [-96.776858, 35.217287], [-96.777021, 35.253138], [-96.777042, 35.260413], [-96.776924, 35.26096], [-96.776826, 35.268219], [-96.777147, 35.289861], [-96.777033, 35.290007]]]}}, {"type": "Feature", "properties": {"GEOID": "5780", "NAME": "Pawnee", "NAMELSAD": "Pawnee OTSA", "ihs_facilities": 0, "counties": "Pawnee", "county_count": 1, "approx_area_sq_mi": 665, "approx_pop": 15689}, "geometry": {"type": "Polygon", "coordinates": [[[-96.925556, 36.462694], [-96.923513, 36.463429], [-96.919927, 36.463185], [-96.917536, 36.463933], [-96.912476, 36.467841], [-96.907197, 36.468679], [-96.903784, 36.468973], [-96.901839, 36.468272], [-96.89667, 36.468747], [-96.893202, 36.470193], [-96.890449, 36.472022], [-96.887563, 36.472783], [-96.883977, 36.47249], [-96.877373, 36.470704], [-96.875321, 36.470915], [-96.873936, 36.47262], [-96.870681, 36.474638], [-96.867976, 36.477474], [-96.865584, 36.481168], [-96.860412, 36.485019], [-96.857438, 36.485882], [-96.855814, 36.487696], [-96.851853, 36.491056], [-96.851385, 36.49259], [-96.847619, 36.498862], [-96.842703, 36.505951], [-96.842292, 36.507282], [-96.839017, 36.509697], [-96.837911, 36.511749], [-96.837413, 36.514415], [-96.837175, 36.516221], [-96.837714, 36.520767], [-96.836276, 36.522855], [-96.834366, 36.524605], [-96.831686, 36.5264], [-96.826363, 36.529506], [-96.824108, 36.533453], [-96.82247, 36.535318], [-96.820613, 36.539317], [-96.807895, 36.546951], [-96.802356, 36.551121], [-96.798149, 36.553557], [-96.790883, 36.555562], [-96.789411, 36.556268], [-96.786803, 36.558346], [-96.783215, 36.560515], [-96.780472, 36.561028], [-96.773391, 36.56353], [-96.76947, 36.565407], [-96.766975, 36.565305], [-96.763544, 36.564722], [-96.755094, 36.562562], [-96.753554, 36.562601], [-96.751698, 36.561136], [-96.748705, 36.559526], [-96.746512, 36.557679], [-96.743158, 36.554004], [-96.740583, 36.552988], [-96.737239, 36.550088], [-96.736204, 36.547987], [-96.732669, 36.543233], [-96.730388, 36.538318], [-96.728256, 36.531966], [-96.726952, 36.526125], [-96.725308, 36.522892], [-96.723489, 36.520178], [-96.722888, 36.516818], [-96.723149, 36.508937], [-96.724586, 36.50521], [-96.724851, 36.503204], [-96.719951, 36.496821], [-96.713901, 36.492781], [-96.709665, 36.49118], [-96.707642, 36.489366], [-96.706267, 36.486212], [-96.70556, 36.481124], [-96.705783, 36.478702], [-96.706195, 36.477564], [-96.708276, 36.47482], [-96.710227, 36.470918], [-96.712275, 36.465233], [-96.713259, 36.463406], [-96.717742, 36.455311], [-96.718075, 36.45398], [-96.717526, 36.448185], [-96.717126, 36.445344], [-96.715796, 36.443103], [-96.712225, 36.439705], [-96.710769, 36.437656], [-96.70615, 36.435394], [-96.701998, 36.431369], [-96.694783, 36.426954], [-96.692655, 36.426139], [-96.690165, 36.424108], [-96.682546, 36.421777], [-96.678459, 36.420854], [-96.674514, 36.420422], [-96.667515, 36.421163], [-96.661691, 36.422699], [-96.652896, 36.423538], [-96.647602, 36.423891], [-96.638269, 36.425831], [-96.635727, 36.425908], [-96.632515, 36.423817], [-96.627391, 36.422227], [-96.622474, 36.416369], [-96.621091, 36.411683], [-96.620232, 36.40995], [-96.617091, 36.407822], [-96.614742, 36.407043], [-96.613033, 36.40533], [-96.609291, 36.404735], [-96.606449, 36.403268], [-96.604244, 36.398256], [-96.603567, 36.39364], [-96.602267, 36.386967], [-96.60188, 36.382258], [-96.600545, 36.380628], [-96.595395, 36.3771], [-96.593705, 36.376215], [-96.591248, 36.375072], [-96.590115, 36.374929], [-96.586464, 36.373862], [-96.583094, 36.373511], [-96.578484, 36.373795], [-96.575697, 36.374347], [-96.572128, 36.375987], [-96.569258, 36.377941], [-96.566366, 36.380423], [-96.560955, 36.386278], [-96.554202, 36.391513], [-96.551385, 36.394179], [-96.54852, 36.396329], [-96.540725, 36.400402], [-96.538905, 36.400551], [-96.536341, 36.399875], [-96.531198, 36.396976], [-96.530076, 36.39662], [-96.526598, 36.394223], [-96.52432, 36.390861], [-96.523618, 36.38844], [-96.522397, 36.387061], [-96.520002, 36.380456], [-96.518709, 36.377576], [-96.518629, 36.375053], [-96.519311, 36.373432], [-96.521463, 36.371198], [-96.522022, 36.367272], [-96.523144, 36.365215], [-96.526746, 36.362386], [-96.531138, 36.358265], [-96.534179, 36.355957], [-96.536475, 36.355361], [-96.539234, 36.353892], [-96.546488, 36.352155], [-96.553972, 36.351279], [-96.555373, 36.350783], [-96.559027, 36.348543], [-96.564384, 36.342833], [-96.568471, 36.337878], [-96.572459, 36.332635], [-96.573295, 36.329421], [-96.572831, 36.327041], [-96.573506, 36.320126], [-96.573481, 36.315709], [-96.569307, 36.310828], [-96.566803, 36.308375], [-96.563906, 36.306097], [-96.560577, 36.303974], [-96.555191, 36.301472], [-96.552454, 36.299925], [-96.547026, 36.298126], [-96.536411, 36.296416], [-96.531872, 36.296307], [-96.528893, 36.296557], [-96.525281, 36.296405], [-96.519919, 36.297149], [-96.515229, 36.298332], [-96.513049, 36.299291], [-96.511033, 36.300011], [-96.505712, 36.303045], [-96.502748, 36.30589], [-96.501423, 36.307359], [-96.498696, 36.312137], [-96.497302, 36.317318], [-96.495436, 36.319761], [-96.488096, 36.327919], [-96.486993, 36.329617], [-96.484105, 36.331115], [-96.478612, 36.332676], [-96.474064, 36.333585], [-96.464398, 36.334048], [-96.461255, 36.333713], [-96.456832, 36.332173], [-96.454242, 36.330375], [-96.453269, 36.329403], [-96.445764, 36.321268], [-96.441998, 36.315117], [-96.438533, 36.30505], [-96.43795, 36.294159], [-96.436307, 36.289751], [-96.433812, 36.285889], [-96.427804, 36.280183], [-96.424955, 36.278484], [-96.422427, 36.277456], [-96.415502, 36.276245], [-96.408701, 36.27517], [-96.401306, 36.273467], [-96.392885, 36.270182], [-96.386793, 36.267137], [-96.381478, 36.263583], [-96.379088, 36.261543], [-96.371305, 36.255801], [-96.366169, 36.25272], [-96.362562, 36.250075], [-96.359137, 36.245947], [-96.357794, 36.244376], [-96.351477, 36.23748], [-96.347685, 36.234404], [-96.342892, 36.231576], [-96.339996, 36.230024], [-96.3366, 36.22884], [-96.329507, 36.227095], [-96.326732, 36.226551], [-96.322163, 36.226213], [-96.316515, 36.227534], [-96.313123, 36.22795], [-96.308771, 36.228002], [-96.306331, 36.228314], [-96.301474, 36.228222], [-96.290474, 36.226871], [-96.285746, 36.227175], [-96.279489, 36.227079], [-96.277144, 36.227291], [-96.267329, 36.227448], [-96.259432, 36.226492], [-96.256624, 36.225676], [-96.25396, 36.223772], [-96.251075, 36.220746], [-96.250288, 36.219981], [-96.246344, 36.214681], [-96.244607, 36.210809], [-96.242823, 36.204729], [-96.242873, 36.201896], [-96.243047, 36.200241], [-96.243967, 36.196965], [-96.245583, 36.194141], [-96.247559, 36.191549], [-96.250735, 36.188908], [-96.257727, 36.183661], [-96.264525, 36.179443], [-96.269183, 36.173684], [-96.269439, 36.173096], [-96.270207, 36.167624], [-96.268287, 36.16198], [-96.272711, 36.16208], [-96.273488, 36.16208], [-96.297888, 36.162279], [-96.305349, 36.162322], [-96.329224, 36.162459], [-96.351688, 36.162588], [-96.352699, 36.162593], [-96.371335, 36.1627], [-96.376132, 36.162726], [-96.400806, 36.16288], [-96.422355, 36.163021], [-96.422732, 36.163036], [-96.428131, 36.163057], [-96.440538, 36.163132], [-96.446667, 36.163169], [-96.447961, 36.163177], [-96.512716, 36.163476], [-96.516534, 36.163479], [-96.552798, 36.163495], [-96.570998, 36.1635], [-96.620917, 36.163439], [-96.622093, 36.162787], [-96.62212, 36.159903], [-96.626393, 36.160161], [-96.629061, 36.159841], [-96.641755, 36.159781], [-96.65857, 36.159741], [-96.661484, 36.159639], [-96.704685, 36.159608], [-96.713151, 36.159571], [-96.72449, 36.159492], [-96.727051, 36.159234], [-96.727971, 36.159441], [-96.783975, 36.159232], [-96.785543, 36.159416], [-96.802363, 36.159359], [-96.804712, 36.15904], [-96.819005, 36.158886], [-96.81901, 36.161672], [-96.818996, 36.162437], [-96.818858, 36.187761], [-96.818712, 36.216866], [-96.818888, 36.225516], [-96.818361, 36.229893], [-96.818496, 36.23531], [-96.818968, 36.246478], [-96.837117, 36.246514], [-96.853888, 36.246515], [-96.854138, 36.246541], [-96.871343, 36.246468], [-96.889611, 36.246475], [-96.925069, 36.246474], [-96.924937, 36.247892], [-96.924989, 36.297176], [-96.924986, 36.297334], [-96.924957, 36.318488], [-96.924936, 36.333344], [-96.924854, 36.405805], [-96.926003, 36.461499], [-96.925556, 36.462694]]]}}, {"type": "Feature", "properties": {"GEOID": "5820", "NAME": "Sac and Fox", "NAMELSAD": "Sac and Fox OTSA", "ihs_facilities": 0, "counties": "Lincoln, Payne, Pottawatomie", "county_count": 3, "approx_area_sq_mi": 924, "approx_pop": 189218}, "geometry": {"type": "Polygon", "coordinates": [[[-96.929824, 35.318242], [-96.929867, 35.322782], [-96.929882, 35.327809], [-96.929919, 35.332617], [-96.929913, 35.337136], [-96.929914, 35.337596], [-96.929956, 35.347188], [-96.929885, 35.347192], [-96.929847, 35.354465], [-96.929807, 35.361759], [-96.929776, 35.364729], [-96.929771, 35.369106], [-96.929771, 35.372281], [-96.929808, 35.376312], [-96.929755, 35.384009], [-96.929759, 35.398224], [-96.929764, 35.405464], [-96.929764, 35.416437], [-96.92977, 35.419983], [-96.92977, 35.42733], [-96.929757, 35.432992], [-96.929753, 35.434453], [-96.929738, 35.448977], [-96.929701, 35.463462], [-96.929701, 35.477992], [-96.929556, 35.486618], [-96.929398, 35.521458], [-96.929396, 35.524017], [-96.926862, 35.524238], [-96.926049, 35.525913], [-96.926781, 35.528743], [-96.924106, 35.529539], [-96.928481, 35.529732], [-96.928165, 35.532419], [-96.927419, 35.536078], [-96.927923, 35.53666], [-96.926571, 35.538687], [-96.926611, 35.541165], [-96.929428, 35.54755], [-96.929438, 35.550376], [-96.928487, 35.550372], [-96.928464, 35.572024], [-96.928469, 35.593827], [-96.910582, 35.593937], [-96.910635, 35.600723], [-96.910784, 35.603207], [-96.909815, 35.604322], [-96.908939, 35.608119], [-96.908496, 35.608474], [-96.910612, 35.608586], [-96.910639, 35.608886], [-96.910517, 35.623607], [-96.910987, 35.636709], [-96.910955, 35.640259], [-96.910928, 35.666415], [-96.910997, 35.688344], [-96.911063, 35.695553], [-96.910964, 35.702802], [-96.910939, 35.706437], [-96.910899, 35.713834], [-96.91134, 35.724051], [-96.911353, 35.724426], [-96.912057, 35.726672], [-96.911657, 35.727056], [-96.91133, 35.727113], [-96.911381, 35.730277], [-96.91139, 35.732131], [-96.91135, 35.753728], [-96.911549, 35.797335], [-96.911688, 35.811844], [-96.911665, 35.819034], [-96.911765, 35.826425], [-96.911561, 35.829518], [-96.91198, 35.855314], [-96.912062, 35.869732], [-96.911889, 35.898581], [-96.909596, 35.898588], [-96.90957, 35.909022], [-96.909415, 35.913833], [-96.909532, 35.941545], [-96.909825, 35.970379], [-96.909523, 35.9858], [-96.909564, 36.011073], [-96.909481, 36.02238], [-96.90948, 36.027151], [-96.900992, 36.029581], [-96.890985, 36.031248], [-96.885902, 36.031456], [-96.875306, 36.031211], [-96.872, 36.030537], [-96.866393, 36.02882], [-96.861371, 36.026717], [-96.859823, 36.024861], [-96.852342, 36.024533], [-96.847401, 36.024762], [-96.84366, 36.023843], [-96.840724, 36.022794], [-96.836617, 36.020576], [-96.831539, 36.016396], [-96.830895, 36.014599], [-96.828684, 36.010179], [-96.826929, 36.009857], [-96.822349, 36.008607], [-96.819669, 36.008389], [-96.813379, 36.011159], [-96.810669, 36.014413], [-96.810211, 36.01735], [-96.81008, 36.021175], [-96.810584, 36.025236], [-96.812365, 36.034624], [-96.812831, 36.035827], [-96.817145, 36.042122], [-96.821779, 36.045481], [-96.82529, 36.047741], [-96.82798, 36.048943], [-96.84049, 36.052443], [-96.845719, 36.054832], [-96.846286, 36.055978], [-96.845767, 36.060475], [-96.84525, 36.061832], [-96.843234, 36.063148], [-96.839629, 36.064822], [-96.83675, 36.065792], [-96.833651, 36.066083], [-96.830107, 36.065391], [-96.828262, 36.064417], [-96.826167, 36.063334], [-96.821752, 36.05954], [-96.819529, 36.058588], [-96.818676, 36.057216], [-96.815094, 36.053988], [-96.811482, 36.05222], [-96.810103, 36.051857], [-96.805279, 36.051631], [-96.797626, 36.052552], [-96.795362, 36.053141], [-96.790965, 36.053641], [-96.785555, 36.053891], [-96.77948, 36.05444], [-96.767137, 36.053331], [-96.761367, 36.052441], [-96.75718, 36.051335], [-96.755414, 36.051205], [-96.751621, 36.051761], [-96.747624, 36.051352], [-96.744014, 36.051961], [-96.741309, 36.053164], [-96.740768, 36.054829], [-96.740966, 36.058366], [-96.742857, 36.063789], [-96.745593, 36.069832], [-96.746229, 36.073393], [-96.74564, 36.075688], [-96.74478, 36.076999], [-96.735831, 36.085011], [-96.733882, 36.087076], [-96.730781, 36.089725], [-96.725022, 36.092502], [-96.719168, 36.093211], [-96.713928, 36.093128], [-96.709271, 36.092434], [-96.707537, 36.090114], [-96.699481, 36.086327], [-96.698798, 36.085236], [-96.698037, 36.07982], [-96.696493, 36.076916], [-96.694893, 36.07599], [-96.694905, 36.072986], [-96.696233, 36.0677], [-96.697251, 36.065953], [-96.697554, 36.06399], [-96.697088, 36.059508], [-96.69737, 36.057132], [-96.695396, 36.052444], [-96.693753, 36.049822], [-96.693757, 36.047044], [-96.692618, 36.043841], [-96.693675, 36.041552], [-96.69358, 36.039218], [-96.694603, 36.036457], [-96.694618, 36.035273], [-96.692741, 36.033066], [-96.690132, 36.031197], [-96.683758, 36.027996], [-96.680493, 36.027446], [-96.671887, 36.022916], [-96.667636, 36.019444], [-96.667087, 36.017911], [-96.661504, 36.017373], [-96.657213, 36.018665], [-96.653052, 36.020806], [-96.651721, 36.021816], [-96.650506, 36.02308], [-96.647389, 36.027763], [-96.646728, 36.029856], [-96.645107, 36.033146], [-96.644058, 36.034279], [-96.64325, 36.037794], [-96.64233, 36.039031], [-96.641857, 36.04694], [-96.642018, 36.048805], [-96.640268, 36.051113], [-96.639437, 36.052905], [-96.638099, 36.05357], [-96.633635, 36.05344], [-96.631283, 36.052685], [-96.625299, 36.049134], [-96.622353, 36.046919], [-96.622069, 36.025623], [-96.621732, 36.000409], [-96.621669, 35.995659], [-96.62148, 35.986997], [-96.62103, 35.976406], [-96.621135, 35.971941], [-96.620792, 35.970368], [-96.620357, 35.959306], [-96.619655, 35.941571], [-96.6204, 35.930436], [-96.620142, 35.927198], [-96.620118, 35.922083], [-96.61976, 35.915569], [-96.620007, 35.911635], [-96.619488, 35.864309], [-96.619348, 35.855519], [-96.619494, 35.854344], [-96.619641, 35.820219], [-96.619637, 35.819718], [-96.619594, 35.811926], [-96.619594, 35.811087], [-96.619607, 35.784775], [-96.619607, 35.784385], [-96.619721, 35.770367], [-96.619796, 35.757072], [-96.620082, 35.745626], [-96.620085, 35.745429], [-96.620374, 35.709763], [-96.620356, 35.703505], [-96.62006, 35.701917], [-96.620188, 35.688926], [-96.620814, 35.657103], [-96.620838, 35.655378], [-96.620828, 35.639005], [-96.621068, 35.615085], [-96.621693, 35.551767], [-96.62188, 35.550025], [-96.621666, 35.54945], [-96.621976, 35.542687], [-96.622778, 35.520674], [-96.623727, 35.491658], [-96.624681, 35.462707], [-96.624289, 35.404669], [-96.623717, 35.401889], [-96.623699, 35.400722], [-96.625707, 35.399928], [-96.62866, 35.39599], [-96.630182, 35.392695], [-96.632125, 35.392172], [-96.633823, 35.393116], [-96.635632, 35.396749], [-96.636243, 35.39901], [-96.641402, 35.394812], [-96.645548, 35.392667], [-96.646668, 35.392883], [-96.652425, 35.391649], [-96.653747, 35.392112], [-96.653489, 35.394743], [-96.654854, 35.395465], [-96.659408, 35.394854], [-96.661162, 35.395287], [-96.665411, 35.398912], [-96.668295, 35.399333], [-96.672272, 35.40065], [-96.674556, 35.400388], [-96.67438, 35.401941], [-96.675319, 35.403942], [-96.676906, 35.403814], [-96.677737, 35.402205], [-96.679001, 35.402334], [-96.680222, 35.405084], [-96.682537, 35.405918], [-96.688615, 35.403641], [-96.690002, 35.403856], [-96.690793, 35.405192], [-96.690037, 35.406313], [-96.690412, 35.407688], [-96.692844, 35.408844], [-96.695055, 35.408746], [-96.697089, 35.409426], [-96.700728, 35.409672], [-96.701805, 35.414877], [-96.702399, 35.416048], [-96.704536, 35.416829], [-96.705702, 35.416671], [-96.706445, 35.415129], [-96.707696, 35.414878], [-96.709213, 35.415734], [-96.711746, 35.415521], [-96.713321, 35.414484], [-96.718812, 35.411967], [-96.720368, 35.412628], [-96.720009, 35.414443], [-96.717195, 35.41706], [-96.716876, 35.419181], [-96.720274, 35.423473], [-96.721457, 35.424312], [-96.724807, 35.425007], [-96.729119, 35.423714], [-96.731324, 35.423413], [-96.734933, 35.420442], [-96.73806, 35.419858], [-96.736294, 35.417654], [-96.73314, 35.416557], [-96.734264, 35.4138], [-96.735754, 35.413528], [-96.73686, 35.415452], [-96.741446, 35.414387], [-96.741664, 35.412069], [-96.740119, 35.408862], [-96.741155, 35.407454], [-96.742784, 35.406825], [-96.744271, 35.406589], [-96.748759, 35.40704], [-96.749954, 35.406332], [-96.752593, 35.406972], [-96.759034, 35.407502], [-96.760647, 35.407962], [-96.762372, 35.40923], [-96.765048, 35.409265], [-96.767024, 35.408457], [-96.7692, 35.41062], [-96.770564, 35.407146], [-96.774473, 35.405802], [-96.775093, 35.406726], [-96.774381, 35.40808], [-96.775809, 35.411275], [-96.776695, 35.410886], [-96.780056, 35.409021], [-96.780167, 35.406456], [-96.782314, 35.406673], [-96.788234, 35.410348], [-96.790513, 35.410463], [-96.793815, 35.412322], [-96.797744, 35.411751], [-96.800294, 35.411182], [-96.801578, 35.409981], [-96.806684, 35.409313], [-96.811133, 35.409371], [-96.814273, 35.410435], [-96.817705, 35.410921], [-96.819657, 35.411941], [-96.82264, 35.413933], [-96.823227, 35.415666], [-96.821863, 35.415862], [-96.820199, 35.415034], [-96.818641, 35.415923], [-96.818468, 35.416819], [-96.820509, 35.419841], [-96.818355, 35.422609], [-96.820562, 35.425431], [-96.82171, 35.425517], [-96.822874, 35.422783], [-96.823948, 35.421855], [-96.825517, 35.42087], [-96.826717, 35.421332], [-96.829603, 35.421231], [-96.830403, 35.422574], [-96.829053, 35.425855], [-96.829489, 35.426883], [-96.831798, 35.426429], [-96.83201, 35.425281], [-96.833193, 35.424677], [-96.835494, 35.426067], [-96.835068, 35.427595], [-96.832498, 35.430126], [-96.83252, 35.431316], [-96.834333, 35.430998], [-96.835783, 35.429873], [-96.838828, 35.429639], [-96.84181, 35.430702], [-96.842947, 35.432061], [-96.844213, 35.431695], [-96.84591, 35.429243], [-96.847629, 35.427788], [-96.849756, 35.427864], [-96.851028, 35.43066], [-96.852372, 35.430434], [-96.853025, 35.427764], [-96.854365, 35.426177], [-96.856404, 35.426483], [-96.858491, 35.428297], [-96.860391, 35.429048], [-96.862689, 35.429326], [-96.86591, 35.427716], [-96.868814, 35.426748], [-96.868087, 35.42439], [-96.86626, 35.422691], [-96.866885, 35.420643], [-96.867916, 35.419948], [-96.867985, 35.419909], [-96.868887, 35.419255], [-96.86928, 35.418685], [-96.872163, 35.41611], [-96.8724, 35.413103], [-96.873835, 35.412206], [-96.875279, 35.409132], [-96.875966, 35.405377], [-96.876568, 35.40459], [-96.876051, 35.399119], [-96.875344, 35.400169], [-96.873999, 35.399971], [-96.874968, 35.39626], [-96.873228, 35.394064], [-96.870553, 35.395835], [-96.869611, 35.400361], [-96.867696, 35.401299], [-96.8647, 35.399395], [-96.863897, 35.397189], [-96.86432, 35.395205], [-96.863126, 35.394574], [-96.862959, 35.391152], [-96.862954, 35.389828], [-96.862571, 35.388962], [-96.86228, 35.387595], [-96.859626, 35.380472], [-96.857458, 35.378929], [-96.856271, 35.376552], [-96.856183, 35.374766], [-96.854923, 35.372907], [-96.85277, 35.372069], [-96.851526, 35.372808], [-96.853395, 35.374302], [-96.850746, 35.375927], [-96.848421, 35.376392], [-96.846611, 35.377863], [-96.845663, 35.376134], [-96.842493, 35.375179], [-96.844151, 35.376859], [-96.842327, 35.377734], [-96.841229, 35.376804], [-96.840843, 35.375928], [-96.840412, 35.375084], [-96.842877, 35.373975], [-96.841742, 35.372471], [-96.839333, 35.372793], [-96.837553, 35.374043], [-96.835081, 35.373942], [-96.833737, 35.372806], [-96.834176, 35.371259], [-96.836058, 35.37095], [-96.837797, 35.369244], [-96.837745, 35.368051], [-96.835539, 35.365643], [-96.832449, 35.36554], [-96.83156, 35.36735], [-96.8303, 35.36726], [-96.828869, 35.365745], [-96.826691, 35.365153], [-96.826462, 35.361453], [-96.826563, 35.360201], [-96.825052, 35.358668], [-96.826132, 35.356844], [-96.825429, 35.354431], [-96.827878, 35.353848], [-96.829436, 35.352565], [-96.833028, 35.351295], [-96.832258, 35.349755], [-96.828975, 35.345979], [-96.829261, 35.344055], [-96.830735, 35.342325], [-96.833924, 35.341632], [-96.836413, 35.34064], [-96.838008, 35.34094], [-96.840592, 35.343438], [-96.844289, 35.343941], [-96.843411, 35.344806], [-96.844747, 35.345696], [-96.84575, 35.343817], [-96.846934, 35.34358], [-96.851098, 35.344646], [-96.855488, 35.344322], [-96.857619, 35.345372], [-96.857681, 35.347652], [-96.859016, 35.34936], [-96.861689, 35.350811], [-96.865348, 35.351885], [-96.869782, 35.350548], [-96.870482, 35.349365], [-96.868665, 35.345764], [-96.868668, 35.344255], [-96.867611, 35.342684], [-96.868131, 35.340813], [-96.867663, 35.338944], [-96.868, 35.336905], [-96.868857, 35.335881], [-96.869366, 35.332902], [-96.86967, 35.330926], [-96.870514, 35.330316], [-96.872565, 35.331516], [-96.875367, 35.331677], [-96.875902, 35.329611], [-96.878294, 35.328109], [-96.881486, 35.328032], [-96.882309, 35.327426], [-96.881689, 35.325163], [-96.880009, 35.324815], [-96.879328, 35.323783], [-96.878991, 35.325439], [-96.876892, 35.325578], [-96.876775, 35.32389], [-96.877843, 35.322385], [-96.877288, 35.320603], [-96.879191, 35.318667], [-96.88116, 35.31767], [-96.884079, 35.318727], [-96.885485, 35.318125], [-96.88723, 35.317056], [-96.887928, 35.315615], [-96.888073, 35.315516], [-96.88828, 35.315444], [-96.888385, 35.315437], [-96.891194, 35.316198], [-96.891589, 35.316215], [-96.892087, 35.316069], [-96.892579, 35.31583], [-96.893778, 35.315083], [-96.893835, 35.31495], [-96.895741, 35.31509], [-96.898927, 35.314176], [-96.903154, 35.311441], [-96.906029, 35.311724], [-96.908592, 35.314622], [-96.911746, 35.314812], [-96.912431, 35.314709], [-96.918912, 35.313956], [-96.923317, 35.314968], [-96.926424, 35.316428], [-96.929712, 35.316499], [-96.930508, 35.316307], [-96.929824, 35.318242]]]}}, {"type": "Feature", "properties": {"GEOID": "5540", "NAME": "Caddo-Wichita-Delaware", "NAMELSAD": "Caddo-Wichita-Delaware OTSA", "ihs_facilities": 0, "counties": "Caddo", "county_count": 1, "approx_area_sq_mi": 1270, "approx_pop": 26626}, "geometry": {"type": "Polygon", "coordinates": [[[-98.632212, 35.667496], [-98.632181, 35.669387], [-98.631984, 35.717696], [-98.632204, 35.74481], [-98.627275, 35.743134], [-98.625284, 35.743244], [-98.619224, 35.740735], [-98.615349, 35.737461], [-98.613344, 35.733153], [-98.613989, 35.729497], [-98.61314, 35.727448], [-98.613726, 35.727031], [-98.611889, 35.725273], [-98.608851, 35.72178], [-98.607571, 35.720888], [-98.603006, 35.719608], [-98.60036, 35.716561], [-98.595602, 35.714437], [-98.594559, 35.712841], [-98.593947, 35.710129], [-98.594735, 35.708409], [-98.593978, 35.707051], [-98.595132, 35.706332], [-98.595566, 35.703696], [-98.596713, 35.700643], [-98.598077, 35.699306], [-98.598666, 35.697118], [-98.598333, 35.695459], [-98.597143, 35.693252], [-98.596806, 35.689064], [-98.594975, 35.687475], [-98.593272, 35.684105], [-98.589915, 35.679959], [-98.590338, 35.675557], [-98.588876, 35.671353], [-98.585029, 35.671409], [-98.583026, 35.670536], [-98.589858, 35.666165], [-98.588296, 35.664362], [-98.588148, 35.663152], [-98.588872, 35.658833], [-98.587384, 35.657932], [-98.586027, 35.654875], [-98.583462, 35.653418], [-98.577382, 35.651494], [-98.572885, 35.649351], [-98.571401, 35.648124], [-98.570892, 35.647755], [-98.570085, 35.64709], [-98.569325, 35.646595], [-98.568858, 35.646212], [-98.568276, 35.645584], [-98.566106, 35.641726], [-98.566332, 35.638573], [-98.568387, 35.636776], [-98.567082, 35.634678], [-98.565502, 35.630588], [-98.562151, 35.627314], [-98.559359, 35.625935], [-98.555901, 35.623334], [-98.553752, 35.621171], [-98.552749, 35.618867], [-98.552845, 35.616484], [-98.554101, 35.613369], [-98.553691, 35.61274], [-98.549157, 35.607964], [-98.544924, 35.604352], [-98.54436, 35.603185], [-98.541692, 35.601221], [-98.538404, 35.599684], [-98.534443, 35.59829], [-98.531856, 35.596786], [-98.525493, 35.594716], [-98.525225, 35.591247], [-98.524632, 35.591102], [-98.51964, 35.592604], [-98.517118, 35.591473], [-98.5133, 35.58702], [-98.511323, 35.58351], [-98.508548, 35.579796], [-98.50881, 35.576462], [-98.507044, 35.574916], [-98.505789, 35.569873], [-98.50348, 35.567642], [-98.501204, 35.564659], [-98.498774, 35.563162], [-98.491318, 35.559181], [-98.486145, 35.55766], [-98.477542, 35.558219], [-98.473974, 35.557043], [-98.471876, 35.557396], [-98.470507, 35.559152], [-98.470127, 35.561185], [-98.468296, 35.562203], [-98.466426, 35.561923], [-98.465617, 35.561021], [-98.459209, 35.558378], [-98.456634, 35.558093], [-98.45437, 35.555593], [-98.453576, 35.553523], [-98.453889, 35.551564], [-98.449692, 35.551565], [-98.449325, 35.551822], [-98.445774, 35.552983], [-98.442659, 35.552591], [-98.441315, 35.55157], [-98.438808, 35.551565], [-98.431625, 35.551572], [-98.42931, 35.552152], [-98.425467, 35.554094], [-98.423859, 35.555883], [-98.422283, 35.558883], [-98.419564, 35.560913], [-98.416591, 35.562673], [-98.414206, 35.56477], [-98.410925, 35.566282], [-98.406561, 35.566873], [-98.400618, 35.567082], [-98.396828, 35.566637], [-98.394392, 35.565744], [-98.392637, 35.5645], [-98.390898, 35.563948], [-98.385126, 35.563665], [-98.383194, 35.56456], [-98.380808, 35.566363], [-98.378722, 35.567239], [-98.376086, 35.567399], [-98.372567, 35.566336], [-98.363801, 35.56513], [-98.36085, 35.564006], [-98.35975, 35.561354], [-98.361058, 35.559209], [-98.360343, 35.55752], [-98.356305, 35.556924], [-98.352434, 35.554555], [-98.348996, 35.554252], [-98.346579, 35.555533], [-98.344703, 35.555552], [-98.341119, 35.554499], [-98.34027, 35.553766], [-98.34024, 35.551431], [-98.341131, 35.550142], [-98.340383, 35.547672], [-98.338, 35.546232], [-98.335041, 35.542718], [-98.333896, 35.541943], [-98.331856, 35.541675], [-98.328951, 35.542599], [-98.327192, 35.541803], [-98.324788, 35.541627], [-98.318712, 35.543013], [-98.315932, 35.543046], [-98.307571, 35.541047], [-98.306213, 35.540824], [-98.304037, 35.538959], [-98.301478, 35.537729], [-98.299526, 35.534531], [-98.297967, 35.533681], [-98.297368, 35.532436], [-98.294717, 35.530192], [-98.291671, 35.530675], [-98.288607, 35.530352], [-98.28543, 35.528244], [-98.281747, 35.528463], [-98.277042, 35.527511], [-98.27523, 35.525708], [-98.271561, 35.524594], [-98.266914, 35.522197], [-98.263773, 35.521651], [-98.262542, 35.520531], [-98.258856, 35.518821], [-98.256974, 35.518782], [-98.253753, 35.516519], [-98.253324, 35.515826], [-98.252435, 35.514399], [-98.252134, 35.511709], [-98.250777, 35.509278], [-98.251326, 35.506621], [-98.248995, 35.503335], [-98.248789, 35.500615], [-98.250255, 35.5014], [-98.248356, 35.499273], [-98.249162, 35.49802], [-98.248749, 35.496706], [-98.244602, 35.497498], [-98.241637, 35.494414], [-98.24096, 35.492917], [-98.240554, 35.489728], [-98.238875, 35.487015], [-98.239557, 35.485376], [-98.237085, 35.481486], [-98.235701, 35.480905], [-98.235861, 35.4797], [-98.234731, 35.477738], [-98.232433, 35.476587], [-98.2327, 35.474428], [-98.232068, 35.472883], [-98.22906, 35.471853], [-98.228037, 35.47012], [-98.228655, 35.469079], [-98.227835, 35.468192], [-98.222998, 35.467216], [-98.218459, 35.465574], [-98.216485, 35.463991], [-98.211813, 35.463191], [-98.209698, 35.46238], [-98.207003, 35.460583], [-98.205481, 35.458511], [-98.202561, 35.457826], [-98.200399, 35.455332], [-98.196149, 35.454297], [-98.192886, 35.452932], [-98.188731, 35.452242], [-98.186186, 35.452187], [-98.184481, 35.452949], [-98.180741, 35.450165], [-98.177374, 35.44942], [-98.174994, 35.451012], [-98.174329, 35.452332], [-98.169307, 35.456845], [-98.165199, 35.459287], [-98.162177, 35.460548], [-98.160479, 35.460559], [-98.157625, 35.458455], [-98.153859, 35.456449], [-98.148071, 35.454714], [-98.144407, 35.452691], [-98.139686, 35.451134], [-98.137566, 35.449006], [-98.137378, 35.448073], [-98.134446, 35.446018], [-98.134418, 35.443142], [-98.133668, 35.441309], [-98.131903, 35.439456], [-98.131859, 35.43791], [-98.12981, 35.435251], [-98.127776, 35.434174], [-98.124947, 35.430966], [-98.124806, 35.429222], [-98.12074, 35.425735], [-98.119141, 35.425543], [-98.114619, 35.422384], [-98.114056, 35.420917], [-98.114886, 35.418038], [-98.112476, 35.415994], [-98.104338, 35.413317], [-98.099124, 35.412649], [-98.097033, 35.411662], [-98.095174, 35.412514], [-98.09291, 35.412606], [-98.090204, 35.411719], [-98.087265, 35.412896], [-98.084627, 35.412978], [-98.081225, 35.412357], [-98.078593, 35.411386], [-98.076366, 35.411199], [-98.074818, 35.409946], [-98.070698, 35.409563], [-98.067748, 35.408524], [-98.066265, 35.409598], [-98.062537, 35.408124], [-98.05978, 35.407848], [-98.05554, 35.405117], [-98.052819, 35.401777], [-98.052003, 35.399501], [-98.052264, 35.395375], [-98.053007, 35.394007], [-98.055608, 35.391498], [-98.058147, 35.389962], [-98.05741, 35.386123], [-98.053828, 35.384652], [-98.050325, 35.384411], [-98.04802, 35.385094], [-98.045902, 35.386542], [-98.04288, 35.387745], [-98.039686, 35.388397], [-98.038787, 35.389797], [-98.035947, 35.390597], [-98.031999, 35.389678], [-98.029867, 35.387901], [-98.027979, 35.383897], [-98.025467, 35.382836], [-98.023126, 35.382662], [-98.017453, 35.377911], [-98.01638, 35.376563], [-98.016088, 35.374425], [-98.011705, 35.37141], [-98.009872, 35.369354], [-98.008864, 35.366797], [-98.010996, 35.365518], [-98.012083, 35.363716], [-98.011969, 35.362058], [-98.010836, 35.360769], [-98.006399, 35.360381], [-98.003969, 35.362149], [-98.003458, 35.364069], [-98.001489, 35.364359], [-97.999176, 35.36248], [-98.000356, 35.334848], [-97.999734, 35.319778], [-97.999699, 35.305768], [-98.000011, 35.30541], [-97.999713, 35.247216], [-97.999726, 35.203662], [-97.999612, 35.087479], [-97.999642, 35.086694], [-98.000832, 35.085832], [-98.001873, 35.087731], [-98.002418, 35.088671], [-98.005288, 35.088949], [-98.008437, 35.087003], [-98.00877, 35.08879], [-98.01267, 35.089639], [-98.013757, 35.09051], [-98.015958, 35.089297], [-98.015149, 35.091129], [-98.012166, 35.093807], [-98.010298, 35.09628], [-98.008931, 35.098798], [-98.008315, 35.102119], [-98.009903, 35.102623], [-98.010739, 35.10386], [-98.013051, 35.104251], [-98.013776, 35.103198], [-98.015477, 35.102946], [-98.015227, 35.100977], [-98.017345, 35.100107], [-98.019602, 35.101436], [-98.021133, 35.103017], [-98.019711, 35.105536], [-98.017091, 35.106818], [-98.017898, 35.107734], [-98.017228, 35.109543], [-98.017199, 35.112085], [-98.018983, 35.111216], [-98.020348, 35.11172], [-98.020822, 35.114445], [-98.022367, 35.114981], [-98.022384, 35.116442], [-98.020513, 35.117445], [-98.02054, 35.119574], [-98.022715, 35.118018], [-98.026755, 35.121111], [-98.029625, 35.122375], [-98.032245, 35.123105], [-98.036455, 35.120908], [-98.034058, 35.119739], [-98.032615, 35.116751], [-98.03236, 35.114998], [-98.035482, 35.112892], [-98.038659, 35.113305], [-98.038838, 35.111696], [-98.043286, 35.112069], [-98.045349, 35.111039], [-98.049, 35.11152], [-98.049669, 35.110009], [-98.051703, 35.108749], [-98.051481, 35.107238], [-98.047969, 35.106344], [-98.047468, 35.104443], [-98.04928, 35.104145], [-98.049586, 35.105588], [-98.05176, 35.104993], [-98.052122, 35.10623], [-98.054267, 35.10765], [-98.055131, 35.106711], [-98.053738, 35.1041], [-98.053739, 35.101947], [-98.056219, 35.102841], [-98.057835, 35.102818], [-98.058476, 35.104513], [-98.063493, 35.106368], [-98.06497, 35.10607], [-98.069791, 35.105704], [-98.067729, 35.103001], [-98.064105, 35.102314], [-98.063241, 35.101261], [-98.066503, 35.098215], [-98.067924, 35.0981], [-98.068704, 35.099108], [-98.070348, 35.098169], [-98.068704, 35.095924], [-98.069122, 35.094802], [-98.071239, 35.09423], [-98.072716, 35.096588], [-98.076729, 35.093954], [-98.077982, 35.093725], [-98.078679, 35.091847], [-98.082746, 35.090335], [-98.083889, 35.091824], [-98.085087, 35.089625], [-98.084501, 35.088457], [-98.086117, 35.087724], [-98.086786, 35.088823], [-98.086397, 35.090655], [-98.087344, 35.091113], [-98.089127, 35.089486], [-98.092386, 35.088649], [-98.09612, 35.088477], [-98.095034, 35.091134], [-98.097597, 35.090744], [-98.099075, 35.091522], [-98.09902, 35.093538], [-98.096652, 35.094409], [-98.095955, 35.09544], [-98.098937, 35.096492], [-98.099579, 35.098943], [-98.100415, 35.099653], [-98.103592, 35.0994], [-98.104818, 35.098483], [-98.104931, 35.101071], [-98.107217, 35.101574], [-98.107216, 35.100017], [-98.10964, 35.099123], [-98.11095, 35.099855], [-98.111425, 35.101504], [-98.112594, 35.100358], [-98.11591, 35.099716], [-98.118447, 35.10086], [-98.119086, 35.09921], [-98.120451, 35.098248], [-98.120896, 35.096164], [-98.123125, 35.096598], [-98.124437, 35.099826], [-98.125643, 35.100031], [-98.126994, 35.09836], [-98.124937, 35.096436], [-98.124838, 35.094788], [-98.127083, 35.092153], [-98.12856, 35.091192], [-98.130232, 35.091399], [-98.130899, 35.093689], [-98.132376, 35.093369], [-98.133909, 35.091904], [-98.133688, 35.090141], [-98.135499, 35.089386], [-98.136585, 35.090302], [-98.135413, 35.093119], [-98.134298, 35.093966], [-98.13374, 35.095706], [-98.134909, 35.097264], [-98.135689, 35.096852], [-98.136304, 35.095043], [-98.139314, 35.093922], [-98.138423, 35.092708], [-98.140596, 35.09319], [-98.144164, 35.091153], [-98.145279, 35.089917], [-98.141129, 35.086777], [-98.143358, 35.086114], [-98.143972, 35.085038], [-98.140852, 35.083525], [-98.140464, 35.081532], [-98.141551, 35.080273], [-98.144588, 35.078694], [-98.145786, 35.079839], [-98.149435, 35.081169], [-98.1508, 35.080482], [-98.152613, 35.078124], [-98.156346, 35.077713], [-98.159716, 35.076869], [-98.159044, 35.078384], [-98.159989, 35.080255], [-98.160963, 35.080621], [-98.162104, 35.079324], [-98.168813, 35.078318], [-98.17048, 35.081012], [-98.16981, 35.082126], [-98.170699, 35.083551], [-98.168104, 35.085624], [-98.170762, 35.087041], [-98.170945, 35.087827], [-98.168498, 35.088848], [-98.166441, 35.088226], [-98.166001, 35.090343], [-98.16776, 35.091476], [-98.171916, 35.092511], [-98.173672, 35.092054], [-98.175288, 35.090313], [-98.178825, 35.089998], [-98.179579, 35.089993], [-98.180275, 35.092467], [-98.181334, 35.092673], [-98.183563, 35.091642], [-98.187492, 35.089077], [-98.190893, 35.088917], [-98.19432, 35.090039], [-98.195713, 35.09178], [-98.195964, 35.093748], [-98.193763, 35.092558], [-98.191561, 35.09281], [-98.191422, 35.093612], [-98.19354, 35.09471], [-98.194989, 35.09652], [-98.196271, 35.094779], [-98.197998, 35.094252], [-98.198834, 35.095351], [-98.198667, 35.098306], [-98.199782, 35.098764], [-98.200395, 35.097161], [-98.202234, 35.096565], [-98.201314, 35.095351], [-98.201843, 35.094298], [-98.20385, 35.095511], [-98.205104, 35.094526], [-98.205527, 35.092819], [-98.207273, 35.090006], [-98.209124, 35.089346], [-98.210589, 35.087916], [-98.212355, 35.089258], [-98.211931, 35.091182], [-98.214209, 35.091041], [-98.215461, 35.09224], [-98.214306, 35.094263], [-98.216284, 35.095358], [-98.217766, 35.093019], [-98.218246, 35.091318], [-98.221387, 35.090043], [-98.222965, 35.091544], [-98.220802, 35.092914], [-98.225033, 35.094544], [-98.227108, 35.094987], [-98.229068, 35.092869], [-98.230993, 35.094917], [-98.234578, 35.092039], [-98.233271, 35.090132], [-98.230181, 35.090485], [-98.229027, 35.086893], [-98.229093, 35.086757], [-98.229427, 35.08655], [-98.230095, 35.086527], [-98.230653, 35.086619], [-98.231125, 35.086898], [-98.23305, 35.088038], [-98.233587, 35.088252], [-98.236326, 35.090679], [-98.236873, 35.090608], [-98.240278, 35.086448], [-98.243701, 35.084585], [-98.246834, 35.083199], [-98.248616, 35.083541], [-98.249622, 35.083722], [-98.249428, 35.085011], [-98.246797, 35.086159], [-98.248174, 35.08773], [-98.253326, 35.088159], [-98.254955, 35.087344], [-98.257008, 35.08846], [-98.259894, 35.089008], [-98.261753, 35.087716], [-98.260673, 35.086282], [-98.262443, 35.084016], [-98.262514, 35.082441], [-98.261186, 35.081538], [-98.261686, 35.079976], [-98.265277, 35.078952], [-98.265964, 35.078042], [-98.26579, 35.074548], [-98.267535, 35.073442], [-98.269236, 35.072496], [-98.271232, 35.070469], [-98.27401, 35.071143], [-98.277621, 35.067381], [-98.274225, 35.064602], [-98.272942, 35.064649], [-98.272728, 35.066407], [-98.273655, 35.068759], [-98.27097, 35.068497], [-98.270163, 35.067262], [-98.270101, 35.063302], [-98.272301, 35.06168], [-98.271992, 35.05823], [-98.272583, 35.055065], [-98.274741, 35.052967], [-98.277057, 35.054622], [-98.280402, 35.053291], [-98.280201, 35.050349], [-98.282176, 35.049745], [-98.28411, 35.050833], [-98.284796, 35.049624], [-98.283546, 35.045553], [-98.284715, 35.045029], [-98.28939, 35.047528], [-98.290519, 35.046681], [-98.295315, 35.047205], [-98.29862, 35.046117], [-98.297814, 35.0439], [-98.296565, 35.042973], [-98.297572, 35.041764], [-98.300515, 35.042409], [-98.300595, 35.044545], [-98.302973, 35.046802], [-98.305916, 35.046681], [-98.308334, 35.047246], [-98.311644, 35.046484], [-98.31194, 35.047462], [-98.310436, 35.049431], [-98.311717, 35.050988], [-98.313138, 35.049591], [-98.314725, 35.049408], [-98.314948, 35.05211], [-98.319933, 35.0555], [-98.316647, 35.05637], [-98.315254, 35.058271], [-98.311271, 35.057561], [-98.310464, 35.059027], [-98.311578, 35.060699], [-98.310686, 35.062073], [-98.311188, 35.06402], [-98.313862, 35.06512], [-98.315422, 35.064364], [-98.315561, 35.062852], [-98.317009, 35.062302], [-98.317427, 35.065394], [-98.319433, 35.067753], [-98.319377, 35.068647], [-98.317316, 35.067914], [-98.317399, 35.066425], [-98.315895, 35.066196], [-98.315032, 35.068028], [-98.315962, 35.069356], [-98.316257, 35.070767], [-98.31921, 35.072128], [-98.319071, 35.072884], [-98.316007, 35.073067], [-98.31414, 35.07506], [-98.31428, 35.078014], [-98.316063, 35.079274], [-98.32013, 35.078587], [-98.324811, 35.078816], [-98.326287, 35.080304], [-98.326483, 35.082572], [-98.322499, 35.083396], [-98.321357, 35.085275], [-98.324449, 35.086946], [-98.325202, 35.085664], [-98.328573, 35.085778], [-98.329633, 35.088183], [-98.328352, 35.091756], [-98.330052, 35.093565], [-98.332086, 35.093152], [-98.331725, 35.096541], [-98.334678, 35.096334], [-98.334957, 35.097113], [-98.33214, 35.09922], [-98.333093, 35.100998], [-98.33167, 35.103904], [-98.3339, 35.104488], [-98.335824, 35.106206], [-98.337078, 35.109229], [-98.338471, 35.107396], [-98.340952, 35.1068], [-98.342511, 35.109951], [-98.343239, 35.111518], [-98.343239, 35.113281], [-98.345107, 35.113212], [-98.345692, 35.112685], [-98.346714, 35.109954], [-98.348713, 35.105895], [-98.349324, 35.105393], [-98.3502, 35.105153], [-98.354717, 35.106361], [-98.35669, 35.106011], [-98.356772, 35.102847], [-98.354552, 35.102672], [-98.354825, 35.099787], [-98.356789, 35.100293], [-98.359232, 35.100634], [-98.36121, 35.099305], [-98.362128, 35.097472], [-98.361765, 35.095754], [-98.359843, 35.096671], [-98.358393, 35.096672], [-98.356859, 35.095504], [-98.358223, 35.093053], [-98.356733, 35.091805], [-98.354492, 35.091406], [-98.356742, 35.089459], [-98.363149, 35.087155], [-98.365212, 35.084292], [-98.364041, 35.081394], [-98.363263, 35.084302], [-98.359695, 35.084418], [-98.356795, 35.082845], [-98.355486, 35.082482], [-98.355173, 35.080537], [-98.354064, 35.076748], [-98.355289, 35.075167], [-98.357127, 35.075442], [-98.357073, 35.077205], [-98.355903, 35.077984], [-98.356043, 35.079427], [-98.358829, 35.078831], [-98.358548, 35.074616], [-98.359746, 35.074135], [-98.361417, 35.074776], [-98.362505, 35.076539], [-98.360332, 35.07725], [-98.360723, 35.078647], [-98.362005, 35.078784], [-98.36493, 35.077637], [-98.364874, 35.076446], [-98.363256, 35.074775], [-98.364008, 35.07324], [-98.365661, 35.072896], [-98.372007, 35.073488], [-98.372205, 35.074505], [-98.37028, 35.0768], [-98.372008, 35.078384], [-98.374451, 35.078923], [-98.375203, 35.078904], [-98.375609, 35.078694], [-98.37584, 35.078343], [-98.37585, 35.077952], [-98.3756, 35.077521], [-98.374545, 35.076233], [-98.374472, 35.075672], [-98.374051, 35.07345], [-98.374493, 35.073186], [-98.377853, 35.074083], [-98.378047, 35.075342], [-98.381419, 35.073878], [-98.38348, 35.074498], [-98.385348, 35.072368], [-98.389639, 35.072369], [-98.390418, 35.072759], [-98.389581, 35.07537], [-98.390026, 35.076171], [-98.393063, 35.075806], [-98.395097, 35.076173], [-98.398636, 35.075785], [-98.400726, 35.074091], [-98.402453, 35.074275], [-98.402369, 35.076886], [-98.398161, 35.079473], [-98.398689, 35.080412], [-98.401364, 35.079748], [-98.406128, 35.080643], [-98.40546, 35.078582], [-98.406269, 35.077597], [-98.410363, 35.081858], [-98.411476, 35.085111], [-98.413287, 35.086737], [-98.414262, 35.086165], [-98.413677, 35.084378], [-98.415099, 35.08321], [-98.416269, 35.083325], [-98.417717, 35.085181], [-98.416518, 35.087402], [-98.416685, 35.088662], [-98.417911, 35.088983], [-98.421032, 35.086922], [-98.423429, 35.086098], [-98.425212, 35.086304], [-98.424877, 35.087793], [-98.422536, 35.089693], [-98.422397, 35.090472], [-98.424933, 35.090129], [-98.426299, 35.088388], [-98.428166, 35.090496], [-98.429727, 35.09131], [-98.432903, 35.090054], [-98.433731, 35.088411], [-98.435346, 35.087429], [-98.439102, 35.087255], [-98.439679, 35.08962], [-98.441336, 35.09032], [-98.443547, 35.088572], [-98.445609, 35.088091], [-98.447086, 35.089694], [-98.448116, 35.08777], [-98.450011, 35.088022], [-98.450652, 35.088411], [-98.45068, 35.090748], [-98.451711, 35.091458], [-98.453522, 35.090747], [-98.455055, 35.091228], [-98.454024, 35.092167], [-98.453718, 35.094114], [-98.454666, 35.09542], [-98.457844, 35.095923], [-98.458597, 35.098397], [-98.459656, 35.099541], [-98.461411, 35.098601], [-98.463947, 35.098669], [-98.464393, 35.099494], [-98.462972, 35.10041], [-98.462332, 35.102357], [-98.463949, 35.103662], [-98.464171, 35.100822], [-98.467626, 35.101051], [-98.46863, 35.102333], [-98.46994, 35.102539], [-98.469828, 35.101142], [-98.471193, 35.100706], [-98.473061, 35.101347], [-98.474929, 35.104782], [-98.477243, 35.104598], [-98.477773, 35.105995], [-98.477104, 35.107049], [-98.478331, 35.108766], [-98.479781, 35.108445], [-98.481424, 35.107162], [-98.484099, 35.106222], [-98.487054, 35.106541], [-98.486441, 35.107893], [-98.487613, 35.109885], [-98.489063, 35.109587], [-98.495418, 35.11018], [-98.496979, 35.109652], [-98.496646, 35.11224], [-98.499463, 35.114461], [-98.503217, 35.114644], [-98.509879, 35.113479], [-98.511496, 35.112884], [-98.511664, 35.111075], [-98.51442, 35.110485], [-98.517378, 35.110253], [-98.516488, 35.107848], [-98.51727, 35.105122], [-98.521263, 35.106244], [-98.52301, 35.106132], [-98.524071, 35.105102], [-98.522928, 35.103155], [-98.524129, 35.100933], [-98.525411, 35.101048], [-98.527054, 35.102515], [-98.529702, 35.101851], [-98.531652, 35.102997], [-98.532933, 35.10767], [-98.534688, 35.108289], [-98.536556, 35.1079], [-98.537643, 35.105632], [-98.539483, 35.104946], [-98.541294, 35.107374], [-98.543189, 35.107901], [-98.544973, 35.106069], [-98.548569, 35.103596], [-98.549404, 35.105039], [-98.548094, 35.107054], [-98.548345, 35.108543], [-98.549571, 35.109551], [-98.553668, 35.11017], [-98.555953, 35.110995], [-98.560107, 35.11349], [-98.561278, 35.115071], [-98.563117, 35.115437], [-98.563643, 35.115556], [-98.563746, 35.115693], [-98.563861, 35.115932], [-98.564125, 35.117089], [-98.564215, 35.117721], [-98.565049, 35.120307], [-98.566109, 35.121768], [-98.568367, 35.122266], [-98.56887, 35.126254], [-98.567196, 35.12808], [-98.565105, 35.128097], [-98.566165, 35.12965], [-98.564658, 35.133077], [-98.565105, 35.134607], [-98.563849, 35.137485], [-98.564128, 35.138467], [-98.568728, 35.13919], [-98.566887, 35.142181], [-98.566609, 35.144055], [-98.568141, 35.14611], [-98.572463, 35.147565], [-98.573383, 35.148501], [-98.574555, 35.148407], [-98.575335, 35.146869], [-98.578904, 35.148531], [-98.580437, 35.148138], [-98.583392, 35.14639], [-98.585259, 35.144091], [-98.583139, 35.143056], [-98.58233, 35.141608], [-98.583166, 35.140574], [-98.586875, 35.140474], [-98.588018, 35.139095], [-98.586537, 35.135076], [-98.584892, 35.134344], [-98.585254, 35.132901], [-98.587624, 35.132442], [-98.588656, 35.130381], [-98.586451, 35.126281], [-98.58631, 35.123406], [-98.588901, 35.118847], [-98.591967, 35.116213], [-98.595033, 35.116624], [-98.597041, 35.118273], [-98.598183, 35.116852], [-98.596287, 35.114723], [-98.596425, 35.112226], [-98.597802, 35.110186], [-98.598824, 35.110381], [-98.602474, 35.113161], [-98.60307, 35.113307], [-98.60328, 35.113313], [-98.603475, 35.113323], [-98.604092, 35.112928], [-98.60565, 35.109157], [-98.607087, 35.10916], [-98.608632, 35.11023], [-98.613761, 35.110067], [-98.615293, 35.10938], [-98.617911, 35.106653], [-98.614843, 35.103425], [-98.615873, 35.1015], [-98.61875, 35.101685], [-98.618161, 35.102063], [-98.61824, 35.117174], [-98.61802, 35.204135], [-98.623593, 35.204154], [-98.623788, 35.218647], [-98.623629, 35.262045], [-98.62358, 35.2764], [-98.62355, 35.283678], [-98.623511, 35.290792], [-98.623386, 35.334048], [-98.623393, 35.362907], [-98.6233, 35.399029], [-98.62331, 35.420903], [-98.623336, 35.464225], [-98.62328, 35.494511], [-98.623344, 35.495001], [-98.623294, 35.514812], [-98.623297, 35.522386], [-98.623255, 35.53626], [-98.623252, 35.536472], [-98.623244, 35.551522], [-98.632206, 35.551516], [-98.632176, 35.638524], [-98.632185, 35.65977], [-98.632212, 35.667496]]]}}, {"type": "Feature", "properties": {"GEOID": "5955", "NAME": "Kiowa-Comanche-Apache-Ft Sill Apache/Caddo-Wichita-Delaware", "NAMELSAD": "Kiowa-Comanche-Apache-Ft Sill Apache/Caddo-Wichita-Delaware joint-use OTSA", "ihs_facilities": 1, "counties": "Caddo", "county_count": 1, "approx_area_sq_mi": 236, "approx_pop": 26626}, "geometry": {"type": "Polygon", "coordinates": [[[-98.620692, 35.097765], [-98.619325, 35.101315], [-98.61875, 35.101685], [-98.615873, 35.1015], [-98.614843, 35.103425], [-98.617911, 35.106653], [-98.615293, 35.10938], [-98.613761, 35.110067], [-98.608632, 35.11023], [-98.607087, 35.10916], [-98.60565, 35.109157], [-98.604092, 35.112928], [-98.603475, 35.113323], [-98.60328, 35.113313], [-98.60307, 35.113307], [-98.602474, 35.113161], [-98.598824, 35.110381], [-98.597802, 35.110186], [-98.596425, 35.112226], [-98.596287, 35.114723], [-98.598183, 35.116852], [-98.597041, 35.118273], [-98.595033, 35.116624], [-98.591967, 35.116213], [-98.588901, 35.118847], [-98.58631, 35.123406], [-98.586451, 35.126281], [-98.588656, 35.130381], [-98.587624, 35.132442], [-98.585254, 35.132901], [-98.584892, 35.134344], [-98.586537, 35.135076], [-98.588018, 35.139095], [-98.586875, 35.140474], [-98.583166, 35.140574], [-98.58233, 35.141608], [-98.583139, 35.143056], [-98.585259, 35.144091], [-98.583392, 35.14639], [-98.580437, 35.148138], [-98.578904, 35.148531], [-98.575335, 35.146869], [-98.574555, 35.148407], [-98.573383, 35.148501], [-98.572463, 35.147565], [-98.568141, 35.14611], [-98.566609, 35.144055], [-98.566887, 35.142181], [-98.568728, 35.13919], [-98.564128, 35.138467], [-98.563849, 35.137485], [-98.565105, 35.134607], [-98.564658, 35.133077], [-98.566165, 35.12965], [-98.565105, 35.128097], [-98.567196, 35.12808], [-98.56887, 35.126254], [-98.568367, 35.122266], [-98.566109, 35.121768], [-98.565049, 35.120307], [-98.564215, 35.117721], [-98.564125, 35.117089], [-98.563861, 35.115932], [-98.563746, 35.115693], [-98.563643, 35.115556], [-98.563117, 35.115437], [-98.561278, 35.115071], [-98.560107, 35.11349], [-98.555953, 35.110995], [-98.553668, 35.11017], [-98.549571, 35.109551], [-98.548345, 35.108543], [-98.548094, 35.107054], [-98.549404, 35.105039], [-98.548569, 35.103596], [-98.544973, 35.106069], [-98.543189, 35.107901], [-98.541294, 35.107374], [-98.539483, 35.104946], [-98.537643, 35.105632], [-98.536556, 35.1079], [-98.534688, 35.108289], [-98.532933, 35.10767], [-98.531652, 35.102997], [-98.529702, 35.101851], [-98.527054, 35.102515], [-98.525411, 35.101048], [-98.524129, 35.100933], [-98.522928, 35.103155], [-98.524071, 35.105102], [-98.52301, 35.106132], [-98.521263, 35.106244], [-98.51727, 35.105122], [-98.516488, 35.107848], [-98.517378, 35.110253], [-98.51442, 35.110485], [-98.511664, 35.111075], [-98.511496, 35.112884], [-98.509879, 35.113479], [-98.503217, 35.114644], [-98.499463, 35.114461], [-98.496646, 35.11224], [-98.496979, 35.109652], [-98.495418, 35.11018], [-98.489063, 35.109587], [-98.487613, 35.109885], [-98.486441, 35.107893], [-98.487054, 35.106541], [-98.484099, 35.106222], [-98.481424, 35.107162], [-98.479781, 35.108445], [-98.478331, 35.108766], [-98.477104, 35.107049], [-98.477773, 35.105995], [-98.477243, 35.104598], [-98.474929, 35.104782], [-98.473061, 35.101347], [-98.471193, 35.100706], [-98.469828, 35.101142], [-98.46994, 35.102539], [-98.46863, 35.102333], [-98.467626, 35.101051], [-98.464171, 35.100822], [-98.463949, 35.103662], [-98.462332, 35.102357], [-98.462972, 35.10041], [-98.464393, 35.099494], [-98.463947, 35.098669], [-98.461411, 35.098601], [-98.459656, 35.099541], [-98.458597, 35.098397], [-98.457844, 35.095923], [-98.454666, 35.09542], [-98.453718, 35.094114], [-98.454024, 35.092167], [-98.455055, 35.091228], [-98.453522, 35.090747], [-98.451711, 35.091458], [-98.45068, 35.090748], [-98.450652, 35.088411], [-98.450011, 35.088022], [-98.448116, 35.08777], [-98.447086, 35.089694], [-98.445609, 35.088091], [-98.443547, 35.088572], [-98.441336, 35.09032], [-98.439679, 35.08962], [-98.439102, 35.087255], [-98.435346, 35.087429], [-98.433731, 35.088411], [-98.432903, 35.090054], [-98.429727, 35.09131], [-98.428166, 35.090496], [-98.426299, 35.088388], [-98.424933, 35.090129], [-98.422397, 35.090472], [-98.422536, 35.089693], [-98.424877, 35.087793], [-98.425212, 35.086304], [-98.423429, 35.086098], [-98.421032, 35.086922], [-98.417911, 35.088983], [-98.416685, 35.088662], [-98.416518, 35.087402], [-98.417717, 35.085181], [-98.416269, 35.083325], [-98.415099, 35.08321], [-98.413677, 35.084378], [-98.414262, 35.086165], [-98.413287, 35.086737], [-98.411476, 35.085111], [-98.410363, 35.081858], [-98.406269, 35.077597], [-98.40546, 35.078582], [-98.406128, 35.080643], [-98.401364, 35.079748], [-98.398689, 35.080412], [-98.398161, 35.079473], [-98.402369, 35.076886], [-98.402453, 35.074275], [-98.400726, 35.074091], [-98.398636, 35.075785], [-98.395097, 35.076173], [-98.393063, 35.075806], [-98.390026, 35.076171], [-98.389581, 35.07537], [-98.390418, 35.072759], [-98.389639, 35.072369], [-98.385348, 35.072368], [-98.38348, 35.074498], [-98.381419, 35.073878], [-98.378047, 35.075342], [-98.377853, 35.074083], [-98.374493, 35.073186], [-98.374051, 35.07345], [-98.374472, 35.075672], [-98.374545, 35.076233], [-98.3756, 35.077521], [-98.37585, 35.077952], [-98.37584, 35.078343], [-98.375609, 35.078694], [-98.375203, 35.078904], [-98.374451, 35.078923], [-98.372008, 35.078384], [-98.37028, 35.0768], [-98.372205, 35.074505], [-98.372007, 35.073488], [-98.365661, 35.072896], [-98.364008, 35.07324], [-98.363256, 35.074775], [-98.364874, 35.076446], [-98.36493, 35.077637], [-98.362005, 35.078784], [-98.360723, 35.078647], [-98.360332, 35.07725], [-98.362505, 35.076539], [-98.361417, 35.074776], [-98.359746, 35.074135], [-98.358548, 35.074616], [-98.358829, 35.078831], [-98.356043, 35.079427], [-98.355903, 35.077984], [-98.357073, 35.077205], [-98.357127, 35.075442], [-98.355289, 35.075167], [-98.354064, 35.076748], [-98.355173, 35.080537], [-98.355486, 35.082482], [-98.356795, 35.082845], [-98.359695, 35.084418], [-98.363263, 35.084302], [-98.364041, 35.081394], [-98.365212, 35.084292], [-98.363149, 35.087155], [-98.356742, 35.089459], [-98.354492, 35.091406], [-98.356733, 35.091805], [-98.358223, 35.093053], [-98.356859, 35.095504], [-98.358393, 35.096672], [-98.359843, 35.096671], [-98.361765, 35.095754], [-98.362128, 35.097472], [-98.36121, 35.099305], [-98.359232, 35.100634], [-98.356789, 35.100293], [-98.354825, 35.099787], [-98.354552, 35.102672], [-98.356772, 35.102847], [-98.35669, 35.106011], [-98.354717, 35.106361], [-98.3502, 35.105153], [-98.349324, 35.105393], [-98.348713, 35.105895], [-98.346714, 35.109954], [-98.345692, 35.112685], [-98.345107, 35.113212], [-98.343239, 35.113281], [-98.343239, 35.111518], [-98.342511, 35.109951], [-98.340952, 35.1068], [-98.338471, 35.107396], [-98.337078, 35.109229], [-98.335824, 35.106206], [-98.3339, 35.104488], [-98.33167, 35.103904], [-98.333093, 35.100998], [-98.33214, 35.09922], [-98.334957, 35.097113], [-98.334678, 35.096334], [-98.331725, 35.096541], [-98.332086, 35.093152], [-98.330052, 35.093565], [-98.328352, 35.091756], [-98.329633, 35.088183], [-98.328573, 35.085778], [-98.325202, 35.085664], [-98.324449, 35.086946], [-98.321357, 35.085275], [-98.322499, 35.083396], [-98.326483, 35.082572], [-98.326287, 35.080304], [-98.324811, 35.078816], [-98.32013, 35.078587], [-98.316063, 35.079274], [-98.31428, 35.078014], [-98.31414, 35.07506], [-98.316007, 35.073067], [-98.319071, 35.072884], [-98.31921, 35.072128], [-98.316257, 35.070767], [-98.315962, 35.069356], [-98.315032, 35.068028], [-98.315895, 35.066196], [-98.317399, 35.066425], [-98.317316, 35.067914], [-98.319377, 35.068647], [-98.319433, 35.067753], [-98.317427, 35.065394], [-98.317009, 35.062302], [-98.315561, 35.062852], [-98.315422, 35.064364], [-98.313862, 35.06512], [-98.311188, 35.06402], [-98.310686, 35.062073], [-98.311578, 35.060699], [-98.310464, 35.059027], [-98.311271, 35.057561], [-98.315254, 35.058271], [-98.316647, 35.05637], [-98.319933, 35.0555], [-98.314948, 35.05211], [-98.314725, 35.049408], [-98.313138, 35.049591], [-98.311717, 35.050988], [-98.310436, 35.049431], [-98.31194, 35.047462], [-98.311644, 35.046484], [-98.308334, 35.047246], [-98.305916, 35.046681], [-98.302973, 35.046802], [-98.300595, 35.044545], [-98.300515, 35.042409], [-98.297572, 35.041764], [-98.296565, 35.042973], [-98.297814, 35.0439], [-98.29862, 35.046117], [-98.295315, 35.047205], [-98.290519, 35.046681], [-98.28939, 35.047528], [-98.284715, 35.045029], [-98.283546, 35.045553], [-98.284796, 35.049624], [-98.28411, 35.050833], [-98.282176, 35.049745], [-98.280201, 35.050349], [-98.280402, 35.053291], [-98.277057, 35.054622], [-98.274741, 35.052967], [-98.272583, 35.055065], [-98.271992, 35.05823], [-98.272301, 35.06168], [-98.270101, 35.063302], [-98.270163, 35.067262], [-98.27097, 35.068497], [-98.273655, 35.068759], [-98.272728, 35.066407], [-98.272942, 35.064649], [-98.274225, 35.064602], [-98.277621, 35.067381], [-98.27401, 35.071143], [-98.271232, 35.070469], [-98.269236, 35.072496], [-98.267535, 35.073442], [-98.26579, 35.074548], [-98.265964, 35.078042], [-98.265277, 35.078952], [-98.261686, 35.079976], [-98.261186, 35.081538], [-98.262514, 35.082441], [-98.262443, 35.084016], [-98.260673, 35.086282], [-98.261753, 35.087716], [-98.259894, 35.089008], [-98.257008, 35.08846], [-98.254955, 35.087344], [-98.253326, 35.088159], [-98.248174, 35.08773], [-98.246797, 35.086159], [-98.249428, 35.085011], [-98.249622, 35.083722], [-98.248616, 35.083541], [-98.246834, 35.083199], [-98.243701, 35.084585], [-98.240278, 35.086448], [-98.236873, 35.090608], [-98.236326, 35.090679], [-98.233587, 35.088252], [-98.23305, 35.088038], [-98.231125, 35.086898], [-98.230653, 35.086619], [-98.230095, 35.086527], [-98.229427, 35.08655], [-98.229093, 35.086757], [-98.229027, 35.086893], [-98.230181, 35.090485], [-98.233271, 35.090132], [-98.234578, 35.092039], [-98.230993, 35.094917], [-98.229068, 35.092869], [-98.227108, 35.094987], [-98.225033, 35.094544], [-98.220802, 35.092914], [-98.222965, 35.091544], [-98.221387, 35.090043], [-98.218246, 35.091318], [-98.217766, 35.093019], [-98.216284, 35.095358], [-98.214306, 35.094263], [-98.215461, 35.09224], [-98.214209, 35.091041], [-98.211931, 35.091182], [-98.212355, 35.089258], [-98.210589, 35.087916], [-98.209124, 35.089346], [-98.207273, 35.090006], [-98.205527, 35.092819], [-98.205104, 35.094526], [-98.20385, 35.095511], [-98.201843, 35.094298], [-98.201314, 35.095351], [-98.202234, 35.096565], [-98.200395, 35.097161], [-98.199782, 35.098764], [-98.198667, 35.098306], [-98.198834, 35.095351], [-98.197998, 35.094252], [-98.196271, 35.094779], [-98.194989, 35.09652], [-98.19354, 35.09471], [-98.191422, 35.093612], [-98.191561, 35.09281], [-98.193763, 35.092558], [-98.195964, 35.093748], [-98.195713, 35.09178], [-98.19432, 35.090039], [-98.190893, 35.088917], [-98.187492, 35.089077], [-98.183563, 35.091642], [-98.181334, 35.092673], [-98.180275, 35.092467], [-98.179579, 35.089993], [-98.178825, 35.089998], [-98.175288, 35.090313], [-98.173672, 35.092054], [-98.171916, 35.092511], [-98.16776, 35.091476], [-98.166001, 35.090343], [-98.166441, 35.088226], [-98.168498, 35.088848], [-98.170945, 35.087827], [-98.170762, 35.087041], [-98.168104, 35.085624], [-98.170699, 35.083551], [-98.16981, 35.082126], [-98.17048, 35.081012], [-98.168813, 35.078318], [-98.162104, 35.079324], [-98.160963, 35.080621], [-98.159989, 35.080255], [-98.159044, 35.078384], [-98.159716, 35.076869], [-98.156346, 35.077713], [-98.152613, 35.078124], [-98.1508, 35.080482], [-98.149435, 35.081169], [-98.145786, 35.079839], [-98.144588, 35.078694], [-98.141551, 35.080273], [-98.140464, 35.081532], [-98.140852, 35.083525], [-98.143972, 35.085038], [-98.143358, 35.086114], [-98.141129, 35.086777], [-98.145279, 35.089917], [-98.144164, 35.091153], [-98.140596, 35.09319], [-98.138423, 35.092708], [-98.139314, 35.093922], [-98.136304, 35.095043], [-98.135689, 35.096852], [-98.134909, 35.097264], [-98.13374, 35.095706], [-98.134298, 35.093966], [-98.135413, 35.093119], [-98.136585, 35.090302], [-98.135499, 35.089386], [-98.133688, 35.090141], [-98.133909, 35.091904], [-98.132376, 35.093369], [-98.130899, 35.093689], [-98.130232, 35.091399], [-98.12856, 35.091192], [-98.127083, 35.092153], [-98.124838, 35.094788], [-98.124937, 35.096436], [-98.126994, 35.09836], [-98.125643, 35.100031], [-98.124437, 35.099826], [-98.123125, 35.096598], [-98.120896, 35.096164], [-98.120451, 35.098248], [-98.119086, 35.09921], [-98.118447, 35.10086], [-98.11591, 35.099716], [-98.112594, 35.100358], [-98.111425, 35.101504], [-98.11095, 35.099855], [-98.10964, 35.099123], [-98.107216, 35.100017], [-98.107217, 35.101574], [-98.104931, 35.101071], [-98.104818, 35.098483], [-98.103592, 35.0994], [-98.100415, 35.099653], [-98.099579, 35.098943], [-98.098937, 35.096492], [-98.095955, 35.09544], [-98.096652, 35.094409], [-98.09902, 35.093538], [-98.099075, 35.091522], [-98.097597, 35.090744], [-98.095034, 35.091134], [-98.09612, 35.088477], [-98.092386, 35.088649], [-98.089127, 35.089486], [-98.087344, 35.091113], [-98.086397, 35.090655], [-98.086786, 35.088823], [-98.086117, 35.087724], [-98.084501, 35.088457], [-98.085087, 35.089625], [-98.083889, 35.091824], [-98.082746, 35.090335], [-98.078679, 35.091847], [-98.077982, 35.093725], [-98.076729, 35.093954], [-98.072716, 35.096588], [-98.071239, 35.09423], [-98.069122, 35.094802], [-98.068704, 35.095924], [-98.070348, 35.098169], [-98.068704, 35.099108], [-98.067924, 35.0981], [-98.066503, 35.098215], [-98.063241, 35.101261], [-98.064105, 35.102314], [-98.067729, 35.103001], [-98.069791, 35.105704], [-98.06497, 35.10607], [-98.063493, 35.106368], [-98.058476, 35.104513], [-98.057835, 35.102818], [-98.056219, 35.102841], [-98.053739, 35.101947], [-98.053738, 35.1041], [-98.055131, 35.106711], [-98.054267, 35.10765], [-98.052122, 35.10623], [-98.05176, 35.104993], [-98.049586, 35.105588], [-98.04928, 35.104145], [-98.047468, 35.104443], [-98.047969, 35.106344], [-98.051481, 35.107238], [-98.051703, 35.108749], [-98.049669, 35.110009], [-98.049, 35.11152], [-98.045349, 35.111039], [-98.043286, 35.112069], [-98.038838, 35.111696], [-98.038659, 35.113305], [-98.035482, 35.112892], [-98.03236, 35.114998], [-98.032615, 35.116751], [-98.034058, 35.119739], [-98.036455, 35.120908], [-98.032245, 35.123105], [-98.029625, 35.122375], [-98.026755, 35.121111], [-98.022715, 35.118018], [-98.02054, 35.119574], [-98.020513, 35.117445], [-98.022384, 35.116442], [-98.022367, 35.114981], [-98.020822, 35.114445], [-98.020348, 35.11172], [-98.018983, 35.111216], [-98.017199, 35.112085], [-98.017228, 35.109543], [-98.017898, 35.107734], [-98.017091, 35.106818], [-98.019711, 35.105536], [-98.021133, 35.103017], [-98.019602, 35.101436], [-98.017345, 35.100107], [-98.015227, 35.100977], [-98.015477, 35.102946], [-98.013776, 35.103198], [-98.013051, 35.104251], [-98.010739, 35.10386], [-98.009903, 35.102623], [-98.008315, 35.102119], [-98.008931, 35.098798], [-98.010298, 35.09628], [-98.012166, 35.093807], [-98.015149, 35.091129], [-98.015958, 35.089297], [-98.013757, 35.09051], [-98.01267, 35.089639], [-98.00877, 35.08879], [-98.008437, 35.087003], [-98.005288, 35.088949], [-98.002418, 35.088671], [-98.001873, 35.087731], [-98.000832, 35.085832], [-97.999642, 35.086694], [-97.999475, 35.086277], [-97.999343, 35.073165], [-97.999361, 35.072435], [-97.999822, 35.058111], [-97.99995, 35.029039], [-97.999923, 35.015001], [-97.999908, 35.014331], [-98.005061, 35.014394], [-98.040214, 35.014728], [-98.040242, 35.018037], [-98.044163, 35.017927], [-98.045455, 35.015281], [-98.047166, 35.014402], [-98.093005, 35.014147], [-98.095146, 35.014105], [-98.101841, 35.014158], [-98.128208, 35.014133], [-98.154567, 35.014004], [-98.179833, 35.014139], [-98.18362, 35.014284], [-98.233737, 35.014398], [-98.259997, 35.014395], [-98.338743, 35.014642], [-98.355277, 35.014691], [-98.374279, 35.014783], [-98.444834, 35.014782], [-98.444839, 35.015503], [-98.446517, 35.015695], [-98.446565, 35.014774], [-98.497865, 35.014535], [-98.506087, 35.014523], [-98.620356, 35.014935], [-98.620772, 35.097399], [-98.620692, 35.097765]]]}}, {"type": "Feature", "properties": {"GEOID": "5795", "NAME": "Peoria", "NAMELSAD": "Peoria OTSA", "ihs_facilities": 0, "counties": "", "county_count": 0, "approx_area_sq_mi": 49, "approx_pop": 0}, "geometry": {"type": "Polygon", "coordinates": [[[-94.87755, 36.91997], [-94.87729, 36.91983], [-94.876075, 36.919951], [-94.869073, 36.919872], [-94.864294, 36.91981], [-94.861427, 36.91971], [-94.859902, 36.919675], [-94.855183, 36.919994], [-94.841888, 36.919995], [-94.819344, 36.919995], [-94.762165, 36.919984], [-94.737431, 36.919958], [-94.6182388566404, 36.9199649141566], [-94.618282, 36.911472], [-94.6182431417668, 36.8970795082361], [-94.618243, 36.897027], [-94.6183258141771, 36.8936419954538], [-94.618658, 36.880064], [-94.6186573555193, 36.8799880903727], [-94.66334, 36.88001], [-94.732867, 36.880092], [-94.78759, 36.880213], [-94.84293, 36.88022], [-94.844745, 36.880216], [-94.850743, 36.880218], [-94.855285, 36.880219], [-94.85974, 36.88019], [-94.85974, 36.880261], [-94.862121, 36.88019], [-94.87176, 36.8802], [-94.872715, 36.880174], [-94.874035, 36.880221], [-94.877514, 36.88019], [-94.87748, 36.88542], [-94.87749, 36.88868], [-94.8775, 36.8944], [-94.87752, 36.89999], [-94.87752, 36.90361], [-94.87747, 36.91451], [-94.87748, 36.91814], [-94.87755, 36.91997]]]}}, {"type": "Feature", "properties": {"GEOID": "5670", "NAME": "Iowa", "NAMELSAD": "Iowa OTSA", "ihs_facilities": 0, "counties": "Lincoln, Logan", "county_count": 2, "approx_area_sq_mi": 443, "approx_pop": 84822}, "geometry": {"type": "Polygon", "coordinates": [[[-97.248539, 35.809563], [-97.247233, 35.811664], [-97.247442, 35.816875], [-97.247027, 35.817766], [-97.247092, 35.82093], [-97.24781, 35.822711], [-97.247113, 35.824447], [-97.247098, 35.826541], [-97.247027, 35.840642], [-97.247069, 35.84065], [-97.247054, 35.847896], [-97.247106, 35.86964], [-97.247089, 35.896652], [-97.247093, 35.913091], [-97.247083, 35.927581], [-97.247049, 35.942101], [-97.242699, 35.942113], [-97.242246, 35.945674], [-97.247038, 35.946134], [-97.247051, 35.949362], [-97.246775, 35.951507], [-97.247035, 35.954809], [-97.247027, 35.956607], [-97.246852, 35.972368], [-97.243174, 35.972182], [-97.234292, 35.969601], [-97.232046, 35.968042], [-97.226261, 35.96637], [-97.221192, 35.964573], [-97.219109, 35.96266], [-97.217617, 35.96034], [-97.212172, 35.954724], [-97.20955, 35.951429], [-97.208062, 35.94776], [-97.205841, 35.945959], [-97.203592, 35.944795], [-97.198105, 35.943029], [-97.19264, 35.941639], [-97.189552, 35.941156], [-97.180593, 35.940687], [-97.172378, 35.941006], [-97.16687, 35.942825], [-97.161856, 35.943855], [-97.158227, 35.945153], [-97.151411, 35.948423], [-97.144106, 35.953118], [-97.14289, 35.954219], [-97.140455, 35.95906], [-97.139256, 35.963196], [-97.135795, 35.966551], [-97.131989, 35.968585], [-97.127601, 35.968689], [-97.122222, 35.96638], [-97.121048, 35.965384], [-97.11768, 35.963804], [-97.112657, 35.962535], [-97.110175, 35.960771], [-97.109257, 35.959334], [-97.107181, 35.957554], [-97.104708, 35.956879], [-97.099583, 35.956747], [-97.096596, 35.957214], [-97.094123, 35.958029], [-97.08759, 35.961583], [-97.084598, 35.965124], [-97.083253, 35.968782], [-97.081708, 35.969693], [-97.079227, 35.97007], [-97.075838, 35.969521], [-97.07257, 35.968062], [-97.069344, 35.967784], [-97.066922, 35.966912], [-97.06648, 35.966388], [-97.066096, 35.963154], [-97.068303, 35.958632], [-97.067738, 35.956243], [-97.063257, 35.953916], [-97.059707, 35.953114], [-97.057631, 35.953078], [-97.053741, 35.953625], [-97.047246, 35.955631], [-97.043702, 35.957773], [-97.042429, 35.958897], [-97.040235, 35.959627], [-97.038758, 35.96099], [-97.035813, 35.960528], [-97.032096, 35.957992], [-97.026628, 35.95811], [-97.023368, 35.95878], [-97.01697, 35.961128], [-97.012464, 35.963737], [-97.008088, 35.964757], [-97.002239, 35.964848], [-97.000307, 35.963767], [-96.995987, 35.963254], [-96.992891, 35.963515], [-96.989152, 35.964638], [-96.982805, 35.963723], [-96.98044, 35.962911], [-96.97764, 35.962276], [-96.976403, 35.961372], [-96.97467, 35.961236], [-96.9709, 35.964081], [-96.964084, 35.971657], [-96.96173, 35.97185], [-96.959083, 35.971488], [-96.954914, 35.969869], [-96.951744, 35.967414], [-96.948486, 35.964432], [-96.942435, 35.963765], [-96.939457, 35.964147], [-96.934758, 35.965713], [-96.92691, 35.970208], [-96.924834, 35.971192], [-96.920325, 35.974583], [-96.916706, 35.977998], [-96.915901, 35.97909], [-96.913426, 35.985805], [-96.912082, 35.989647], [-96.911363, 35.993822], [-96.912042, 35.99491], [-96.912131, 35.998737], [-96.912657, 36.00006], [-96.913345, 36.00458], [-96.913816, 36.005435], [-96.912839, 36.008704], [-96.916952, 36.01741], [-96.917019, 36.018896], [-96.914172, 36.025114], [-96.90948, 36.027151], [-96.909481, 36.02238], [-96.909564, 36.011073], [-96.909523, 35.9858], [-96.909825, 35.970379], [-96.909532, 35.941545], [-96.909415, 35.913833], [-96.90957, 35.909022], [-96.909596, 35.898588], [-96.911889, 35.898581], [-96.912062, 35.869732], [-96.91198, 35.855314], [-96.911561, 35.829518], [-96.911765, 35.826425], [-96.911665, 35.819034], [-96.911688, 35.811844], [-96.911549, 35.797335], [-96.91135, 35.753728], [-96.91139, 35.732131], [-96.911381, 35.730277], [-96.91133, 35.727113], [-96.911657, 35.727056], [-96.912057, 35.726672], [-96.911353, 35.724426], [-96.91134, 35.724051], [-96.910899, 35.713834], [-96.910939, 35.706437], [-96.910964, 35.702802], [-96.911063, 35.695553], [-96.910997, 35.688344], [-96.910928, 35.666415], [-96.910955, 35.640259], [-96.91347, 35.640673], [-96.919072, 35.642459], [-96.92126, 35.642485], [-96.923902, 35.646742], [-96.925647, 35.648432], [-96.926854, 35.655409], [-96.926831, 35.657238], [-96.927775, 35.663831], [-96.928316, 35.665953], [-96.928065, 35.668449], [-96.928848, 35.670281], [-96.936364, 35.675101], [-96.939406, 35.67676], [-96.941364, 35.678324], [-96.943826, 35.679666], [-96.948978, 35.679873], [-96.951576, 35.679698], [-96.961771, 35.679696], [-96.963963, 35.679951], [-96.971044, 35.679867], [-96.972573, 35.679709], [-96.972644, 35.679703], [-96.985104, 35.679615], [-96.986735, 35.680247], [-96.990755, 35.680197], [-96.993205, 35.679049], [-96.995964, 35.677208], [-96.998534, 35.676833], [-97.003011, 35.678327], [-97.006519, 35.67896], [-97.008488, 35.680502], [-97.014271, 35.686892], [-97.017207, 35.689092], [-97.017226, 35.690394], [-97.018782, 35.689973], [-97.025158, 35.69406], [-97.025979, 35.694302], [-97.027663, 35.695001], [-97.034828, 35.696085], [-97.039146, 35.696927], [-97.040055, 35.696691], [-97.044237, 35.698109], [-97.04908, 35.698417], [-97.053142, 35.697363], [-97.057513, 35.699462], [-97.061857, 35.69994], [-97.063238, 35.699588], [-97.065043, 35.700506], [-97.066411, 35.700028], [-97.069143, 35.696232], [-97.069832, 35.695907], [-97.077699, 35.695763], [-97.086792, 35.695965], [-97.08822, 35.695674], [-97.089621, 35.695487], [-97.103013, 35.699071], [-97.108382, 35.700926], [-97.113112, 35.702029], [-97.115301, 35.702885], [-97.120704, 35.703256], [-97.123688, 35.703046], [-97.126752, 35.703851], [-97.132279, 35.704677], [-97.138572, 35.706471], [-97.140973, 35.706155], [-97.140973, 35.706257], [-97.143039, 35.705495], [-97.145835, 35.705634], [-97.147823, 35.704481], [-97.151817, 35.705822], [-97.154256, 35.705213], [-97.163008, 35.69921], [-97.168485, 35.697365], [-97.170897, 35.695574], [-97.173013, 35.692893], [-97.17535, 35.689031], [-97.176735, 35.688222], [-97.177594, 35.68758], [-97.180901, 35.68591], [-97.183716, 35.683322], [-97.184439, 35.681315], [-97.185494, 35.67674], [-97.190875, 35.674289], [-97.196497, 35.670745], [-97.201269, 35.666496], [-97.202502, 35.663541], [-97.203399, 35.662504], [-97.205114, 35.659276], [-97.210695, 35.656446], [-97.213341, 35.656517], [-97.2173, 35.658098], [-97.221495, 35.660251], [-97.223892, 35.661091], [-97.225966, 35.660684], [-97.23092, 35.658561], [-97.231566, 35.657726], [-97.23368, 35.657373], [-97.236003, 35.658262], [-97.239848, 35.658453], [-97.247105, 35.657856], [-97.247067, 35.674046], [-97.247062, 35.674295], [-97.247166, 35.695918], [-97.24717, 35.699261], [-97.247137, 35.710383], [-97.247139, 35.724799], [-97.247132, 35.724869], [-97.247139, 35.739208], [-97.24705, 35.749176], [-97.247161, 35.775578], [-97.247121, 35.805673], [-97.248244, 35.807675], [-97.248539, 35.809563]]]}}, {"type": "Feature", "properties": {"GEOID": "5770", "NAME": "Ottawa", "NAMELSAD": "Ottawa OTSA", "ihs_facilities": 0, "counties": "", "county_count": 0, "approx_area_sq_mi": 30, "approx_pop": 0}, "geometry": {"type": "Polygon", "coordinates": [[[-94.895602, 36.880315], [-94.891781, 36.880223], [-94.8885, 36.880357], [-94.886339, 36.880261], [-94.88521, 36.88026], [-94.88303, 36.88024], [-94.877514, 36.88019], [-94.874035, 36.880221], [-94.872715, 36.880174], [-94.87176, 36.8802], [-94.862121, 36.88019], [-94.85974, 36.880261], [-94.85974, 36.88019], [-94.855285, 36.880219], [-94.850743, 36.880218], [-94.844745, 36.880216], [-94.84293, 36.88022], [-94.78759, 36.880213], [-94.732867, 36.880092], [-94.7342, 36.878405], [-94.735243, 36.877885], [-94.740024, 36.877705], [-94.747291, 36.8766], [-94.751329, 36.876321], [-94.755618, 36.876474], [-94.760326, 36.876309], [-94.761675, 36.875787], [-94.765073, 36.873137], [-94.765885, 36.871265], [-94.764938, 36.866763], [-94.762899, 36.864314], [-94.760096, 36.861996], [-94.755305, 36.859158], [-94.749752, 36.857679], [-94.747072, 36.857503], [-94.735951, 36.858777], [-94.730047, 36.857897], [-94.72571, 36.856713], [-94.722761, 36.85441], [-94.719678, 36.850304], [-94.719443, 36.846592], [-94.719751, 36.845389], [-94.721242, 36.844054], [-94.731211, 36.837234], [-94.732919, 36.835452], [-94.735588, 36.828206], [-94.737237, 36.824402], [-94.74028, 36.821825], [-94.752626, 36.821924], [-94.802322, 36.821816], [-94.802729, 36.823175], [-94.805714, 36.826733], [-94.81089, 36.830971], [-94.818236, 36.837706], [-94.819542, 36.839243], [-94.828129, 36.849255], [-94.829861, 36.850827], [-94.831957, 36.852018], [-94.835664, 36.852673], [-94.841569, 36.853163], [-94.845706, 36.853106], [-94.85171, 36.852161], [-94.855848, 36.852331], [-94.861018, 36.852791], [-94.865028, 36.854112], [-94.869942, 36.855096], [-94.871101, 36.855273], [-94.872343, 36.855958], [-94.874465, 36.858458], [-94.878608, 36.862139], [-94.88042, 36.865904], [-94.882396, 36.868729], [-94.885591, 36.872305], [-94.889005, 36.875534], [-94.89002, 36.876215], [-94.893157, 36.878157], [-94.896044, 36.880242], [-94.895602, 36.880315]]]}}, {"type": "Feature", "properties": {"GEOID": "5860", "NAME": "Tonkawa", "NAMELSAD": "Tonkawa OTSA", "ihs_facilities": 0, "counties": "Kay", "county_count": 1, "approx_area_sq_mi": 179, "approx_pop": 43731}, "geometry": {"type": "Polygon", "coordinates": [[[-97.462477, 36.600736], [-97.462364, 36.629808], [-97.462378, 36.643582], [-97.462358, 36.687756], [-97.462326, 36.73479], [-97.462309, 36.738382], [-97.46222, 36.767311], [-97.3009, 36.76796], [-97.28297, 36.76801], [-97.249484, 36.767715], [-97.246777, 36.767772], [-97.24684, 36.75327], [-97.24688, 36.731513], [-97.24692, 36.71083], [-97.246789, 36.709853], [-97.24689, 36.70839], [-97.246881, 36.699206], [-97.246837, 36.695128], [-97.24691, 36.68815], [-97.247036, 36.665542], [-97.24694, 36.64793], [-97.246739, 36.646807], [-97.246367, 36.639785], [-97.24613, 36.63688], [-97.246804, 36.624191], [-97.24699, 36.622149], [-97.246938, 36.594408], [-97.246774, 36.593957], [-97.248035, 36.593891], [-97.268388, 36.593905], [-97.282883, 36.593831], [-97.354691, 36.593869], [-97.363175, 36.593854], [-97.461603, 36.593637], [-97.462459, 36.593627], [-97.462477, 36.600736]]]}}, {"type": "Feature", "properties": {"GEOID": "5760", "NAME": "Otoe-Missouria", "NAMELSAD": "Otoe-Missouria OTSA", "ihs_facilities": 0, "counties": "Noble", "county_count": 1, "approx_area_sq_mi": 251, "approx_pop": 10909}, "geometry": {"type": "Polygon", "coordinates": [[[-97.246872, 36.506975], [-97.032118, 36.506957], [-97.012527, 36.507042], [-97.009785, 36.506935], [-97.009732, 36.503911], [-97.008617, 36.500034], [-97.008424, 36.496609], [-97.006802, 36.492905], [-97.00697, 36.489247], [-97.005201, 36.485659], [-97.000761, 36.481205], [-96.99799, 36.480369], [-96.992656, 36.477862], [-96.988732, 36.474964], [-96.983787, 36.470476], [-96.982506, 36.466667], [-96.981961, 36.466059], [-96.977986, 36.464371], [-96.974579, 36.462604], [-96.967249, 36.460119], [-96.96097, 36.460081], [-96.954337, 36.460049], [-96.947566, 36.457461], [-96.940235, 36.455525], [-96.935276, 36.455938], [-96.933828, 36.456276], [-96.930456, 36.458994], [-96.928242, 36.459564], [-96.926003, 36.461499], [-96.924854, 36.405805], [-96.924936, 36.333344], [-96.934375, 36.333331], [-97.032106, 36.333354], [-97.094826, 36.333383], [-97.103737, 36.333379], [-97.139737, 36.333415], [-97.15743, 36.333315], [-97.175261, 36.333349], [-97.183912, 36.33336], [-97.193219, 36.325953], [-97.19634, 36.326641], [-97.20236, 36.325993], [-97.207637, 36.326636], [-97.209981, 36.327141], [-97.211087, 36.328002], [-97.211104, 36.33326], [-97.246772, 36.333086], [-97.246787, 36.351212], [-97.247084, 36.352245], [-97.246142, 36.353761], [-97.246622, 36.354606], [-97.246113, 36.356597], [-97.246801, 36.358474], [-97.246809, 36.420039], [-97.246822, 36.427161], [-97.24684, 36.43456], [-97.24683, 36.46353], [-97.246866, 36.504895], [-97.247369, 36.506659], [-97.246872, 36.506975]]]}}, {"type": "Feature", "properties": {"GEOID": "5640", "NAME": "Eastern Shawnee", "NAMELSAD": "Eastern Shawnee OTSA", "ihs_facilities": 0, "counties": "", "county_count": 0, "approx_area_sq_mi": 26, "approx_pop": 0}, "geometry": {"type": "Polygon", "coordinates": [[[-94.765073, 36.873137], [-94.761675, 36.875787], [-94.760326, 36.876309], [-94.755618, 36.876474], [-94.751329, 36.876321], [-94.747291, 36.8766], [-94.740024, 36.877705], [-94.735243, 36.877885], [-94.7342, 36.878405], [-94.732867, 36.880092], [-94.66334, 36.88001], [-94.66341, 36.8714], [-94.66337, 36.8439], [-94.6183767694196, 36.8437460045089], [-94.6183677591808, 36.8337779649651], [-94.6183594243048, 36.8245570802282], [-94.6183593608661, 36.824486897881], [-94.6183570081378, 36.8218840714017], [-94.74028, 36.821825], [-94.737237, 36.824402], [-94.735588, 36.828206], [-94.732919, 36.835452], [-94.731211, 36.837234], [-94.721242, 36.844054], [-94.719751, 36.845389], [-94.719443, 36.846592], [-94.719678, 36.850304], [-94.722761, 36.85441], [-94.72571, 36.856713], [-94.730047, 36.857897], [-94.735951, 36.858777], [-94.747072, 36.857503], [-94.749752, 36.857679], [-94.755305, 36.859158], [-94.760096, 36.861996], [-94.762899, 36.864314], [-94.764938, 36.866763], [-94.765885, 36.871265], [-94.765073, 36.873137]]]}}, {"type": "Feature", "properties": {"GEOID": "5690", "NAME": "Kaw", "NAMELSAD": "Kaw OTSA", "ihs_facilities": 0, "counties": "Kay", "county_count": 1, "approx_area_sq_mi": 620, "approx_pop": 43731}, "geometry": {"type": "Polygon", "coordinates": [[[-97.352988, 36.907999], [-97.3493, 36.92697], [-97.349294, 36.926996], [-97.34928, 36.927077], [-97.349275, 36.927104], [-97.34633, 36.94215], [-97.34593, 36.94481], [-97.34576, 36.94833], [-97.34569, 36.98365], [-97.34505, 36.99002], [-97.34398, 36.99485], [-97.3427570756608, 36.9988940039212], [-97.3427376532895, 36.9988940255304], [-97.2557711236909, 36.998990784019], [-97.2198833931369, 36.9990307125132], [-97.2014651159374, 36.9990512045884], [-97.1562390840263, 36.999101522826], [-97.147721, 36.999111], [-97.122597, 36.999036], [-97.120285, 36.999014], [-97.1114071565137, 36.9990173273197], [-97.104276, 36.99902], [-97.100652, 36.998998], [-97.0459060006177, 36.9989997988434], [-97.039784, 36.999], [-97.0396942016544, 36.9989993428486], [-97.030082, 36.998929], [-96.975562, 36.999019], [-96.967371, 36.999067], [-96.934642, 36.99907], [-96.9252940031478, 36.9991294945977], [-96.921915, 36.999151], [-96.917093, 36.999182], [-96.903748155059, 36.9991328766659], [-96.90351, 36.999132], [-96.902083, 36.999155], [-96.87629, 36.999233], [-96.867517, 36.999217], [-96.8674690282009, 36.99921696246], [-96.8229000218444, 36.9991820853142], [-96.822791, 36.999182], [-96.795199, 36.99886], [-96.79206, 36.99918], [-96.749838, 36.998988], [-96.750027, 36.941237], [-96.752151, 36.94123], [-96.752293, 36.898856], [-96.752238, 36.842985], [-96.752576, 36.842797], [-96.752664, 36.838427], [-96.752318, 36.835463], [-96.752375, 36.782092], [-96.788652, 36.782006], [-96.788687, 36.767597], [-96.822585, 36.767559], [-96.820659, 36.765884], [-96.818827, 36.763661], [-96.818792, 36.761782], [-96.818061, 36.758988], [-96.820137, 36.75278], [-96.821675, 36.750036], [-96.824671, 36.74669], [-96.826639, 36.745342], [-96.830383, 36.744172], [-96.834103, 36.743438], [-96.838966, 36.743711], [-96.843674, 36.744389], [-96.848344, 36.746011], [-96.850122, 36.746343], [-96.853627, 36.746111], [-96.861678, 36.750036], [-96.866371, 36.752943], [-96.86869, 36.753537], [-96.87181, 36.753648], [-96.878784, 36.751854], [-96.882223, 36.751572], [-96.887344, 36.752133], [-96.888581, 36.751793], [-96.895706, 36.745819], [-96.90359, 36.7386], [-96.905861, 36.737129], [-96.907432, 36.735842], [-96.9086, 36.730145], [-96.909741, 36.727097], [-96.913196, 36.722717], [-96.918095, 36.718801], [-96.920554, 36.717752], [-96.92091, 36.717102], [-96.921886, 36.706374], [-96.922604, 36.702869], [-96.926789, 36.697813], [-96.928086, 36.69559], [-96.928517, 36.693681], [-96.92741, 36.68842], [-96.931009, 36.686505], [-96.931943, 36.686097], [-96.941104, 36.684686], [-96.943726, 36.683885], [-96.947682, 36.683535], [-96.950175, 36.683634], [-96.958997, 36.686227], [-96.95895, 36.69464], [-96.95841, 36.69541], [-96.95888, 36.69593], [-96.95972, 36.72411], [-96.995564, 36.723992], [-96.995745, 36.725852], [-96.995869, 36.738412], [-96.996047, 36.738412], [-97.002428, 36.738463], [-97.004468, 36.738412], [-97.022654, 36.738363], [-97.025942, 36.738386], [-97.027887, 36.743858], [-97.030505, 36.744729], [-97.031304, 36.745322], [-97.031329, 36.75276], [-97.0315, 36.752761], [-97.040358, 36.752835], [-97.043832, 36.752885], [-97.049311, 36.752944], [-97.049278, 36.76697], [-97.049275, 36.76725], [-97.049302, 36.781709], [-97.067281, 36.781778], [-97.06724, 36.788947], [-97.06725, 36.791373], [-97.06725, 36.792684], [-97.06725, 36.79629], [-97.067259, 36.799782], [-97.06725, 36.801546], [-97.067259, 36.803381], [-97.06725, 36.81031], [-97.06806, 36.8107], [-97.07403, 36.81056], [-97.08522, 36.81069], [-97.08976, 36.81093], [-97.125, 36.81107], [-97.12982, 36.8109], [-97.13344, 36.8111], [-97.15679, 36.81117], [-97.17484, 36.81101], [-97.179481, 36.811175], [-97.18006, 36.81122], [-97.201831, 36.811212], [-97.237767, 36.811599], [-97.240109, 36.8116], [-97.25579, 36.811719], [-97.27797, 36.811593], [-97.276071, 36.812612], [-97.277836, 36.815117], [-97.285877, 36.815634], [-97.286433, 36.817327], [-97.285325, 36.819391], [-97.286682, 36.820924], [-97.290024, 36.823141], [-97.292104, 36.824664], [-97.294655, 36.827813], [-97.295226, 36.830619], [-97.29085, 36.833344], [-97.29049, 36.835246], [-97.291758, 36.837217], [-97.293313, 36.838385], [-97.294876, 36.838602], [-97.2975, 36.837891], [-97.301472, 36.837915], [-97.302624, 36.8396], [-97.300427, 36.843205], [-97.300096, 36.845872], [-97.300977, 36.847114], [-97.30652, 36.848775], [-97.308386, 36.849812], [-97.309139, 36.852198], [-97.307781, 36.854731], [-97.308676, 36.857391], [-97.310952, 36.859454], [-97.312763, 36.861853], [-97.31362, 36.862513], [-97.317809, 36.862728], [-97.321248, 36.863815], [-97.323085, 36.866262], [-97.323443, 36.870013], [-97.323228, 36.875376], [-97.323827, 36.876367], [-97.328452, 36.878263], [-97.330736, 36.878926], [-97.334532, 36.880905], [-97.33687, 36.881577], [-97.339822, 36.883341], [-97.342413, 36.884415], [-97.345906, 36.887356], [-97.348716, 36.890706], [-97.348069, 36.893287], [-97.348127, 36.897362], [-97.346864, 36.900418], [-97.347332, 36.902344], [-97.349276, 36.904381], [-97.351451, 36.907569], [-97.352988, 36.907999]]]}}, {"type": "Feature", "properties": {"GEOID": "5835", "NAME": "Seneca-Cayuga", "NAMELSAD": "Seneca-Cayuga OTSA", "ihs_facilities": 0, "counties": "Ottawa", "county_count": 1, "approx_area_sq_mi": 104, "approx_pop": 30360}, "geometry": {"type": "Polygon", "coordinates": [[[-94.822861, 36.63852], [-94.815931, 36.640516], [-94.814569, 36.640567], [-94.814435, 36.640575], [-94.813587, 36.640633], [-94.800533, 36.638337], [-94.79547, 36.637989], [-94.785535, 36.640313], [-94.777562, 36.644646], [-94.772871, 36.650321], [-94.771515, 36.655893], [-94.770499, 36.660072], [-94.77494, 36.667806], [-94.773604, 36.667819], [-94.77788, 36.674086], [-94.779849, 36.678591], [-94.779794, 36.680234], [-94.777431, 36.683384], [-94.774593, 36.684918], [-94.768783, 36.686856], [-94.761301, 36.688507], [-94.754281, 36.69092], [-94.749069, 36.693402], [-94.744336, 36.697322], [-94.740975, 36.701439], [-94.740297, 36.703711], [-94.740661, 36.705753], [-94.742486, 36.708696], [-94.745059, 36.7111], [-94.750229, 36.714648], [-94.758638, 36.716443], [-94.766042, 36.718965], [-94.773218, 36.722748], [-94.775112, 36.725778], [-94.775427, 36.729246], [-94.774567, 36.732095], [-94.772613, 36.734228], [-94.769641, 36.735398], [-94.766927, 36.735749], [-94.760901, 36.734994], [-94.75581, 36.733509], [-94.750229, 36.731317], [-94.746731, 36.730182], [-94.743994, 36.729925], [-94.740147, 36.730109], [-94.735439, 36.731555], [-94.731456, 36.734411], [-94.729789, 36.736632], [-94.729287, 36.739678], [-94.730921, 36.74299], [-94.733971, 36.744617], [-94.742271, 36.747391], [-94.754311, 36.750706], [-94.760201, 36.752899], [-94.763733, 36.75462], [-94.774521, 36.760441], [-94.777313, 36.762157], [-94.781555, 36.76519], [-94.782928, 36.766899], [-94.782851, 36.768426], [-94.780091, 36.76819], [-94.725183, 36.769727], [-94.6926, 36.769855], [-94.655326, 36.770558], [-94.6183113127372, 36.771331187038], [-94.618307, 36.76656], [-94.6182804305353, 36.7567822868691], [-94.6182161130955, 36.7331131056693], [-94.6181714627047, 36.7166815095954], [-94.6181494527718, 36.7085817299202], [-94.61813, 36.701423], [-94.618025, 36.66943], [-94.6180195161587, 36.6679460725462], [-94.6180194242896, 36.6679212127705], [-94.6178624381614, 36.6254407664784], [-94.620301, 36.625426], [-94.679335, 36.625218], [-94.701138, 36.6252], [-94.711413, 36.625204], [-94.729462, 36.625192], [-94.751519, 36.625214], [-94.783491, 36.625259], [-94.803725, 36.625383], [-94.809264, 36.625282], [-94.820773, 36.625403], [-94.822784, 36.625284], [-94.822775, 36.63768], [-94.822861, 36.63852]]]}}, {"type": "Feature", "properties": {"GEOID": "5890", "NAME": "Wyandotte", "NAMELSAD": "Wyandotte OTSA", "ihs_facilities": 0, "counties": "", "county_count": 0, "approx_area_sq_mi": 43, "approx_pop": 0}, "geometry": {"type": "Polygon", "coordinates": [[[-94.830589, 36.806095], [-94.828972, 36.808936], [-94.826, 36.810145], [-94.809027, 36.813095], [-94.8045, 36.814659], [-94.803841, 36.815327], [-94.802581, 36.817221], [-94.802322, 36.821816], [-94.752626, 36.821924], [-94.74028, 36.821825], [-94.6183570081378, 36.8218840714017], [-94.6183113127372, 36.771331187038], [-94.655326, 36.770558], [-94.6926, 36.769855], [-94.725183, 36.769727], [-94.780091, 36.76819], [-94.782851, 36.768426], [-94.78288, 36.769782], [-94.780692, 36.775306], [-94.778407, 36.777875], [-94.773531, 36.781453], [-94.769435, 36.783199], [-94.765009, 36.784246], [-94.758741, 36.785339], [-94.756676, 36.786369], [-94.753254, 36.790524], [-94.75263, 36.79285], [-94.755217, 36.797299], [-94.759351, 36.802824], [-94.762451, 36.804557], [-94.76438, 36.80493], [-94.767924, 36.803914], [-94.774488, 36.79882], [-94.778294, 36.795072], [-94.78168, 36.793198], [-94.784249, 36.792423], [-94.788418, 36.792494], [-94.795082, 36.795897], [-94.797375, 36.796677], [-94.804111, 36.797997], [-94.810163, 36.79885], [-94.81917, 36.798723], [-94.821248, 36.798742], [-94.825662, 36.799812], [-94.829132, 36.803069], [-94.830589, 36.806095]]]}}, {"type": "Feature", "properties": {"GEOID": "5810", "NAME": "Quapaw", "NAMELSAD": "Quapaw OTSA", "ihs_facilities": 0, "counties": "Ottawa", "county_count": 1, "approx_area_sq_mi": 109, "approx_pop": 30360}, "geometry": {"type": "Polygon", "coordinates": [[[-94.91359, 36.94351], [-94.904574, 36.943527], [-94.9043821552165, 36.9991099410305], [-94.8668896445243, 36.9989371170629], [-94.853197, 36.998874], [-94.849801, 36.998876], [-94.8443678174579, 36.998849675848], [-94.840926, 36.998833], [-94.8315429216352, 36.9988125723983], [-94.83128, 36.998812], [-94.8089699358697, 36.9987921772749], [-94.777257, 36.998764], [-94.7770423004622, 36.9987635641825], [-94.7496806255393, 36.9987080228605], [-94.7449870812319, 36.9986984954592], [-94.7406979566896, 36.9986897889875], [-94.739324, 36.998687], [-94.737183, 36.998665], [-94.731507, 36.9986949923811], [-94.7224195869069, 36.9987430109077], [-94.71277, 36.998794], [-94.7112698230604, 36.9987967343059], [-94.701797, 36.998814], [-94.699735, 36.998805], [-94.625224, 36.998672], [-94.617964, 36.998905], [-94.618049, 36.996208], [-94.618045313212, 36.9958999483791], [-94.6180452921031, 36.995898184609], [-94.618031, 36.994704], [-94.6180265754327, 36.9552846450416], [-94.618026, 36.950158], [-94.618109, 36.946564], [-94.618166, 36.937584], [-94.618295, 36.929647], [-94.618207, 36.926236], [-94.6182075266432, 36.9261323285355], [-94.6182388566404, 36.9199649141566], [-94.737431, 36.919958], [-94.762165, 36.919984], [-94.819344, 36.919995], [-94.841888, 36.919995], [-94.855183, 36.919994], [-94.859902, 36.919675], [-94.861427, 36.91971], [-94.864294, 36.91981], [-94.869073, 36.919872], [-94.876075, 36.919951], [-94.87729, 36.91983], [-94.87755, 36.91997], [-94.8798, 36.92002], [-94.881123, 36.920051], [-94.88427, 36.92012], [-94.885921, 36.92013], [-94.886646, 36.920142], [-94.905328, 36.920374], [-94.907281, 36.921498], [-94.908124, 36.921753], [-94.91357, 36.92173], [-94.91356, 36.929], [-94.91359, 36.94351]]]}}, {"type": "Feature", "properties": {"GEOID": "5730", "NAME": "Miami", "NAMELSAD": "Miami OTSA", "ihs_facilities": 0, "counties": "", "county_count": 0, "approx_area_sq_mi": 35, "approx_pop": 0}, "geometry": {"type": "Polygon", "coordinates": [[[-95.037352, 36.976174], [-95.035629, 36.977372], [-95.034181, 36.976991], [-95.031667, 36.975307], [-95.028596, 36.976093], [-95.027934, 36.977788], [-95.028937, 36.979222], [-95.03229, 36.981133], [-95.033237, 36.982308], [-95.03411, 36.984653], [-95.034697, 36.989268], [-95.034578, 36.992476], [-95.034008, 36.994259], [-95.025433, 36.9948], [-95.021597, 36.995341], [-95.017212, 36.994616], [-95.014946, 36.994999], [-95.012112, 36.996591], [-95.008546, 36.997965], [-95.00762, 36.999514], [-94.995293, 36.999529], [-94.9406118246384, 36.9992769438558], [-94.9043821552165, 36.9991099410305], [-94.904574, 36.943527], [-94.91359, 36.94351], [-94.91356, 36.929], [-94.94967, 36.92885], [-94.95696, 36.92876], [-94.957377, 36.929113], [-94.955839, 36.931397], [-94.955603, 36.933956], [-94.956474, 36.935721], [-94.957086, 36.936347], [-94.95899, 36.935798], [-94.960598, 36.933966], [-94.964012, 36.93281], [-94.96915, 36.934203], [-94.972488, 36.936079], [-94.974114, 36.937468], [-94.976461, 36.941148], [-94.979107, 36.943013], [-94.981478, 36.943405], [-94.985689, 36.942696], [-94.988348, 36.940779], [-94.990457, 36.937254], [-94.992415, 36.935922], [-94.995381, 36.937798], [-94.99624, 36.939661], [-94.995543, 36.943224], [-94.993411, 36.948043], [-94.993385, 36.949941], [-94.994686, 36.951179], [-94.996363, 36.951803], [-95.000236, 36.951605], [-95.004654, 36.952629], [-95.0099, 36.954864], [-95.013839, 36.957187], [-95.019789, 36.959534], [-95.022231, 36.9608], [-95.028062, 36.966503], [-95.028565, 36.970045], [-95.030707, 36.972433], [-95.034798, 36.972665], [-95.036447, 36.973294], [-95.037735, 36.974899], [-95.037352, 36.976174]]]}}, {"type": "Feature", "properties": {"GEOID": "5970", "NAME": "Miami/Peoria", "NAMELSAD": "Miami/Peoria joint-use OTSA", "ihs_facilities": 0, "counties": "", "county_count": 0, "approx_area_sq_mi": 16, "approx_pop": 0}, "geometry": {"type": "Polygon", "coordinates": [[[-94.962585, 36.924096], [-94.961592, 36.926155], [-94.959811, 36.927874], [-94.957377, 36.929113], [-94.95696, 36.92876], [-94.94967, 36.92885], [-94.91356, 36.929], [-94.91357, 36.92173], [-94.908124, 36.921753], [-94.907281, 36.921498], [-94.905328, 36.920374], [-94.886646, 36.920142], [-94.885921, 36.92013], [-94.88427, 36.92012], [-94.881123, 36.920051], [-94.8798, 36.92002], [-94.87755, 36.91997], [-94.87748, 36.91814], [-94.87747, 36.91451], [-94.87752, 36.90361], [-94.87752, 36.89999], [-94.8775, 36.8944], [-94.87749, 36.88868], [-94.87748, 36.88542], [-94.877514, 36.88019], [-94.88303, 36.88024], [-94.88521, 36.88026], [-94.886339, 36.880261], [-94.8885, 36.880357], [-94.891781, 36.880223], [-94.895602, 36.880315], [-94.896044, 36.880242], [-94.899403, 36.881381], [-94.903059, 36.88173], [-94.906308, 36.882845], [-94.907285, 36.882479], [-94.908223, 36.879337], [-94.910101, 36.877126], [-94.911845, 36.876231], [-94.916625, 36.874728], [-94.922275, 36.870354], [-94.924505, 36.869575], [-94.927537, 36.870151], [-94.931349, 36.872396], [-94.932322, 36.873882], [-94.931242, 36.875517], [-94.925579, 36.875799], [-94.924755, 36.877905], [-94.927571, 36.880404], [-94.927278, 36.881728], [-94.924888, 36.883469], [-94.923086, 36.886144], [-94.923497, 36.888597], [-94.925224, 36.890168], [-94.928043, 36.890677], [-94.932457, 36.891033], [-94.936583, 36.891854], [-94.938859, 36.891358], [-94.940651, 36.891491], [-94.944672, 36.892954], [-94.948769, 36.895443], [-94.951784, 36.899328], [-94.952966, 36.900173], [-94.95503, 36.902847], [-94.955028, 36.90939], [-94.956298, 36.911701], [-94.961016, 36.915717], [-94.962452, 36.917796], [-94.963087, 36.920089], [-94.962585, 36.924096]]]}}, {"type": "Feature", "properties": {"GEOID": "5800", "NAME": "Ponca", "NAMELSAD": "Ponca OTSA", "ihs_facilities": 0, "counties": "Noble", "county_count": 1, "approx_area_sq_mi": 208, "approx_pop": 10909}, "geometry": {"type": "Polygon", "coordinates": [[[-97.247036, 36.665542], [-97.24691, 36.68815], [-97.201374, 36.687919], [-97.138833, 36.688266], [-97.129663, 36.68826], [-97.12658, 36.687851], [-97.123765, 36.686303], [-97.118459, 36.682067], [-97.116051, 36.680983], [-97.112762, 36.680832], [-97.103349, 36.680801], [-97.085223, 36.680717], [-97.073525, 36.680724], [-97.06447, 36.680483], [-97.064382, 36.675882], [-97.063859, 36.672108], [-97.064051, 36.665312], [-97.063442, 36.664227], [-97.062529, 36.660348], [-97.063228, 36.657919], [-97.063069, 36.655738], [-97.062165, 36.653105], [-97.061988, 36.650733], [-97.061009, 36.649086], [-97.057931, 36.647746], [-97.054599, 36.645449], [-97.053007, 36.643934], [-97.051521, 36.641225], [-97.050978, 36.637436], [-97.051098, 36.62995], [-97.050897, 36.628811], [-97.048836, 36.625039], [-97.048564, 36.623233], [-97.049617, 36.620184], [-97.051764, 36.616274], [-97.052107, 36.612579], [-97.051714, 36.61111], [-97.049443, 36.608101], [-97.044685, 36.602721], [-97.043911, 36.599934], [-97.046887, 36.597437], [-97.048973, 36.597182], [-97.054135, 36.598117], [-97.057099, 36.597829], [-97.058147, 36.596531], [-97.057556, 36.593872], [-97.055881, 36.592462], [-97.051343, 36.590827], [-97.049011, 36.590399], [-97.040622, 36.587937], [-97.035868, 36.586215], [-97.029117, 36.585205], [-97.021296, 36.584613], [-97.016614, 36.583765], [-97.013289, 36.583564], [-97.004293, 36.582595], [-97.000312, 36.582854], [-96.992839, 36.584957], [-96.990052, 36.585141], [-96.985625, 36.584996], [-96.980578, 36.58596], [-96.975848, 36.585208], [-96.970972, 36.586059], [-96.966962, 36.58628], [-96.964034, 36.587399], [-96.958105, 36.588389], [-96.953272, 36.589484], [-96.948628, 36.589997], [-96.946146, 36.59122], [-96.941559, 36.594051], [-96.938876, 36.594983], [-96.933726, 36.595542], [-96.930437, 36.596847], [-96.926442, 36.599597], [-96.923876, 36.600369], [-96.920492, 36.600663], [-96.915324, 36.599967], [-96.912756, 36.598949], [-96.909279, 36.59631], [-96.90871, 36.595792], [-96.907357, 36.593915], [-96.904456, 36.588944], [-96.902063, 36.587379], [-96.896504, 36.582438], [-96.892561, 36.578355], [-96.888304, 36.57559], [-96.888017, 36.574886], [-96.88914, 36.571395], [-96.888989, 36.566406], [-96.890368, 36.563605], [-96.892497, 36.560973], [-96.895665, 36.558053], [-96.89908, 36.553224], [-96.901263, 36.551741], [-96.902643, 36.551388], [-96.908945, 36.552127], [-96.912709, 36.55291], [-96.916155, 36.552994], [-96.921044, 36.552383], [-96.92471, 36.552558], [-96.929781, 36.550796], [-96.933566, 36.54863], [-96.938406, 36.546826], [-96.943981, 36.543469], [-96.946505, 36.540359], [-96.94991, 36.537301], [-96.958521, 36.534307], [-96.963791, 36.534158], [-96.971483, 36.535955], [-96.978973, 36.535211], [-96.981787, 36.534493], [-96.988155, 36.532372], [-96.996194, 36.528979], [-97.001497, 36.525536], [-97.005018, 36.521825], [-97.007761, 36.518317], [-97.008802, 36.515585], [-97.009456, 36.512532], [-97.009785, 36.506935], [-97.012527, 36.507042], [-97.032118, 36.506957], [-97.246872, 36.506975], [-97.246959, 36.593416], [-97.246774, 36.593957], [-97.246938, 36.594408], [-97.24699, 36.622149], [-97.246804, 36.624191], [-97.24613, 36.63688], [-97.246367, 36.639785], [-97.246739, 36.646807], [-97.24694, 36.64793], [-97.247036, 36.665542]]]}}, {"type": "Feature", "properties": {"GEOID": "5950", "NAME": "Kaw/Ponca", "NAMELSAD": "Kaw/Ponca joint-use OTSA", "ihs_facilities": 0, "counties": "Kay", "county_count": 1, "approx_area_sq_mi": 138, "approx_pop": 43731}, "geometry": {"type": "Polygon", "coordinates": [[[-97.27797, 36.811593], [-97.25579, 36.811719], [-97.240109, 36.8116], [-97.237767, 36.811599], [-97.201831, 36.811212], [-97.18006, 36.81122], [-97.179481, 36.811175], [-97.17484, 36.81101], [-97.15679, 36.81117], [-97.13344, 36.8111], [-97.12982, 36.8109], [-97.125, 36.81107], [-97.08976, 36.81093], [-97.08522, 36.81069], [-97.07403, 36.81056], [-97.06806, 36.8107], [-97.06725, 36.81031], [-97.067259, 36.803381], [-97.06725, 36.801546], [-97.067259, 36.799782], [-97.06725, 36.79629], [-97.06725, 36.792684], [-97.06725, 36.791373], [-97.06724, 36.788947], [-97.067281, 36.781778], [-97.049302, 36.781709], [-97.049275, 36.76725], [-97.049278, 36.76697], [-97.049311, 36.752944], [-97.043832, 36.752885], [-97.040358, 36.752835], [-97.0315, 36.752761], [-97.031329, 36.75276], [-97.031304, 36.745322], [-97.030505, 36.744729], [-97.027887, 36.743858], [-97.025942, 36.738386], [-97.022654, 36.738363], [-97.004468, 36.738412], [-97.002428, 36.738463], [-96.996047, 36.738412], [-96.995869, 36.738412], [-96.995745, 36.725852], [-96.995564, 36.723992], [-96.95972, 36.72411], [-96.95888, 36.69593], [-96.95841, 36.69541], [-96.95895, 36.69464], [-96.958997, 36.686227], [-96.965707, 36.687928], [-96.967086, 36.688536], [-96.972899, 36.688272], [-96.978407, 36.688671], [-96.98574, 36.688109], [-96.989756, 36.688244], [-96.992035, 36.687596], [-96.995355, 36.688123], [-96.995414, 36.688138], [-96.995683, 36.688208], [-97.003032, 36.693454], [-97.005391, 36.693999], [-97.006941, 36.692283], [-97.012018, 36.694037], [-97.015216, 36.694402], [-97.019251, 36.693066], [-97.021061, 36.69286], [-97.024188, 36.693404], [-97.02756, 36.699158], [-97.030678, 36.70159], [-97.032526, 36.701959], [-97.036352, 36.701078], [-97.038475, 36.69929], [-97.043057, 36.697025], [-97.044874, 36.696341], [-97.047138, 36.695437], [-97.048779, 36.694669], [-97.050199, 36.693861], [-97.053235, 36.69221], [-97.057019, 36.688991], [-97.061406, 36.686856], [-97.064107, 36.684207], [-97.064479, 36.680758], [-97.06447, 36.680483], [-97.073525, 36.680724], [-97.085223, 36.680717], [-97.103349, 36.680801], [-97.112762, 36.680832], [-97.116051, 36.680983], [-97.118459, 36.682067], [-97.123765, 36.686303], [-97.12658, 36.687851], [-97.129663, 36.68826], [-97.138833, 36.688266], [-97.201374, 36.687919], [-97.24691, 36.68815], [-97.246837, 36.695128], [-97.246881, 36.699206], [-97.24689, 36.70839], [-97.246789, 36.709853], [-97.24692, 36.71083], [-97.24688, 36.731513], [-97.24684, 36.75327], [-97.246777, 36.767772], [-97.249484, 36.767715], [-97.249416, 36.769863], [-97.248234, 36.770882], [-97.247703, 36.772537], [-97.250991, 36.775636], [-97.254216, 36.775417], [-97.2557, 36.773998], [-97.25891, 36.772033], [-97.261388, 36.772553], [-97.261899, 36.7737], [-97.257885, 36.780437], [-97.257936, 36.781577], [-97.259245, 36.782395], [-97.265511, 36.782374], [-97.269227, 36.783466], [-97.272274, 36.785041], [-97.272405, 36.787311], [-97.271687, 36.788], [-97.269669, 36.789308], [-97.267264, 36.789348], [-97.266185, 36.78764], [-97.264117, 36.786777], [-97.261811, 36.787241], [-97.259156, 36.788765], [-97.258646, 36.789736], [-97.25937, 36.792081], [-97.26044, 36.792793], [-97.266747, 36.793115], [-97.269895, 36.791888], [-97.273022, 36.792246], [-97.273808, 36.792723], [-97.275408, 36.794363], [-97.275455, 36.794644], [-97.275413, 36.795037], [-97.275238, 36.795422], [-97.274691, 36.795647], [-97.274037, 36.795844], [-97.266803, 36.797224], [-97.26457, 36.799109], [-97.264799, 36.801414], [-97.269395, 36.803988], [-97.269793, 36.804221], [-97.271767, 36.805251], [-97.273964, 36.80674], [-97.274464, 36.806998], [-97.276585, 36.808372], [-97.278293, 36.810134], [-97.27797, 36.811593]]]}}, {"type": "Feature", "properties": {"GEOID": "5915", "NAME": "Creek/Seminole", "NAMELSAD": "Creek/Seminole joint-use OTSA", "ihs_facilities": 0, "counties": "Seminole", "county_count": 1, "approx_area_sq_mi": 80, "approx_pop": 23550}, "geometry": {"type": "Polygon", "coordinates": [[[-96.491756, 35.430425], [-96.49012, 35.430944], [-96.487522, 35.432521], [-96.484402, 35.436548], [-96.483016, 35.439842], [-96.48306, 35.44249], [-96.484285, 35.44453], [-96.487965, 35.445829], [-96.488281, 35.448229], [-96.487735, 35.449159], [-96.485502, 35.450775], [-96.484193, 35.451197], [-96.481062, 35.453883], [-96.476734, 35.458874], [-96.476692, 35.460907], [-96.475754, 35.463421], [-96.473097, 35.463958], [-96.471513, 35.462988], [-96.470414, 35.46058], [-96.4693, 35.459567], [-96.465588, 35.45811], [-96.463825, 35.458727], [-96.462239, 35.460914], [-96.459052, 35.46151], [-96.45651, 35.461263], [-96.454562, 35.460149], [-96.45399, 35.458813], [-96.452554, 35.458209], [-96.449236, 35.45943], [-96.446202, 35.458444], [-96.443483, 35.461144], [-96.442219, 35.46556], [-96.44129, 35.467712], [-96.441216, 35.435425], [-96.44115, 35.43494], [-96.441248, 35.39182], [-96.441275, 35.348138], [-96.441277, 35.333715], [-96.441382, 35.311731], [-96.441368, 35.290122], [-96.441339, 35.2319], [-96.441252, 35.202885], [-96.441192, 35.173922], [-96.441228, 35.159282], [-96.441277, 35.135308], [-96.441305, 35.115771], [-96.472242, 35.115794], [-96.490434, 35.115857], [-96.490395, 35.122271], [-96.490369, 35.129874], [-96.489956, 35.140792], [-96.490334, 35.144866], [-96.490321, 35.147867], [-96.490322, 35.148486], [-96.490288, 35.161074], [-96.490547, 35.161163], [-96.490292, 35.161422], [-96.490208, 35.202876], [-96.490424, 35.269058], [-96.490513, 35.27008], [-96.490439, 35.271556], [-96.490534, 35.289976], [-96.490838, 35.3335], [-96.490326, 35.347995], [-96.490996, 35.35761], [-96.491756, 35.430425]]]}}]}